centralId,enrollmentNumber,enrollmentDate,frNameEn,frNameLL,dob,age,gender,farmerType,category,approvalStatus,finalVerificationDate,modifiedOn,isSfdbData,userName,insertedBy,aadhaarHash,aadhaarBase64,farmerAadhaarMask,farmerMobileNumber,farmerLastDraftedDate,districtName,subDistrictName,villageName,districtLgdCode,subDistrictLgdCode,villageLgdCode,lowestNameMatchScore
89883986777,1_623_6812_2724_005033,,Mehraj Udian Khan,,,37,Male,Owner,Marginal  Farmer(Farmer having land <1 Hectare),PENDING,,,false,,OPERATOR,54cf507048e0e36b20baf252b6ce4eefd99dac3c6bc718f1ed30aefc0d7509f3,MjAzMzI4NjYzMDA4,**** **** 3008,7889926024,,BANDIPORA,Tulail,Baduaab,623,6812,2724,0.0
17737611521,1_623_6812_2716_005008,,Ab Rehman Mir,,,66,Male,Owner,Marginal  Farmer(Farmer having land <1 Hectare),APPROVED,,,false,,OPERATOR,d5c0c99553911e269c584030a550f3eb3fc9334d2c3a98e0c90b14fa4d165563,NDM0NzgyNzM2OTQy,**** **** 6942,7889759140,,BANDIPORA,Tulail,Neeru,623,6812,2716,44.0
25807627057,1_623_42_2797_005000,,Jahangir Ahmad Bhat,,,38,Male,Owner,Marginal  Farmer(Farmer having land <1 Hectare),PENDING,,,false,,OPERATOR,3459277dbecbf72d8e0877d674a169b5033a06d976329ea7111790019c011476,OTQ5MDM1NDk4NjI0,**** **** 8624,7889826080,,BANDIPORA,Sonawari,Hilalabad,623,42,2797,46.0
23819371942,1_623_6811_2700_005004,,Shabir Ahmad Malla,,,47,Male,Owner,Marginal  Farmer(Farmer having land <1 Hectare),PENDING,,,false,,OPERATOR,f3887f2224dd320776418a9db7e6e0105c48b170c7b1bc18cc31e6f2cb31fa1f,OTMwNTA4ODg0MDEy,**** **** 4012,9906576392,,BANDIPORA,Hajin,Gulshanpora,623,6811,2700,43.0
41382892532,1_623_6812_2716_005011,,Jabbar Mir,,,45,Male,Owner,Marginal  Farmer(Farmer having land <1 Hectare),APPROVED,,,false,,OPERATOR,e555b11f2786f5c2b815d1ef2c431aa8688ed40364eba7731902ec208a42cf9e,Njc0ODYyNjI5OTE5,**** **** 9919,9541243323,,BANDIPORA,Tulail,Neeru,623,6812,2716,35.0
30763328626,1_623_6811_2783_005008,,Mohd Shaban Parry,,,68,Male,Owner,Marginal  Farmer(Farmer having land <1 Hectare),PENDING,,,false,,OPERATOR,f2f15dbd996b0200791bda5de8b7fc858a9117acb3b119e1c9f119507aaaff2a,NTQ5ODgyNDI0NjQ4,**** **** 4648,9149441657,,BANDIPORA,Hajin,Vijipara,623,6811,2783,58.0
59825651642,1_623_42_2794_005037,,MOHD AYOUB RATHER,,,58,Male,Owner,Marginal  Farmer(Farmer having land <1 Hectare),PENDING,,,false,,OPERATOR,70e02d39a8ef7f0867eab74b788f679597ebc26bec19ad2b65060782528efa5c,ODI1NjI2MDg3NTkx,**** **** 7591,7051157231,,BANDIPORA,Sonawari,Asham,623,42,2794,43.0
17304660637,1_623_42_2797_005034,,Irshad Ahmad Ahengar,,,32,Male,Owner,Marginal  Farmer(Farmer having land <1 Hectare),PENDING,,,false,,OPERATOR,c49fde6bde8c6e803bb164a38fe2534b2929956f98fa0cfcefb223757a0fefc2,OTg0MTY5MTM4MTIx,**** **** 8121,7889986858,,BANDIPORA,Sonawari,Hilalabad,623,42,2797,65.0
31408312401,1_623_6811_2700_005021,,Shabir Ahmad Dar,,,36,Male,Owner,Marginal  Farmer(Farmer having land <1 Hectare),PENDING,,,false,,OPERATOR,074295a3a0e50b5044d64de178f06ca930c8a0483da60ab0087b353c399bcc0c,OTU3NDMwMzM3NTkw,**** **** 7590,9906007354,,BANDIPORA,Hajin,Gulshanpora,623,6811,2700,56.0
98604802528,1_623_6812_2724_005031,,Javid Ahmad Lone,,,29,Male,Owner,Marginal  Farmer(Farmer having land <1 Hectare),PENDING,,,false,,OPERATOR,81929611f29e7eb6c1299652eed33a2b742ff13bdef45983ee0f9d150f6d282c,MzE3MTA2NjA4MDM3,**** **** 8037,6006143759,,BANDIPORA,Tulail,Baduaab,623,6812,2724,46.0
85019903575,1_623_42_2794_005038,,Ali Mohd Rather,,,70,Male,Owner,Marginal  Farmer(Farmer having land <1 Hectare),PENDING,,,false,,OPERATOR,b25541c5ec719cae206cd5ac1127377dbf0fa3a53fce51a5eb43f2f839415b14,MzM2ODY5OTU0MDc0,**** **** 4074,9541283031,,BANDIPORA,Sonawari,Asham,623,42,2794,43.0
72054356027,1_623_40_2707_005020,,Rashida Begum,,,53,Female,Owner,Marginal  Farmer(Farmer having land <1 Hectare),PENDING,,,false,,OPERATOR,6177c052fa60c85ab4277c0c8977fe584ecaecac2f1baf9e016e3a1b000e9b3d,MzA5MTk1Njk1NjYy,**** **** 5662,7889798814,,BANDIPORA,Gurez,Markoot,623,40,2707,69.0
66968246324,1_623_42_2797_005036,,Arsheed Ahmad Ahanger,,,29,Male,Owner,Marginal  Farmer(Farmer having land <1 Hectare),PENDING,,,false,,OPERATOR,c0449da5bf23ead80e74a39ffd2b8f144696674b13783ad58a0e8540dc6a85d9,ODQ5MzE3NzM0NTMy,**** **** 4532,7889303759,,BANDIPORA,Sonawari,Hilalabad,623,42,2797,45.0
36171627691,1_623_42_2797_005035,,Mohd Maqbool Ahanger,,,81,Male,Owner,Marginal  Farmer(Farmer having land <1 Hectare),PENDING,,,false,,OPERATOR,f4ed076125c28a9f48b7df36ab92788abf7b2d3f58904bc07999273baa3928d2,Njc5NDE4NDUyODQ2,**** **** 2846,9682303337,,BANDIPORA,Sonawari,Hilalabad,623,42,2797,43.0
83141009733,1_623_6811_2700_005022,,Ghulam Nabi Ganai,,,64,Male,Owner,Marginal  Farmer(Farmer having land <1 Hectare),PENDING,,,false,,OPERATOR,ac0b5fa598434439c046586e303c4823e63c28abbb17742666649746ea69056b,ODgyNDc4MDU1NTYx,**** **** 5561,9149838337,,BANDIPORA,Hajin,Gulshanpora,623,6811,2700,0.0
44588551730,1_623_6812_2711_005017,,Mohd Afzal Khan,,,62,Male,Owner,Marginal  Farmer(Farmer having land <1 Hectare),PENDING,,,false,,OPERATOR,f7212e0df296e9a231ad4d98872116413875df3b7421d0db057b716d55a761ef,NTM4NTE5ODg2NTQ4,**** **** 6548,6005852310,,BANDIPORA,Tulail,Zedgey,623,6812,2711,58.0
54624006829,1_623_40_2707_005004,,MOHMAD MUNAWAR SHEIKH,,,62,Male,Owner,Marginal  Farmer(Farmer having land <1 Hectare),PENDING,,,false,,OPERATOR,36979f4836ee37cc9c54bf070eb294adda19927d4672ff98a928cc8421e0cf1b,MzAxODYxODk5ODQ0,**** **** 9844,9682562548,,BANDIPORA,Gurez,Markoot,623,40,2707,0.0
37517555549,1_623_6810_2777_005010,,Habib Ullah Najar,,,76,Male,Owner,Marginal  Farmer(Farmer having land <1 Hectare),APPROVED,,,false,,OPERATOR,8719f6dee384906db00495724547ea50525eccdcb41609be8ebfaec056419a50,ODk4NzE4NTQ1ODY2,**** **** 5866,7051866990,,BANDIPORA,Ajas,Ajas,623,6810,2777,56.0
15425046344,1_623_42_2810_005001,,MOHD IBRAHIM DAR,,,71,Male,Owner,Marginal  Farmer(Farmer having land <1 Hectare),PENDING,,,false,,OPERATOR,80fff37439fcf8ab4a99ca4886d874982f59713b5171fff1c3a91dffa1511f76,MzY0MjE1MjQyMzIy,**** **** 2322,9797048733,,BANDIPORA,Sonawari,Odina,623,42,2810,53.0
37945371747,1_623_6812_2716_005000,,REYAZ AHMAD MIR,,,45,Male,Owner,Marginal  Farmer(Farmer having land <1 Hectare),PENDING,,,false,,OPERATOR,d0f668a3d1a5e568d7ed9c3067cde8dbd118e90efc2c01f391ac94d3d7acca96,NTM2NzI0MzY4Nzkx,**** **** 8791,7006135337,,BANDIPORA,Tulail,Neeru,623,6812,2716,63.0
55008484173,1_623_42_2810_005002,,NAZIR AHMAD DAR,,,59,Male,Owner,Marginal  Farmer(Farmer having land <1 Hectare),PENDING,,,false,,OPERATOR,be717582334ceaf7d8eb0b9cbc9979c976391c0ee3af9708ca64a8f80a24ae64,NTc3MDE3MjEwMjQz,**** **** 0243,7780923271,,BANDIPORA,Sonawari,Odina,623,42,2810,0.0
70299004813,1_623_6812_2724_005035,,AB GANI LONE,,,77,Male,Owner,Marginal  Farmer(Farmer having land <1 Hectare),PENDING,,,false,,OPERATOR,d4cb2ec0d4e5956eef9c91af9410c5b0f73f146edf2a5b40c1154f41d9525eab,NDgwODMwNjc4OTA1,**** **** 8905,8899528068,,BANDIPORA,Tulail,Baduaab,623,6812,2724,0.0
72321295002,1_623_6812_2724_005023,,FAROOQ AHMAD LONE,,,51,Male,Owner,Marginal  Farmer(Farmer having land <1 Hectare),APPROVED,,,false,,OPERATOR,e435951a6c827cb820ea86a65290aa6b32b6accf7373571c5474008ab1fcd503,NDUyNzkwMjU4NTE3,**** **** 8517,6005029742,,BANDIPORA,Tulail,Baduaab,623,6812,2724,46.0
79441031101,1_623_6811_2778_005000,,Saif Uddin Rather,,,55,Male,Owner,Marginal  Farmer(Farmer having land <1 Hectare),PENDING,,,false,,OPERATOR,42fc3097e50a10445cd4fe4c6fc1860ffc8fcab37af03fe89525956c8843ac0d,OTU1NDcxNzA5Nzc4,**** **** 9778,9697524466,,BANDIPORA,Hajin,Gundi Saderkote,623,6811,2778,47.0
27544123692,1_623_6812_2716_005010,,SULTAN MIR,,,42,Male,Owner,Marginal  Farmer(Farmer having land <1 Hectare),APPROVED,,,false,,OPERATOR,10aff6dda544bed42b1ef2a09a7ec32cd4b931c9dfc7cb0b6d236d3cbf84df93,OTk3ODY1MDMwMzMx,**** **** 0331,7889695268,,BANDIPORA,Tulail,Neeru,623,6812,2716,35.0
95676927635,1_623_42_2808_005000,,Arshad Ahmad Hamal,,,34,Male,Owner,Marginal  Farmer(Farmer having land <1 Hectare),PENDING,,,false,,OPERATOR,cd310508a81437701d056b79f95c3a70ed5e46e4239cbff267d56317cf0ae00f,Njk0MzYyNDc0NzUy,**** **** 4752,9622547537,,BANDIPORA,Sonawari,Gund i Khalil,623,42,2808,49.0
65556487118,1_623_42_2794_005002,,Gh Hassan Ganie,,,65,Male,Owner,Marginal  Farmer(Farmer having land <1 Hectare),PENDING,,,false,,OPERATOR,0c94991c440db19ead1c19db92ce9fcbcc1efd5a40c364998ab6961d78fbf14f,ODIxNTQ1MzE4Njc2,**** **** 8676,7051038070,,BANDIPORA,Sonawari,Asham,623,42,2794,53.0
45783799567,1_623_6812_2724_005000,,MOHD AFZAL BAIGH,,,66,Male,Owner,Marginal  Farmer(Farmer having land <1 Hectare),PENDING,,,false,,OPERATOR,48c8971f501699478df663df32b8758555eddf084b3018cfc2f3593201d1bc83,MzM0NjA2ODE4NDEy,**** **** 8412,9103069584,,BANDIPORA,Tulail,Baduaab,623,6812,2724,57.0
60669541159,1_623_42_2812_005000,,Ajaz Ahmad Dar,,,49,Male,Owner,Marginal  Farmer(Farmer having land <1 Hectare),PENDING,,,false,,OPERATOR,f3a9e7d70193f3366622a02455e8a2be43a68e6e41036a981e27a7b7a03132c4,NDYxNzUzMzkwMjgw,**** **** 0280,7006903518,,BANDIPORA,Sonawari,Sarai Dangarpora,623,42,2812,40.0
84720820473,1_623_42_2804_005001,,GH MOHMMAD HAJAM,,,71,Male,Owner,Marginal  Farmer(Farmer having land <1 Hectare),PENDING,,,false,,OPERATOR,3f1e7298f65f5d799a92dc77229f97289196bd5274a2e0559f43ec66179048b0,ODM1NDM2NTUzNTA0,**** **** 3504,7889965245,,BANDIPORA,Sonawari,Rakh Sultan Pora,623,42,2804,43.0
98878049601,1_623_6812_2724_005002,,Habib Ullah Bagh,,,45,Male,Owner,Marginal  Farmer(Farmer having land <1 Hectare),PENDING,,,false,,OPERATOR,67f641aa56972ae00719a9732950a68b730bd0ad3e4fd8482bdb14bbfa23ef90,NjY0OTE3NjQ4MzYw,**** **** 8360,7006141077,,BANDIPORA,Tulail,Baduaab,623,6812,2724,46.0
41410576175,1_623_42_2808_005008,,Mohd Ashraf Paray,,,46,Male,Owner,Marginal  Farmer(Farmer having land <1 Hectare),PENDING,,,false,,OPERATOR,1d24f465f08afd5a96a7908e07177f265f5e876850680e58cf11fa5ccc2bf36d,MjQ0MjY2NzQ4NzY4,**** **** 8768,9596588028,,BANDIPORA,Sonawari,Gund i Khalil,623,42,2808,62.0
64176049174,1_623_6812_2711_005016,,Nazir Ahmad Wani,,,48,Male,Owner,Marginal  Farmer(Farmer having land <1 Hectare),PENDING,,,false,,OPERATOR,7d2518d81e30898efb9ac79dc6173ce9b824033d62672c16a6592cf5e153ae1f,NTY1MzI5MjU1NDIz,**** **** 5423,9103647089,,BANDIPORA,Tulail,Zedgey,623,6812,2711,61.0
83133673764,1_623_42_2812_005029,,Gh Mohmmad Rather,,,56,Male,Owner,Marginal  Farmer(Farmer having land <1 Hectare),PENDING,,,false,,OPERATOR,6fb135d2bf2dcefca02238dc142e1727e5b47318f1a8d6b0469d16539f588d74,OTAyOTIzMTM4MDEx,**** **** 8011,9541205917,,BANDIPORA,Sonawari,Sarai Dangarpora,623,42,2812,46.0
24032133691,1_623_42_2794_005040,,Ghulam Mohammad Rather,,,76,Male,Owner,Marginal  Farmer(Farmer having land <1 Hectare),PENDING,,,false,,OPERATOR,ddd5d6c2431a7bf0ccce7c3959499485522fbaaceaa6df50d3f2a31ad99f7c15,NzA5NzYyNDQ2NjYy,**** **** 6662,8492857193,,BANDIPORA,Sonawari,Asham,623,42,2794,66.0
36788767170,1_623_6812_2724_005034,,Ishaq Khan,,,34,Male,Owner,Marginal  Farmer(Farmer having land <1 Hectare),PENDING,,,false,,OPERATOR,dc33c3748d8f0049acf6073d652b25d38554bd742d43317207e3c716e41738d9,MjAwMzE5NTg4MDk1,**** **** 8095,6005769241,,BANDIPORA,Tulail,Baduaab,623,6812,2724,0.0
24249141351,1_623_42_2797_005038,,Gh Mohd Reshi,,,71,Male,Owner,Marginal  Farmer(Farmer having land <1 Hectare),PENDING,,,false,,OPERATOR,dd023370db9e73e743887eb285a7f0ed27d050c0fded0d8368888c4a0e4d50c9,NzgwMTE5ODU4MjQw,**** **** 8240,7051921929,,BANDIPORA,Sonawari,Hilalabad,623,42,2797,56.0
13037656138,1_623_42_2812_005031,,Mohammad Maqbool Rather,,,55,Male,Owner,Marginal  Farmer(Farmer having land <1 Hectare),PENDING,,,false,,OPERATOR,0bc47e39d1770e1eaf37ee7f37db20ec2c65bf03a4dc3413762c7455f1905cdd,NDcwNjMxMzQ0MzA0,**** **** 4304,7006263815,,BANDIPORA,Sonawari,Sarai Dangarpora,623,42,2812,75.0
41078191187,1_623_42_2812_005030,,BASHIR AHMAD RATHER,,,51,Male,Owner,Marginal  Farmer(Farmer having land <1 Hectare),PENDING,,,false,,OPERATOR,0c43c3fd5a0bcdd4329d4aacdf565712e4cf458c58d2c19736e7a9a2fe4c6e91,NTA4NzI2Mzg3ODY4,**** **** 7868,9797171384,,BANDIPORA,Sonawari,Sarai Dangarpora,623,42,2812,65.0
54366987077,1_623_6811_2783_005009,,Nayeem Ahmad Bhat,,,41,Male,Owner,Marginal  Farmer(Farmer having land <1 Hectare),PENDING,,,false,,OPERATOR,71f1499974f915d5a61370353e28beaf5dc603a782f3554bd42c1a49f7aa5560,OTU3MjM5Njc0OTc5,**** **** 4979,9622494111,,BANDIPORA,Hajin,Vijipara,623,6811,2783,0.0
24785047795,1_623_6811_2778_005010,,Mohammad Maqbool Dar,,,76,Male,Owner,Marginal  Farmer(Farmer having land <1 Hectare),PENDING,,,false,,OPERATOR,7e954635515c6abc34491d70af64335d50213ca6d11ee04f494236feda5fa7be,OTkyNjA1MTE4MTUz,**** **** 8153,7051313169,,BANDIPORA,Hajin,Gundi Saderkote,623,6811,2778,0.0
27122799265,1_623_6811_2700_005023,,SHABIR AHMAD DAR,,,52,Male,Owner,Marginal  Farmer(Farmer having land <1 Hectare),PENDING,,,false,,OPERATOR,404a7ebaa14b52f89b3be215e10141ab24666e97fe76466adaf215797d9f2fe7,ODA2MDc0NzU5NDc2,**** **** 9476,7889664688,,BANDIPORA,Hajin,Gulshanpora,623,6811,2700,66.0
13057299680,1_623_6809_2744_005006,,Imtiyaz Ahmad Chopan,,,27,Male,Owner,Marginal  Farmer(Farmer having land <1 Hectare),PENDING,,,false,,OPERATOR,9d7b78dcb4aa045d0785742c37780fc7d338a496739d5f0cec33fed5ea9ce8fe,ODMzMjUyNzIwNjcx,**** **** 0671,9797154700,,BANDIPORA,Aloosa,Mangnipora,623,6809,2744,66.0
80390720412,1_623_42_2794_005041,,Mohd Ashaq Rather,,,40,Male,Owner,Marginal  Farmer(Farmer having land <1 Hectare),PENDING,,,false,,OPERATOR,18953938c04121bba1ae1ec0759571848a499f11013e3254b4697e25ddf0d36d,NTcxNjEwODcwNzAw,**** **** 0700,9622040512,,BANDIPORA,Sonawari,Asham,623,42,2794,0.0
49532505860,1_623_42_2801_005468,,HAJIRA BEGUM,,,77,Female,Owner,Marginal  Farmer(Farmer having land <1 Hectare),PENDING,,,false,,OPERATOR,80715ad05281334c833cc581c4189cbd2a9c8cd64a6539125bdcbf3f04ba84cb,NzgzMzY4MTIyNDcz,**** **** 2473,9906455320,,BANDIPORA,Sonawari,Gund i Nowgam,623,42,2801,50.0
85248747727,1_623_6812_2711_005018,,Manzoor Ahmad Wani,,,47,Male,Owner,Marginal  Farmer(Farmer having land <1 Hectare),PENDING,,,false,,OPERATOR,1d95d84f7b7987d10a7b9e73be5cf3a18707f29818471d21a46c2a0d4d9f8f49,NDM4NzEwMDczODYz,**** **** 3863,9103041224,,BANDIPORA,Tulail,Zedgey,623,6812,2711,46.0
56733361243,1_623_42_2797_005039,,Gh Mohammad Bhat,,,66,Male,Owner,Marginal  Farmer(Farmer having land <1 Hectare),PENDING,,,false,,OPERATOR,3f5c77cff60b9ca8291dc50f7187a506e62ace3d469fdeb0c694d2fa875f2c9b,NDMxNjAwNDQ5Nzk2,**** **** 9796,9622808493,,BANDIPORA,Sonawari,Hilalabad,623,42,2797,43.0
71270751330,1_623_6811_2783_005010,,Muneer Ahmad Bhat,,,42,Male,Owner,Marginal  Farmer(Farmer having land <1 Hectare),PENDING,,,false,,OPERATOR,abfe4e21b9c511bd7f36ebec69701169bdad343af470d42391a20ebdda7d03b0,NDIzODAwMDE4MTg4,**** **** 8188,9622549890,,BANDIPORA,Hajin,Vijipara,623,6811,2783,64.0
18307361857,1_623_42_2800_005006,,Tariq Ahmad Dar,,,48,Male,Owner,Marginal  Farmer(Farmer having land <1 Hectare),PENDING,,,false,,OPERATOR,5e9f490c4ffaed6bfe00612c16477e61524e442fb929fa6ca172451ae4b481d5,MjU3MDU1MTc5NzUz,**** **** 9753,9797795532,,BANDIPORA,Sonawari,Rakh Shilvat,623,42,2800,46.0
72352222447,1_623_6812_2724_005036,,Shakeel Ahmad Khan,,,33,Male,Owner,Marginal  Farmer(Farmer having land <1 Hectare),PENDING,,,false,,OPERATOR,b055033794d5c61a2aebd9b411e7a2c8bfe7e9969d68289f2abd4ba9106e8678,Nzg5NDQ0NzcxMjU5,**** **** 1259,6006937919,,BANDIPORA,Tulail,Baduaab,623,6812,2724,61.0
42248806838,1_623_42_2797_005040,,GH NABI RESHI,,,86,Male,Owner,Marginal  Farmer(Farmer having land <1 Hectare),PENDING,,,false,,OPERATOR,bfbcec73269f852f1c292037d06594df5c7a1bbf919be3b6c4fd16c55c7c3a00,NTA4NTMxNzM0OTQy,**** **** 4942,9419740618,,BANDIPORA,Sonawari,Hilalabad,623,42,2797,0.0
33209971776,1_623_6812_2716_005013,,Ghulam Mohammad Mir,,,64,Male,Owner,Marginal  Farmer(Farmer having land <1 Hectare),APPROVED,,,false,,OPERATOR,f24cdb30a743cbf0ebcdfd5bf512b9c884b68961044d2a500e382c6466ca45a1,ODUxNzQ2OTM2MjIx,**** **** 6221,7006130198,,BANDIPORA,Tulail,Neeru,623,6812,2716,56.0
59841466406,1_623_6812_2716_005014,,GULAB MIR,,,55,Male,Owner,Marginal  Farmer(Farmer having land <1 Hectare),APPROVED,,,false,,OPERATOR,7c3366eb087cb26b65ca6a1c11c1b1f7298fb44aa813585ff994ce8513c26849,NTIzNjIyNDkyOTcz,**** **** 2973,7006532707,,BANDIPORA,Tulail,Neeru,623,6812,2716,35.0
46957829177,1_623_42_2797_005001,,Abdul Ahad Mir,,,74,Male,Owner,Marginal  Farmer(Farmer having land <1 Hectare),PENDING,,,false,,OPERATOR,7379e6377d2a22befcb260c944e4a4a5672d0d5902491a1bf71b52992c1288af,MjM0NjM3MDAxMzI1,**** **** 1325,6005050441,,BANDIPORA,Sonawari,Hilalabad,623,42,2797,0.0
37282115292,1_623_6812_2716_005016,,Ab Gani Mir,,,54,Male,Owner,Marginal  Farmer(Farmer having land <1 Hectare),APPROVED,,,false,,OPERATOR,3ed20494194a238a253fb3308e536fd6f0b72fd3d7c72df44b5c61a3e9d2dc27,NzE2Nzc3NzIwMjE1,**** **** 0215,7006135337,,BANDIPORA,Tulail,Neeru,623,6812,2716,58.0
47822483068,1_623_6812_2716_005017,,Mohammad Sidiq Mir,,,65,Male,Owner,Marginal  Farmer(Farmer having land <1 Hectare),APPROVED,,,false,,OPERATOR,1a22886a0979de8644bf9abcfb771f938fc46af52f59ae503276e1cccb513c4c,Njg4NDU3MTIwMDE2,**** **** 0016,7889511551,,BANDIPORA,Tulail,Neeru,623,6812,2716,45.0
97200365308,1_623_6810_2777_005012,,Aisha Begum,,,76,Female,Owner,Marginal  Farmer(Farmer having land <1 Hectare),PENDING,,,false,,OPERATOR,8802a22ac2757303157bd434a9996e4bf530d90c330b90cbd1fe8fd4e2b6f9d9,NzkwMjQxNDA3Mzc0,**** **** 7374,9103646012,,BANDIPORA,Ajas,Ajas,623,6810,2777,0.0
75094317659,1_623_6812_2716_005018,,Mohammad Afzal Mir,,,48,Male,Owner,Marginal  Farmer(Farmer having land <1 Hectare),APPROVED,,,false,,OPERATOR,1b97c337f83cb7517cfc318e0ee883d647aaa41a3a756639507f500de737722a,ODM2MzQ4ODk1MjMy,**** **** 5232,9149413589,,BANDIPORA,Tulail,Neeru,623,6812,2716,56.0
20593334208,1_623_42_2794_005003,,FAROOQ AHMAD PARRAY,,,58,Male,Owner,Marginal  Farmer(Farmer having land <1 Hectare),PENDING,,,false,,OPERATOR,55b2e13439b50fc52ef644d95e2f8a6538b79567c2a83eef2ab5a8a37ea7d163,MjMzNzYwMzUxOTAx,**** **** 1901,9797004610,,BANDIPORA,Sonawari,Asham,623,42,2794,0.0
32506325728,1_623_6812_2716_005019,,AB RASHID LONE,,,47,Male,Owner,Marginal  Farmer(Farmer having land <1 Hectare),APPROVED,,,false,,OPERATOR,93a61a3db94886316d452b32dabbe097be679fef24b625708cdc2057d337f69c,NTI4NTAyOTk3NDM2,**** **** 7436,9149413589,,BANDIPORA,Tulail,Neeru,623,6812,2716,43.0
24125586939,1_623_6812_2724_005001,,Gh Mohmmad Beigh,,,85,Male,Owner,Marginal  Farmer(Farmer having land <1 Hectare),PENDING,,,false,,OPERATOR,60ba8f0766a2325651482f7e36debcff7acabee1ec2e2200b8b24d17c0a5cc71,NTA4ODE5MTkzMTI4,**** **** 3128,9149932460,,BANDIPORA,Tulail,Baduaab,623,6812,2724,22.0
29616221767,1_623_42_2794_005004,,GH HASSAN BHAT,,,48,Male,Owner,Marginal  Farmer(Farmer having land <1 Hectare),PENDING,,,false,,OPERATOR,245adb48e1bfb1389f93c1ac2dabcefd3a375c9f0cda21def8317798100dcc47,NDAzMDQyMzMzOTQz,**** **** 3943,9858452121,,BANDIPORA,Sonawari,Asham,623,42,2794,62.0
43399613983,1_623_42_2812_005001,,Shabir Ah Mir,,,45,Male,Owner,Marginal  Farmer(Farmer having land <1 Hectare),PENDING,,,false,,OPERATOR,0bf0f8f6110499374d1445d440bed600f669c1fc9e2cdf74b32d6712783f21e2,NDE2NDc3MzIwMDA4,**** **** 0008,9622823416,,BANDIPORA,Sonawari,Sarai Dangarpora,623,42,2812,25.0
84742510297,1_623_42_2797_005002,,Naseer Ahmad Reshi,,,39,Male,Owner,Marginal  Farmer(Farmer having land <1 Hectare),PENDING,,,false,,OPERATOR,8e0cb99d419a8d64bbcc67a38c031f1e482b5597930dba916f25b753b993241d,Nzc2MjUyNDQwNTY4,**** **** 0568,8899774489,,BANDIPORA,Sonawari,Hilalabad,623,42,2797,66.0
95426058099,1_623_40_2707_005005,,GH RASOOL MIR,,,66,Male,Owner,Marginal  Farmer(Farmer having land <1 Hectare),PENDING,,,false,,OPERATOR,a1dd778c072bf21e38f65cd43234a1e5b09272fd8ae1159b9453672328c3b4bc,Mzc4NzU2OTAxNTIx,**** **** 1521,9149820191,,BANDIPORA,Gurez,Markoot,623,40,2707,0.0
14882376481,1_623_42_2808_005001,,Bashir Ahmad Ganie,,,51,Male,Owner,Marginal  Farmer(Farmer having land <1 Hectare),PENDING,,,false,,OPERATOR,aa5a0cfb754e817eca3097e182e2982d8740ba5930ed059c9619cae1a016ed8d,NzA1MTg2MTYzNzEz,**** **** 3713,9622905616,,BANDIPORA,Sonawari,Gund i Khalil,623,42,2808,66.0
11344108473,1_623_42_2794_005005,,Mushtaq Ahmad Ambar,,,45,Male,Owner,Marginal  Farmer(Farmer having land <1 Hectare),PENDING,,,false,,OPERATOR,f25ec25d22a70b028420254e9094216209afb4e4b8f7d9f2ad1b609405a2b87d,MzEzMjc1OTk2NzA5,**** **** 6709,7889898209,,BANDIPORA,Sonawari,Asham,623,42,2794,0.0
31554441882,1_623_6812_2716_005001,,Gh Nabi Mir,,,74,Male,Owner,Marginal  Farmer(Farmer having land <1 Hectare),PENDING,,,false,,OPERATOR,ea0fca62cfed688aa0d57251a332535ff2db987e029a8a3976413a9c8f91b17b,OTQxNTcyNzQ4NTk4,**** **** 8598,6006266276,,BANDIPORA,Tulail,Neeru,623,6812,2716,43.0
69601819310,1_623_42_2797_005003,,Mohd Yousuf Reshi,,,66,Male,Owner,Marginal  Farmer(Farmer having land <1 Hectare),PENDING,,,false,,OPERATOR,cc57c0cbb28a0d7c3c8e1fbc151cabc694746c8dd70ea0b13e10722ee77e5092,MzI3NTgwODQ1NDQ0,**** **** 5444,9622505662,,BANDIPORA,Sonawari,Hilalabad,623,42,2797,43.0
68907499294,1_623_40_2707_005023,,Ishfaq Anwar,,,32,Male,Owner,Marginal  Farmer(Farmer having land <1 Hectare),PENDING,,,false,,OPERATOR,2a096316e5da4a5e2b3a061ac00c673caadc1eefa603906c478432e6b2b7fb5d,NTgxOTM2NzI5MDg4,**** **** 9088,7006871301,,BANDIPORA,Gurez,Markoot,623,40,2707,0.0
40191682452,1_623_40_2707_005006,,Mohd Amin Akhoon,,,61,Male,Owner,Marginal  Farmer(Farmer having land <1 Hectare),PENDING,,,false,,OPERATOR,1b1ea22af8035557ef88616d886ce8035071f5760e5dc79c992cf008d406371c,NTg0MDg5ODk5MDE3,**** **** 9017,9149988076,,BANDIPORA,Gurez,Markoot,623,40,2707,43.0
80050590076,1_623_42_2808_005003,,Farooq Ahmad Rather,,,58,Male,Owner,Marginal  Farmer(Farmer having land <1 Hectare),PENDING,,,false,,OPERATOR,588855c8562f36a2b2fc1a871be970f1ffed3bccc5421ef738fcbdc39fa21f41,NTg0NzAwNDM2Mzc3,**** **** 6377,7006466521,,BANDIPORA,Sonawari,Gund i Khalil,623,42,2808,66.0
15379205138,1_623_6810_2777_005015,,Mala Begum,,,67,Female,Owner,Marginal  Farmer(Farmer having land <1 Hectare),PENDING,,,false,,OPERATOR,2b1e736ba85a6ea429cffacf178f5e2d07cfd25eb87e0810951931412190ed2b,NDc3MDI1ODE0MTk4,**** **** 4198,9906735811,,BANDIPORA,Ajas,Ajas,623,6810,2777,0.0
36052268685,1_623_6812_2711_005002,,Mohd Aslam Khan,,,50,Male,Owner,Marginal  Farmer(Farmer having land <1 Hectare),PENDING,,,false,,OPERATOR,c6ec308f36d3c34a371dede1a4d7fd31dbd5ed31f7fbca93dec9884816014317,MjI0OTkzODQ0Nzg3,**** **** 4787,9149627738,,BANDIPORA,Tulail,Zedgey,623,6812,2711,43.0
58587524009,1_623_6809_2744_005007,,Mohd Hussain Shaer Gojri,,,46,Male,Owner,Marginal  Farmer(Farmer having land <1 Hectare),PENDING,,,false,,OPERATOR,45144ea593ff2f31b49cc8505772cf4e8cff0926232e8820d3b53b9b0c60f7f7,MzE5MDk3MTI0NTY1,**** **** 4565,6005399248,,BANDIPORA,Aloosa,Mangnipora,623,6809,2744,32.0
17238168543,1_623_42_2800_005007,,MOHD AMIN MIR,,,53,Male,Owner,Marginal  Farmer(Farmer having land <1 Hectare),PENDING,,,false,,OPERATOR,ecbfddb144eff4f00bca1d3a5f5d38af5647c6fb19c38cb1a423dab32c2585ca,MzIzMDEyNjkzMDA3,**** **** 3007,7051887412,,BANDIPORA,Sonawari,Rakh Shilvat,623,42,2800,56.0
96607218589,1_623_42_2794_005007,,Majid Ahmad Ganie,,,40,Male,Owner,Marginal  Farmer(Farmer having land <1 Hectare),PENDING,,,false,,OPERATOR,b2c551d44c004d41f70f01ee04e4f1d2127ca4cf46ad8205160e08e37bfdc5af,NzgwMTMxMTE2NzA4,**** **** 6708,7006077113,,BANDIPORA,Sonawari,Asham,623,42,2794,65.0
34237781553,1_623_42_2797_005005,,Kulsum Mehraj,,,26,Female,Owner,Marginal  Farmer(Farmer having land <1 Hectare),PENDING,,,false,,OPERATOR,c0c5c70f9be1adcd6e94b2ef714b69e38c0310eceb072608e5cdb9bbf5feab25,NTkzMjUxNzg0OTAw,**** **** 4900,9797073701,,BANDIPORA,Sonawari,Hilalabad,623,42,2797,0.0
18466706187,1_623_42_2810_005011,,GHULAM MOHD BHAT,,,71,Male,Owner,Marginal  Farmer(Farmer having land <1 Hectare),PENDING,,,false,,OPERATOR,0991782e68912de32080fb4f5bae8b7ec0023e585dd68ae409b25275db6f8178,OTY0MDQ5NTQwMDk3,**** **** 0097,9541886528,,BANDIPORA,Sonawari,Odina,623,42,2810,30.0
66229586480,1_623_6812_2724_005003,,Mohd Maqbool Lone,,,71,Male,Owner,Marginal  Farmer(Farmer having land <1 Hectare),PENDING,,,false,,OPERATOR,6f8f4c70a7c0486193abfae6c11f8449fb6c003112818000c223e910a1a8ed49,ODgwMzEyNzAyOTY1,**** **** 2965,6005115834,,BANDIPORA,Tulail,Baduaab,623,6812,2724,22.0
67388670166,1_623_42_2794_005042,,Mansoor Ayoub,,,27,Male,Owner,Marginal  Farmer(Farmer having land <1 Hectare),PENDING,,,false,,OPERATOR,f218cb3b1aeba83528cf2d5447486124ebde96d1b674ce08fb67a4ef2c04eb2e,OTM2MDAzMTc0NTE1,**** **** 4515,7006796459,,BANDIPORA,Sonawari,Asham,623,42,2794,32.0
72620346401,1_623_6811_2700_005024,,Javid Ahmad Dar,,,34,Male,Owner,Marginal  Farmer(Farmer having land <1 Hectare),PENDING,,,false,,OPERATOR,239d7a41057e1bae715324d887f2e85a07445d81ec85ba5bff5de8a2f835d874,MjcyNTA1NTQ3NTQz,**** **** 7543,6006889551,,BANDIPORA,Hajin,Gulshanpora,623,6811,2700,65.0
47124196022,1_623_6812_2724_005037,,Rahim Lone,,,42,Male,Owner,Marginal  Farmer(Farmer having land <1 Hectare),PENDING,,,false,,OPERATOR,7b9aaf6aeb91203189d2df4cfee82f0f2417e7a8f39cf01d8771a81d89fae283,Mjg3Njc5ODI1NTg3,**** **** 5587,9149756312,,BANDIPORA,Tulail,Baduaab,623,6812,2724,0.0
87623788377,1_623_6811_2700_005005,,Hilal Ahmad Bhat,,,43,Male,Owner,Marginal  Farmer(Farmer having land <1 Hectare),PENDING,,,false,,OPERATOR,b109268bfb596ddfe57c47033e22f4b6e3724692d555aa08cbec944e61549dad,NTQwODg1MTA1NTY3,**** **** 5567,6005009002,,BANDIPORA,Hajin,Gulshanpora,623,6811,2700,66.0
17876631770,1_623_42_2808_005002,,Ghulam Nabi Parray,,,61,Male,Owner,Marginal  Farmer(Farmer having land <1 Hectare),PENDING,,,false,,OPERATOR,327ab17652e8ad7fa05083e48589d2c5665fd21eda3b2fce80296af3ac7ae9bd,NTg0MjkxMjczNzEx,**** **** 3711,9797047251,,BANDIPORA,Sonawari,Gund i Khalil,623,42,2808,56.0
40534523982,1_623_40_2708_005000,,Mohd Azad Lone,,,34,Male,Owner,Marginal  Farmer(Farmer having land <1 Hectare),PENDING,,,false,7780893108,OPERATOR,0ebcc75a8473b7eb19cf5d989949ebe0b17f7879db73e43ef5cd621bc7e191c3,MzQ3OTA0NzExNTU5,**** **** 1559,7780893108,,BANDIPORA,Gurez,Shah Pora - Achoora (Churwan),623,40,2708,0.0
35550175797,1_623_42_2812_005002,,MOHAMMAD MAQBOOL RATHER,,,56,Male,Owner,Marginal  Farmer(Farmer having land <1 Hectare),PENDING,,,false,,OPERATOR,336108cafd3b39ed996b349ca09ef82c6fed81e0977744c9079e42ac6db36d3a,MjMxMTQwMDQ5MzA3,**** **** 9307,6006284042,,BANDIPORA,Sonawari,Sarai Dangarpora,623,42,2812,27.0
46408645032,1_623_42_2810_005003,,ALI MOHAMMAD BHAT,,,56,Male,Owner,Marginal  Farmer(Farmer having land <1 Hectare),PENDING,,,false,,OPERATOR,fcced28f3094e3e7a932dd428837864b023af5214581e8eaea0023e459e4943a,NzUyNDEzNDk5NjYz,**** **** 9663,9906565364,,BANDIPORA,Sonawari,Odina,623,42,2810,56.0
92762389343,1_623_6811_2783_005001,,Ab Majid Paray,,,51,Male,Owner,Marginal  Farmer(Farmer having land <1 Hectare),PENDING,,,false,,OPERATOR,fb58e7a681b7baff16f357cd5abcf4969f9774eccbd935435c9d4d3b1efb0525,NzM0Mzg3NDM4MTYz,**** **** 8163,9797782513,,BANDIPORA,Hajin,Vijipara,623,6811,2783,55.0
44769641219,1_623_6811_2778_005001,,Mohd Shafi Dar,,,61,Male,Owner,Marginal  Farmer(Farmer having land <1 Hectare),PENDING,,,false,,OPERATOR,98f542216ced59394b4d6f4bb8970ed0b0037655576e0aff98ee335fc469b790,NTY2OTE4ODU0NjE0,**** **** 4614,9596452976,,BANDIPORA,Hajin,Gundi Saderkote,623,6811,2778,43.0
27643342848,1_623_42_2794_005006,,Mohammad Maqbool Dar,,,56,Male,Owner,Marginal  Farmer(Farmer having land <1 Hectare),PENDING,,,false,,OPERATOR,63da6e30519a0f6dfee5c22a0d1178653fe23c75f357b6cf9be1b55c355575f8,NTAwNjM4MjMwMDE1,**** **** 0015,9906530779,,BANDIPORA,Sonawari,Asham,623,42,2794,66.0
77957612670,1_623_42_2812_005003,,MOHD MAQBOOL DAR,,,46,Male,Owner,Marginal  Farmer(Farmer having land <1 Hectare),PENDING,,,false,,OPERATOR,930401b27492f54af773f30dd494f0e20e1943d2588693514380d028f0bf93b4,NjU4NzU1NzQzMjI0,**** **** 3224,9682684490,,BANDIPORA,Sonawari,Sarai Dangarpora,623,42,2812,58.0
24120890440,1_623_42_2797_005004,,Bilal Ahmad Rishi,,,54,Male,Owner,Marginal  Farmer(Farmer having land <1 Hectare),PENDING,,,false,,OPERATOR,f74fd62c862f49019da876f493baf6f53ca44535a73f41b081ea93e216310d0c,NDk1ODM5MTMxMzY5,**** **** 1369,9149475466,,BANDIPORA,Sonawari,Hilalabad,623,42,2797,65.0
63422409857,1_623_6812_2716_005002,,JAMEEL AHMAD MIR,,,44,Male,Owner,Marginal  Farmer(Farmer having land <1 Hectare),PENDING,,,false,,OPERATOR,ae6b9069a84071e6404781182f29b2a38dc4dd7fee5014299e95fa997f3a9210,MjExNDI0ODgxMzMx,**** **** 1331,6005938827,,BANDIPORA,Tulail,Neeru,623,6812,2716,46.0
95516550461,1_623_42_2810_005004,,SAJAD HUSSAIN BHAT,,,45,Male,Owner,Marginal  Farmer(Farmer having land <1 Hectare),PENDING,,,false,,OPERATOR,da4745a94a84f6739a55b634c22a9c79e331050055f4e3ccca2f3cfd5378d6b7,MjY2MDI4MTAwMzk2,**** **** 0396,7006096489,,BANDIPORA,Sonawari,Odina,623,42,2810,64.0
87972456831,1_623_42_2812_005032,,Bashir Ahmad Rather,,,43,Male,Owner,Marginal  Farmer(Farmer having land <1 Hectare),PENDING,,,false,,OPERATOR,074c3ae8ccc62990caa4f5452ac16d522ce5c54b652d4b9781b196936df290bb,MjI0NzgzMjcxNTAw,**** **** 1500,9149572957,,BANDIPORA,Sonawari,Sarai Dangarpora,623,42,2812,0.0
34198180765,1_623_42_2797_005041,,Ali Mohd Bhat,,,57,Male,Owner,Marginal  Farmer(Farmer having land <1 Hectare),PENDING,,,false,,OPERATOR,d51dbe490d69d34a728c3c59c33e585a05c317e9f6027c84f8823ff88b2e7152,ODU5NjI3NTA1NTk5,**** **** 5599,9149710223,,BANDIPORA,Sonawari,Hilalabad,623,42,2797,43.0
56492229303,1_623_6811_2700_005025,,Sajad Ahmad Dar,,,34,Male,Owner,Marginal  Farmer(Farmer having land <1 Hectare),PENDING,,,false,,OPERATOR,c92cfe36c106b22c5fbfd0bba3b281621c839995d5436bd757ab25918f6299b0,OTM0MzcxOTQxNTI1,**** **** 1525,7006353711,,BANDIPORA,Hajin,Gulshanpora,623,6811,2700,65.0
40544573924,1_623_6811_2778_005011,,Ab Rashid Rather,,,58,Male,Owner,Marginal  Farmer(Farmer having land <1 Hectare),PENDING,,,false,,OPERATOR,6646490c2d5347022738fbd9ba88dd8aa16cb922ee9944c5e9fc5b76009661d8,NzM1MDE5MzAyNDI5,**** **** 2429,7006601307,,BANDIPORA,Hajin,Gundi Saderkote,623,6811,2778,43.0
78047212733,1_623_42_2794_005008,,Nazir Ah Ganie,,,50,Male,Owner,Marginal  Farmer(Farmer having land <1 Hectare),PENDING,,,false,,OPERATOR,e7b8f846e1ebe98c9b980cc5891bb95bd79184c293b7185b2c57770698754b18,NTI3MDQ2NTgwODEx,**** **** 0811,7889448922,,BANDIPORA,Sonawari,Asham,623,42,2794,44.0
20142244594,1_623_42_2794_005043,,Irshad Ahmad Ganaie,,,56,Male,Owner,Marginal  Farmer(Farmer having land <1 Hectare),PENDING,,,false,,OPERATOR,7e49ba4363b39dfe8e24e9cfbd9e9c36c4dc5c27590b5bb3e34c371aabf51df9,MzczMTI3NTkwMjU5,**** **** 0259,9797974497,,BANDIPORA,Sonawari,Asham,623,42,2794,56.0
18899622048,1_623_6812_2711_005003,,AB AHAD,,,63,Male,Owner,Marginal  Farmer(Farmer having land <1 Hectare),PENDING,,,false,,OPERATOR,e6e8c468b3fa5ec2f53024b6ba007b076fc0634ed6ab48eb2709b2852e7796bb,NjUwNzI4MDk4OTY0,**** **** 8964,9541637808,,BANDIPORA,Tulail,Zedgey,623,6812,2711,0.0
73417462920,1_623_42_2804_005000,,Mumtaza,,,59,Female,Owner,Marginal  Farmer(Farmer having land <1 Hectare),PENDING,,,false,,OPERATOR,d9027436015d2140efb9052abf23d73b425b664e2209d4785313537591c0038d,NTUxNTU1Nzg3MzM3,**** **** 7337,9797283928,,BANDIPORA,Sonawari,Rakh Sultan Pora,623,42,2804,50.0
31565969728,1_623_42_2797_005007,,Hilal Ahmad Reshi,,,50,Male,Owner,Marginal  Farmer(Farmer having land <1 Hectare),PENDING,,,false,,OPERATOR,d88e63c848b6e369cc9ad8d97d3a1247def125f6a35fe04fc2748ea2db886298,NTg4NDExNDY2NDMw,**** **** 6430,9906647944,,BANDIPORA,Sonawari,Hilalabad,623,42,2797,65.0
44797637719,1_623_40_2708_005002,,GHULAM QADIR LONE,,,71,Male,Owner,Marginal  Farmer(Farmer having land <1 Hectare),PENDING,,,false,,OPERATOR,a348d9f3d95fe1b93cbf81395ad96ba296df0d47ff3c958645362af68c1be95a,NTY4NjQxMzg0NTAz,**** **** 4503,9419581367,,BANDIPORA,Gurez,Shah Pora - Achoora (Churwan),623,40,2708,55.0
35837709215,1_623_6812_2724_005054,,Mohammad Shahim Lone,,,57,Male,Owner,Marginal  Farmer(Farmer having land <1 Hectare),PENDING,,,false,,OPERATOR,938b67ba9fda97fb2892be4639cd5a7462405e609b11e08ac0762b1f1120c4b1,NjI4MjgyNTMzMjA5,**** **** 3209,6005604272,,BANDIPORA,Tulail,Baduaab,623,6812,2724,21.0
10759294475,1_623_6809_2744_005008,,Ajaz Ahmad Wani,,,37,Male,Owner,Marginal  Farmer(Farmer having land <1 Hectare),PENDING,,,false,,OPERATOR,0bb3bbbf34574fe01e079ba02e164032620f826fe8a4449ca9b402755a7241f3,NTA4OTI5Mzk5Njc1,**** **** 9675,9541139140,,BANDIPORA,Aloosa,Mangnipora,623,6809,2744,0.0
24969742852,1_623_6809_2744_005000,,Mohammad Shafi Najar,,,59,Male,Owner,Marginal  Farmer(Farmer having land <1 Hectare),PENDING,,,false,,OPERATOR,093d27195c3e9f782f5d2abfb86dad2dbc402078f9639c10382d953ad6e30b81,MjEyNTczMzA0NTg4,**** **** 4588,7006821578,,BANDIPORA,Aloosa,Mangnipora,623,6809,2744,46.0
74097582908,1_623_42_2808_005004,,MOHD AMIN GANIE,,,50,Male,Owner,Marginal  Farmer(Farmer having land <1 Hectare),PENDING,,,false,,OPERATOR,984d9f0e2836d335f70f680354c53892e7b51a73567a137f7705d60f1017123c,NzU0NTA5OTc0Njgy,**** **** 4682,9906544504,,BANDIPORA,Sonawari,Gund i Khalil,623,42,2808,0.0
73504281907,1_623_6812_2724_005055,,AB QAYOOM LONE,,,53,Male,Owner,Marginal  Farmer(Farmer having land <1 Hectare),PENDING,,,false,,OPERATOR,8176e834433339627d143010bc9afd509792f7bc61647ff193ee378e6119ad18,NTA4Mjk5NTAxNTcx,**** **** 1571,7006987162,,BANDIPORA,Tulail,Baduaab,623,6812,2724,23.0
84564439338,1_623_40_2708_005001,,SULTANI BEGUM,,,66,Female,Owner,Marginal  Farmer(Farmer having land <1 Hectare),PENDING,,,false,,OPERATOR,55b39645c5a2aabb8a566b66d2b0a72ff7f4e2135a5a46ee278672846ad867c3,NzEwNjU2MDQ3MTAz,**** **** 7103,9419581367,,BANDIPORA,Gurez,Shah Pora - Achoora (Churwan),623,40,2708,25.0
56578739469,1_623_42_2802_005000,,Mohammad Qasim Malla,,,57,Male,Owner,Marginal  Farmer(Farmer having land <1 Hectare),PENDING,,,false,,OPERATOR,972a6f94a5d4b46efb5a1aaab212a81e956e12c2a49799fdf88c38a110504bac,ODkzMDg1Njc5NTk4,**** **** 9598,8899480820,,BANDIPORA,Sonawari,NOWGAM,623,42,2802,0.0
45144334060,1_623_6811_2783_005002,,Ab Rashid Parray,,,54,Male,Owner,Marginal  Farmer(Farmer having land <1 Hectare),PENDING,,,false,,OPERATOR,388cdd80e20f3d900e826d43de93870c04e2f5945c34ffc4b429f2db16b9b007,MzAzNzkzMzQ0NzE4,**** **** 4718,7006257216,,BANDIPORA,Hajin,Vijipara,623,6811,2783,56.0
35260059228,1_623_6812_2716_005003,,Mohd Ismail Mir,,,29,Male,Owner,Marginal  Farmer(Farmer having land <1 Hectare),PENDING,,,false,,OPERATOR,ba6477aa068322807032bd73a052bae380b7be49172194cfc7db3e9e2ae0eda6,ODU1OTYyMTk3MDcw,**** **** 7070,6005815615,,BANDIPORA,Tulail,Neeru,623,6812,2716,53.0
74456144913,1_623_6811_2778_005002,,RAZIA RASHID,,,36,Female,Owner,Marginal  Farmer(Farmer having land <1 Hectare),PENDING,,,false,,OPERATOR,d725376a3ad876e0867689e68cb1d01179398d512de3913c6118fff27bb9d29c,OTAwMzE1NzIxMzUx,**** **** 1351,8899932644,,BANDIPORA,Hajin,Gundi Saderkote,623,6811,2778,0.0
66204425881,1_623_42_2812_005004,,Ateeqa Begum,,,46,Female,Owner,Marginal  Farmer(Farmer having land <1 Hectare),PENDING,,,false,,OPERATOR,d0fd4e0ca58df820aaed1edee58ecbeb27d7f9ec3d45d9fc429c676779230bf7,OTA0NDk3MDE0NDU3,**** **** 4457,6006861683,,BANDIPORA,Sonawari,Sarai Dangarpora,623,42,2812,50.0
81173457439,1_623_6811_2700_005006,,SHABIR AHMAD BHAT,,,47,Male,Owner,Marginal  Farmer(Farmer having land <1 Hectare),PENDING,,,false,,OPERATOR,fcc1e17f705ef1699f173b2c958cb2cc66fccc8568d8c16bac009039a1a7d7d2,MjQ2NDEzNTA3NDgx,**** **** 7481,7780999019,,BANDIPORA,Hajin,Gulshanpora,623,6811,2700,44.0
41142146420,1_623_6812_2716_005004,,Gh Mustafa Mir,,,26,Male,Owner,Marginal  Farmer(Farmer having land <1 Hectare),PENDING,,,false,,OPERATOR,22e063e1b184d1901c229588f20d40835b48b39aa88c60a4ce2e37ec36762bf7,NjI5NDcyNzA3MDA3,**** **** 7007,9149784196,,BANDIPORA,Tulail,Neeru,623,6812,2716,53.0
38610507783,1_623_42_2794_005045,,Gulzar Ahmad Bhat,,,42,Male,Owner,Marginal  Farmer(Farmer having land <1 Hectare),PENDING,,,false,,OPERATOR,0b36cc9c39aed4bb3ee20efbf37216cb20ac52e283e9b78eeea875222f5cf1dd,NzAyNDAxMjM2MTEw,**** **** 6110,9541222662,,BANDIPORA,Sonawari,Asham,623,42,2794,66.0
64212349478,1_623_42_2794_005010,,Bashir Ahmed Parray,,,69,Male,Owner,Marginal  Farmer(Farmer having land <1 Hectare),PENDING,,,false,,OPERATOR,96378674c6d7b003719a852711ed0d554f146da47c763f94c8940e0bb4990a59,NzA5NDE5NjY1NDgz,**** **** 5483,9906799864,,BANDIPORA,Sonawari,Asham,623,42,2794,56.0
68550522504,1_623_6811_2700_005007,,Samad Parray,,,81,Male,Owner,Marginal  Farmer(Farmer having land <1 Hectare),PENDING,,,false,,OPERATOR,b56074bd7d84c6ecef57686db16d95daa8df0c78f2026b26a9ab7367b1e31fad,NzIwNjQxNjY0ODQ2,**** **** 4846,9906231120,,BANDIPORA,Hajin,Gulshanpora,623,6811,2700,0.0
85345429748,1_623_6812_2711_005004,,MOHD ASHRAF WANI,,,35,Male,Owner,Marginal  Farmer(Farmer having land <1 Hectare),PENDING,,,false,,OPERATOR,d7f6a1842e0fb453211bfb46128a5af82317469155d9b6ab621d8b9dbc9fb9fa,NTY4NzY5MDk0MjE5,**** **** 4219,7006981659,,BANDIPORA,Tulail,Zedgey,623,6812,2711,58.0
56864332675,1_623_6812_2716_005020,,AB GANI LONE,,,30,Male,Owner,Marginal  Farmer(Farmer having land <1 Hectare),APPROVED,,,false,,OPERATOR,f1c09b846958cb9549dce359ae3c10c800438d5f5cbd91dcbb65717d19ed732f,NTEyNjI4ODA2OTAz,**** **** 6903,6006902278,,BANDIPORA,Tulail,Neeru,623,6812,2716,59.0
22780509958,1_623_42_2794_005011,,Nasir Ahmad Khan,,,47,Male,Owner,Marginal  Farmer(Farmer having land <1 Hectare),PENDING,,,false,,OPERATOR,5595afae965df14516768d1e9cbdc0515364c759fe3bae69040c372034567ecc,NDY0Mzk3NzUzMTc3,**** **** 3177,9149851486,,BANDIPORA,Sonawari,Asham,623,42,2794,63.0
73725046581,1_623_42_2797_005013,,Riyaz Ah Bhat,,,54,Male,Owner,Marginal  Farmer(Farmer having land <1 Hectare),PENDING,,,false,,OPERATOR,c7a7031334f7e6aa28bbaac84e0491e49f6f4316d1e28074e79031c2efdedfca,NjU3MzI0Mzg1MzQw,**** **** 5340,9906804421,,BANDIPORA,Sonawari,Hilalabad,623,42,2797,25.0
35968711409,1_623_6812_2716_005030,,JUMMA MIR,,,71,Male,Owner,Marginal  Farmer(Farmer having land <1 Hectare),APPROVED,,,false,,OPERATOR,3c8a5c5739eb8e0ae6a43614544fb47e7982861f4a4dea34b3103c98b82195e7,Mzc1MTQxODY4NTg4,**** **** 8588,7889755035,,BANDIPORA,Tulail,Neeru,623,6812,2716,35.0
65594905146,1_623_42_2810_005007,,SHER ALI BHAT,,,58,Male,Owner,Marginal  Farmer(Farmer having land <1 Hectare),PENDING,,,false,,OPERATOR,b71deb928fd2391be3e75fa0fc5079741b9ee7c9ba949ebd07e0ae9bfe0701e7,ODEzMzUwMjg4MjM5,**** **** 8239,9107917421,,BANDIPORA,Sonawari,Odina,623,42,2810,46.0
43369157014,1_623_42_2808_005014,,Adil Ahmad Wagay,,,39,Male,Owner,Marginal  Farmer(Farmer having land <1 Hectare),PENDING,,,false,,OPERATOR,af601ee435f6255e0cb9f2bf1562f34a9df5b4cd1e98b02c776e4be8fb84d1b4,NTYyOTQ0NzYwNjc4,**** **** 0678,9596248651,,BANDIPORA,Sonawari,Gund i Khalil,623,42,2808,65.0
76084662587,1_623_6812_2716_005022,,Mohd Sarwar Lone,,,51,Male,Owner,Marginal  Farmer(Farmer having land <1 Hectare),APPROVED,,,false,,OPERATOR,db0c8d58cbefa6354ba187af49b1636f60cb2af63a061c0b3c8a80884dad08d9,ODg3ODIxNzU1Nzk5,**** **** 5799,6006902278,,BANDIPORA,Tulail,Neeru,623,6812,2716,23.0
28168899802,1_623_6812_2716_005005,,Afroza Banoo,,,23,Female,Owner,Marginal  Farmer(Farmer having land <1 Hectare),PENDING,,,false,,OPERATOR,7901de0c5df7ce6d3df3fefaea44d14b187b9368c81e796b46ecb1d9eb82db93,OTMyMzkyOTEyNjk4,**** **** 2698,7889658793,,BANDIPORA,Tulail,Neeru,623,6812,2716,49.0
89026785643,1_623_6812_2716_005021,,Abdul Majeed Lone,,,42,Male,Owner,Marginal  Farmer(Farmer having land <1 Hectare),APPROVED,,,false,,OPERATOR,f2d83dc988249b7d233c23cdf9a137213ae304fb5309a3f6bc6f2d0ba2fa7bba,OTM0OTEyMTAxMzMx,**** **** 1331,9149805448,,BANDIPORA,Tulail,Neeru,623,6812,2716,61.0
23370235772,1_623_42_2812_005012,,Latef Ahmad Malik,,,45,Male,Owner,Marginal  Farmer(Farmer having land <1 Hectare),PENDING,,,false,,OPERATOR,896a3237978d4e32a3753ff2687237e2e76fecec0be131a77add8067ddd8c02c,MzUxMTcwMTYwMjA3,**** **** 0207,7006529152,,BANDIPORA,Sonawari,Sarai Dangarpora,623,42,2812,64.0
25557493825,1_623_42_2812_005033,,Nazir Ahmad Kawa,,,48,Male,Owner,Marginal  Farmer(Farmer having land <1 Hectare),PENDING,,,false,,OPERATOR,c88de38e8dbc85a563301143823c3ba5b3b3fddfb17fb7e6d7ae4efd92f01c7d,NDIxMDU5MjQ0MTAx,**** **** 4101,7889709174,,BANDIPORA,Sonawari,Sarai Dangarpora,623,42,2812,0.0
75654841023,1_623_42_2794_005017,,Mehraj Ud Din Rather,,,52,Male,Owner,Marginal  Farmer(Farmer having land <1 Hectare),PENDING,,,false,,OPERATOR,2d158dbce884a82152bee42d3f8493df89d9d843e288c4f3bac7c67a2ee28c8b,NjIxNDk1MzY3NDU5,**** **** 7459,7006584755,,BANDIPORA,Sonawari,Asham,623,42,2794,70.0
59002940337,1_623_40_2707_005009,,MOHD MUNWAR AKHOON,,,66,Male,Owner,Marginal  Farmer(Farmer having land <1 Hectare),PENDING,,,false,,OPERATOR,5ecba64e291f983bf80b7367d068f330082d449c6528d12bf38831f135c3d3c8,NTUwMzM2MjY1OTUw,**** **** 5950,6005290105,,BANDIPORA,Gurez,Markoot,623,40,2707,52.0
42871913589,1_623_40_2707_005010,,GH MOHD LONE,,,50,Male,Owner,Marginal  Farmer(Farmer having land <1 Hectare),PENDING,,,false,,OPERATOR,9e3ce8ddd5bed0421086a921338c39602c053b41a1f342f8ff36a0a2d28e3d9f,ODUxNDkxNTcyOTkx,**** **** 2991,7889425512,,BANDIPORA,Gurez,Markoot,623,40,2707,56.0
94488355105,1_623_6812_2724_005010,,ABDULLAH KHAN,,,65,Male,Owner,Marginal  Farmer(Farmer having land <1 Hectare),PENDING,,,false,,OPERATOR,05794470a68d2dc5a904c3ebd958084ddc20683cc5f928158e2c3055fd721fbc,NzA2MTk5NTMyNzk1,**** **** 2795,9103032035,,BANDIPORA,Tulail,Baduaab,623,6812,2724,0.0
16995257965,1_623_6810_2777_005020,,Tariq Ahmad Rather,,,57,Male,Owner,Marginal  Farmer(Farmer having land <1 Hectare),APPROVED,,,false,,OPERATOR,235106885f7447c933fe90aa612d9eaab48ab9762915d0d647181d585e5dc158,ODE5OTgxMjg1MzM5,**** **** 5339,9906513003,,BANDIPORA,Ajas,Ajas,623,6810,2777,65.0
97470006060,1_623_6812_2711_005007,,Abdul Rahim Khan,,,71,Male,Owner,Marginal  Farmer(Farmer having land <1 Hectare),PENDING,,,false,,OPERATOR,d3926eec2b3cc469e9b4c237a5379528bbdc46b6b48db02bc9053e751a384b8e,Nzc4NTEzODEzMDk3,**** **** 3097,6006807745,,BANDIPORA,Tulail,Zedgey,623,6812,2711,22.0
42864585760,1_623_6812_2716_005009,,Kadir Mir,,,55,Male,Owner,Marginal  Farmer(Farmer having land <1 Hectare),PENDING,,,false,,OPERATOR,a52ee2e38a896607e1659d467e21763b6247ed1f3654dfddaecb9d7d8bb78b09,ODY1Mzk0NjgwNDMw,**** **** 0430,6005597458,,BANDIPORA,Tulail,Neeru,623,6812,2716,0.0
28804276511,1_623_40_2707_005024,,MOHD FAROOQ LONE,,,55,Male,Owner,Marginal  Farmer(Farmer having land <1 Hectare),PENDING,,,false,,OPERATOR,5301b048e4639c34cb48327055834e611ec97df9f561efa6471dfba0681c09b9,MzA1Nzc5MjAwMTk1,**** **** 0195,9682328285,,BANDIPORA,Gurez,Markoot,623,40,2707,53.0
99121084900,1_623_40_2707_005011,,Zamir Ahmad Lone,,,27,Male,Owner,Marginal  Farmer(Farmer having land <1 Hectare),PENDING,,,false,,OPERATOR,eb584ce9dd25639fa38e1e717f9db0edf57cf0648d3a1d4ed319bf9808592031,ODIyNzIwMzcwODk2,**** **** 0896,6005784408,,BANDIPORA,Gurez,Markoot,623,40,2707,54.0
21402046320,1_623_6812_2724_005011,,MOHD SHAREEF NAIK,,,51,Male,Owner,Marginal  Farmer(Farmer having land <1 Hectare),PENDING,,,false,,OPERATOR,6d159b65549a0f73f4b844ddec29ddba2f6e7132480f05594867d2b1d4a87d56,NTY0NTQ4MjAzMTEy,**** **** 3112,6006246975,,BANDIPORA,Tulail,Baduaab,623,6812,2724,42.0
48715709148,1_623_6811_2700_005026,,Shagufta Begum,,,35,Female,Owner,Marginal  Farmer(Farmer having land <1 Hectare),PENDING,,,false,,OPERATOR,141e293fbcc28a21a2dfebf15e3f31778f672c6a2d2c1b4d2823a16899e96642,NzU5MzUxNjk3NDUy,**** **** 7452,6005080087,,BANDIPORA,Hajin,Gulshanpora,623,6811,2700,50.0
14909044148,1_623_42_2794_005044,,Irshad Ahmad Ganie,,,57,Male,Owner,Marginal  Farmer(Farmer having land <1 Hectare),PENDING,,,false,,OPERATOR,25902f81301040c7f3ebb6c5ab18a6730a9af521ed0003abe09c0c2a1fb9a688,NzAzNzI5NDA0NzM0,**** **** 4734,7006481524,,BANDIPORA,Sonawari,Asham,623,42,2794,66.0
13566501346,1_623_42_2800_005000,,Ab Majeed Parray,,,66,Male,Owner,Marginal  Farmer(Farmer having land <1 Hectare),PENDING,,,false,,OPERATOR,a5df8a78c3ded880f1727f23b35dbeefe8a439472879694f08b36509216c1384,NTUwNjU1NjgwNDEy,**** **** 0412,9541647754,,BANDIPORA,Sonawari,Rakh Shilvat,623,42,2800,0.0
78440857813,1_623_42_2810_005005,,Mohammad Akbar Butt,,,61,Male,Owner,Marginal  Farmer(Farmer having land <1 Hectare),PENDING,,,false,,OPERATOR,65563fa8edf9c026d9e329d9171decedd7453c267d083744fed768a20fddade2,NTg4MzI1NTY3NDgw,**** **** 7480,9541836459,,BANDIPORA,Sonawari,Odina,623,42,2810,56.0
10819638320,1_623_6810_2777_005018,,Mohmad Afzal Najar,,,50,Male,Owner,Marginal  Farmer(Farmer having land <1 Hectare),PENDING,,,false,,OPERATOR,6e4476e10476e33c9fd362bde88db40b37143ccecd54e205cc3213ba347571ef,NjQzNzM1MzU0ODY5,**** **** 4869,9797017420,,BANDIPORA,Ajas,Ajas,623,6810,2777,0.0
71090979482,1_623_42_2794_005009,,Javid Ahmad Ganaie,,,41,Male,Owner,Marginal  Farmer(Farmer having land <1 Hectare),PENDING,,,false,,OPERATOR,cc878f3cdc8d028c8397d5163b06700cc64b6e925ee6491971ecfa13cc902088,ODI3Mjg0OTY1MDkz,**** **** 5093,7780997476,,BANDIPORA,Sonawari,Asham,623,42,2794,65.0
69655098390,1_623_42_2797_005006,,Habibullah Mir,,,81,Male,Owner,Marginal  Farmer(Farmer having land <1 Hectare),PENDING,,,false,,OPERATOR,5ed66632fdb713cbafc6ed1f418ba6ae5b044911ffe440eb367ee4ceff046690,NzQ4ODk1NTQ0OTkz,**** **** 4993,9906014448,,BANDIPORA,Sonawari,Hilalabad,623,42,2797,46.0
21657394983,1_623_6812_2724_005004,,Mohd Shareef Lone,,,47,Male,Owner,Marginal  Farmer(Farmer having land <1 Hectare),PENDING,,,false,,OPERATOR,1e3e2338e62cabe63a2eda4c31626d342198d7f5fcdb17ed835e4e41c271205f,NTA2NDU0MjE4NzA3,**** **** 8707,9682378531,,BANDIPORA,Tulail,Baduaab,623,6812,2724,56.0
17106918619,1_623_40_2707_005008,,Nazir Ahmad Chakat,,,58,Male,Owner,Marginal  Farmer(Farmer having land <1 Hectare),PENDING,,,false,,OPERATOR,93c04e4241b12192267fda9f9fb9b36525793166c2b3490392dc9979cc87a870,OTk4MTAyNzQ5ODM3,**** **** 9837,6005440628,,BANDIPORA,Gurez,Markoot,623,40,2707,0.0
36424113917,1_623_6810_2777_005019,,Farooq Ahmed Najar,,,62,Male,Owner,Marginal  Farmer(Farmer having land <1 Hectare),PENDING,,,false,,OPERATOR,8502336211b9b580e6bccc2ea27a6d27471a7cb272a3099c68c156f7dc62e903,NDA5NzA3ODExMzA0,**** **** 1304,9596522826,,BANDIPORA,Ajas,Ajas,623,6810,2777,0.0
59869067879,1_623_42_2797_005008,,AB RASHID RESHI,,,80,Male,Owner,Marginal  Farmer(Farmer having land <1 Hectare),PENDING,,,false,,OPERATOR,285d5f691de9cddfcc41699af5163083294a493e65cd2ef238e705c140ef4825,OTY0NTYzMzYyOTg0,**** **** 2984,9906619219,,BANDIPORA,Sonawari,Hilalabad,623,42,2797,44.0
26647977737,1_623_6812_2724_005013,,REHMATULLAH LONE,,,49,Male,Owner,Marginal  Farmer(Farmer having land <1 Hectare),PENDING,,,false,,OPERATOR,0a72d07d09b77db7ecfb9b1f24d86b6811714dee910a0852f25a63472a4ce1e1,NDc4MTEwMjA4MjQ2,**** **** 8246,9682152753,,BANDIPORA,Tulail,Baduaab,623,6812,2724,46.0
42120138758,1_623_40_2708_005003,,MOHD SULTAN LONE,,,62,Male,Owner,Marginal  Farmer(Farmer having land <1 Hectare),PENDING,,,false,,OPERATOR,34a9678a64d8d8cec829206f62f9049da0e780d93827c68d76f41458bb17f8b0,ODA4NjMwODcxMjE2,**** **** 1216,9149797732,,BANDIPORA,Gurez,Shah Pora - Achoora (Churwan),623,40,2708,43.0
47837640669,1_623_6811_2700_005010,,Ghulam Rasool Dar,,,61,Male,Owner,Marginal  Farmer(Farmer having land <1 Hectare),PENDING,,,false,,OPERATOR,205c974444fd4e4fce9f31feaa1efb1fee12b4ddbc3e6f971f66b6de12c83f68,NzQwNTA4NTMxNzM1,**** **** 1735,9906186161,,BANDIPORA,Hajin,Gulshanpora,623,6811,2700,55.0
67421302124,1_623_6809_2744_005003,,Noor Mohammad Wani,,,73,Male,Owner,Marginal  Farmer(Farmer having land <1 Hectare),PENDING,,,false,,OPERATOR,45384464eb0493cf21f91806a22a5ac0c211cae20c456bbc863135bb2bf98fef,NTM5ODkwMzk5MTk4,**** **** 9198,9906544072,,BANDIPORA,Aloosa,Mangnipora,623,6809,2744,32.0
88844550430,1_623_42_2802_005002,,Syed Zafar Shah,,,56,Male,Owner,Marginal  Farmer(Farmer having land <1 Hectare),PENDING,,,false,,OPERATOR,2c9cbe846a57c87505747bb153eee3e59504b684911203b5eac2a0bffb88aecd,MjQwMDQ4NzM3NDMw,**** **** 7430,9541476474,,BANDIPORA,Sonawari,NOWGAM,623,42,2802,0.0
86257818676,1_623_40_2707_005013,,Gulam Nabi Shangroo,,,60,Male,Owner,Marginal  Farmer(Farmer having land <1 Hectare),PENDING,,,false,,OPERATOR,b48ac24a5102e3c85d9f79b947e9cf27b3cae834a3cbdd5713083adc1d3bb669,Nzg5NDI3NDE5MTcw,**** **** 9170,9103104092,,BANDIPORA,Gurez,Markoot,623,40,2707,56.0
68394201616,1_623_42_2809_005001,,FAROOQ AHMAD MIR,,,52,Male,Owner,Marginal  Farmer(Farmer having land <1 Hectare),PENDING,,,false,,OPERATOR,25005f0caf0b38b83d64a6110bf7118cccedea3143ecef15de1cee7803c6dce5,ODY4NzYxNTE2NzIx,**** **** 6721,9149418641,,BANDIPORA,Sonawari,Trigam,623,42,2809,0.0
47566763341,1_623_6812_2724_005007,,Mohd Hussain Naik,,,36,Male,Owner,Marginal  Farmer(Farmer having land <1 Hectare),PENDING,,,false,,OPERATOR,e2e428a443e94556cd1f7fc795594e70147f9b783a4a16eb212d2bf408aadb3e,NDM4NzI1NzUwNTQ5,**** **** 0549,6006980531,,BANDIPORA,Tulail,Baduaab,623,6812,2724,0.0
79012089672,1_623_6809_2744_005001,,Ab Majid Khan,,,54,Male,Owner,Marginal  Farmer(Farmer having land <1 Hectare),PENDING,,,false,,OPERATOR,78ca9ced0f1097bb6a0f49bfd47cbe0fa526538602ee5978c770710a77dfff99,OTc2NTUzNTQwOTE1,**** **** 0915,9596599341,,BANDIPORA,Aloosa,Mangnipora,623,6809,2744,55.0
24730082488,1_623_40_2708_005006,,Gulam Rasool Lone,,,55,Male,Owner,Marginal  Farmer(Farmer having land <1 Hectare),PENDING,,,false,,OPERATOR,dce8d87fb09f40a92fadd9bde993f289693b8bf5e06fac57e57cbf2b60af85d4,MzUwNjczMTgxNTcy,**** **** 1572,9622869515,,BANDIPORA,Gurez,Shah Pora - Achoora (Churwan),623,40,2708,61.0
22647410221,1_623_6809_2744_005009,,Gh Mohi Ud Din Wani,,,77,Male,Owner,Marginal  Farmer(Farmer having land <1 Hectare),PENDING,,,false,,OPERATOR,8ab00b44de63db7bd053795a3d0785093f09f98668ed79e9581b2ae3a69a452d,NjQ0NzgwNDIyOTIy,**** **** 2922,9622796133,,BANDIPORA,Aloosa,Mangnipora,623,6809,2744,61.0
67496220511,1_623_6811_2778_005004,,Bashir Ahmad Rather,,,63,Male,Owner,Marginal  Farmer(Farmer having land <1 Hectare),PENDING,,,false,,OPERATOR,ab4bc83f60a7eb6925201580af40a0f3386dea393e79eaa8cd3648fd04fd69a1,Nzg1MjM2OTA0MTE5,**** **** 4119,9906445083,,BANDIPORA,Hajin,Gundi Saderkote,623,6811,2778,60.0
18975440029,1_623_42_2802_005001,,Ghulam Rasool Chakaan,,,66,Male,Owner,Marginal  Farmer(Farmer having land <1 Hectare),PENDING,,,false,,OPERATOR,c86cb666ff9ea6243760cebfdea46fb9c3d62bd58c17b00fa83da4b5fa3eebd2,MzkxMDA1NjM3ODkz,**** **** 7893,9906885511,,BANDIPORA,Sonawari,NOWGAM,623,42,2802,0.0
44531209003,1_623_42_2794_005014,,Abdul Majid Khan,,,67,Male,Owner,Marginal  Farmer(Farmer having land <1 Hectare),PENDING,,,false,,OPERATOR,4e4ea13c4cfaece5030d705380072a39c67e8a4aa54f67f6b080a9b86b320177,NTIzMjgzMzMyMzc5,**** **** 2379,7006067001,,BANDIPORA,Sonawari,Asham,623,42,2794,65.0
19423670173,1_623_6812_2711_005009,,Abdul Majeed Wani,,,39,Male,Owner,Marginal  Farmer(Farmer having land <1 Hectare),PENDING,,,false,,OPERATOR,b1f5dc390579b7930bf3618c8a89a4d5e8017acb5aa69026012f1b16d109aaab,OTQwNjM4MDQ2ODYz,**** **** 6863,9682318057,,BANDIPORA,Tulail,Zedgey,623,6812,2711,0.0
92301931583,1_623_42_2794_005018,,Ab Rashid Tantray,,,72,Male,Owner,Marginal  Farmer(Farmer having land <1 Hectare),PENDING,,,false,,OPERATOR,428a5fe5e11671cd709e34b6110a6df1c2002ee79426b3c2fc6fe15d5d90c34f,OTAwNDc0NzY3MTk3,**** **** 7197,7889513743,,BANDIPORA,Sonawari,Asham,623,42,2794,62.0
90664431374,1_623_6812_2711_005006,,Mohd Ramzan Khan,,,71,Male,Owner,Marginal  Farmer(Farmer having land <1 Hectare),PENDING,,,false,,OPERATOR,d991ff7db79309018153379e9093360fac9bacf14738d23a1e4ed4c85cba75f4,ODQwMzk1NTYwNjc0,**** **** 0674,6006106379,,BANDIPORA,Tulail,Zedgey,623,6812,2711,23.0
35692437318,1_623_42_2812_005009,,IRFAN HUSSAIN DAR,,,26,Male,Owner,Marginal  Farmer(Farmer having land <1 Hectare),PENDING,,,false,,OPERATOR,d875db7b97c04dc71a5a2f0088cd5959e0bd0ca8c2aeacc3fa579898dd5882eb,NDUwMzMyNTIwMDk1,**** **** 0095,6006702522,,BANDIPORA,Sonawari,Sarai Dangarpora,623,42,2812,65.0
61513609730,1_623_6811_2700_005008,,HABEEBULLAH MALA,,,66,Male,Owner,Marginal  Farmer(Farmer having land <1 Hectare),PENDING,,,false,,OPERATOR,07b94af3c6d930252ff34eec74a4ad33b7a6292a85e62dffe9710f801a492903,MjUxNjI4OTcwODUx,**** **** 0851,9858151106,,BANDIPORA,Hajin,Gulshanpora,623,6811,2700,46.0
13218848696,1_623_6812_2724_005008,,Gh Mohd Lone,,,56,Male,Owner,Marginal  Farmer(Farmer having land <1 Hectare),PENDING,,,false,,OPERATOR,5230562a82aa84a35f9081c14ab2f73cf891ce6b12075656f4d5c53d3be32e71,OTIyOTczNjg4NDA2,**** **** 8406,6006908486,,BANDIPORA,Tulail,Baduaab,623,6812,2724,51.0
87179974817,1_623_42_2812_005005,,ALTAF HUSSAIN RATHER,,,33,Male,Owner,Marginal  Farmer(Farmer having land <1 Hectare),PENDING,,,false,,OPERATOR,73206c776f3e136001fb7fed32a0d7fc37d84f9c64086f47398b5893cbae476e,MjE0MTgwNjU0NzY0,**** **** 4764,7006775172,,BANDIPORA,Sonawari,Sarai Dangarpora,623,42,2812,65.0
77031266181,1_623_6811_2778_005003,,Hafiza Begum,,,55,Female,Owner,Marginal  Farmer(Farmer having land <1 Hectare),PENDING,,,false,,OPERATOR,786c0ea26e8e7b09236e2add8c9be95d91d1ff4c54159e32eef62132af516e2f,OTkyODQxMzAzMDIz,**** **** 3023,7889924843,,BANDIPORA,Hajin,Gundi Saderkote,623,6811,2778,0.0
74288130370,1_623_6812_2724_005005,,Mohd Habib Khan,,,64,Male,Owner,Marginal  Farmer(Farmer having land <1 Hectare),PENDING,,,false,,OPERATOR,4cf85a8b0f9c41bd1bcdcd6608f28996505bb6a167885784cc7c53f653c2d4bf,OTg4ODA3NDQ5NzE3,**** **** 9717,6006289950,,BANDIPORA,Tulail,Baduaab,623,6812,2724,38.0
41000400860,1_623_6811_2781_005000,,Mohammad Ashraf Bhat,,,39,Male,Owner,Marginal  Farmer(Farmer having land <1 Hectare),PENDING,,,false,,OPERATOR,898ed13f241584fc6fd5be31a893c7e0957ec1b9bb8704fd941390ea64f34c16,NjExNjAwMzU5MjYw,**** **** 9260,7006047302,,BANDIPORA,Hajin,Kosumbagh,623,6811,2781,66.0
37803856719,1_623_42_2794_005012,,TANVEER MAJEED,,,39,Male,Owner,Marginal  Farmer(Farmer having land <1 Hectare),APPROVED,,,false,,OPERATOR,bf0690b3045056aa67b2a5d3a585fb75b5f048e951433f7f73414286f59e6d17,NzI4NzY2MTc4NzIy,**** **** 8722,9682120006,,BANDIPORA,Sonawari,Asham,623,42,2794,89.0
64499738243,1_623_42_2812_005006,,GH RASOOL RATHER,,,53,Male,Owner,Marginal  Farmer(Farmer having land <1 Hectare),PENDING,,,false,,OPERATOR,04a7f6ec60be5f148cdca66722b38a436b97cbaee210f6d65d6054ade52bb778,NjYwNDMxNzQ5MjQ4,**** **** 9248,9541543145,,BANDIPORA,Sonawari,Sarai Dangarpora,623,42,2812,52.0
95566497813,1_623_6812_2724_005006,,MOHD SARWAR MIR,,,60,Male,Owner,Marginal  Farmer(Farmer having land <1 Hectare),PENDING,,,false,,OPERATOR,f25fe6404829e438c60d8774fed8b3b1436409006eab2ac1ebffd12ea18fe378,NDM1ODQyODg5MzAz,**** **** 9303,9103800339,,BANDIPORA,Tulail,Baduaab,623,6812,2724,0.0
29011692692,1_623_42_2812_005007,,Ghulam Mohammad Wani,,,39,Male,Owner,Marginal  Farmer(Farmer having land <1 Hectare),PENDING,,,false,,OPERATOR,ea35b57ebe46f42a115540f0d0f0702252495459ce4942dcbbdac427a18f41f9,OTYwMDc0MzE3MTM5,**** **** 7139,8491007176,,BANDIPORA,Sonawari,Sarai Dangarpora,623,42,2812,66.0
62420193459,1_623_6812_2711_005005,,Ab Rahman Khan,,,71,Male,Owner,Marginal  Farmer(Farmer having land <1 Hectare),PENDING,,,false,,OPERATOR,155324a31572cd04315f8ce80dc411bb2e276d572138d608ef1ee6a7abcb3679,NTU4MDM5NDc1Njk1,**** **** 5695,7006021141,,BANDIPORA,Tulail,Zedgey,623,6812,2711,0.0
62505072644,1_623_42_2820_005002,,Ghulam Ahmad Dar,,,68,Male,Owner,Marginal  Farmer(Farmer having land <1 Hectare),PENDING,,,false,,OPERATOR,24a3a20e50add3276ff948d81160b35c2a70d8b25968cc6b8183f61a40ef9661,NDQzNDg4NDI2OTIx,**** **** 6921,9149839991,,BANDIPORA,Sonawari,Sumbal Inderkote,623,42,2820,56.0
23838676020,1_623_42_2794_005013,,Asasad Ullah Ganie,,,72,Male,Owner,Marginal  Farmer(Farmer having land <1 Hectare),PENDING,,,false,,OPERATOR,b9ccd2ff46e6d92718c1f08eec4cc1c4acee09b1a1ed70e499cf6ce9438f0bd9,NjM2MzI2Nzk1Njk3,**** **** 5697,9596586976,,BANDIPORA,Sonawari,Asham,623,42,2794,46.0
80494446089,1_623_42_2812_005008,,Ali Mohd Rather,,,47,Male,Owner,Marginal  Farmer(Farmer having land <1 Hectare),PENDING,,,false,,OPERATOR,6ee7b34bd0446da3174ee9a1973f4c92b93fd408458a6fdb326bed95722abbc4,MzMxNDYwNzMzMjU5,**** **** 3259,9103655763,,BANDIPORA,Sonawari,Sarai Dangarpora,623,42,2812,57.0
12691499767,1_623_42_2797_005009,,Fayaz Ahmad Bhat,,,50,Male,Owner,Marginal  Farmer(Farmer having land <1 Hectare),PENDING,,,false,,OPERATOR,7843753ff935e3937f4b7121813b081a427c87de8b32cabcc157c71963b2a137,NjAwNTMwMDMxNTk3,**** **** 1597,6006625825,,BANDIPORA,Sonawari,Hilalabad,623,42,2797,65.0
33699975269,1_623_42_2809_005008,,AB RASHID DAR,,,61,Male,Owner,Marginal  Farmer(Farmer having land <1 Hectare),PENDING,,,false,,OPERATOR,c30001320c5827ac8200299717419be4f89af370cca68b863a14f786077c7223,Nzk3ODk0NDQ1NjQx,**** **** 5641,9103252551,,BANDIPORA,Sonawari,Trigam,623,42,2809,46.0
87850325117,1_623_42_2810_005012,,GH RASOOL PARRAY,,,76,Male,Owner,Marginal  Farmer(Farmer having land <1 Hectare),PENDING,,,false,,OPERATOR,1bb12b16706f39cba647546658ec6f735eada855db30fdcc92943d28ca18426d,NDc0ODM2OTE5ODQy,**** **** 9842,9149456875,,BANDIPORA,Sonawari,Odina,623,42,2810,0.0
63470952531,1_623_40_2708_005030,,Zaffar Ullah Lone,,,60,Male,Owner,Marginal  Farmer(Farmer having land <1 Hectare),PENDING,,,false,,OPERATOR,0da223ad681f313dd13931a3e9c6a8b89698b6051780e2c4734702355ba2fa0b,MjE3MTgxNDEyNzkw,**** **** 2790,7889792430,,BANDIPORA,Gurez,Shah Pora - Achoora (Churwan),623,40,2708,49.0
86730906617,1_623_6811_2778_005012,,Manzoor Ahmad Rather,,,56,Male,Owner,Marginal  Farmer(Farmer having land <1 Hectare),PENDING,,,false,,OPERATOR,76f0ac65530000f6b517dad4994a14435e61e188d508bfdbfe24efb22c7f35d5,NjU1NjI0NDA1MzQy,**** **** 5342,9541972868,,BANDIPORA,Hajin,Gundi Saderkote,623,6811,2778,56.0
67713451652,1_623_6812_2724_005056,,BASHIR AHMAD KHAN,,,50,Male,Owner,Marginal  Farmer(Farmer having land <1 Hectare),PENDING,,,false,,OPERATOR,5cccf3d0be45556ef6611ea5fc33f866a2bb8c92ce766c8c81941531194f3e29,ODY5NDAxNDYzOTYy,**** **** 3962,6006188451,,BANDIPORA,Tulail,Baduaab,623,6812,2724,23.0
43433285396,1_623_40_2708_005029,,Amir Ullah Lone,,,37,Male,Owner,Marginal  Farmer(Farmer having land <1 Hectare),PENDING,,,false,7780863422,OPERATOR,fd6227106f44a6b169af15a2abd8736b0410ce10f59b40803c11b719484cc8af,NTYyNjAwMzg5ODY1,**** **** 9865,7780863422,,BANDIPORA,Gurez,Shah Pora - Achoora (Churwan),623,40,2708,68.0
63131308225,1_623_6812_2724_005039,,Faqir Ahmad Khan,,,39,Male,Owner,Marginal  Farmer(Farmer having land <1 Hectare),APPROVED,,,false,,OPERATOR,a8d001853122256cec93549a3a06f3f433db0a0fe8b7c50f95c379020c506521,ODIzNTU4NDU0NjM5,**** **** 4639,9682690762,,BANDIPORA,Tulail,Baduaab,623,6812,2724,28.0
55634564311,1_623_6810_2777_005001,,Mymoona Begam,,,66,Female,Owner,Marginal  Farmer(Farmer having land <1 Hectare),APPROVED,,,false,,OPERATOR,1916eebdd8da32b7dc3e529fe47d8673880b7dbfe256e40ea64beb3f8e820992,Njk2NTE3NjM2MDYy,**** **** 6062,9906421114,,BANDIPORA,Ajas,Ajas,623,6810,2777,34.0
64803077457,1_623_6810_2777_005002,,Mohd Mukhtar Lone,,,69,Male,Owner,Marginal  Farmer(Farmer having land <1 Hectare),PENDING,,,false,,OPERATOR,9fca122111a12132803ad78c1d4288bfc742210725006b101e8396dc719dc782,ODE3MTY1MTQyMjc5,**** **** 2279,9906395682,,BANDIPORA,Ajas,Ajas,623,6810,2777,0.0
92066753684,1_623_6810_2777_005022,,ABDUL AHAD RATHER,,,61,Male,Owner,Marginal  Farmer(Farmer having land <1 Hectare),APPROVED,,,false,,OPERATOR,e9fd512ce77d2ea8e8829c150aaeee64a6f26c23c7e0d56d09d13e35ffcd6535,ODE3NzE3Mjc3MjEw,**** **** 7210,9797025639,,BANDIPORA,Ajas,Ajas,623,6810,2777,46.0
97775815867,1_623_42_2794_005015,,MUSHTAQ AHMAD SOFI,,,56,Male,Owner,Marginal  Farmer(Farmer having land <1 Hectare),PENDING,,,false,,OPERATOR,5f6049c60e9a07b33967588d994681e2d6416f0ae61b91d424b80394d3a4be52,ODQ2NzMxOTAyNjM5,**** **** 2639,9596441195,,BANDIPORA,Sonawari,Asham,623,42,2794,46.0
57632698676,1_623_42_2810_005017,,MOHD SHABAN BHAT,,,56,Male,Owner,Marginal  Farmer(Farmer having land <1 Hectare),PENDING,,,false,,OPERATOR,658dd5f906669cdff816ca797b0de5751a19773ccb0c7ce5158e8a32081d0216,NDQ4MjcyMDA1NzE4,**** **** 5718,9906128979,,BANDIPORA,Sonawari,Odina,623,42,2810,44.0
69438174519,1_623_42_2797_005011,,Gh Mohi Ud Din Shah,,,61,Male,Owner,Marginal  Farmer(Farmer having land <1 Hectare),PENDING,,,false,,OPERATOR,3cce9b6c8a618ab6f0c229cb7f719ed51eb5514b66b22ec230e4ad8b4113f77d,NjU5NjU0MTI2Nzkw,**** **** 6790,9541575629,,BANDIPORA,Sonawari,Hilalabad,623,42,2797,53.0
43045415991,1_623_42_2812_005013,,TASADUQ HUSSAIN RATHER,,,40,Male,Owner,Marginal  Farmer(Farmer having land <1 Hectare),PENDING,,,false,,OPERATOR,1080471fe4b697c811312fe2108c37a378d7af2e961e2d447a1eaa5e86cdf5cd,MjQxMjQ3MjUzNTg4,**** **** 3588,7006854582,,BANDIPORA,Sonawari,Sarai Dangarpora,623,42,2812,62.0
43802391694,1_623_6811_2783_005003,,Irshad Ahmad Ganai,,,42,Male,Owner,Marginal  Farmer(Farmer having land <1 Hectare),PENDING,,,false,,OPERATOR,e6fa38f50f4380cf45814915a95d8f31bbaee14811198675d3e68462c51a4b92,NzUxNTEwNDk0MjUx,**** **** 4251,7006551903,,BANDIPORA,Hajin,Vijipara,623,6811,2783,56.0
51686764714,1_623_6812_2724_005014,,MOHD SHAREEF LONE,,,52,Male,Owner,Marginal  Farmer(Farmer having land <1 Hectare),PENDING,,,false,,OPERATOR,77c05c23be889eda0cb8c8d1906f7b77e1d4854448d5932e00a015c483225cab,ODY3MDU4MjYwNTY4,**** **** 0568,6005399834,,BANDIPORA,Tulail,Baduaab,623,6812,2724,45.0
82353433999,1_623_42_2794_005016,,Mohamed Siddiq,,,66,Male,Owner,Marginal  Farmer(Farmer having land <1 Hectare),PENDING,,,false,,OPERATOR,bdf0776821bde1b3a328f32e3dd88dd336f6b0993520488074784eafd0d75696,ODQ5OTkyMTA4MDI1,**** **** 8025,9797740811,,BANDIPORA,Sonawari,Asham,623,42,2794,0.0
13665007442,1_623_42_2797_005015,,Aadil Fayaz Reshi,,,31,Male,Owner,Marginal  Farmer(Farmer having land <1 Hectare),PENDING,,,false,,OPERATOR,b9f10908cecde1c4b04405629612bd920e1e0c174bc569685f35b71724cdf93d,NTE3NjMxMDUwMTE2,**** **** 0116,8803927046,,BANDIPORA,Sonawari,Hilalabad,623,42,2797,46.0
42180555565,1_623_6811_2700_005001,,IRSHAD AHMAD BAHAR,,,28,Male,Owner,Marginal  Farmer(Farmer having land <1 Hectare),PENDING,,,false,,OPERATOR,ca7a690c78acfde7c5000d7d2ab567f040817ee2882cb8c3679a683905954a61,NDI0ODMxNDkwMTcy,**** **** 0172,9596480800,,BANDIPORA,Hajin,Gulshanpora,623,6811,2700,66.0
77895680184,1_623_6810_2777_005005,,Abdul Wahid Mir,,,38,Male,Owner,Marginal  Farmer(Farmer having land <1 Hectare),PENDING,,,false,,OPERATOR,ca6fa7cd882f4e6a3216856b0307acd26fd543b85405708bc2b73776b0a1f7da,OTg3NjQ4NzUxMjUw,**** **** 1250,7780866705,,BANDIPORA,Ajas,Ajas,623,6810,2777,0.0
47926796793,1_623_40_2708_005004,,Ab Jabar Lone,,,50,Male,Owner,Marginal  Farmer(Farmer having land <1 Hectare),PENDING,,,false,,OPERATOR,b9a03cba539a0d907cb608d496436e2d1ba34382ee414157c85edcd380fea777,NDY2MDg3MzczNjM5,**** **** 3639,6006311755,,BANDIPORA,Gurez,Shah Pora - Achoora (Churwan),623,40,2708,58.0
25338998581,1_623_40_2707_005000,,Sonaullah Akhoon,,,61,Male,Owner,Marginal  Farmer(Farmer having land <1 Hectare),PENDING,,,false,,OPERATOR,8a6743e879f3132ecf8d9719c0e7949d38576cc68c0b525aff14a35efc213a8a,MjY0NDkyNDMzNDYw,**** **** 3460,7889753939,,BANDIPORA,Gurez,Markoot,623,40,2707,53.0
14039918037,1_623_6810_2777_005007,,Mohd Shafi Rather,,,44,Male,Owner,Marginal  Farmer(Farmer having land <1 Hectare),APPROVED,,,false,,OPERATOR,6449e58535125b447c2beed91b5869028f43b5161cd104f84146b79357d7ba2b,MjY4NTczMDgyOTM2,**** **** 2936,7051457642,,BANDIPORA,Ajas,Ajas,623,6810,2777,53.0
77763755553,1_623_42_2820_005000,,Mohammad Maqbool Parray,,,54,Male,Owner,Marginal  Farmer(Farmer having land <1 Hectare),PENDING,,,false,,OPERATOR,55e6335d551b11e9f15b04d769c8fb9877fce4808509c280b4104c91f24f4584,Mjk3NzM5MzA4OTQ3,**** **** 8947,9906748844,,BANDIPORA,Sonawari,Sumbal Inderkote,623,42,2820,61.0
85346136491,1_623_42_2797_005010,,Ab Razak Reshi,,,64,Male,Owner,Marginal  Farmer(Farmer having land <1 Hectare),PENDING,,,false,,OPERATOR,2e7d6860553ca16d88183865693a61496f4e18ca08000acec8d347c3ec5b18ce,MjAwOTM5NjQ1Mjc0,**** **** 5274,9622457345,,BANDIPORA,Sonawari,Hilalabad,623,42,2797,62.0
89159978855,1_623_6810_2777_005006,,Nasrullah Rahter,,,50,Male,Owner,Marginal  Farmer(Farmer having land <1 Hectare),APPROVED,,,false,,OPERATOR,8a92764c9b881ebd263d89b16434673696b3e8e954283e5cdeb14ca8b63c88af,ODg4Mjg3MTcxNzY0,**** **** 1764,9906620075,,BANDIPORA,Ajas,Ajas,623,6810,2777,46.0
14486020038,1_623_42_2810_005006,,Abdul Rahim Parray,,,51,Male,Owner,Marginal  Farmer(Farmer having land <1 Hectare),PENDING,,,false,,OPERATOR,f36e1d64788e7fa99a27ef55aaa7640a3e6776b2ca58e8e18bfcf1b0694480d0,NzM1MTcyNDI5NzI1,**** **** 9725,7006926679,,BANDIPORA,Sonawari,Odina,623,42,2810,32.0
32444308334,1_623_6811_2700_005009,,SARA BEGUM,,,63,Female,Owner,Marginal  Farmer(Farmer having land <1 Hectare),PENDING,,,false,,OPERATOR,75e3db38ac0845af6be9f308551ca1735b009c6c04dc6a935df9f45010d6aaf4,ODEzODEzMDU4MDM1,**** **** 8035,9858151106,,BANDIPORA,Hajin,Gulshanpora,623,6811,2700,25.0
17121391202,1_623_42_2812_005010,,Nadeem Showkat Dar,,,16,Male,Owner,Marginal  Farmer(Farmer having land <1 Hectare),PENDING,,,false,,OPERATOR,9f11ec937cfcefc1900c5ee90ffc59964f763053e3a61d1e71aeb2b0321fed00,NTgwMDI3NTQ5MTk2,**** **** 9196,8491817543,,BANDIPORA,Sonawari,Sarai Dangarpora,623,42,2812,14.0
48500134578,1_623_6812_2724_005009,,Mohammad Subhan Khan,,,49,Male,Owner,Marginal  Farmer(Farmer having land <1 Hectare),PENDING,,,false,,OPERATOR,738e8ef4046c07a4f53f3ddd8385f4e8e3f5c4c99c2ff8670defbcacd810efb1,ODkzNDg4Njg4NTE3,**** **** 8517,6006975935,,BANDIPORA,Tulail,Baduaab,623,6812,2724,22.0
66875339114,1_623_6812_2716_005006,,HEEMALI BEGUM,,,60,Female,Owner,Marginal  Farmer(Farmer having land <1 Hectare),PENDING,,,false,,OPERATOR,4c492a9ee36563e0f20044069539be87a0584e3abcc9bbdd4ff5d271afa1f2ce,NTI2NzA1MTMwMDU5,**** **** 0059,6005323840,,BANDIPORA,Tulail,Neeru,623,6812,2716,0.0
11169620898,1_623_6810_2777_005008,,Habib Ullah Bhat,,,77,Male,Owner,Marginal  Farmer(Farmer having land <1 Hectare),PENDING,,,false,,OPERATOR,9ab5935d5ab82486e12f9f8be52bc4cadbe2ad14912f47d9b08b20fdabb60fb0,MzA3NDYyNjkxMDEy,**** **** 1012,7006482868,,BANDIPORA,Ajas,Ajas,623,6810,2777,0.0
49974726600,1_623_6812_2724_005040,,Darbash Khan,,,62,Male,Owner,Marginal  Farmer(Farmer having land <1 Hectare),APPROVED,,,false,,OPERATOR,6271e4abf72ddd7c50877f2eca506c727d474bc5f46a24e2291a6cfd0614913b,OTU1MTA2NzEwMjUz,**** **** 0253,9682572779,,BANDIPORA,Tulail,Baduaab,623,6812,2724,34.0
57175820487,1_623_6809_2744_005002,,Ali Mohammad Gojjar Timroo,,,64,Male,Owner,Marginal  Farmer(Farmer having land <1 Hectare),PENDING,,,false,,OPERATOR,3a4480abe3a43f2cb619fec219f3af543aac2b0ceec6aa8021008c5ab6f23b5a,OTk1MTExNzAyOTgx,**** **** 2981,9541083887,,BANDIPORA,Aloosa,Mangnipora,623,6809,2744,35.0
63183537174,1_623_6811_2783_005004,,Gh Hassan Parry,,,56,Male,Owner,Marginal  Farmer(Farmer having land <1 Hectare),PENDING,,,false,,OPERATOR,a7d7c4a631b1e7b3029db43e4c6c90d1ce581e15325e57cf11802b32b54d8ffb,NDQ4MTMzNDI1MDg5,**** **** 5089,7006165525,,BANDIPORA,Hajin,Vijipara,623,6811,2783,62.0
73101778086,1_623_42_2810_005000,,MOHD YOUSUF BHAT,,,66,Male,Owner,Marginal  Farmer(Farmer having land <1 Hectare),PENDING,,,false,,OPERATOR,17c66599e858d71c27449f3cf637735341d80a2c2135ab4a6b163249beb13ac9,Mjg5MTk4MDMxOTA0,**** **** 1904,7006096489,,BANDIPORA,Sonawari,Odina,623,42,2810,53.0
92976871016,1_623_42_2809_005000,,Manzoor Ahmad Parray,,,43,Male,Owner,Marginal  Farmer(Farmer having land <1 Hectare),PENDING,,,false,,OPERATOR,9603f497fe0dd09333b2ea20547e53911b1bb25df0318ab0635d71da4dd28be4,MzU1NTM2NTI4Mzcy,**** **** 8372,9797756447,,BANDIPORA,Sonawari,Trigam,623,42,2809,66.0
99742856269,1_623_40_2707_005012,,HARI BEGUM,,,76,Female,Owner,Marginal  Farmer(Farmer having land <1 Hectare),PENDING,,,false,,OPERATOR,f3b37eac326222418de4fb137e68a35b5bc1406250af0ba23b323f0f7d9f270f,OTg2MzUxNzIxMTcx,**** **** 1171,6005784408,,BANDIPORA,Gurez,Markoot,623,40,2707,35.0
49296598390,1_623_42_2797_005012,,Bilal Ahmad Reshi,,,40,Male,Owner,Marginal  Farmer(Farmer having land <1 Hectare),PENDING,,,false,,OPERATOR,9cb314211b597552eaa34538cb737b49afa086d103c3424887ee80ebfaccccce,NzY2NTYyMzAxMTcz,**** **** 1173,7006181036,,BANDIPORA,Sonawari,Hilalabad,623,42,2797,66.0
51335003162,1_623_42_2794_005000,,BILAL AHMAD PARRAY,,,43,Male,Owner,Marginal  Farmer(Farmer having land <1 Hectare),PENDING,,,false,,OPERATOR,f9404e320d065fb590d34b46c6080a929d689397007491d892e1d1aa17a49f7d,Njc0NTg1NDIwMzY4,**** **** 0368,9070000960,,BANDIPORA,Sonawari,Asham,623,42,2794,65.0
98295240524,1_623_40_2707_005001,,Mohammad Ismayeel Akhoon,,,60,Male,Owner,Marginal  Farmer(Farmer having land <1 Hectare),PENDING,,,false,,OPERATOR,6371a36e4be737ddc18d9a99090a1f2bfb5d5d0167e1cc110e6f4c666194eb90,OTA5OTA2ODAzNDM3,**** **** 3437,6005243638,,BANDIPORA,Gurez,Markoot,623,40,2707,64.0
17087778701,1_623_6811_2700_005002,,SHAHZADA BEGUM,,,26,Female,Owner,Marginal  Farmer(Farmer having land <1 Hectare),APPROVED,,,false,,OPERATOR,c90ee5a31263e3185b28dec7a906b5af4da7d94859e91269ade36391cebd285a,MzYzMjkxODkyOTgx,**** **** 2981,9697725505,,BANDIPORA,Hajin,Gulshanpora,623,6811,2700,90.0
28103050188,1_623_42_2820_005001,,GHULAM RASOOL RATHER,,,70,Male,Owner,Marginal  Farmer(Farmer having land <1 Hectare),PENDING,,,false,,OPERATOR,6313469ea638dca3b583c26eec3e26472c2e19534633c287cd5826e211f80596,OTY0MTA0MjM2OTg0,**** **** 6984,9596827600,,BANDIPORA,Sonawari,Sumbal Inderkote,623,42,2820,56.0
56536466256,1_623_40_2707_005002,,Hafiz Ullah Akhoon,,,64,Male,Owner,Marginal  Farmer(Farmer having land <1 Hectare),PENDING,,,false,,OPERATOR,45b91d0d1c94e1c6e62e6abb10bfa4078e567f3870650ce2c484fa6a36d1e5a0,ODY0MzY5NjA0NjQw,**** **** 4640,7006084291,,BANDIPORA,Gurez,Markoot,623,40,2707,46.0
36835847500,1_623_6811_2700_005003,,Gh Mohd Malla,,,75,Male,Owner,Marginal  Farmer(Farmer having land <1 Hectare),PENDING,,,false,,OPERATOR,8639247ac6d9037bab8f1350ae748dd4296860c95da003f5766c799af490e425,MjI3NjI2NzYzNjQ0,**** **** 3644,6006955875,,BANDIPORA,Hajin,Gulshanpora,623,6811,2700,51.0
88349659388,1_623_6812_2716_005007,,Ab Hamid Mir,,,34,Male,Owner,Marginal  Farmer(Farmer having land <1 Hectare),PENDING,,,false,,OPERATOR,e4b5a6e8b557441d26e72f921acc764a01f518ec6dc59c7943f224e70f96c730,Njc5NjcxMDMxODUx,**** **** 1851,6005323840,,BANDIPORA,Tulail,Neeru,623,6812,2716,43.0
72181572852,1_623_40_2707_005003,,Rustam Lone,,,72,Male,Owner,Marginal  Farmer(Farmer having land <1 Hectare),PENDING,,,false,,OPERATOR,4658f2f909c6f1cb23498ffb95cf51f81575a3c4bfc306ac52deed581fa7b445,NDU5Mzk3MjU2ODMw,**** **** 6830,7889764091,,BANDIPORA,Gurez,Markoot,623,40,2707,45.0
71320890262,1_623_6811_2783_005011,,Noor Mohammad Paray,,,45,Male,Owner,Marginal  Farmer(Farmer having land <1 Hectare),PENDING,,,false,,OPERATOR,d94ad1ed6927acde318582fa22cc60070cb3b5bfa1ea8403e8735ec8bb3af13c,ODk2NTI5ODg3MDMz,**** **** 7033,7889400852,,BANDIPORA,Hajin,Vijipara,623,6811,2783,56.0
36442002823,1_623_42_2794_005001,,Gh Hassan Parray,,,62,Male,Owner,Marginal  Farmer(Farmer having land <1 Hectare),PENDING,,,false,,OPERATOR,ab40c1551af7a85a9fda9d400d7034518970994dcca6a0139e15b626c65eed61,NDAyMzI0MjA1MzY1,**** **** 5365,6006557655,,BANDIPORA,Sonawari,Asham,623,42,2794,52.0
79565964605,1_623_6812_2724_005012,,MOHD SUBHAN NAIK,,,66,Male,Owner,Marginal  Farmer(Farmer having land <1 Hectare),PENDING,,,false,,OPERATOR,2fa8703cd8e4fd2295f50c3d659dae420374abd996c2fb2e596f862d7695d2f8,MjkwMTU4NTE1MTYy,**** **** 5162,6006675841,,BANDIPORA,Tulail,Baduaab,623,6812,2724,58.0
24632998516,1_623_6812_2711_005008,,Mohd Shafi Wani,,,56,Male,Owner,Marginal  Farmer(Farmer having land <1 Hectare),PENDING,,,false,,OPERATOR,599b17520d2920e409d8959bd457cf0d64201744a08bf9479ddce17457aac90e,NTQyNTMyNDQ3ODc3,**** **** 7877,6006195283,,BANDIPORA,Tulail,Zedgey,623,6812,2711,53.0
42922584652,1_623_40_2708_005005,,Nisar Ahmad Wani,,,51,Male,Owner,Marginal  Farmer(Farmer having land <1 Hectare),PENDING,,,false,,OPERATOR,334b83eb1a86d84096cfa35e63e2e7f9ce27e8a5a05e69bfffcc43b8f5c58e9a,ODY2NDE1NzkzNTQy,**** **** 3542,9682391312,,BANDIPORA,Gurez,Shah Pora - Achoora (Churwan),623,40,2708,46.0
93111405611,1_623_40_2708_005014,,Zamir Ahmad Lone,,,55,Male,Owner,Marginal  Farmer(Farmer having land <1 Hectare),PENDING,,,false,,OPERATOR,00715802a7862cd203c6212036bc8c7fbef757129ae1f2b94bcfce71f35115ea,Mjc1MzY5NzIwNjcz,**** **** 0673,9149586665,,BANDIPORA,Gurez,Shah Pora - Achoora (Churwan),623,40,2708,65.0
55696124609,1_623_42_2800_005001,,Raja Begum,,,69,Female,Owner,Marginal  Farmer(Farmer having land <1 Hectare),APPROVED,,,false,,OPERATOR,160362ccfc0297ef69dbd1fc5f27fc1aaa5820f581842d5e5360b2a718a356e8,ODUwMzUwNzQ3MjQ2,**** **** 7246,9149422358,,BANDIPORA,Sonawari,Rakh Shilvat,623,42,2800,89.0
71560416572,1_623_6811_2783_005000,,Gulam Ud Din Paray,,,59,Male,Owner,Marginal  Farmer(Farmer having land <1 Hectare),PENDING,,,false,,OPERATOR,2de334282ebbf457db6e40c5953de7534e096ee12b12cbb551439315857a3240,Njk5NDc0NDYyMDE1,**** **** 2015,9697777949,,BANDIPORA,Hajin,Vijipara,623,6811,2783,22.0
68065317407,1_623_42_2812_005011,,Showkat Ahmad Dar,,,46,Male,Owner,Marginal  Farmer(Farmer having land <1 Hectare),PENDING,,,false,,OPERATOR,172e7b2e1a2ca06c78d18c1a3830193529452fb5f3fc3f266b3576d8565f6af3,Njg3OTM5MTQ1ODEy,**** **** 5812,9906635321,,BANDIPORA,Sonawari,Sarai Dangarpora,623,42,2812,66.0
41391540816,1_623_40_2707_005025,,Khushi Mohammad Shiekh,,,69,Male,Owner,Marginal  Farmer(Farmer having land <1 Hectare),PENDING,,,false,,OPERATOR,9dbd8929cdacade835859a2942d9c5f53d54c2ea9abef9b5a0dce77561f74bd2,Njk4MDQ4ODY3MzQw,**** **** 7340,7006220067,,BANDIPORA,Gurez,Markoot,623,40,2707,61.0
12642429047,1_623_6811_2783_005005,,Dilshada Begum,,,54,Female,Owner,Marginal  Farmer(Farmer having land <1 Hectare),APPROVED,,,false,,OPERATOR,c0b9996ecd8c39e55bf56a8d6e4dfb1fa7e39dca13f8067d7f77e96e1dbe9e5e,MzU4MjY1OTUxMjM2,**** **** 1236,7006165525,,BANDIPORA,Hajin,Vijipara,623,6811,2783,89.0
78724080101,1_623_6811_2778_005005,,Mohammad Lateef Rather,,,57,Male,Owner,Marginal  Farmer(Farmer having land <1 Hectare),PENDING,,,false,,OPERATOR,d64b81018cea37e033e2252e61caf0fc3f5fce322d2b6c56bf83cc0f66336050,MjY2ODI0MDg5NDU5,**** **** 9459,9906723390,,BANDIPORA,Hajin,Gundi Saderkote,623,6811,2778,0.0
13357771185,1_623_6811_2783_005012,,Reyazul Ashruf,,,45,Male,Owner,Marginal  Farmer(Farmer having land <1 Hectare),PENDING,,,false,,OPERATOR,ab1c8d7cf64a5259b689d69202b52f16cdaa2cec2132374304bed44f36c2f4ab,NzgxNTIyNzY3MjY1,**** **** 7265,9906003502,,BANDIPORA,Hajin,Vijipara,623,6811,2783,55.0
91242255339,1_623_40_2708_005007,,Hafizullah Lone,,,47,Male,Owner,Marginal  Farmer(Farmer having land <1 Hectare),PENDING,,,false,,OPERATOR,1ce1744cd3765ed81b7118c9f2246b7ba48259aafcb0c203dbac2b8e699c54b3,Nzk2OTE0ODEyNjU2,**** **** 2656,9797001752,,BANDIPORA,Gurez,Shah Pora - Achoora (Churwan),623,40,2708,0.0
13997089828,1_623_6811_2700_005028,,Ab Rehman Bhat,,,71,Male,Owner,Marginal  Farmer(Farmer having land <1 Hectare),PENDING,,,false,,OPERATOR,e8180bb12e17ca8c741b56f077766f47a1f6da8d1df405f8b685c231c22b213b,MjQ4NDg2MzMxOTA0,**** **** 1904,9596506364,,BANDIPORA,Hajin,Gulshanpora,623,6811,2700,32.0
56028564118,1_623_42_2810_005021,,GH MOHD PARRAY,,,61,Male,Owner,Marginal  Farmer(Farmer having land <1 Hectare),PENDING,,,false,,OPERATOR,9c9cf6832c90dc2b702e3fc45de36ddef4bcf5a42f288c56957d7efa4c3821bb,MzIxMDY1NzU1ODY1,**** **** 5865,7051979337,,BANDIPORA,Sonawari,Odina,623,42,2810,0.0
30215172572,1_623_42_2812_005016,,GH. RASOOL KAWA,,,51,Male,Owner,Marginal  Farmer(Farmer having land <1 Hectare),PENDING,,,false,,OPERATOR,6cd8cb224383edbd04dffa16147d76ef9f72707b23f6f0c1ffa3dce99d4605c2,NzUzNDQ0Njg2NjY3,**** **** 6667,9469195802,,BANDIPORA,Sonawari,Sarai Dangarpora,623,42,2812,43.0
64462032124,1_623_40_2708_005016,,MOHAMMAD SHAFI LONE,,,52,Male,Owner,Marginal  Farmer(Farmer having land <1 Hectare),PENDING,,,false,,OPERATOR,8c665609102207b4dfe8e5e83adfb5b0488967148c89c1e3e2c3f669af7b3296,Mjc0NzM2MTI0OTE4,**** **** 4918,9419672353,,BANDIPORA,Gurez,Shah Pora - Achoora (Churwan),623,40,2708,0.0
81155849728,1_623_6812_2716_005031,,Ab Rehman Mir,,,56,Male,Owner,Marginal  Farmer(Farmer having land <1 Hectare),PENDING,,,false,,OPERATOR,0d5e60fe3922cd65c43c9e417a3cc669bf49c1d5d91c73b5f03842913b1b7fa2,NDc0MDA3NDg1OTc2,**** **** 5976,6006330864,,BANDIPORA,Tulail,Neeru,623,6812,2716,59.0
62536326978,1_623_42_2797_005014,,Nasir Fayaz,,,30,Male,Owner,Marginal  Farmer(Farmer having land <1 Hectare),APPROVED,,,false,,OPERATOR,702933c420a8dd3e4dbd52850d77aacf3b130a36294152662bf752ef70153ab7,NTI4NTA2MDQ2MDg0,**** **** 6084,9697347797,,BANDIPORA,Sonawari,Hilalabad,623,42,2797,90.0
13254401792,1_623_42_2794_005019,,Mohd Amin Shah,,,62,Male,Owner,Marginal  Farmer(Farmer having land <1 Hectare),PENDING,,,false,,OPERATOR,bd23502e8bd6043ec0b04c33eae3f1d7a1501483c327c6a1697958a71a620cb1,NTMwODc0OTMxNDY0,**** **** 1464,6005432611,,BANDIPORA,Sonawari,Asham,623,42,2794,43.0
24455671718,1_623_42_2812_005014,,Tasaduk Hussain Mir,,,39,Male,Owner,Marginal  Farmer(Farmer having land <1 Hectare),PENDING,,,false,,OPERATOR,ac6a7818fcacf94327b8008c0a2a6b6e8880f97d2cd6821da2665c0dfd71e6a7,ODQyNTE3Mzc3MDQ2,**** **** 7046,7889985512,,BANDIPORA,Sonawari,Sarai Dangarpora,623,42,2812,65.0
39317608088,1_623_42_2794_005020,,Mohd Rafi Bhat,,,41,Male,Owner,Marginal  Farmer(Farmer having land <1 Hectare),PENDING,,,false,,OPERATOR,8c46ec2d7a0bad5af53afa578db95dcad81fbe340fe99b6203f690d4a26ff1a9,OTgyNjQ4NzQyOTg0,**** **** 2984,6006569360,,BANDIPORA,Sonawari,Asham,623,42,2794,63.0
41931350663,1_623_40_2707_005014,,Gulam Nabi Lone,,,64,Male,Owner,Marginal  Farmer(Farmer having land <1 Hectare),PENDING,,,false,,OPERATOR,d87dbcf86e92ec2d3bb4cbe0255031f1a88595f67b34283af16872c7bcc33fc4,MzQxOTc5NDE3MzMx,**** **** 7331,7889798814,,BANDIPORA,Gurez,Markoot,623,40,2707,61.0
79125442208,1_623_6811_2700_005011,,SAIF U DIN MAGLOO,,,66,Male,Owner,Marginal  Farmer(Farmer having land <1 Hectare),PENDING,,,false,,OPERATOR,faacd0e79b9abb65678e71da19994d0e46ff77d8f211e84ffa30210959796047,OTQ1OTcxMjQxNzgx,**** **** 1781,9541225784,,BANDIPORA,Hajin,Gulshanpora,623,6811,2700,62.0
26898291243,1_623_42_2812_005015,,ALI MOHD RATHER,,,49,Male,Owner,Marginal  Farmer(Farmer having land <1 Hectare),PENDING,,,false,,OPERATOR,eb3cafcc5d912568a2cd04935a50162f9014f54cca80235c58e4812f4ba84276,MjUxODcwODM0NDI4,**** **** 4428,6005121514,,BANDIPORA,Sonawari,Sarai Dangarpora,623,42,2812,43.0
26456806612,1_623_6812_2724_005015,,Mohd Sultan Khan,,,61,Male,Owner,Marginal  Farmer(Farmer having land <1 Hectare),PENDING,,,false,,OPERATOR,b344da5d03554bdd8de515ee2225e7946dd80fbaee54badad579269b5e652467,ODU1MTg3NDYxMzI4,**** **** 1328,9103030996,,BANDIPORA,Tulail,Baduaab,623,6812,2724,23.0
62325593241,1_623_42_2794_005021,,Nazir Ahmad Shah,,,46,Male,Owner,Marginal  Farmer(Farmer having land <1 Hectare),PENDING,,,false,,OPERATOR,1ad61bcbdfebd8e1278c357140a71d4f026f3d5b0d90a51735c537f596b1f3b9,NjQ3NDQ1NDE5MjU5,**** **** 9259,9797422172,,BANDIPORA,Sonawari,Asham,623,42,2794,46.0
20284883145,1_623_6812_2711_005010,,Ali Mohammad Khan,,,41,Male,Owner,Marginal  Farmer(Farmer having land <1 Hectare),PENDING,,,false,,OPERATOR,325a232eb4180c2552c06eca4e3ae159f8ad55003bc9bee29f1986a143e2daf8,OTIyNjk2NjY1MTgx,**** **** 5181,7889604410,,BANDIPORA,Tulail,Zedgey,623,6812,2711,0.0
78848682340,1_623_42_2797_005016,,Sameer Ahmad Reshi,,,40,Male,Owner,Marginal  Farmer(Farmer having land <1 Hectare),PENDING,,,false,,OPERATOR,b6bcfb8e3b3e0a212d000a721d571a60b075e6e175891f21bcb20ba5c04fe729,NDIwMTQ5NzgwNTcz,**** **** 0573,9858449557,,BANDIPORA,Sonawari,Hilalabad,623,42,2797,66.0
75259323283,1_623_42_2800_005002,,Ghulam Mohammad Parray,,,66,Male,Owner,Marginal  Farmer(Farmer having land <1 Hectare),PENDING,,,false,,OPERATOR,0d021337307138e65400dc939f52f515e11d2934dcf23cc6ccfc94b0e09b8e7c,NjQ4NzkxODk4NDM3,**** **** 8437,9622106185,,BANDIPORA,Sonawari,Rakh Shilvat,623,42,2800,0.0
63918179173,1_623_6812_2724_005016,,Haneef Mapnoo,,,52,Male,Owner,Marginal  Farmer(Farmer having land <1 Hectare),PENDING,,,false,,OPERATOR,654d009fdf77e44b6b8fe9c27dabfac6b9d252aea6907d9042d7848bf546dce9,NzkzMzcwMzMzMTQ3,**** **** 3147,9103059917,,BANDIPORA,Tulail,Baduaab,623,6812,2724,0.0
43053863388,1_623_42_2808_005011,,Mohammad Rajab Wagay,,,61,Male,Owner,Marginal  Farmer(Farmer having land <1 Hectare),PENDING,,,false,,OPERATOR,48de717e63d7e974e4a37be06ef0a0f4bda3ae4499f1be466fcbaf8272e2d777,NTQ5Mjg3NTM0MTAx,**** **** 4101,9596222757,,BANDIPORA,Sonawari,Gund i Khalil,623,42,2808,56.0
15106891320,1_623_6812_2711_005011,,Mohd Sultan Khan,,,71,Male,Owner,Marginal  Farmer(Farmer having land <1 Hectare),PENDING,,,false,,OPERATOR,d844a95835f00e567c518e618c3ad8e81501106cabb60d7ce7d1c8f3f6a15f83,NDE5ODAxNjY2NDg3,**** **** 6487,6006980959,,BANDIPORA,Tulail,Zedgey,623,6812,2711,23.0
95388456104,1_623_42_2794_005048,,ASSAD ULLA AMBAR,,,52,Male,Owner,Marginal  Farmer(Farmer having land <1 Hectare),PENDING,,,false,,OPERATOR,dbfd3e3d3d63c077ccc16685c0127308763e2df5b564aae8719078a48ef94f67,ODc5NDk2NDU3NTc3,**** **** 7577,9541600718,,BANDIPORA,Sonawari,Asham,623,42,2794,46.0
60220738599,1_623_40_2707_005036,,GH QADIR SHEIKH,,,63,Male,Owner,Marginal  Farmer(Farmer having land <1 Hectare),PENDING,,,false,,OPERATOR,3827ba494a03cbb56e4f59e2d11a0c67e1d04fad650d80fa3c5cd87ca389e6aa,NTY0MTI1NjIxMDAw,**** **** 1000,6005576876,,BANDIPORA,Gurez,Markoot,623,40,2707,43.0
62108489864,1_623_6812_2724_005041,,Mohammad Munawar Ahangar,,,56,Male,Owner,Marginal  Farmer(Farmer having land <1 Hectare),PENDING,,,false,,OPERATOR,2db1d96cf743ef29f830a8dca6e06fe8092b2acfc73fc061012e43996dc3562e,OTc1NjcyODA5MjU5,**** **** 9259,9103261237,,BANDIPORA,Tulail,Baduaab,623,6812,2724,0.0
15537692510,1_623_42_2808_005015,,Ghulam Mohammad Wagay,,,71,Male,Owner,Marginal  Farmer(Farmer having land <1 Hectare),PENDING,,,false,,OPERATOR,e5e26a9cf8641c33ee27dcfeb74c9f9b0f5856c077399d5a61e36c1bb896bf4f,MzQ2MTQyMTU5Mjg0,**** **** 9284,9596248651,,BANDIPORA,Sonawari,Gund i Khalil,623,42,2808,46.0
50301681820,1_623_6810_2777_005024,,Sana Ullah Rather,,,59,Male,Owner,Marginal  Farmer(Farmer having land <1 Hectare),PENDING,,,false,,OPERATOR,848a263777335a60246c65d55c80456b052ae5eaa815b7c6f6dc410fd5f753fa,NjEzNjQ2NzE5ODIz,**** **** 9823,9906928491,,BANDIPORA,Ajas,Ajas,623,6810,2777,0.0
49721360794,1_623_40_2708_005017,,AB RASHID LONE,,,62,Male,Owner,Marginal  Farmer(Farmer having land <1 Hectare),PENDING,,,false,,OPERATOR,e265bf91407c5b8f2dd45d317b22dc71507ff55049123116222408d592ee5c27,MzY2NjQ3MzA2Mjkw,**** **** 6290,6006129218,,BANDIPORA,Gurez,Shah Pora - Achoora (Churwan),623,40,2708,0.0
24447437312,1_623_42_2809_005002,,Ab Satar Khanday,,,68,Male,Owner,Marginal  Farmer(Farmer having land <1 Hectare),PENDING,,,false,,OPERATOR,454be9d443b9bebfb64fa1ed61cc84e609a2e9dc957b09b4366adfb1c938b852,OTM1Njg5OTk3MzAw,**** **** 7300,6006177792,,BANDIPORA,Sonawari,Trigam,623,42,2809,0.0
52623503151,1_623_6812_2724_005057,,Amirullah Mir,,,24,Male,Owner,Marginal  Farmer(Farmer having land <1 Hectare),PENDING,,,false,,OPERATOR,2964fe9a4e6baf92c6b1b3f8500fbdd09666f1079dc48d36261e6b62bdd6ee8c,ODg5MzY2OTI2OTcx,**** **** 6971,9103069415,,BANDIPORA,Tulail,Baduaab,623,6812,2724,0.0
40684963835,1_623_42_2794_005049,,Ferooz Ahmad Tantry,,,48,Male,Owner,Marginal  Farmer(Farmer having land <1 Hectare),PENDING,,,false,,OPERATOR,8b3861a457eff7aa8cc15c423df63d776db4f08c580622024d9c4039afeb8bd8,NDYyMzQyMzU1NTU3,**** **** 5557,7006710416,,BANDIPORA,Sonawari,Asham,623,42,2794,44.0
67662975099,1_623_42_2794_005023,,FAYAZ AH BHAT,,,46,Male,Owner,Marginal  Farmer(Farmer having land <1 Hectare),PENDING,,,false,,OPERATOR,1372285f548b75cddbfd3812c3dff6cca1cd60349faa1b1ef2a15c1e68fe5273,OTkxMDc1NzkwNzcy,**** **** 0772,9906491162,,BANDIPORA,Sonawari,Asham,623,42,2794,55.0
81820735877,1_623_6812_2724_005019,,Saidullah Khan,,,48,Male,Owner,Marginal  Farmer(Farmer having land <1 Hectare),PENDING,,,false,,OPERATOR,2443d2e19a3bc8aa77bc4501198ce53943b11aa1d277fd2e29b126b84baa3b75,NDc5NTk2MDE1ODgw,**** **** 5880,6006298550,,BANDIPORA,Tulail,Baduaab,623,6812,2724,0.0
63537779311,1_623_40_2708_005022,,Abdul Wahab Lone,,,58,Male,Owner,Marginal  Farmer(Farmer having land <1 Hectare),PENDING,,,false,,OPERATOR,e90e829a01b664bd64dc9a4165264ded674f829a3550839bf242c88b88a1529d,ODc0MTEyMzkwNDQx,**** **** 0441,9469204477,,BANDIPORA,Gurez,Shah Pora - Achoora (Churwan),623,40,2708,55.0
60589730523,1_623_42_2800_005008,,Khurshed Ahmad Dar,,,50,Male,Owner,Marginal  Farmer(Farmer having land <1 Hectare),PENDING,,,false,,OPERATOR,32e86954f23dab32b86b2c009e0e737546d57315873e0b49a02fce61d3bd5bfe,NzY2NDI3OTAyODIw,**** **** 2820,6006375981,,BANDIPORA,Sonawari,Rakh Shilvat,623,42,2800,65.0
45185753162,1_623_6812_2711_005019,,Juma Khan,,,49,Male,Owner,Marginal  Farmer(Farmer having land <1 Hectare),PENDING,,,false,,OPERATOR,20726252169883ce8efa39725a4ddb516ff520dfce637019cee6158181f4b9cc,NDMwNDk4OTQ2Nzk2,**** **** 6796,6005256427,,BANDIPORA,Tulail,Zedgey,623,6812,2711,0.0
27898782393,1_623_42_2794_005022,,Ab Rahman Bhat,,,62,Male,Owner,Marginal  Farmer(Farmer having land <1 Hectare),PENDING,,,false,,OPERATOR,87989eb3ccc85e5cb1e5fe9c45ed15f37e760e46d0f67f42329b2e252a57d28b,NjI2OTgzNzA3NzY5,**** **** 7769,8493887250,,BANDIPORA,Sonawari,Asham,623,42,2794,62.0
11639279903,1_623_42_2808_005005,,Ghulam Mohammad Parray,,,59,Male,Owner,Marginal  Farmer(Farmer having land <1 Hectare),PENDING,,,false,,OPERATOR,7389226fe1b9b05287b68812d1db6e2ce2bbf67e7e37f71d1545196d93795950,NTg4NzAxODY1ODUw,**** **** 5850,9906723338,,BANDIPORA,Sonawari,Gund i Khalil,623,42,2808,0.0
81995799655,1_623_6811_2700_005012,,Abdul Hamid Matta,,,49,Male,Owner,Marginal  Farmer(Farmer having land <1 Hectare),PENDING,,,false,,OPERATOR,a55d3a993bb0776421926afe1ccb1e2ffe47d778922b4bb98ea2d4e7043be780,NTM4MzgwMDA2Mjc2,**** **** 6276,9797238140,,BANDIPORA,Hajin,Gulshanpora,623,6811,2700,55.0
65720170382,1_623_42_2812_005017,,DILSDHADA BANO,,,44,Female,Owner,Marginal  Farmer(Farmer having land <1 Hectare),PENDING,,,false,,OPERATOR,de2cd4914fe2e34e495538ffce56dda2bcf98a792f8d0610c790b3c5e9c7dd1b,NjczNjQ0MDg4NTM5,**** **** 8539,6005121514,,BANDIPORA,Sonawari,Sarai Dangarpora,623,42,2812,34.0
91849016520,1_623_42_2797_005017,,BASHIR AHMAD RESHI,,,61,Male,Owner,Marginal  Farmer(Farmer having land <1 Hectare),PENDING,,,false,,OPERATOR,181f69196c74deb34662b3c0e2f0fdc800c755fa903c75875394690e6b606afa,NTQwMDc0MTk1NjEz,**** **** 5613,9541184535,,BANDIPORA,Sonawari,Hilalabad,623,42,2797,46.0
42716138411,1_623_6812_2724_005017,,MOHD SUHBAN KHAN,,,69,Male,Owner,Marginal  Farmer(Farmer having land <1 Hectare),PENDING,,,false,,OPERATOR,33b82d83e9ed84702108af6df0febf272a19ffd417090617c1ffd6cce6c5bbeb,ODQ2OTkxOTMyODQ0,**** **** 2844,9149725796,,BANDIPORA,Tulail,Baduaab,623,6812,2724,0.0
19542345672,1_623_42_2797_005018,,ZAMEER AHMAD RESHI,,,38,Male,Owner,Marginal  Farmer(Farmer having land <1 Hectare),PENDING,,,false,,OPERATOR,138a75d85330f1a6ad2be33382b19afbe68930f856acd48d051f0d9733a3bb99,ODM2MDY0ODYzNzk3,**** **** 3797,7006310280,,BANDIPORA,Sonawari,Hilalabad,623,42,2797,65.0
64599362533,1_623_6812_2724_005018,,Nazir Ahmad Khan,,,57,Male,Owner,Marginal  Farmer(Farmer having land <1 Hectare),PENDING,,,false,,OPERATOR,c6dc2aebbdc95b42ffa716b692b14d2fe30f82effb072e605b51511d1b674304,NzYxOTQzODg0MDIz,**** **** 4023,9149559615,,BANDIPORA,Tulail,Baduaab,623,6812,2724,61.0
70957856265,1_623_6811_2778_005006,,Mohammad Ashraf Rather,,,51,Male,Owner,Marginal  Farmer(Farmer having land <1 Hectare),PENDING,,,false,,OPERATOR,fe2dcccb4744c9fbbcd083cf4c9f1a67a6d9bcbcee60d50f88e1c4ec9d88060c,ODE2OTAwNTE5Mjk5,**** **** 9299,9906934377,,BANDIPORA,Hajin,Gundi Saderkote,623,6811,2778,55.0
74977892722,1_623_40_2707_005026,,Abdul Rashid Sheikh,,,70,Male,Owner,Marginal  Farmer(Farmer having land <1 Hectare),PENDING,,,false,,OPERATOR,b34ffeb0544f336c80276b5245afa96ced5a2656453bdf24700d459676af9c29,NTQ3OTA4NDkwODgw,**** **** 0880,7889409200,,BANDIPORA,Gurez,Markoot,623,40,2707,60.0
79168065173,1_623_6811_2700_005013,,Nazir Ahmad Ganie,,,54,Male,Owner,Marginal  Farmer(Farmer having land <1 Hectare),PENDING,,,false,,OPERATOR,b943cc39fda1d9944a77da859b1311f91e1dd75f7ab99a5f9b6a6d4ba029a828,NzEwNjQ2OTAyMjkx,**** **** 2291,9622401365,,BANDIPORA,Hajin,Gulshanpora,623,6811,2700,0.0
11634767097,1_623_40_2708_005015,,Mohd Sarwar Lone,,,55,Male,Owner,Marginal  Farmer(Farmer having land <1 Hectare),PENDING,,,false,,OPERATOR,7f0ba836cf6dfcca53697262087b9141a65738cffb424baea596083a7c05b78b,Mzk2NDkyMzU0MDUw,**** **** 4050,9682699714,,BANDIPORA,Gurez,Shah Pora - Achoora (Churwan),623,40,2708,63.0
11234634803,1_623_6811_2700_005027,,Mohammad Aslam Parray,,,54,Male,Owner,Marginal  Farmer(Farmer having land <1 Hectare),PENDING,,,false,,OPERATOR,031846946911c4258d0358db9cc6bba65b6d00fb856db2b6d9d9fbeff9a2c6da,NjUyMjM4MzY4NDc0,**** **** 8474,7889799440,,BANDIPORA,Hajin,Gulshanpora,623,6811,2700,46.0
56584966807,1_623_42_2804_005002,,Ghulam Hassan Bafanda,,,68,Male,Owner,Small Farmer (Farmer having Land >=1 & <2 Hectare),PENDING,,,false,,OPERATOR,faedbf2a737468b293b6e8765307f32c004b569bf4b330f016fca577b8348699,NTcxMjI1MzkyMjg4,**** **** 2288,7889756030,,BANDIPORA,Sonawari,Rakh Sultan Pora,623,42,2804,37.0
42434054992,1_623_42_2797_005042,,Ab Rashid Reshi,,,66,Male,Owner,Marginal  Farmer(Farmer having land <1 Hectare),PENDING,,,false,,OPERATOR,e709b89214179ea893e53d025807a8843c22c23fa8be69f19e886482958a1f53,NzM5MjE0NDAwMDU4,**** **** 0058,7889841201,,BANDIPORA,Sonawari,Hilalabad,623,42,2797,43.0
15417740453,1_623_42_2794_005047,,Farooq Ahmad Tantry,,,61,Male,Owner,Marginal  Farmer(Farmer having land <1 Hectare),PENDING,,,false,,OPERATOR,217b7763e07e27e4898121b06b679f4bf916ff10e72f1ce81a24795c2d1d7755,NTM2NDU0NDM2ODg3,**** **** 6887,8082887445,,BANDIPORA,Sonawari,Asham,623,42,2794,65.0
22870974064,1_623_40_2707_005027,,Mohd Ayoob Nasir,,,65,Male,Owner,Marginal  Farmer(Farmer having land <1 Hectare),PENDING,,,false,,OPERATOR,4eff4ad2e540e2f7d46562a74120cc4cca45c8a57cde42fffe50471820ed69f1,ODgxNzE0MDEzMDgz,**** **** 3083,9419405875,,BANDIPORA,Gurez,Markoot,623,40,2707,53.0
98688223336,1_623_6811_2778_005013,,AB AHAD DAR,,,71,Male,Owner,Marginal  Farmer(Farmer having land <1 Hectare),PENDING,,,false,,OPERATOR,6f4142ddabbef07f644408b5b0ffa75386a8a7560d29465be126cd0c2e134a7a,ODIzNDA2NzA5OTQx,**** **** 9941,9149713071,,BANDIPORA,Hajin,Gundi Saderkote,623,6811,2778,44.0
65654609620,1_623_42_2804_005003,,Ghulam Hussain Nath,,,60,Male,Owner,Marginal  Farmer(Farmer having land <1 Hectare),PENDING,,,false,,OPERATOR,855f175e05e31f6d12068dcdc25f9cdac6933da954c386db9f472d11fa9544a8,Mjk2MDIzNTk0NjM5,**** **** 4639,7780939317,,BANDIPORA,Sonawari,Rakh Sultan Pora,623,42,2804,0.0
86539079101,1_623_6812_2711_005020,,Mohd Munwar Khan,,,53,Male,Owner,Marginal  Farmer(Farmer having land <1 Hectare),PENDING,,,false,,OPERATOR,867112b83d2ec1a20b0d6b5519b7e720eca8cb5134d226c44dc96256baaabb22,ODg0MTQ3NTA0NDg4,**** **** 4488,6006970955,,BANDIPORA,Tulail,Zedgey,623,6812,2711,53.0
17669048488,1_623_6812_2724_005020,,Jameel Ahmad Naik,,,38,Male,Owner,Marginal  Farmer(Farmer having land <1 Hectare),PENDING,,,false,,OPERATOR,5c0a3e0ec9a0368ae6d06ca4a35b0f757c0e76cc7a8cd4b0f983445a454335b9,MzA2Mzk0ODAxNDIw,**** **** 1420,6006112411,,BANDIPORA,Tulail,Baduaab,623,6812,2724,55.0
42425789092,1_623_42_2808_005010,,Rukhsana Farooq,,,36,Female,Owner,Marginal  Farmer(Farmer having land <1 Hectare),APPROVED,,,false,,OPERATOR,81401c377b62c44855d13683b585964de276d3b3a936d64187fdd8a73fd29756,NTAwMTEwNjUwMzAz,**** **** 0303,6006593382,,BANDIPORA,Sonawari,Gund i Khalil,623,42,2808,90.0
94662915175,1_623_42_2800_005009,,Gulzar Ahmad Dar,,,56,Male,Owner,Marginal  Farmer(Farmer having land <1 Hectare),PENDING,,,false,,OPERATOR,b2ee74024bc0dcec508804e59d206a5064548445042dcf65607814f94f53f2fb,ODg2MDYxNjA2ODcy,**** **** 6872,9596883633,,BANDIPORA,Sonawari,Rakh Shilvat,623,42,2800,0.0
19797285313,1_623_6811_2783_005013,,Saba Khursheed,,,35,Female,Owner,Marginal  Farmer(Farmer having land <1 Hectare),APPROVED,,,false,,OPERATOR,87459a17241ecb94dd31547bbbf5dd0a45dcc64db19ae41e65ad582814667c83,NTI3NTY1NjkyMzI0,**** **** 2324,7006711766,,BANDIPORA,Hajin,Vijipara,623,6811,2783,89.0
78735531367,1_623_6811_2700_005014,,Ishfaq Ahmad Bahar,,,33,Male,Owner,Marginal  Farmer(Farmer having land <1 Hectare),PENDING,,,false,,OPERATOR,671e976d3b891641ba604c329d64847cf2240aa84676691ae54c0ee69dd0ca3e,NDE3NzgzMzA3MTEw,**** **** 7110,9906159946,,BANDIPORA,Hajin,Gulshanpora,623,6811,2700,66.0
95193093714,1_623_42_2797_005043,,Hafeeza Begum,,,63,Female,Owner,Marginal  Farmer(Farmer having land <1 Hectare),PENDING,,,false,,OPERATOR,87ab69d3fd0e7fd04cd3eb08a0fd1ede08e514e957d8037f8b6f00c4c171ad17,ODIyNjM4MjcyOTQ2,**** **** 2946,7006266634,,BANDIPORA,Sonawari,Hilalabad,623,42,2797,35.0
16096949033,1_623_6811_2778_005014,,HALIMA BEGUM,,,46,Female,Owner,Marginal  Farmer(Farmer having land <1 Hectare),PENDING,,,false,,OPERATOR,e233a7189cf1d31be4945fabc66669b91166d2fef028a3185f2c9f591acfa3d2,NzkwOTE5MjEzMDk0,**** **** 3094,6005861818,,BANDIPORA,Hajin,Gundi Saderkote,623,6811,2778,35.0
65947904436,1_623_6812_2716_005039,,Gh Ahmad Mir,,,42,Male,Owner,Marginal  Farmer(Farmer having land <1 Hectare),PENDING,,,false,,OPERATOR,981f9d7da8cbd11a9b66f065b1311515da1bba65f6657de870db45f2ff18be98,NjQ5MDA4MzAyNjA4,**** **** 2608,7051536169,,BANDIPORA,Tulail,Neeru,623,6812,2716,53.0
87455408994,1_623_42_2797_005019,,Sameer Ahmad Mir,,,40,Male,Owner,Marginal  Farmer(Farmer having land <1 Hectare),PENDING,,,false,,OPERATOR,819531b3445dbbdcccff83e11c56d2294d159ac7b3f0ea44b3db261517d4ea21,ODIxMTAwMTg0MDM2,**** **** 4036,6005544195,,BANDIPORA,Sonawari,Hilalabad,623,42,2797,46.0
49325323743,1_623_42_2808_005016,,BASHIR AHMAD WAGAY,,,46,Male,Owner,Marginal  Farmer(Farmer having land <1 Hectare),PENDING,,,false,,OPERATOR,90df83ced1b196f78df44e415de4ffb2fd4311301a8a2d74aecda214dd902cc1,MjgyNTAwMjgyMTI1,**** **** 2125,7298915442,,BANDIPORA,Sonawari,Gund i Khalil,623,42,2808,65.0
36092863842,1_623_6812_2724_005042,,GH AHMAD KHAN,,,81,Male,Owner,Marginal  Farmer(Farmer having land <1 Hectare),APPROVED,,,false,,OPERATOR,7ffd9fddc00365d615d9355e4c9d38240db1a14dacd8116edb5016d04d38414a,NTM5MTEwMzkyMDI1,**** **** 2025,6005588741,,BANDIPORA,Tulail,Baduaab,623,6812,2724,43.0
35678332442,1_623_6811_2783_005006,,Gh Mohi Ud Din Paray,,,50,Male,Owner,Marginal  Farmer(Farmer having land <1 Hectare),PENDING,,,false,,OPERATOR,7beb01ac1fef91e17dfd4594744a123bf007158fe084d7222f45dd41c1fafb76,ODA5NzQzNDcwMTc1,**** **** 0175,7889851872,,BANDIPORA,Hajin,Vijipara,623,6811,2783,63.0
44624101832,1_623_42_2812_005018,,Lal Mohammad Kawa,,,66,Male,Owner,Marginal  Farmer(Farmer having land <1 Hectare),PENDING,,,false,,OPERATOR,14c19f2072650cca39b060528e3fc2eb5b2f460e34700722219262a0e1ef5f47,MjUxNzEzNjI2ODYx,**** **** 6861,9419664951,,BANDIPORA,Sonawari,Sarai Dangarpora,623,42,2812,0.0
83241289940,1_623_6812_2711_005012,,Abdul Gani Wani,,,45,Male,Owner,Marginal  Farmer(Farmer having land <1 Hectare),PENDING,,,false,,OPERATOR,1730e69a72a5c8f6a69a9d4b14e0d8947952bc8ddfe3c4a89ab6618d0ffaa65d,MzA2NDcwMzQ5Mjg5,**** **** 9289,6005812192,,BANDIPORA,Tulail,Zedgey,623,6812,2711,61.0
27459595495,1_623_42_2794_005024,,Yawar Nazir Bhat,,,26,Male,Owner,Marginal  Farmer(Farmer having land <1 Hectare),PENDING,,,false,,OPERATOR,8ffebdc33b1d6e2b8dfc7c8f26a86ead8dfe58e77b4acc76a5f48fa79385d8d4,OTQxMjkyNDk1Mzg1,**** **** 5385,7889303467,,BANDIPORA,Sonawari,Asham,623,42,2794,66.0
14576392480,1_623_40_2708_005018,,Shafeeq Mohmad Khan,,,46,Male,Owner,Marginal  Farmer(Farmer having land <1 Hectare),PENDING,,,false,,OPERATOR,0571ceb7e466f9611e7f779654ae659423e07ef62c08fbab57914903be2a2366,NTc3MjgyMDA4ODUy,**** **** 8852,8825083183,,BANDIPORA,Gurez,Shah Pora - Achoora (Churwan),623,40,2708,42.0
28489513714,1_623_42_2809_005003,,Mohamad Yousuf Mir,,,66,Male,Owner,Marginal  Farmer(Farmer having land <1 Hectare),PENDING,,,false,,OPERATOR,ec655002c77cbe28e1ecf6942fc1d4180ffde3dbeae2fcb07674e64bda78ce2b,ODI1Mzk4MzA3MDI5,**** **** 7029,9622589102,,BANDIPORA,Sonawari,Trigam,623,42,2809,40.0
57625940867,1_623_6811_2700_005029,,AB MAJEED DAR,,,46,Male,Owner,Marginal  Farmer(Farmer having land <1 Hectare),PENDING,,,false,,OPERATOR,fe2ba58064bc1aee36ec23f1eec9ef4f5726d49b645079a846d51703f22818ee,MzkzODA5NzUxMjY5,**** **** 1269,8803575457,,BANDIPORA,Hajin,Gulshanpora,623,6811,2700,54.0
93187208622,1_623_6811_2778_005015,,Mohammad Ashraf Rather,,,46,Male,Owner,Marginal  Farmer(Farmer having land <1 Hectare),PENDING,,,false,,OPERATOR,837f49c47dec9e6ae9c9862809752d76993ee9f0bc694b0240665e0ef3deb1b0,MzgzOTEyODc1NjM2,**** **** 5636,9697708100,,BANDIPORA,Hajin,Gundi Saderkote,623,6811,2778,60.0
82646695107,1_623_6809_2744_005010,,Gh Hassan Sheer Gojri,,,64,Male,Owner,Marginal  Farmer(Farmer having land <1 Hectare),PENDING,,,false,,OPERATOR,f0094c282796611013306697e4e781d2fb2a5a09261f902328f8ce15e015aa1f,NDg1NjY0MjQ0NjY4,**** **** 4668,9149834073,,BANDIPORA,Aloosa,Mangnipora,623,6809,2744,49.0
62952027151,1_623_40_2708_005032,,Mohammad Younis Lone,,,53,Male,Owner,Marginal  Farmer(Farmer having land <1 Hectare),PENDING,,,false,,OPERATOR,e616bf35baaf783060b80cd9aba90a56f5f8b9461ddf41ee26d2796651f7f2ce,NTMyOTk0MzgyMTk2,**** **** 2196,9797212135,,BANDIPORA,Gurez,Shah Pora - Achoora (Churwan),623,40,2708,43.0
65475079578,1_623_6812_2711_005014,,Jamed Ahmad Wani,,,48,Male,Owner,Marginal  Farmer(Farmer having land <1 Hectare),PENDING,,,false,,OPERATOR,4724f3f8a9a4e55999166501c854cb44454ed32f8d81000c4c83147fb1baaad4,NzA1NDI0MDcyNzUx,**** **** 2751,9103078441,,BANDIPORA,Tulail,Zedgey,623,6812,2711,25.0
26910198174,1_623_6812_2724_005043,,SAMAD KHAN,,,58,Male,Owner,Marginal  Farmer(Farmer having land <1 Hectare),APPROVED,,,false,,OPERATOR,93ed7223e81436165366a5d2b27840306634b4200c78dcacc0c962563c29202b,Nzg1MDkyOTQzNTcw,**** **** 3570,7780971609,,BANDIPORA,Tulail,Baduaab,623,6812,2724,35.0
37355730962,1_623_42_2797_005020,,Mehraj Ud Din Bhat,,,39,Male,Owner,Marginal  Farmer(Farmer having land <1 Hectare),PENDING,,,false,,OPERATOR,f729f7f3eeed8e6c757775ab51947c834358bdf03933987205d20e991dd9c103,NTQzMDc2MDY2MTc5,**** **** 6179,9149418102,,BANDIPORA,Sonawari,Hilalabad,623,42,2797,71.0
62288088423,1_623_42_2808_005012,,Quasir Ahmad Bhat,,,42,Male,Owner,Marginal  Farmer(Farmer having land <1 Hectare),PENDING,,,false,,OPERATOR,409a133aa333f021c5d0686af86f0bc6dee29941941dbbbb5d4a8c3308d7461a,NDUzMTg2OTg1MTI1,**** **** 5125,6006593382,,BANDIPORA,Sonawari,Gund i Khalil,623,42,2808,64.0
95938807585,1_623_40_2707_005028,,Reyaz Ahmad Nasir,,,56,Male,Owner,Marginal  Farmer(Farmer having land <1 Hectare),PENDING,,,false,,OPERATOR,81b1663df1a0327477b218871e9f7912080956678d52831ec90396ea302f0e2d,NDg4MDc2Njk3MTM2,**** **** 7136,9596763254,,BANDIPORA,Gurez,Markoot,623,40,2707,56.0
95831541339,1_623_6812_2716_005012,,QADIR MIR,,,56,Male,Owner,Marginal  Farmer(Farmer having land <1 Hectare),APPROVED,,,false,,OPERATOR,ef43e9c2279929b4f0a3aa23b7e6907aacac4a2d3b58c0e2fd505f43ed16af8c,OTU2NjM4MzU3MTc1,**** **** 7175,6006213468,,BANDIPORA,Tulail,Neeru,623,6812,2716,34.0
36158285362,1_623_40_2707_005037,,Zahoor Ahmad Lone,,,45,Male,Owner,Marginal  Farmer(Farmer having land <1 Hectare),PENDING,,,false,,OPERATOR,a24436755f7fd164969d3de65a6bfd530f5938d0b86168a669ed7dc70426d5cc,OTY5Nzc4NjY1NDA4,**** **** 5408,7889834003,,BANDIPORA,Gurez,Markoot,623,40,2707,66.0
80400085835,1_623_6812_2724_005021,,Ishaq Ahmed Naik,,,52,Male,Owner,Marginal  Farmer(Farmer having land <1 Hectare),PENDING,,,false,,OPERATOR,e8d09456eb27af2545946328cd517395300fb6e5fbe85017c60184df31924f85,MzMyMzc1NDg4Njc5,**** **** 8679,9541696256,,BANDIPORA,Tulail,Baduaab,623,6812,2724,55.0
73423002338,1_623_40_2708_005031,,Farzani Begum,,,71,Female,Owner,Marginal  Farmer(Farmer having land <1 Hectare),PENDING,,,false,,OPERATOR,1dd903e959a9fdc0eb880fbf492251957bda05b64ef6f26addf5f6e933bb2cd3,OTExNDMwMDI1NTE2,**** **** 5516,8493048385,,BANDIPORA,Gurez,Shah Pora - Achoora (Churwan),623,40,2708,50.0
38859342550,1_623_42_2797_005048,,Riyaz Ahmad Reshi,,,46,Male,Owner,Marginal  Farmer(Farmer having land <1 Hectare),PENDING,,,false,,OPERATOR,2ff1fb2faa8c6e068bde594b46211ee060afc3fcae98d9eca36cd6b95304eec3,NDQ4OTY0NDI1MTc2,**** **** 5176,7889955802,,BANDIPORA,Sonawari,Hilalabad,623,42,2797,46.0
56669980101,1_623_6812_2724_005044,,MOHD DILBAR LONE,,,49,Male,Owner,Marginal  Farmer(Farmer having land <1 Hectare),APPROVED,,,false,,OPERATOR,03384c9d48aa7da0a2b0ab430f4c0e819099f38e4789b2f0c2e1a4256233b703,NDEzNTM2MzU4NTY5,**** **** 8569,9682136314,,BANDIPORA,Tulail,Baduaab,623,6812,2724,43.0
78800408730,1_623_6812_2711_005013,,Surya Begum,,,40,Female,Owner,Marginal  Farmer(Farmer having land <1 Hectare),PENDING,,,false,,OPERATOR,cb5729346a811205cb82742fb477dc589c5b4925b8727573a5be5b5d4812b3f7,NzM5OTc1ODExMTQx,**** **** 1141,7006444399,,BANDIPORA,Tulail,Zedgey,623,6812,2711,0.0
90082048122,1_623_6812_2724_005058,,Lali Begum,,,63,Female,Owner,Marginal  Farmer(Farmer having land <1 Hectare),PENDING,,,false,,OPERATOR,fe1a91efc3ff5765c52d293e2bfe1c0ed2f8103bcdb99f6438043d97b2e1eb18,NjUzNDIxNjAzNTg5,**** **** 3589,6005644767,,BANDIPORA,Tulail,Baduaab,623,6812,2724,50.0
38173705847,1_623_6812_2711_005021,,Ghulam Khan,,,71,Male,Owner,Marginal  Farmer(Farmer having land <1 Hectare),PENDING,,,false,,OPERATOR,ab432dfe4a2fafa66d333c642e672c9c287b622b1879a62128421c4b4d71e8f1,NzkwOTczODkxMzQ4,**** **** 1348,6005522900,,BANDIPORA,Tulail,Zedgey,623,6812,2711,69.0
99402617322,1_623_6811_2783_005014,,Shameema Begum,,,41,Female,Owner,Marginal  Farmer(Farmer having land <1 Hectare),PENDING,,,false,,OPERATOR,dcc5c0a97794a1b30ebcb104ee726baa0230f466a56c199af3fecbbdddd8406e,Mjk0NDE2Njg0ODAz,**** **** 4803,9858723720,,BANDIPORA,Hajin,Vijipara,623,6811,2783,70.0
35433115757,1_623_42_2797_005044,,Ali Mohd Reshi,,,56,Male,Owner,Marginal  Farmer(Farmer having land <1 Hectare),PENDING,,,false,,OPERATOR,2996405ae2e50330f182413fcc3f0e1e74f8344b0de18a899151509e468459e4,MjU4OTY0MTUzMzc4,**** **** 3378,6005609536,,BANDIPORA,Sonawari,Hilalabad,623,42,2797,43.0
80394767619,1_623_42_2794_005050,,Gh Mohd Bhat,,,49,Male,Owner,Marginal  Farmer(Farmer having land <1 Hectare),PENDING,,,false,,OPERATOR,b94e873a34275ff9fc3f19b3317ba48bc8a752598bb1200df552d98aa4753566,MjU2OTMwOTU1NTQx,**** **** 5541,9596072824,,BANDIPORA,Sonawari,Asham,623,42,2794,61.0
14333528578,1_623_42_2794_005051,,Jamsheed Ahmad Mir,,,47,Male,Owner,Marginal  Farmer(Farmer having land <1 Hectare),PENDING,,,false,,OPERATOR,dd13e314403075c2036cf33e23f2fb69ba8442a0335972fc699f65af9ebdaba1,NDc0MjE2Mzg4NTg5,**** **** 8589,7889910270,,BANDIPORA,Sonawari,Asham,623,42,2794,66.0
99873140390,1_623_42_2794_005052,,MEHRAJ U DIN BHAT,,,37,Male,Owner,Marginal  Farmer(Farmer having land <1 Hectare),PENDING,,,false,,OPERATOR,012bd68eabc8c58b06619eb01b03eea6653d5007ea46bb3118c149d3feee0f66,MzUxMzUyMzY5MjY3,**** **** 9267,7889399290,,BANDIPORA,Sonawari,Asham,623,42,2794,71.0
46193515954,1_623_42_2797_005045,,GH RASOOL NAJAR,,,56,Male,Owner,Marginal  Farmer(Farmer having land <1 Hectare),PENDING,,,false,,OPERATOR,86fc01fe8c826aee407095521b65caf7f61595d47d5e050183ac4719c71d6953,ODMxNTYzMjUxMzU1,**** **** 1355,9541020880,,BANDIPORA,Sonawari,Hilalabad,623,42,2797,0.0
91489892158,1_623_6809_2744_005011,,Basit Ahmad Bhat,,,26,Male,Owner,Marginal  Farmer(Farmer having land <1 Hectare),PENDING,,,false,,OPERATOR,fcf8da6e4f6c302743907bbb1fcd3a07e337203acdfb0625109f52bf0163f61b,MjU1NTU4ODg5NTI1,**** **** 9525,7006745540,,BANDIPORA,Aloosa,Mangnipora,623,6809,2744,66.0
94415814698,1_623_6812_2716_005032,,Tariaq Ah Mir,,,29,Male,Owner,Marginal  Farmer(Farmer having land <1 Hectare),PENDING,,,false,,OPERATOR,8645fb3a3e5ee176064c2f8e94c2cf9d124ed59f4d8617844270666423cf1aab,MzY4NDAyMTEyNzA5,**** **** 2709,6006102680,,BANDIPORA,Tulail,Neeru,623,6812,2716,0.0
46419952317,1_623_6812_2711_005015,,Abdul Rahim Khan,,,86,Male,Owner,Marginal  Farmer(Farmer having land <1 Hectare),PENDING,,,false,,OPERATOR,06f7d0a07a4e572666a9c83d4a435fe14845d30d103f1e5cdb6fddb114ff823d,MjA4MTkxODkxNTE1,**** **** 1515,7889309220,,BANDIPORA,Tulail,Zedgey,623,6812,2711,0.0
63256779925,1_623_42_2810_005013,,MOHD IBRAHIM BHAT,,,68,Male,Owner,Marginal  Farmer(Farmer having land <1 Hectare),PENDING,,,false,,OPERATOR,5ee0b7371ef6fc23a2abde41361340e329f6f30d55af6c36d8c63f18d9c590ed,NTcxNjMwMTg1NDk5,**** **** 5499,6006555619,,BANDIPORA,Sonawari,Odina,623,42,2810,0.0
80439365874,1_623_6811_2700_005015,,AB SALAM BHAT,,,81,Male,Owner,Marginal  Farmer(Farmer having land <1 Hectare),PENDING,,,false,,OPERATOR,9039b19620c848c81fe637cf41193644b45707f04e7c78aa34c5d7ac3bc50df3,NDAwNzU3NzE1NDc0,**** **** 5474,9596225041,,BANDIPORA,Hajin,Gulshanpora,623,6811,2700,23.0
51558472931,1_623_42_2812_005019,,Nazir Ahmad Kawa,,,56,Male,Owner,Marginal  Farmer(Farmer having land <1 Hectare),PENDING,,,false,,OPERATOR,44a418b1572260e0dc882295c7a69cdd9f9b119c0456d871c27cded2436f9165,Mzc0NTc0NDc2OTEz,**** **** 6913,9419654151,,BANDIPORA,Sonawari,Sarai Dangarpora,623,42,2812,46.0
26977942851,1_623_40_2708_005009,,Mohmmad Khalil Lone,,,72,Male,Owner,Marginal  Farmer(Farmer having land <1 Hectare),PENDING,,,false,,OPERATOR,411669278c72bdc7351736a5453b912bb95e88f80711e60123cba4b9a175ac8c,NzM0MDQ4NjE0NDgx,**** **** 4481,9797116440,,BANDIPORA,Gurez,Shah Pora - Achoora (Churwan),623,40,2708,53.0
99113321384,1_623_42_2797_005021,,Ab Rashid Reshi,,,62,Male,Owner,Marginal  Farmer(Farmer having land <1 Hectare),PENDING,,,false,,OPERATOR,36f04f6c58bf588e09461f38e2fba236b9fc57a536492ecf1fe1110f7cbf5d4f,NjIzMjk5ODA0MTMw,**** **** 4130,8899826566,,BANDIPORA,Sonawari,Hilalabad,623,42,2797,54.0
66906942512,1_623_42_2794_005025,,Riyaz Ahmad Khan,,,49,Male,Owner,Marginal  Farmer(Farmer having land <1 Hectare),PENDING,,,false,,OPERATOR,54e1afe1211581e62ac576b9296d26ddc5ec118337be89dbf94dc5b9d9d22281,NjE0NDI2Mzc1OTAw,**** **** 5900,7006217263,,BANDIPORA,Sonawari,Asham,623,42,2794,65.0
84612669728,1_623_42_2812_005020,,RAJA BEGUM,,,74,Female,Owner,Marginal  Farmer(Farmer having land <1 Hectare),PENDING,,,false,,OPERATOR,aeb710bb7db04f7e89a74a86027f4abb3e1067fd458c6dbd420e595190a7184e,NDc1MzIyODc1MTM1,**** **** 5135,7006903518,,BANDIPORA,Sonawari,Sarai Dangarpora,623,42,2812,25.0
68180915946,1_623_42_2812_005021,,Gh Mustafa Rather,,,61,Male,Owner,Marginal  Farmer(Farmer having land <1 Hectare),PENDING,,,false,,OPERATOR,d0eeb295488eb69ea7e2b2b6c439566a1dd777756c915e010a715fea125b89ae,OTc1NjI2MTEzMzgz,**** **** 3383,9419015836,,BANDIPORA,Sonawari,Sarai Dangarpora,623,42,2812,43.0
73504768132,1_623_6810_2777_005028,,Firdous Ahmad Mir,,,42,Male,Owner,Marginal  Farmer(Farmer having land <1 Hectare),PENDING,,,false,,OPERATOR,462971e8b1a5c7aae642070f46384d86b8a006b8b638b6e350a7e1e280f047ae,MjY5ODAxMDI4OTk1,**** **** 8995,9906735811,,BANDIPORA,Ajas,Ajas,623,6810,2777,0.0
91462653415,1_623_42_2794_005026,,Fayaz Ahmad Kaloo,,,46,Male,Owner,Marginal  Farmer(Farmer having land <1 Hectare),PENDING,,,false,,OPERATOR,fb1d9d7cd89391a895c81516b542982fb08d3c64baa48881fbc894b859c423aa,OTgzOTA1NzY1NTIz,**** **** 5523,7889465050,,BANDIPORA,Sonawari,Asham,623,42,2794,65.0
44930971674,1_623_6811_2778_005018,,Mohammad Akram Rather,,,71,Male,Owner,Marginal  Farmer(Farmer having land <1 Hectare),PENDING,,,false,,OPERATOR,46a61f05dfc508837d85b8acb3edfcc12a171e023df5569dde4db76ac6aef700,NTEzNTY5Mzk1NzQ5,**** **** 5749,9622427633,,BANDIPORA,Hajin,Gundi Saderkote,623,6811,2778,56.0
40953290364,1_623_6812_2716_005033,,Mohd Shafi Mir,,,45,Male,Owner,Marginal  Farmer(Farmer having land <1 Hectare),PENDING,,,false,,OPERATOR,74f91a2ab5eb44b4d7dffe38db8dbb5a9970142e1a08116e2a5d9b162d9690d1,NTc2Mzg3Nzc1MDYz,**** **** 5063,6005236632,,BANDIPORA,Tulail,Neeru,623,6812,2716,58.0
54052058863,1_623_40_2708_005010,,Abdul Rahim Lone,,,66,Male,Owner,Marginal  Farmer(Farmer having land <1 Hectare),PENDING,,,false,,OPERATOR,2a77d8227f3d01964d54658db966bc85020184abec141f106724995efe35f175,NTQwMzI3NjM2NzA2,**** **** 6706,7889744203,,BANDIPORA,Gurez,Shah Pora - Achoora (Churwan),623,40,2708,54.0
97602920983,1_623_6812_2724_005046,,Nnazam Din,,,33,Male,Owner,Marginal  Farmer(Farmer having land <1 Hectare),PENDING,,,false,,OPERATOR,f25a1c5a60ef3fe159d373e4276bea3e283dde5639b31dd76d5c06225b32daff,MjQ3NjI1NTUxMDc2,**** **** 1076,6006942453,,BANDIPORA,Tulail,Baduaab,623,6812,2724,67.0
32317514145,1_623_42_2809_005009,,Sehru Muneer,,,42,Female,Owner,Marginal  Farmer(Farmer having land <1 Hectare),PENDING,,,false,,OPERATOR,fa53e57e24ffa1c9e6170ba0729f7fa2c754ff83ea3e25f3446f17cae93f14fb,NTMyNzkzNjU5NTY5,**** **** 9569,6005792398,,BANDIPORA,Sonawari,Trigam,623,42,2809,28.0
49739002059,1_623_40_2708_005011,,Azizullah Lone,,,56,Male,Owner,Marginal  Farmer(Farmer having land <1 Hectare),PENDING,,,false,,OPERATOR,71b154a147ff0aa0a18660af51bbe82e94155ffe30a73d598bd91928757b0807,NjI1OTQxNTI5ODc2,**** **** 9876,9149791992,,BANDIPORA,Gurez,Shah Pora - Achoora (Churwan),623,40,2708,44.0
58230487985,1_623_6811_2783_005015,,Nazima Begum,,,36,Female,Owner,Marginal  Farmer(Farmer having land <1 Hectare),PENDING,,,false,,OPERATOR,e9de94f0c5e53cc738a9e546a8448e6409b8cecf5467baf333959fc7bc74ba8d,NDk0MTI5NTg4NjU1,**** **** 8655,8492825514,,BANDIPORA,Hajin,Vijipara,623,6811,2783,0.0
39298765731,1_623_42_2812_005023,,Gh. Hussain Rather,,,56,Male,Owner,Marginal  Farmer(Farmer having land <1 Hectare),PENDING,,,false,,OPERATOR,b6a7c296439c0b245e28be04224b5e565072153ac5e223801ed1d4f2d6101e4a,Njk1OTYxNDY0Nzgx,**** **** 4781,7006710069,,BANDIPORA,Sonawari,Sarai Dangarpora,623,42,2812,23.0
81923370754,1_623_42_2794_005029,,Farooq Ahmad Ganie,,,46,Male,Owner,Marginal  Farmer(Farmer having land <1 Hectare),PENDING,,,false,,OPERATOR,e7890f5f18e8ad21a70bbb7d7b69bc75cc8d56f45caa06ed9af9088a7830faf2,ODM1OTA1MjQ5OTc2,**** **** 9976,9596196199,,BANDIPORA,Sonawari,Asham,623,42,2794,65.0
38542707282,1_623_6812_2716_005034,,Ghulam Mohammad Mir,,,63,Male,Owner,Marginal  Farmer(Farmer having land <1 Hectare),PENDING,,,false,,OPERATOR,c5d30393c759225809a848542bd04e25847129c9a07c7f48a225dd788eaa6634,NTE2MjYxODE4NjQ3,**** **** 8647,6005030415,,BANDIPORA,Tulail,Neeru,623,6812,2716,46.0
57548612663,1_623_6811_2700_005030,,GH MOHD DAR,,,61,Male,Owner,Marginal  Farmer(Farmer having land <1 Hectare),PENDING,,,false,,OPERATOR,5e436c321a4beac1a4dbec3f9aafd510cf99394c3eb3c69bfcb55672ae8404bb,NTM0MDA0OTg3NTEw,**** **** 7510,9797225466,,BANDIPORA,Hajin,Gulshanpora,623,6811,2700,41.0
13425500456,1_623_6811_2778_005016,,Hajira Begum,,,96,Female,Owner,Marginal  Farmer(Farmer having land <1 Hectare),PENDING,,,false,,OPERATOR,4e04ad6055cb96db51df4c3511bcace814f30bd032f6fe8d38c2e098377e8969,NDQwNDQ3MzgxMTU3,**** **** 1157,7889942249,,BANDIPORA,Hajin,Gundi Saderkote,623,6811,2778,13.0
51353485974,1_623_42_2812_005024,,Gh Hassan Rather,,,81,Male,Owner,Marginal  Farmer(Farmer having land <1 Hectare),PENDING,,,false,,OPERATOR,a1fcfc69a1ec15d02a1a1a7489e66f7675cbbeabaa159e6d41e70075fb88ccf1,NDQ1NDIyMjg3NTMy,**** **** 7532,9103125157,,BANDIPORA,Sonawari,Sarai Dangarpora,623,42,2812,32.0
10429595751,1_623_42_2808_005017,,Muneer Ahmad Wagay,,,40,Male,Owner,Marginal  Farmer(Farmer having land <1 Hectare),PENDING,,,false,,OPERATOR,4676e60968b317f76f7e880cc26251a1b943ff7505610ad0e489aeb4ea83b35d,ODY1MzAwODIyNTc1,**** **** 2575,9622636318,,BANDIPORA,Sonawari,Gund i Khalil,623,42,2808,65.0
13099687862,1_623_40_2708_005012,,Jamid Ahmad Lone,,,44,Male,Owner,Marginal  Farmer(Farmer having land <1 Hectare),PENDING,,,false,,OPERATOR,282710f32619b65cb486febbbb420db1bb5ac640e50f76500a714742036b44d2,MzQ1MDMwNjkzNDg5,**** **** 3489,6006852527,,BANDIPORA,Gurez,Shah Pora - Achoora (Churwan),623,40,2708,55.0
88649635130,1_623_6812_2724_005022,,Gh Mohammad Khan,,,55,Male,Owner,Marginal  Farmer(Farmer having land <1 Hectare),PENDING,,,false,,OPERATOR,753e77c70c5bd77da316e70390df4b9f30d31cde9f424970a96f5e896e6463c2,OTMxMzc0MzYzNjMy,**** **** 3632,9103032696,,BANDIPORA,Tulail,Baduaab,623,6812,2724,43.0
94556258311,1_623_6811_2783_005007,,MOHD ASHRAF PARAY,,,60,Male,Owner,Marginal  Farmer(Farmer having land <1 Hectare),PENDING,,,false,,OPERATOR,9ec749e15f311154b6890b33701d2de5992aaed2cb082ac9b2ea3bd593c91727,ODkxMjQ1MzM2NDE5,**** **** 6419,7889903119,,BANDIPORA,Hajin,Vijipara,623,6811,2783,53.0
83682288151,1_623_42_2797_005022,,MOHAMMAD RAFIQ AHANGER,,,39,Male,Owner,Marginal  Farmer(Farmer having land <1 Hectare),PENDING,,,false,,OPERATOR,2a16ade46b7c58bd78e60a0d8b4748630629021f09f160afe505bea55b446d89,NzkzNTE0NTIzNTI5,**** **** 3529,9858179995,,BANDIPORA,Sonawari,Hilalabad,623,42,2797,64.0
36241787868,1_623_42_2794_005027,,Abdul Rashid Ganai,,,63,Male,Owner,Marginal  Farmer(Farmer having land <1 Hectare),PENDING,,,false,,OPERATOR,b434d61a6105ecab8469ec7ab400bbe0a05dec047a5885c2e3e799f850978072,NjcyNTE3MzY3NDY0,**** **** 7464,6006561765,,BANDIPORA,Sonawari,Asham,623,42,2794,55.0
80016503553,1_623_6810_2777_005029,,Fayaz Ahmed Najar,,,55,Male,Owner,Marginal  Farmer(Farmer having land <1 Hectare),PENDING,,,false,,OPERATOR,ce7890df68ae6fa4c630aa37e1da082fdd020d221b3b8d3d7542392a9ba9798b,NDE1NzIxMzg0NTc3,**** **** 4577,9149407855,,BANDIPORA,Ajas,Ajas,623,6810,2777,0.0
87272114628,1_623_42_2812_005022,,Reyaz Ahmad Dar,,,44,Male,Owner,Marginal  Farmer(Farmer having land <1 Hectare),PENDING,,,false,,OPERATOR,ff80e5b74ca337f21584507ec37ab7e1869425db4fa90175c81466e5f987bf7a,NDM2MDcwMTU4NDMw,**** **** 8430,7889353563,,BANDIPORA,Sonawari,Sarai Dangarpora,623,42,2812,44.0
38421640276,1_623_42_2797_005023,,Sameer Ahmad Bhat,,,39,Male,Owner,Marginal  Farmer(Farmer having land <1 Hectare),PENDING,,,false,,OPERATOR,e0f82bdbb010fc8e8e371cb796196b5d288deea248372d94aed9fc8b3c804394,NzI5NzU5MjMyMjE5,**** **** 2219,7006825708,,BANDIPORA,Sonawari,Hilalabad,623,42,2797,23.0
42655180223,1_623_42_2794_005028,,Fayaz Ahmad Ganaie,,,41,Male,Owner,Marginal  Farmer(Farmer having land <1 Hectare),PENDING,,,false,,OPERATOR,79ed71e9758ae9e9253456707a44088c240ea411b94daa8fb160aeca4e400d47,NTgyMTkwMTcwMzU4,**** **** 0358,7006116440,,BANDIPORA,Sonawari,Asham,623,42,2794,64.0
55451098171,1_623_42_2810_005008,,Mohd Qazam Dar,,,56,Male,Owner,Marginal  Farmer(Farmer having land <1 Hectare),PENDING,,,false,,OPERATOR,e1c9d97fa80637462dd544c4caf3fd703707e4a0ba3951b1645701f255d88971,MzYyNjc3ODc3MDY2,**** **** 7066,7298930027,,BANDIPORA,Sonawari,Odina,623,42,2810,0.0
74280497882,1_623_42_2797_005046,,Abdul Gani Ahanger,,,53,Male,Owner,Marginal  Farmer(Farmer having land <1 Hectare),PENDING,,,false,,OPERATOR,cf1d5f07ffbb34a64bf6c39c9efbdb35223274380ad1f23d44329124f6ee1cc0,OTYwMjc1OTUwMzMz,**** **** 0333,7006353682,,BANDIPORA,Sonawari,Hilalabad,623,42,2797,0.0
90229991888,1_623_42_2810_005025,,ALI MOHD BHAT,,,46,Male,Owner,Marginal  Farmer(Farmer having land <1 Hectare),PENDING,,,false,,OPERATOR,47c9f1737b7f0c779ff295fc0fd07c9a4be031d200f9f3e8cb2523f9dcc19a43,NjU3NDcyMzIxNjI5,**** **** 1629,7889488737,,BANDIPORA,Sonawari,Odina,623,42,2810,0.0
74121948087,1_623_6810_2777_005030,,Ghulam Hassan Ahangar,,,66,Male,Owner,Marginal  Farmer(Farmer having land <1 Hectare),APPROVED,,,false,,OPERATOR,c4331e37d07e1d32b47c672a33044e8806e819adcac90df4df491f4c3de847f7,NjAwNjcyNjI3MDY0,**** **** 7064,9541207635,,BANDIPORA,Ajas,Ajas,623,6810,2777,46.0
67038289784,1_623_40_2707_005030,,Mohammad Munawar Shangru,,,69,Male,Owner,Marginal  Farmer(Farmer having land <1 Hectare),PENDING,,,false,,OPERATOR,39904fc5e7d85bdb118a933ce744bd59376813c4f59de85d66f59aecc2f15a72,OTg1MTM1OTgzNDI4,**** **** 3428,7889847107,,BANDIPORA,Gurez,Markoot,623,40,2707,54.0
83401163400,1_623_6811_2700_005016,,GH HASSAN BHAT,,,42,Male,Owner,Marginal  Farmer(Farmer having land <1 Hectare),PENDING,,,false,,OPERATOR,abc442753ef68b315ffbe74589a4395eb5ab412d39bfe62d07c3f5700f617f62,NTgwNTg0NTY2ODIz,**** **** 6823,8082318793,,BANDIPORA,Hajin,Gulshanpora,623,6811,2700,43.0
14238838393,1_623_6812_2724_005024,,MOHD YOUSAF NAIK,,,64,Male,Owner,Marginal  Farmer(Farmer having land <1 Hectare),APPROVED,,,false,,OPERATOR,270479936b2999801df94401f68133c7413170377d1e905a8f746f364d131b52,NDg1NTUxMzUzMTcw,**** **** 3170,9103056196,,BANDIPORA,Tulail,Baduaab,623,6812,2724,36.0
78950775622,1_623_42_2809_005010,,Javeed Ahmad Parray,,,38,Male,Owner,Marginal  Farmer(Farmer having land <1 Hectare),PENDING,,,false,,OPERATOR,64ac14c8a66aac66960c586862283be15432ea42e2558b13390728d2c75cbb27,NjYzNzc4ODcwNjYz,**** **** 0663,9906045864,,BANDIPORA,Sonawari,Trigam,623,42,2809,33.0
16545069571,1_623_6811_2778_005023,,Ishfaq Abdullah Rather,,,34,Male,Owner,Marginal  Farmer(Farmer having land <1 Hectare),PENDING,,,false,,OPERATOR,b5179401c960aeece1cf684728e4d118ba9fdbcdb93be2556bf090071e172c61,OTcxNjA4MDM2MDUz,**** **** 6053,7889516650,,BANDIPORA,Hajin,Gundi Saderkote,623,6811,2778,35.0
76960110066,1_623_6812_2724_005049,,Shams Ud Din Lone,,,57,Male,Owner,Marginal  Farmer(Farmer having land <1 Hectare),PENDING,,,false,,OPERATOR,e4168c02a56159a7928a59590e733fa62a75b1b939b1f5ea3312ef1fe7c23c93,NTI2NDQzOTQ0MTU4,**** **** 4158,6006969442,,BANDIPORA,Tulail,Baduaab,623,6812,2724,61.0
55264272851,1_623_40_2708_005033,,Altaf Hussain Lone,,,42,Male,Owner,Marginal  Farmer(Farmer having land <1 Hectare),PENDING,,,false,,OPERATOR,487e1b507ca7114c56d97b5f57ce47f6406d1e26bef4a62ae791da36f53b7213,ODg4MjIzNTMxOTc4,**** **** 1978,9596949729,,BANDIPORA,Gurez,Shah Pora - Achoora (Churwan),623,40,2708,61.0
62659926542,1_623_6811_2783_005016,,Qurat Ul Ain,,,32,Female,Owner,Marginal  Farmer(Farmer having land <1 Hectare),PENDING,,,false,,OPERATOR,1e2720755d6fc1599c81f758b14f5d050cbfbbb95d44a3337277770822d09914,ODEwNTQ0MTcyNjAz,**** **** 2603,7889664381,,BANDIPORA,Hajin,Vijipara,623,6811,2783,0.0
51444889030,1_623_40_2708_005034,,Hajra Bagum,,,70,Female,Owner,Marginal  Farmer(Farmer having land <1 Hectare),PENDING,,,false,,OPERATOR,4ee201650486257fb318c179ad6ee9f0f87a07294e78c15f3fdcfc1fb8099117,MzE1MzQ2ODQxNTIw,**** **** 1520,7780814384,,BANDIPORA,Gurez,Shah Pora - Achoora (Churwan),623,40,2708,57.0
22260447640,1_623_6812_2724_005059,,Dilshada Begum,,,51,Female,Owner,Marginal  Farmer(Farmer having land <1 Hectare),PENDING,,,false,,OPERATOR,58c4f149a974de3028dda6e8a7e36c58bfad86bb2b4899add9d23a0c3c97f9fe,NTMwNjk3NTI5ODk4,**** **** 9898,9103069415,,BANDIPORA,Tulail,Baduaab,623,6812,2724,50.0
71257942781,1_623_6809_2744_005013,,Asif Iqbal Wani,,,46,Male,Owner,Marginal  Farmer(Farmer having land <1 Hectare),PENDING,,,false,,OPERATOR,950a0e13b07cfd6a55c24d86d9859fcedeb0b7ff26ba02969646ae0fcd51fae1,NTkwNzc0MDc4MzQ1,**** **** 8345,9596002155,,BANDIPORA,Aloosa,Mangnipora,623,6809,2744,65.0
40814578636,1_623_42_2797_005024,,Mohmad Yaseen Bhat,,,34,Male,Owner,Marginal  Farmer(Farmer having land <1 Hectare),PENDING,,,false,,OPERATOR,de1b4f6ddff8395a0edfb472b2a6e59d2fa4a79421991e805b7d76d150a2dee4,OTYxMTQ0MzE2MTI0,**** **** 6124,9906006309,,BANDIPORA,Sonawari,Hilalabad,623,42,2797,55.0
62700309720,1_623_42_2812_005025,,ASAD ULLAH RATHER,,,61,Male,Owner,Marginal  Farmer(Farmer having land <1 Hectare),PENDING,,,false,,OPERATOR,8a2750340506d18d11ea0d9948f030b4605783d6f5375dcf17fbee42b6ca7abb,MzEyMjU5MzAxMjk4,**** **** 1298,7006192874,,BANDIPORA,Sonawari,Sarai Dangarpora,623,42,2812,32.0
82908886684,1_623_6811_2778_005007,,Abdul Hamid Rather,,,56,Male,Owner,Marginal  Farmer(Farmer having land <1 Hectare),PENDING,,,false,,OPERATOR,a62b65eefab5d13c7f8ab6f7fdb9c00b9a806bc3405668330ab292430354b36d,OTcwMzEwOTM2MzMz,**** **** 6333,7298715673,,BANDIPORA,Hajin,Gundi Saderkote,623,6811,2778,59.0
67249182327,1_623_6812_2716_005028,,BAKTHAWER MIR,,,54,Male,Owner,Marginal  Farmer(Farmer having land <1 Hectare),APPROVED,,,false,,OPERATOR,3bd7e2bcf259f72346633ba831c23860e02993cf1d9c534957252dba0b1c4389,NzYzMzYwODEwMjU3,**** **** 0257,7006676983,,BANDIPORA,Tulail,Neeru,623,6812,2716,34.0
74005673397,1_623_6811_2778_005017,,MOHD ASADULLAH RATHER,,,56,Male,Owner,Marginal  Farmer(Farmer having land <1 Hectare),PENDING,,,false,,OPERATOR,eb7365308663bbc22ac0b4d6648c9b4dffba7eba947dbba216b2d103131a0c00,ODU3ODg4NDE5ODY1,**** **** 9865,8803949584,,BANDIPORA,Hajin,Gundi Saderkote,623,6811,2778,32.0
19953179971,1_623_40_2708_005013,,Mohd Ashraf Khan,,,58,Male,Owner,Marginal  Farmer(Farmer having land <1 Hectare),PENDING,,,false,,OPERATOR,44dfa0db1621a352972dff7630d77358200f0f5cda8b973463a10f85e272a3ca,NDI0MDA3ODMwMTU0,**** **** 0154,8899943158,,BANDIPORA,Gurez,Shah Pora - Achoora (Churwan),623,40,2708,56.0
24164139184,1_623_40_2707_005029,,Gh Ahmed Akhoon,,,59,Male,Owner,Marginal  Farmer(Farmer having land <1 Hectare),PENDING,,,false,,OPERATOR,493d41b4355ed44d73cdc8de3317518c67ebf401e93d1d6b6e84045e7a382513,MzkzMDYzNDU1Mjk2,**** **** 5296,7006770689,,BANDIPORA,Gurez,Markoot,623,40,2707,61.0
79333768252,1_623_42_2794_005053,,Lateef Ur Rahman,,,45,Male,Owner,Marginal  Farmer(Farmer having land <1 Hectare),APPROVED,,,false,,OPERATOR,a19a586673ef7bb9ff8ca16ba3494e30febfa164f3823a86bb5a337314100a9d,OTEzMDU5NDEwODI1,**** **** 0825,9596381231,,BANDIPORA,Sonawari,Asham,623,42,2794,88.0
51927323235,1_623_6812_2724_005025,,Mukhtar Ahmad Lone,,,42,Male,Owner,Marginal  Farmer(Farmer having land <1 Hectare),PENDING,,,false,,OPERATOR,a80c04928e8130d51298c9dfae81586bf78fab3bc2a66e26f6a9234e6078bcfd,Njc2MzIwMzM3MDQ1,**** **** 7045,7780904064,,BANDIPORA,Tulail,Baduaab,623,6812,2724,40.0
17587127192,1_623_6812_2724_005047,,Sirajudian Khan,,,43,Male,Owner,Marginal  Farmer(Farmer having land <1 Hectare),PENDING,,,false,,OPERATOR,5a3a95e32ab046bf3fb77acb90803b3bf2d59e501c45202a14112351a9013432,NDg4Nzk4MjA3NzE3,**** **** 7717,6006982778,,BANDIPORA,Tulail,Baduaab,623,6812,2724,0.0
87515121518,1_623_40_2708_005020,,Faizul Waheed Khan,,,25,Male,Owner,Marginal  Farmer(Farmer having land <1 Hectare),PENDING,,,false,,OPERATOR,5806212afc42186143336a6b5c10b11514b806a7eb0cc2341bfae75859bb830d,OTk1MzE5MTA0NTEw,**** **** 4510,6006204261,,BANDIPORA,Gurez,Shah Pora - Achoora (Churwan),623,40,2708,33.0
55167274176,1_623_6812_2716_005027,,Ghulam Ahmad Mir,,,60,Male,Owner,Marginal  Farmer(Farmer having land <1 Hectare),PENDING,,,false,,OPERATOR,3f0fec9deb12a6bc4dedc411999437d3af6c3efb4c482f921b8a5d0f2ca614c8,OTU5NDYwNDM4NTE2,**** **** 8516,6006102680,,BANDIPORA,Tulail,Neeru,623,6812,2716,0.0
23582454214,1_623_42_2797_005047,,Ab Rashid Bhat,,,58,Male,Owner,Marginal  Farmer(Farmer having land <1 Hectare),PENDING,,,false,,OPERATOR,4cce71b2093a33fb93903745ddf037eb8c31772e974f7869938ed2235aba37f3,MjUzNjcwODQ0Nzk4,**** **** 4798,9858352008,,BANDIPORA,Sonawari,Hilalabad,623,42,2797,44.0
11440388485,1_623_6812_2724_005051,,Manzoor Ahmad Lone,,,54,Male,Owner,Marginal  Farmer(Farmer having land <1 Hectare),PENDING,,,false,,OPERATOR,6d581802856079effceeb9037488b7c696f40c60fd103a4a0ac3d17981bfdb45,NzM0MjI0MTUwNzk3,**** **** 0797,7780848823,,BANDIPORA,Tulail,Baduaab,623,6812,2724,56.0
92078481903,1_623_6812_2724_005038,,HAIDER KHAN,,,55,Male,Owner,Marginal  Farmer(Farmer having land <1 Hectare),APPROVED,,,false,,OPERATOR,d04299e734c2f18eff1da29e55587c3388a792927a91caae28bb2c276519cb6d,Njk1NjEyNjgzNjkz,**** **** 3693,6006937919,,BANDIPORA,Tulail,Baduaab,623,6812,2724,35.0
30143682915,1_623_6812_2724_005061,,MOHD AFZAL KHAN,,,52,Male,Owner,Marginal  Farmer(Farmer having land <1 Hectare),APPROVED,,,false,,OPERATOR,2067245672f72a3a556cf9d01a53572d47603b171f0935bf181482162aa0709f,MjY1NjUxOTc3OTcy,**** **** 7972,7889354547,,BANDIPORA,Tulail,Baduaab,623,6812,2724,43.0
70519921182,1_623_42_2810_005022,,Ghulam Rasool Mir,,,43,Male,Owner,Marginal  Farmer(Farmer having land <1 Hectare),PENDING,,,false,,OPERATOR,cf7b43eebf610c0cd00db3d8dd8530f5c365d22d2fa0c4a47c7597436b6221b8,OTUxMzMyNDgyODA3,**** **** 2807,9906124355,,BANDIPORA,Sonawari,Odina,623,42,2810,56.0
36108878216,1_623_40_2708_005024,,HAJEERA BAGUM,,,61,Female,Owner,Marginal  Farmer(Farmer having land <1 Hectare),PENDING,,,false,,OPERATOR,d6914465278f407cb3afc235b5502f74dff38ba99f4adf2625c8b2097e49d58e,NjA1NzI2MzAxNzk1,**** **** 1795,9469138923,,BANDIPORA,Gurez,Shah Pora - Achoora (Churwan),623,40,2708,50.0
21817020466,1_623_42_2800_005003,,Zahoor Ahmad Dar,,,53,Male,Owner,Marginal  Farmer(Farmer having land <1 Hectare),PENDING,,,false,,OPERATOR,eebaf49e67d3415754b2b883bad2938de91bfdebe2beb564137313d3e7acdbcb,NzcwMTgxNjE0NjI4,**** **** 4628,9541691817,,BANDIPORA,Sonawari,Rakh Shilvat,623,42,2800,66.0
11526503193,1_623_42_2794_005054,,Ghulam Rasool Khan,,,57,Male,Owner,Small Farmer (Farmer having Land >=1 & <2 Hectare),PENDING,,,false,,OPERATOR,8b45b1313b37cb82a68a1d18cb508ae638342bc45f5ae43651ac44f3a3e9134e,MjQxODI2ODE5NTky,**** **** 9592,9149940701,,BANDIPORA,Sonawari,Asham,623,42,2794,46.0
55147342243,1_623_6812_2724_005028,,Gh Nabi Khan,,,43,Male,Owner,Marginal  Farmer(Farmer having land <1 Hectare),PENDING,,,false,,OPERATOR,4674e73c311d3acfc65a63e38817d26a4fff8557c7b83bba00f1d287d2b1b587,OTAxMTAzNzcwNzY2,**** **** 0766,9149895346,,BANDIPORA,Tulail,Baduaab,623,6812,2724,0.0
87378250390,1_623_40_2707_005032,,Mohd Yaqub Sheikh,,,37,Male,Owner,Marginal  Farmer(Farmer having land <1 Hectare),PENDING,,,false,,OPERATOR,cb2dda70cc964ebb188fea3a9a8ecf2aba687188fc43c1886b826a30d84b7285,NzI3OTM0NDQwNzAw,**** **** 0700,7006825140,,BANDIPORA,Gurez,Markoot,623,40,2707,52.0
17163658518,1_623_6812_2716_005035,,Bashir Ah Mir,,,74,Male,Owner,Marginal  Farmer(Farmer having land <1 Hectare),PENDING,,,false,,OPERATOR,e6a4bbfbbc38a9ca1e311774293f9b213ea8a1d238ce97f653d92a0387519b34,NTYzOTIxMDM4Njk4,**** **** 8698,9469737443,,BANDIPORA,Tulail,Neeru,623,6812,2716,23.0
29599962650,1_623_42_2794_005030,,Ghulam Hassan Koul,,,61,Male,Owner,Marginal  Farmer(Farmer having land <1 Hectare),PENDING,,,false,,OPERATOR,aa06b13248e6ae3209059ce6498c5cd0d2d6bb706d00014ff10a5138d52b3579,NDY1NTgyOTQ1MjEz,**** **** 5213,9622540639,,BANDIPORA,Sonawari,Asham,623,42,2794,46.0
89073387295,1_623_6812_2724_005045,,MOHD AFZAL LONE,,,48,Male,Owner,Marginal  Farmer(Farmer having land <1 Hectare),APPROVED,,,false,,OPERATOR,517bb40cfcf4854970f8c6edbfa31fa797a69a5d41409e7fec055ba8371b2d76,Njg2MzQxODQzODEz,**** **** 3813,6006296272,,BANDIPORA,Tulail,Baduaab,623,6812,2724,43.0
24736759118,1_623_42_2797_005026,,Shabir Ahmad Bhat,,,35,Male,Owner,Marginal  Farmer(Farmer having land <1 Hectare),PENDING,,,false,,OPERATOR,6a765404fbe831da5b7960fbc98fc8955a8f93ba0691944f04f6d57cd0aad9b8,MzI3NDYzNjQ5OTg1,**** **** 9985,9596304121,,BANDIPORA,Sonawari,Hilalabad,623,42,2797,46.0
94377581984,1_623_42_2797_005025,,Mohammad Zahid Reshi,,,30,Male,Owner,Marginal  Farmer(Farmer having land <1 Hectare),PENDING,,,false,,OPERATOR,92e9686c107c7ee86afbabff2b7fa98aedcbeb77bd990947361baa459fa1990e,NTg1Nzk1ODAyMjky,**** **** 2292,6005655299,,BANDIPORA,Sonawari,Hilalabad,623,42,2797,46.0
75143147923,1_623_42_2794_005031,,Ali Mohd Ganaie,,,78,Male,Owner,Marginal  Farmer(Farmer having land <1 Hectare),PENDING,,,false,,OPERATOR,dc6a142b6e67523a4dee1a8ba4440a60d294e737b6755c19bbecc993aaccc2cb,NTI0NzAwNzAwNjYx,**** **** 0661,9906833032,,BANDIPORA,Sonawari,Asham,623,42,2794,63.0
37851720847,1_623_6810_2777_005031,,Ghulam Nabi Gojar Matravi,,,67,Male,Owner,Marginal  Farmer(Farmer having land <1 Hectare),PENDING,,,false,,OPERATOR,c608ddfc16dcc2c1c58490435ffac3eb5c3539a0fe9f5e178ffaab261a0fd63c,NDc4ODE5MzQ2ODU5,**** **** 6859,8899050364,,BANDIPORA,Ajas,Ajas,623,6810,2777,0.0
52571422608,1_623_42_2809_005004,,Ghulam Mohammad Bhat,,,71,Male,Owner,Marginal  Farmer(Farmer having land <1 Hectare),PENDING,,,false,,OPERATOR,5de9a7147dfb5346f76d03dbfde14d3233ff10e719f997fc229475ceae9b62f8,NjM1Mzc4ODQwNTM0,**** **** 0534,9697497610,,BANDIPORA,Sonawari,Trigam,623,42,2809,47.0
11238517399,1_623_42_2810_005015,,Nisar Ahmad Mir,,,48,Male,Owner,Marginal  Farmer(Farmer having land <1 Hectare),PENDING,,,false,,OPERATOR,9df2b579651be4ba1f6d69ff716ae78eb82f2bc3233c08d60d8fb0e5e100ded5,ODA0ODQ2NDgzNTE1,**** **** 3515,9541516983,,BANDIPORA,Sonawari,Odina,623,42,2810,56.0
49747443368,1_623_6812_2716_005024,,JUMMA WANI,,,71,Male,Owner,Marginal  Farmer(Farmer having land <1 Hectare),APPROVED,,,false,,OPERATOR,4fa1b8ea6b0b38d54f46befd6cc30f81c0fc815a38ed3125f14077f59fcb7ded,NDYyOTE4NDYyMDM3,**** **** 2037,7006996034,,BANDIPORA,Tulail,Neeru,623,6812,2716,34.0
88301008727,1_623_6812_2716_005023,,Mohammad Munawar Wani,,,73,Male,Owner,Marginal  Farmer(Farmer having land <1 Hectare),APPROVED,,,false,,OPERATOR,f8eb480a229b0511536215dcb0a197503cbee614c8655b0a184549cf389d3395,NjA0MjYxODc5NjQ2,**** **** 9646,7006996034,,BANDIPORA,Tulail,Neeru,623,6812,2716,37.0
92764306589,1_623_6812_2716_005029,,ALI MIR,,,61,Male,Owner,Marginal  Farmer(Farmer having land <1 Hectare),APPROVED,,,false,,OPERATOR,a8eba599ae40e0fbeeacfe31aaae4422dfa6e6ff9fcf07153a9edbd35b9c75cf,NDI3NDk1MzQ1NDQ3,**** **** 5447,7006676983,,BANDIPORA,Tulail,Neeru,623,6812,2716,28.0
15825564016,1_623_42_2809_005011,,Abdul Aziz Parray,,,41,Male,Owner,Marginal  Farmer(Farmer having land <1 Hectare),PENDING,,,false,,OPERATOR,6b2f5fe1dd24a67b71e0a06a80ef68528194fab84d65a439b7ae6373bc6e2448,MzM4NTA2MDE3NzQ0,**** **** 7744,9906470589,,BANDIPORA,Sonawari,Trigam,623,42,2809,56.0
81691565803,1_623_6812_2716_005026,,Ghulam Mir,,,65,Male,Owner,Marginal  Farmer(Farmer having land <1 Hectare),APPROVED,,,false,,OPERATOR,3a1a064db9b4d6ab094cf9e4618441d5e903e529b5e64996490abfd5f71d6113,NzM3MTUzODEwNTEz,**** **** 0513,9149421272,,BANDIPORA,Tulail,Neeru,623,6812,2716,34.0
64111663469,1_623_42_2810_005018,,Zainab Begum,,,43,Female,Owner,Marginal  Farmer(Farmer having land <1 Hectare),PENDING,,,false,,OPERATOR,8d08c11935f4c5902d88f027d7f6e8788c02bc06a17028b66511465db34bb47f,Mjg3MzE4Mjg2NTA5,**** **** 6509,7298441951,,BANDIPORA,Sonawari,Odina,623,42,2810,54.0
54359568652,1_623_6812_2716_005025,,MUSHTAQ AHMAD MIR,,,39,Male,Owner,Marginal  Farmer(Farmer having land <1 Hectare),APPROVED,,,false,,OPERATOR,617424228b2b7be131d9d48ff4f0d89a48d36dda54100b1f0fc48f6eca966b33,NzYyNTU0OTEzOTQz,**** **** 3943,6006107707,,BANDIPORA,Tulail,Neeru,623,6812,2716,61.0
66272962571,1_623_40_2707_005015,,Mohd Anwer Lone,,,71,Male,Owner,Marginal  Farmer(Farmer having land <1 Hectare),PENDING,,,false,,OPERATOR,19f34790dc93f1f0fbe0d4e1a650deafbec0391ec04e5f801a353afd30332fd5,MzE0NTc1NjI3MjI0,**** **** 7224,6005014378,,BANDIPORA,Gurez,Markoot,623,40,2707,25.0
85085423920,1_623_6812_2716_005015,,AB GANI MIR,,,58,Male,Owner,Marginal  Farmer(Farmer having land <1 Hectare),APPROVED,,,false,,OPERATOR,6efc02feee7157bc0e3e113b19945b3084533469ee8ef16c9b476eb2ef2860a0,NTUxNDc3MjY5NjE4,**** **** 9618,9149508294,,BANDIPORA,Tulail,Neeru,623,6812,2716,44.0
12293503259,1_623_6812_2724_005060,,Mohidin Khan,,,45,Male,Owner,Marginal  Farmer(Farmer having land <1 Hectare),PENDING,,,false,,OPERATOR,3a649ade3b09c51e6e37545d20a174cf0dc48f1610d703c96d9002c072a1f0af,NDUwMTg3NzI3NTI5,**** **** 7529,9149559129,,BANDIPORA,Tulail,Baduaab,623,6812,2724,61.0
32961600125,1_623_6809_2744_005014,,ARIF IQBAL WANI,,,43,Male,Owner,Marginal  Farmer(Farmer having land <1 Hectare),PENDING,,,false,,OPERATOR,239bf0ea7804d6816aaf6e8e44f963afd2c3e939dde34d848c4cb15832367d4f,OTkzMDc3MjYyNDQ3,**** **** 2447,8825015737,,BANDIPORA,Aloosa,Mangnipora,623,6809,2744,65.0
59054955316,1_623_40_2708_005035,,Irfan Mohmad Khan,,,38,Male,Owner,Marginal  Farmer(Farmer having land <1 Hectare),PENDING,,,false,,OPERATOR,b023bbfc16c6fb748ea79fad6df2ac6b0a734132999d1572337bbcdfd86fae41,NjUyMTM4NTUzMjY1,**** **** 3265,7889319689,,BANDIPORA,Gurez,Shah Pora - Achoora (Churwan),623,40,2708,43.0
47025077161,1_623_42_2808_005013,,ARIFA BANO,,,33,Female,Owner,Marginal  Farmer(Farmer having land <1 Hectare),PENDING,,,false,,OPERATOR,ee77382019e3f807bd094f3e21e1f3ab890bfae777fee3d480ecaedb7254d486,NjYxNjIyMDQzOTMx,**** **** 3931,7006893043,,BANDIPORA,Sonawari,Gund i Khalil,623,42,2808,50.0
36859695864,1_623_42_2810_005024,,MOHD YOUSUF BHAT,,,61,Male,Owner,Marginal  Farmer(Farmer having land <1 Hectare),PENDING,,,false,,OPERATOR,318d3852834385d83f2eba5f5b656a13c33d444ed1498cf549e80cf978a2ebc7,OTExMjM4MDM5NTI3,**** **** 9527,7889307935,,BANDIPORA,Sonawari,Odina,623,42,2810,43.0
85390178397,1_623_42_2794_005034,,MOHD AKBAR PARRAY,,,61,Male,Owner,Marginal  Farmer(Farmer having land <1 Hectare),PENDING,,,false,,OPERATOR,9bf045c736a6e1a74949ba2c8d02ce0c074dd061792695e302418686564644f1,ODQ2NzczMjg2NTk3,**** **** 6597,9596121652,,BANDIPORA,Sonawari,Asham,623,42,2794,53.0
89440192072,1_623_6812_2724_005053,,Mohammad Habib Khan,,,75,Male,Owner,Marginal  Farmer(Farmer having land <1 Hectare),PENDING,,,false,,OPERATOR,341c9457eae181e2d2783da06d0733e4cc45e364aeb9f399e9ee4c01e9f5af1e,NzY5MDkzMjIxMjI2,**** **** 1226,6005709278,,BANDIPORA,Tulail,Baduaab,623,6812,2724,23.0
66111222892,1_623_42_2809_005005,,Manzoor Ahmad Bhat,,,48,Male,Owner,Marginal  Farmer(Farmer having land <1 Hectare),PENDING,,,false,,OPERATOR,ea641ced630993c31401f4a389dd1b7ab486a077f2999ce3849b0ac8bd9cc04b,OTI4OTgwNzExNjM0,**** **** 1634,9906809031,,BANDIPORA,Sonawari,Trigam,623,42,2809,17.0
73963504406,1_623_42_2800_005004,,Taja Begum,,,76,Female,Owner,Marginal  Farmer(Farmer having land <1 Hectare),PENDING,,,false,,OPERATOR,ca0991115c3de7787746611a4ec06ebdda8f371d7de209df5e0ea28d0b3cf06b,NjM0NzIzNTg4MDI1,**** **** 8025,7889409431,,BANDIPORA,Sonawari,Rakh Shilvat,623,42,2800,25.0
85997358134,1_623_42_2810_005023,,GH HYDER BHAT,,,43,Male,Owner,Marginal  Farmer(Farmer having land <1 Hectare),PENDING,,,false,,OPERATOR,3976237a25fbecaadbdfbbd62b64261145285e9a6d65456c37177e9e57a2ab2b,MzczMDM3NzQ0MDgy,**** **** 4082,9858432262,,BANDIPORA,Sonawari,Odina,623,42,2810,0.0
99194828814,1_623_6811_2700_005018,,Abdul Hamid Dar,,,51,Male,Owner,Marginal  Farmer(Farmer having land <1 Hectare),PENDING,,,false,,OPERATOR,fdb7c5f51205904595b7b8e9f16f559614b3d05ee7e492070fd200852df50397,NzMxOTA4OTgxNDg0,**** **** 1484,6006907994,,BANDIPORA,Hajin,Gulshanpora,623,6811,2700,56.0
39305611006,1_623_6811_2778_005021,,Zahid Ahmad Rather,,,30,Male,Owner,Marginal  Farmer(Farmer having land <1 Hectare),PENDING,,,false,,OPERATOR,16f6facfda7312180fb031953bdee6f1a2cd49d64f20935c173652c84efc2199,OTY4Mjk0MTA1MTc5,**** **** 5179,6005474977,,BANDIPORA,Hajin,Gundi Saderkote,623,6811,2778,0.0
69925009408,1_623_40_2707_005034,,Jamil Ahmad Akhoon,,,47,Male,Owner,Marginal  Farmer(Farmer having land <1 Hectare),PENDING,,,false,,OPERATOR,cbabe497d29f3397b5de2b926b095e22716bfc8d246c024735a52f0485f1d97c,MzQyNDI2MjYzNTE3,**** **** 3517,7889809917,,BANDIPORA,Gurez,Markoot,623,40,2707,41.0
76078016229,1_623_42_2810_005019,,Mohd Alim Bhat,,,71,Male,Owner,Marginal  Farmer(Farmer having land <1 Hectare),PENDING,,,false,,OPERATOR,fcb743c2d2c60b01abe40c82cde1c69424c90d74ff57379e2e0250b3723799aa,NTcyOTUwNjkxNDkw,**** **** 1490,7298441951,,BANDIPORA,Sonawari,Odina,623,42,2810,23.0
41743495016,1_623_42_2797_005027,,Farooz Ahmad Wagay,,,42,Male,Owner,Marginal  Farmer(Farmer having land <1 Hectare),PENDING,,,false,,OPERATOR,495806173bdac51d76819edbb6cb8e236850d1b553cb4e4d60c2897f584e3ad8,MjA4MzI4MjQ0NTAx,**** **** 4501,7006511376,,BANDIPORA,Sonawari,Hilalabad,623,42,2797,64.0
60935370362,1_623_42_2797_005028,,Shabir Ahmad Bhat,,,38,Male,Owner,Marginal  Farmer(Farmer having land <1 Hectare),PENDING,,,false,,OPERATOR,89acf30f435b6974a160887db533732433eed49e94351bd0d980433d6d46358a,NjM0MzE2MDMzNTc1,**** **** 3575,7889445205,,BANDIPORA,Sonawari,Hilalabad,623,42,2797,46.0
84074862370,1_623_42_2797_005029,,Bilal Ahmad Ahangar,,,37,Male,Owner,Marginal  Farmer(Farmer having land <1 Hectare),PENDING,,,false,,OPERATOR,9f037fc0f472f05fb2d433fc526ad3caa7fabd9e09752dccac311aabdf63cfba,NDU3OTE3MzI5OTEx,**** **** 9911,7889666596,,BANDIPORA,Sonawari,Hilalabad,623,42,2797,65.0
70911378612,1_623_6812_2724_005026,,Niyaz Ahmad Lone,,,59,Male,Owner,Marginal  Farmer(Farmer having land <1 Hectare),PENDING,,,false,,OPERATOR,57b315cab817aea0cdb42b2b8024d049142c5b679d3d9b3020b360a98e034ab6,ODMyODE2ODI3MTg2,**** **** 7186,9906297064,,BANDIPORA,Tulail,Baduaab,623,6812,2724,56.0
40303239579,1_623_42_2794_005032,,Shah Mala Begum,,,76,Female,Owner,Marginal  Farmer(Farmer having land <1 Hectare),PENDING,,,false,,OPERATOR,15323bee0bdc5453b121f473d499452c70a2c103ddfde42273933f2b047967b6,OTkzMjMyNDU5MjE4,**** **** 9218,9103838470,,BANDIPORA,Sonawari,Asham,623,42,2794,0.0
34534983811,1_623_6811_2700_005017,,Saleema Begum,,,51,Female,Owner,Marginal  Farmer(Farmer having land <1 Hectare),PENDING,,,false,,OPERATOR,f23d1f99a850c610f3da182d27c7068031e94f90061e3c6cd35d915ae271a102,NTQxNjU5ODQxMTI3,**** **** 1127,8082521579,,BANDIPORA,Hajin,Gulshanpora,623,6811,2700,50.0
70555103503,1_623_6812_2724_005027,,Ghaffar Khan,,,45,Male,Owner,Marginal  Farmer(Farmer having land <1 Hectare),PENDING,,,false,,OPERATOR,326bd2d9115d7d40b89b6477028b1324b8fc7a4ac8a6751e5688fe175e25916c,MjM5NzI1MTU1NTQw,**** **** 5540,6006223531,,BANDIPORA,Tulail,Baduaab,623,6812,2724,0.0
16731962953,1_623_42_2810_005009,,MOHD QASIM BHAT,,,76,Male,Owner,Marginal  Farmer(Farmer having land <1 Hectare),PENDING,,,false,,OPERATOR,7a1b324766466bb99f77e7f3c76eb0b7d25a0953dcfbe4ba2f820463c220e1dc,NDgyNzk2MDY0MDE1,**** **** 4015,7006804935,,BANDIPORA,Sonawari,Odina,623,42,2810,54.0
41608766676,1_623_42_2797_005030,,Farooq Ahmad Reshi,,,40,Male,Owner,Marginal  Farmer(Farmer having land <1 Hectare),PENDING,,,false,,OPERATOR,3a1b8d759efac11d39996883f677f374130ba55d900a878dee7b8cc8fecf4bec,Njg2MTc3MTg1NDYy,**** **** 5462,7006313916,,BANDIPORA,Sonawari,Hilalabad,623,42,2797,46.0
22791625750,1_623_42_2812_005026,,Ghulam Mohammad Rather,,,81,Male,Owner,Marginal  Farmer(Farmer having land <1 Hectare),PENDING,,,false,,OPERATOR,fa7796e1305d652bcd83486c64bc7b385376627d7c1dacb335910b5e56de11fc,MjE2NDIyOTM4NjIy,**** **** 8622,9906676278,,BANDIPORA,Sonawari,Sarai Dangarpora,623,42,2812,0.0
50396029334,1_623_6811_2778_005008,,Abdul Jabbar Rather,,,61,Male,Owner,Marginal  Farmer(Farmer having land <1 Hectare),PENDING,,,false,,OPERATOR,6d4c8ad7aad83909f8af529daeb73f32b8be8e33aa054c0a7304771712a08163,NDI0NzM0OTU1MDE5,**** **** 5019,7006473805,,BANDIPORA,Hajin,Gundi Saderkote,623,6811,2778,66.0
19422493068,1_623_42_2794_005033,,Ali Mohd Bhat,,,61,Male,Owner,Marginal  Farmer(Farmer having land <1 Hectare),PENDING,,,false,,OPERATOR,a32caf68bf8640a1af5bf34b5c1dab332831335cd859469de8fb3e7c78817984,MjYxNDI2ODIyMjg2,**** **** 2286,8082788659,,BANDIPORA,Sonawari,Asham,623,42,2794,53.0
60752444576,1_623_42_2810_005010,,Mohammad Amin Mir,,,32,Male,Owner,Marginal  Farmer(Farmer having land <1 Hectare),PENDING,,,false,,OPERATOR,870896b18965bd837886ef6b74d91a33ac07889f5fae703b2edc96eaf87e4675,NzYwODE5NTExNzcy,**** **** 1772,6006676758,,BANDIPORA,Sonawari,Odina,623,42,2810,56.0
63297365116,1_623_42_2812_005027,,NAZIR AHMAD DAR,,,56,Male,Owner,Marginal  Farmer(Farmer having land <1 Hectare),PENDING,,,false,,OPERATOR,02c6b6d87f19e0dd64086a9b824b911f6ee16caa83133ac9d6404419a39d10c0,OTM1NzY5MzgzNjg1,**** **** 3685,7889555246,,BANDIPORA,Sonawari,Sarai Dangarpora,623,42,2812,66.0
33370298408,1_623_42_2797_005031,,Ghulam Mohd Ahangar,,,60,Male,Owner,Marginal  Farmer(Farmer having land <1 Hectare),PENDING,,,false,,OPERATOR,e196a33871d93b8d0e7e5d30afb51abc0053fea34492376c32c33570b2ef36dd,Njk5MjQ2ODM1MTUw,**** **** 5150,7889463046,,BANDIPORA,Sonawari,Hilalabad,623,42,2797,0.0
66349537330,1_623_42_2809_005007,,Javaid Ahmad Bhat,,,31,Male,Owner,Marginal  Farmer(Farmer having land <1 Hectare),PENDING,,,false,,OPERATOR,10b1873cc7eb0f2d0ee329278d1ca724e0cf3e9571eb903c1b270e9aba74319d,MjMxMjY4MzAzNjk5,**** **** 3699,9541159682,,BANDIPORA,Sonawari,Trigam,623,42,2809,0.0
71516647033,1_623_42_2809_005006,,MALA BEGUM,,,71,Female,Owner,Marginal  Farmer(Farmer having land <1 Hectare),PENDING,,,false,,OPERATOR,e4b2dc26ae1472ad4c9203eae07e9b47cef41170ae5388f9debb1f1aa5f82fd1,Mzg3NTg0MTMwNzY5,**** **** 0769,9541159682,,BANDIPORA,Sonawari,Trigam,623,42,2809,0.0
95806174223,1_623_40_2708_005027,,MOHD RAMZAN LONE,,,51,Male,Owner,Marginal  Farmer(Farmer having land <1 Hectare),PENDING,,,false,,OPERATOR,da2399a2d689e63c471afa5567a30f02e80c6f115678ac91222f42cd42a8caae,OTkyNzM1MzMzOTU3,**** **** 3957,7889780064,,BANDIPORA,Gurez,Shah Pora - Achoora (Churwan),623,40,2708,53.0
26894967117,1_623_6812_2716_005037,,Mohammad Yousuf Mir,,,50,Male,Owner,Marginal  Farmer(Farmer having land <1 Hectare),PENDING,,,false,,OPERATOR,856dac6946bd45534d884bbb4ccfacffe75c769e26f5c8b6a8fb9695e3e021eb,MzUwMTc2MDQwOTYx,**** **** 0961,6006050803,,BANDIPORA,Tulail,Neeru,623,6812,2716,46.0
61039274083,1_623_6809_2744_005012,,Rayees Ahmad Chopan,,,43,Male,Owner,Marginal  Farmer(Farmer having land <1 Hectare),PENDING,,,false,,OPERATOR,98f3b9f525e8e1cf9feb291572a5334cdb6e4971e7c6fc6712bfc006cfc7a921,NzY0MDI5MzY1OTc5,**** **** 5979,9682165031,,BANDIPORA,Aloosa,Mangnipora,623,6809,2744,46.0
52948641461,1_623_6812_2724_005048,,Shamas Din Khan,,,46,Male,Owner,Marginal  Farmer(Farmer having land <1 Hectare),PENDING,,,false,,OPERATOR,deb75aba1546bf9668c0b655e6c079d27823595137c507d3f76f07423176ac18,NTI3Mjc4NDYxMTYz,**** **** 1163,9149775292,,BANDIPORA,Tulail,Baduaab,623,6812,2724,59.0
55585187198,1_623_40_2708_005021,,Gh Mohiudin Lone,,,53,Male,Owner,Marginal  Farmer(Farmer having land <1 Hectare),PENDING,,,false,,OPERATOR,ced9ecb6fa70413bb70aeacbb35067d019e851d7fc11bdbd14c25373d9678767,MzgzMDQxNTYzOTgx,**** **** 3981,6005565140,,BANDIPORA,Gurez,Shah Pora - Achoora (Churwan),623,40,2708,43.0
23647460466,1_623_40_2707_005031,,Mohd Maqbool Akhoon,,,51,Male,Owner,Marginal  Farmer(Farmer having land <1 Hectare),PENDING,,,false,,OPERATOR,a6ccdc3b7be777227a922c8dd4a3d65ba1ba19eb1503526a952277732afa07ec,NzMxOTUzMDQyOTIy,**** **** 2922,7006937225,,BANDIPORA,Gurez,Markoot,623,40,2707,62.0
32612195025,1_623_6811_2778_005019,,GH HASSAN RATHER,,,76,Male,Owner,Marginal  Farmer(Farmer having land <1 Hectare),PENDING,,,false,,OPERATOR,2f77c85801d047093b14ddc00b353ab58d27cc76d1a25adbaa4b9912595328fd,NDI0OTU3MzQ2Mzc0,**** **** 6374,9682591448,,BANDIPORA,Hajin,Gundi Saderkote,623,6811,2778,53.0
59856532566,1_623_40_2707_005017,,Lasso Shungroo,,,73,Male,Owner,Marginal  Farmer(Farmer having land <1 Hectare),PENDING,,,false,,OPERATOR,01836a4353d03b8205d1d308e67eaab295d259fdad00258e33ec66f099467a4d,MjEyNTM4NzM2NjE3,**** **** 6617,6006833100,,BANDIPORA,Gurez,Markoot,623,40,2707,44.0
89571290632,1_623_40_2708_005023,,Hafizullah Lone,,,47,Male,Owner,Marginal  Farmer(Farmer having land <1 Hectare),PENDING,,,false,,OPERATOR,bd95d609b9c547feedac4fd4381ffd52f74aea57d661531bad0b135b6bf02405,MzIxNjAyNTc5ODkw,**** **** 9890,7006409218,,BANDIPORA,Gurez,Shah Pora - Achoora (Churwan),623,40,2708,50.0
76701130624,1_623_6812_2724_005050,,Gh Mohammad Khan,,,34,Male,Owner,Marginal  Farmer(Farmer having land <1 Hectare),PENDING,,,false,,OPERATOR,806487a2e803f707cca68e540c1ebba3323ffa226d5f9ab3022d398fa9fe3493,NzY0NzE2ODg2MTcw,**** **** 6170,6005644767,,BANDIPORA,Tulail,Baduaab,623,6812,2724,58.0
68674885910,1_623_6811_2778_005020,,Ab Samad Dar,,,66,Male,Owner,Marginal  Farmer(Farmer having land <1 Hectare),PENDING,,,false,,OPERATOR,f720518caf75d735cbfc3259c7d4df75dc1822373ecfd336ea97113952daadac,MzI3MDQ2MTE4NjYy,**** **** 8662,9622702963,,BANDIPORA,Hajin,Gundi Saderkote,623,6811,2778,44.0
86781729263,1_623_6812_2724_005052,,Ab Majeed Khan,,,40,Male,Owner,Marginal  Farmer(Farmer having land <1 Hectare),PENDING,,,false,,OPERATOR,bb1648c7a4efaac3982584ee9bd0a8f2d83e75f1054b97c77fd9ed1f57464527,ODM3MjI5NDY3NzQy,**** **** 7742,7298482583,,BANDIPORA,Tulail,Baduaab,623,6812,2724,38.0
46273134573,1_623_40_2707_005016,,Mohd Sakhi Shungroo,,,67,Male,Owner,Marginal  Farmer(Farmer having land <1 Hectare),PENDING,,,false,,OPERATOR,48613e948f9db859ae474acc4ed8e9bbe865a1bbbce9aa93b75b639cfdcedab9,MjAyMTE5NzMyMzI3,**** **** 2327,9469030773,,BANDIPORA,Gurez,Markoot,623,40,2707,33.0
19507549040,1_623_42_2794_005035,,Gh Mohi Ud Din Tantry,,,58,Male,Owner,Marginal  Farmer(Farmer having land <1 Hectare),PENDING,,,false,,OPERATOR,fde03608b68f7d54aadf28635d4ded6c25909137b9baf7d952c2f44d25a0ccb6,OTI5NDk1NzMwNzU4,**** **** 0758,9797288513,,BANDIPORA,Sonawari,Asham,623,42,2794,71.0
87399116666,1_623_6811_2700_005019,,Mehraj Uddin Bhat,,,37,Male,Owner,Marginal  Farmer(Farmer having land <1 Hectare),PENDING,,,false,,OPERATOR,53de41602410078a24b6e14182d9b2b9a0758eef2b924dd5a9a994acbab65b21,ODk5NDg0MzQyNzIy,**** **** 2722,9906484302,,BANDIPORA,Hajin,Gulshanpora,623,6811,2700,46.0
48784253930,1_623_6811_2778_005009,,Saif Ud Din Rather,,,61,Male,Owner,Marginal  Farmer(Farmer having land <1 Hectare),PENDING,,,false,,OPERATOR,c23dae065a1c6ef41338e707ba2dfe8292cb3bbc7d22e692e223e803d3897400,Mjg1OTM5OTUzMDcz,**** **** 3073,9906422708,,BANDIPORA,Hajin,Gundi Saderkote,623,6811,2778,62.0
87813332839,1_623_40_2707_005033,,Mehraj Ahmad Sheikh,,,49,Male,Owner,Marginal  Farmer(Farmer having land <1 Hectare),PENDING,,,false,,OPERATOR,959bdc21b30997cb1363b6563a3ed384789b59dd3a8ad48a5451b2285f7cd8da,MzA1NjE1OTk4NzE5,**** **** 8719,6005493827,,BANDIPORA,Gurez,Markoot,623,40,2707,0.0
73118901209,1_623_40_2708_005026,,MOHD HANIF LONE,,,35,Male,Owner,Marginal  Farmer(Farmer having land <1 Hectare),PENDING,,,false,,OPERATOR,8f69c3088bb1c8e912cc052392ab7ab05ec20f8fe1f634e09c505fb1d602acbe,OTY1MDczNjMxOTE5,**** **** 1919,6006363691,,BANDIPORA,Gurez,Shah Pora - Achoora (Churwan),623,40,2708,52.0
20292169992,1_623_6809_2744_005015,,Arshad Iqbal Wani,,,43,Male,Owner,Marginal  Farmer(Farmer having land <1 Hectare),PENDING,,,false,,OPERATOR,3da7cad37623777dd19f50a54da290fa9085bd4e640c77bc3fb33ab4adc39587,NDU5NTE4OTA3NDQ5,**** **** 7449,7889457603,,BANDIPORA,Aloosa,Mangnipora,623,6809,2744,65.0
48036850116,1_623_40_2708_005025,,Samiullah Lone,,,46,Male,Owner,Marginal  Farmer(Farmer having land <1 Hectare),PENDING,,,false,7780814384,OPERATOR,7e3906438a7736e54fe2f858b9acc616dcdb3d843da47ce0abf1726efe01ea2c,NDg4OTIzMTAzNjI0,**** **** 3624,7780814384,,BANDIPORA,Gurez,Shah Pora - Achoora (Churwan),623,40,2708,55.0
77823131197,1_623_40_2707_005019,,Shokut Hussain Lone,,,44,Male,Owner,Marginal  Farmer(Farmer having land <1 Hectare),PENDING,,,false,,OPERATOR,0dd7614e14632abea8bf64c27f8672a99baa30bdc8792eeec73ca6cdbf507cf2,NzY2MTY5MzUzMTY0,**** **** 3164,6005450408,,BANDIPORA,Gurez,Markoot,623,40,2707,32.0
79040186410,1_623_42_2808_005020,,Mohammad Shafi Khawaja,,,38,Male,Owner,Marginal  Farmer(Farmer having land <1 Hectare),PENDING,,,false,,OPERATOR,61d42c4d985e435016ccedd610108ad36d62fd077312194a728b457ec00494b6,NjM1MTc4NjIxODU0,**** **** 1854,9797103196,,BANDIPORA,Sonawari,Gund i Khalil,623,42,2808,56.0
91510366195,1_623_42_2810_005016,,Mohd Bakir Bhat,,,70,Male,Owner,Marginal  Farmer(Farmer having land <1 Hectare),PENDING,,,false,,OPERATOR,e66de9a054447c2d6b64821a8c3b343a8a4b3893f55f81be7bc7f7f45072550c,NDY3NDU2OTY4OTk4,**** **** 8998,8899800749,,BANDIPORA,Sonawari,Odina,623,42,2810,0.0
75317868151,1_623_42_2810_005014,,GH AHMAD PARRAY,,,56,Male,Owner,Marginal  Farmer(Farmer having land <1 Hectare),PENDING,,,false,,OPERATOR,c17c916e4a5c732e16095cbac1a99ae475ba891795f8bcc833ca790b62f6f0ea,NDA1ODMxMjI1NTU2,**** **** 5556,6006366516,,BANDIPORA,Sonawari,Odina,623,42,2810,53.0
21143843602,1_623_40_2708_005028,,Mohammad Munawar Lone,,,47,Male,Owner,Marginal  Farmer(Farmer having land <1 Hectare),PENDING,,,false,,OPERATOR,a62cbe59986ac702d323dae717bea965750a52cf929e2f0ccb2f2aeb37029108,NjUyODQwMzIxMjc2,**** **** 1276,9682666245,,BANDIPORA,Gurez,Shah Pora - Achoora (Churwan),623,40,2708,53.0
61827939290,1_623_40_2707_005035,,Farooq Ahmad Sheikh,,,42,Male,Owner,Marginal  Farmer(Farmer having land <1 Hectare),PENDING,,,false,,OPERATOR,573e3abc12fdb9781518c064c081235e58a1cb75bfe8c91dd8d37bd991cddf5f,ODE2NzA2NDczMTM5,**** **** 3139,9622811683,,BANDIPORA,Gurez,Markoot,623,40,2707,56.0
62962138892,1_623_42_2810_005020,,Gh Hussain Dar,,,55,Male,Owner,Marginal  Farmer(Farmer having land <1 Hectare),PENDING,,,false,,OPERATOR,aeb02858b559544380b239326d3d674464a377e9837fb9e74e89ae6bb6060af6,MzE2NzQwNjk4NzM2,**** **** 8736,9858800914,,BANDIPORA,Sonawari,Odina,623,42,2810,53.0
58261875420,1_623_6812_2716_005038,,AB MAJEED MIR,,,46,Male,Owner,Marginal  Farmer(Farmer having land <1 Hectare),PENDING,,,false,,OPERATOR,5aead59c04d9161ece587e1f8bb217f4acd49514e498101b7a0868399bf55f3f,ODYxNjU0ODQzNjI5,**** **** 3629,7006637057,,BANDIPORA,Tulail,Neeru,623,6812,2716,59.0
34130352045,1_623_42_2794_005046,,MOHD ASHRAF PARRAY,,,48,Male,Owner,Marginal  Farmer(Farmer having land <1 Hectare),PENDING,,,false,9596367438,OPERATOR,b5e328c45885c428842eefede88cbcf25ab70fc55d2990c36cac383b2bf8f582,NTgxOTE1MjU4ODA1,**** **** 8805,9596367438,,BANDIPORA,Sonawari,Asham,623,42,2794,63.0
17080320366,1_623_6812_2716_005036,,Mohammad Munawar Mir,,,66,Male,Owner,Marginal  Farmer(Farmer having land <1 Hectare),PENDING,,,false,,OPERATOR,f9181cf737b5e3f06cc37ef36015f77ff1e61f01f41f093687db214cc9866179,ODQzOTM3NjQwNDM2,**** **** 0436,6005487137,,BANDIPORA,Tulail,Neeru,623,6812,2716,61.0
78088142153,1_623_42_2808_005018,,Rafiqa Begum,,,51,Female,Owner,Marginal  Farmer(Farmer having land <1 Hectare),PENDING,,,false,,OPERATOR,6621ed31fa7ecde15eda23b52719a8aad80e074dd383c92be1e0895781b5c076,OTUxMzA2NTQ5MzY1,**** **** 9365,7889543860,,BANDIPORA,Sonawari,Gund i Khalil,623,42,2808,25.0
94278271585,1_623_42_2812_005028,,Amjid Hussain,,,34,Male,Owner,Marginal  Farmer(Farmer having land <1 Hectare),PENDING,,,false,,OPERATOR,a7bd62c7f6801d652c3e51719b9a4a537986f4a562726006150493d6a1d449f6,NjQ2MzAxMDAxMzgz,**** **** 1383,7889904298,,BANDIPORA,Sonawari,Sarai Dangarpora,623,42,2812,39.0
72538518844,1_623_42_2794_005036,,Mohd Maqbool Bhat,,,66,Male,Owner,Marginal  Farmer(Farmer having land <1 Hectare),PENDING,,,false,,OPERATOR,9fac9fa229afd561e589b0ddf9d91d27cab2d158e877064037124244bef8bae1,NTg1Mzg0NDgzMTA2,**** **** 3106,8082490394,,BANDIPORA,Sonawari,Asham,623,42,2794,53.0
12466451306,1_623_6812_2724_005029,,Mohd Lateef Mapnoo,,,56,Male,Owner,Marginal  Farmer(Farmer having land <1 Hectare),PENDING,,,false,,OPERATOR,1346bf6a0f452cfb6377b808c3c8d6063c3aeeca966d9a81e2f1458bc4bdd7d7,NzQ1NzM4MzIxNzQz,**** **** 1743,7006722893,,BANDIPORA,Tulail,Baduaab,623,6812,2724,52.0
47383624673,1_623_40_2707_005018,,Rafiq Ahmad Lone,,,41,Male,Owner,Marginal  Farmer(Farmer having land <1 Hectare),PENDING,,,false,,OPERATOR,c20ce9a12fba3b5c7573c6b483cc830d148ca429dc117f52cd9b58ca4b61712d,OTcwMTgzMTg2MDM2,**** **** 6036,9149754547,,BANDIPORA,Gurez,Markoot,623,40,2707,40.0
39543958373,1_623_6812_2724_005030,,Feroz Ahmad Lone,,,35,Male,Owner,Marginal  Farmer(Farmer having land <1 Hectare),PENDING,,,false,,OPERATOR,c6690c39a45373d1bf3f398baed3cce42e03bd087decaac4f8f159d2dad23e27,NTk3MzQzODQ2MzA2,**** **** 6306,9149515394,,BANDIPORA,Tulail,Baduaab,623,6812,2724,46.0
52487737494,1_623_6811_2700_005020,,RAJA BEGUM,,,86,Female,Owner,Marginal  Farmer(Farmer having land <1 Hectare),PENDING,,,false,,OPERATOR,90ca710fc2bfb05de45b4cea205ce21dc454cd3f5c3e057dd7df2be3ee3832bb,Mjc4NDkyODA2ODM3,**** **** 6837,6006907994,,BANDIPORA,Hajin,Gulshanpora,623,6811,2700,45.0
86325059600,1_623_42_2800_005005,,Shabir Ahmad Mir,,,49,Male,Owner,Marginal  Farmer(Farmer having land <1 Hectare),PENDING,,,false,,OPERATOR,8d4c93e8cfd369c5b758e3e6177b1acbf16b4c01cdc2909958f00275468a62bb,ODE1MTA3OTU1NzUz,**** **** 5753,7889409431,,BANDIPORA,Sonawari,Rakh Shilvat,623,42,2800,56.0
67969550714,1_623_42_2797_005032,,MOHD SHAFI NAJAR,,,49,Male,Owner,Marginal  Farmer(Farmer having land <1 Hectare),PENDING,,,false,,OPERATOR,b96e553733868879f72b231ab41aa8d42f9798c138e5ddecfbe7179aeccdaa5f,MzU5MjU3MDY1NDcw,**** **** 5470,8899640421,,BANDIPORA,Sonawari,Hilalabad,623,42,2797,62.0
93642530291,1_623_42_2797_005033,,Haseena,,,45,Female,Owner,Marginal  Farmer(Farmer having land <1 Hectare),PENDING,,,false,,OPERATOR,bdc228f5e920e88101c3bb109ba6d45a14b8e0fcdad0625b8ccc93acffe9f168,NjI3MzkwNzU2NjA3,**** **** 6607,7889826080,,BANDIPORA,Sonawari,Hilalabad,623,42,2797,69.0
84019894562,1_623_6812_2724_005032,,Gulzar Ahmad Khan,,,71,Male,Owner,Marginal  Farmer(Farmer having land <1 Hectare),PENDING,,,false,,OPERATOR,b908a3214383a4c15fe1f11a3275e375c42aeccf0e0fbb910a9182961e5b8afa,MzAzNzY5NDQ1MDU0,**** **** 5054,6006836437,,BANDIPORA,Tulail,Baduaab,623,6812,2724,38.0
77893245747,1_623_42_2808_005019,,Parvaiz Ahmad Wagay,,,40,Male,Owner,Marginal  Farmer(Farmer having land <1 Hectare),PENDING,,,false,,OPERATOR,f7cff97e1589b54a2942ebff50b711421e56f042a8ac1ae2ebcb955b319089d7,NTM1ODk1NDY4ODUw,**** **** 8850,9906510132,,BANDIPORA,Sonawari,Gund i Khalil,623,42,2808,75.0
87607102019,1_623_40_2707_005021,,Jamil Ahmad Lone,,,51,Male,Owner,Marginal  Farmer(Farmer having land <1 Hectare),PENDING,,,false,,OPERATOR,5d5a2547b9e194f4c6f324afb0aefd3ff82a33955b4c079311e00af735fe59b1,ODUzOTk3MDM3MzMz,**** **** 7333,6005532561,,BANDIPORA,Gurez,Markoot,623,40,2707,65.0
20355070011,1_623_6811_2778_005022,,Fatah Mohammad,,,96,Male,Owner,Marginal  Farmer(Farmer having land <1 Hectare),PENDING,,,false,,OPERATOR,b5f8de6dfcbffc807e1fc2970cbfac453406acf26ed4385e5f8920e671c05b1e,ODIxODMxNDMyMjEz,**** **** 2213,8899914704,,BANDIPORA,Hajin,Gundi Saderkote,623,6811,2778,34.0
21109088889,1_623_42_2808_005007,,Fraisa Begum,,,66,Female,Owner,Marginal  Farmer(Farmer having land <1 Hectare),PENDING,,,false,,OPERATOR,ffc77a96a38bd15a54db0caec442518b319598386df1f988aa7e205dc4cbd9cf,MzI1NzU1MDc2MjU3,**** **** 6257,9622700512,,BANDIPORA,Sonawari,Gund i Khalil,623,42,2808,0.0
24632269475,1_623_42_2794_005039,,MOHD SAKHI RATHER,,,65,Male,Owner,Marginal  Farmer(Farmer having land <1 Hectare),PENDING,,,false,,OPERATOR,6ab05632c163a7916bee0fed0f670c70a640ffae73c84df0d99418a38eaa54bc,OTg0ODc2OTQwMTI0,**** **** 0124,9906418224,,BANDIPORA,Sonawari,Asham,623,42,2794,62.0
99333818230,1_623_42_2797_005049,,Sameer Ahmad Bhat,,,40,Male,Owner,Marginal  Farmer(Farmer having land <1 Hectare),PENDING,,,false,7006966247,SELF,0096934133e97c3527f8c215693b23de63224d21a6cc41e095e2b543b5f04bd2,NzcwNjM4NjA3MTQy,**** **** 7142,7006966247,,BANDIPORA,Sonawari,Hilalabad,623,42,2797,45.0
54792133515,1_623_42_2797_005050,,Shabir Ahmad Dar,,,50,Male,Owner,Marginal  Farmer(Farmer having land <1 Hectare),PENDING,,,false,,OPERATOR,9cac3938ae10d8fc40a4c3b36813c15f8bbca235c671e20d55c15fba6bdc4332,NzQ2OTM0NTU1NDk5,**** **** 5499,7889337131,,BANDIPORA,Sonawari,Hilalabad,623,42,2797,46.0
48935404873,1_623_6812_2716_005040,,Jameela Begum,,,36,Female,Owner,Marginal  Farmer(Farmer having land <1 Hectare),PENDING,,,false,,OPERATOR,fa01a6fc0e25b8ded12274c57d984aa4dfb2095acccddf4e7305e5c9d3f8eaaa,OTAyMzE3MzAwMTMz,**** **** 0133,9103794915,,BANDIPORA,Tulail,Neeru,623,6812,2716,50.0
22289846376,1_623_6811_2700_005000,,Shajar Ur Rajab,,,25,Male,Owner,Marginal  Farmer(Farmer having land <1 Hectare),APPROVED,,,false,,OPERATOR,3b34e50963a233f2e1bc4d954143dcb58178757ba1fbf4ff4049449496fdd3c8,MzMxMTA0OTEyMTQ2,**** **** 2146,7889761120,,BANDIPORA,Hajin,Gulshanpora,623,6811,2700,90.0
83274714398,1_623_40_2707_005007,,Mohd Munawar,,,76,Male,Owner,Marginal  Farmer(Farmer having land <1 Hectare),APPROVED,,,false,,OPERATOR,32595eb591685810bb97ec16e4489513a2747d9d14e2591efbfee93cec646367,MjA4OTU1MzM5NDU5,**** **** 9459,9149664040,,BANDIPORA,Gurez,Markoot,623,40,2707,97.0
75635771860,1_623_6809_2744_005004,,Waseem Raja,,,44,Male,Owner,Marginal  Farmer(Farmer having land <1 Hectare),APPROVED,,,false,,OPERATOR,ef270697ecaf98be2c73b0935ff34232383a2c4856623ca29eb54f6da1affdcf,NzQyMDQ0MTcxMzUy,**** **** 1352,7006674663,,BANDIPORA,Aloosa,Mangnipora,623,6809,2744,90.0
96332988692,1_623_42_2808_005006,,Misra Begum,,,71,Female,Owner,Marginal  Farmer(Farmer having land <1 Hectare),APPROVED,,,false,,OPERATOR,c396694c16931191ed9ed7ac293c626235d75046de337c0a9c2b6a40d59fc0ca,NDg5MTg0MzM0MjQ5,**** **** 4249,7889912469,,BANDIPORA,Sonawari,Gund i Khalil,623,42,2808,89.0
70111876512,1_623_42_2797_005037,,Shah Hussain,,,26,Male,Owner,Marginal  Farmer(Farmer having land <1 Hectare),APPROVED,,,false,,OPERATOR,08f502394061742008cdcacdcf74283f17ff2886272f0b04b747f576960cc71d,NzE5MTU5MTMxNDc5,**** **** 1479,6006844766,,BANDIPORA,Sonawari,Hilalabad,623,42,2797,89.0
92121743272,1_623_6809_2744_005005,,Gh Nabi Chopan,,,41,Male,Owner,Marginal  Farmer(Farmer having land <1 Hectare),APPROVED,,,false,,OPERATOR,fe2a6e14423290ad32ba154378be2beb341fce042a37cb779254ea93f0dab14c,NDc4MTgxNTM3OTA5,**** **** 7909,7006701686,,BANDIPORA,Aloosa,Mangnipora,623,6809,2744,76.0
52084168172,1_623_42_2808_005009,,Shabir Ahmad Ganaie,,,37,Male,Owner,Marginal  Farmer(Farmer having land <1 Hectare),APPROVED,,,false,,OPERATOR,f9ef1624ebd684e8b5609825b35bd750e7ec4e2639ed712b70cddb769269f363,NTg5Mjk5NjQwMzY5,**** **** 0369,9622700512,,BANDIPORA,Sonawari,Gund i Khalil,623,42,2808,76.0
75304940454,1_623_40_2708_005008,,Mohd Akber Khan,,,76,Male,Owner,Marginal  Farmer(Farmer having land <1 Hectare),PENDING,,,false,9469432503,OPERATOR,41fc10cc297c9d19210ccef7f40cb770afeefdb98eb97dde9dfa910380301c77,NzAxODE0ODkxNTM0,**** **** 1534,9469432503,,BANDIPORA,Gurez,Shah Pora - Achoora (Churwan),623,40,2708,0.0
57450508619,1_623_6810_2777_005027,,Mahtaba Begum,,,66,Female,Owner,Marginal  Farmer(Farmer having land <1 Hectare),APPROVED,,,false,,OPERATOR,15a846676a255d09311cb1c1b235d957ee02b3a0c1634de11db2231f06a4d26a,NTAwNDgxNjY1MjQ0,**** **** 5244,7051457642,,BANDIPORA,Ajas,Ajas,623,6810,2777,32.0
17974015922,1_623_6810_2777_005003,,Habla Begum,,,61,Female,Owner,Marginal  Farmer(Farmer having land <1 Hectare),APPROVED,,,false,,OPERATOR,f2143102d0e11c4d93e22702588f65488895fbaa7c5baeb4b42e1ece689be3ba,NTM0OTA3MjUyOTU0,**** **** 2954,9797166864,,BANDIPORA,Ajas,Ajas,623,6810,2777,55.0
62382626951,1_623_6810_2777_005004,,Muzaffar Ahmad Rahter,,,64,Male,Owner,Marginal  Farmer(Farmer having land <1 Hectare),APPROVED,,,false,,OPERATOR,e9c7e317739b2e3c3d2862b98d6ccd0d2d1177aed96901141efb1079311060b9,NjMzOTkzMDkyNzUw,**** **** 2750,8899063394,,BANDIPORA,Ajas,Ajas,623,6810,2777,46.0
51330178743,1_623_6810_2777_005000,,Nadeem Ahmad Rather,,,28,Male,Owner,Marginal  Farmer(Farmer having land <1 Hectare),APPROVED,,,false,,OPERATOR,27165eddbe4d7e629cc0f9f056f867122ad91dec848e4d5ade3e0b9ad9ca3c25,MzcyNjUyMzIzODUx,**** **** 3851,9797166864,,BANDIPORA,Ajas,Ajas,623,6810,2777,65.0
68668745755,1_623_6810_2777_005009,,Abdul Hamid Lone,,,66,Male,Owner,Marginal  Farmer(Farmer having land <1 Hectare),APPROVED,,,false,,OPERATOR,64098a3f5515cb6fb5836f9c659740c1760a0a536700295d69639b6aa9417a2d,MjM1MzM0MzQ0OTE1,**** **** 4915,9906504777,,BANDIPORA,Ajas,Ajas,623,6810,2777,44.0
67022173450,1_623_6810_2777_005011,,Zahoor Ahmad Dar,,,50,Male,Owner,Marginal  Farmer(Farmer having land <1 Hectare),APPROVED,,,false,,OPERATOR,dfbb51bd6fd9f04ee337044f1fff675edc68c3cf52e977974135abebcefbd080,NzA0MzkxMjg5MzA4,**** **** 9308,8082442792,,BANDIPORA,Ajas,Ajas,623,6810,2777,49.0
85562444359,1_623_6810_2777_005013,,Gh Ahmad Rather,,,60,Male,Owner,Small Farmer (Farmer having Land >=1 & <2 Hectare),APPROVED,,,false,,OPERATOR,3a1068ffac591a0c4242d9c5d22c5df203003483e2ddd878714705d2bccc9d9e,MzI0MTc1NDk5NzIy,**** **** 9722,8803321553,,BANDIPORA,Ajas,Ajas,623,6810,2777,48.0
89707916800,1_623_6810_2777_005026,,Riyaz Ahmad Rather,,,46,Male,Owner,Marginal  Farmer(Farmer having land <1 Hectare),APPROVED,,,false,,OPERATOR,600bde93be006ac5a1aee84c23858b7c6e1f4bd86fab5d471dcd9125320d5cf6,NDg5MDY0Nzk0OTcx,**** **** 4971,6006186190,,BANDIPORA,Ajas,Ajas,623,6810,2777,52.0
99984896660,1_623_6810_2777_005017,,Abdul Ahad Rather,,,66,Male,Owner,Marginal  Farmer(Farmer having land <1 Hectare),APPROVED,,,false,,OPERATOR,de5a5ffc59253d119f4af9220fcb3a50876be35a12f55d5baa31b06313b70a08,NDY0NzE1OTA5MDgz,**** **** 9083,7051178874,,BANDIPORA,Ajas,Ajas,623,6810,2777,63.0
48319483727,1_623_6810_2777_005023,,Habib Ullah Rather,,,70,Male,Owner,Marginal  Farmer(Farmer having land <1 Hectare),APPROVED,,,false,,OPERATOR,ca79236316695116b7c7a18d511c0136e38367bc6d06fcab225fd27d35d7318f,MzQxMjM2NDAzMjYx,**** **** 3261,9906423546,,BANDIPORA,Ajas,Ajas,623,6810,2777,61.0
41196759839,1_623_6810_2777_005014,,Sarwa Begum,,,73,Female,Owner,Marginal  Farmer(Farmer having land <1 Hectare),APPROVED,,,false,,OPERATOR,13eebdec0adb9f7585201ff368df31d15ee428357709b433e8e63b0382947e46,MjA3NjQ5NTg4MDA2,**** **** 8006,7006482868,,BANDIPORA,Ajas,Ajas,623,6810,2777,50.0
65267147276,1_623_6810_2777_005016,,Ghulam Mohi Ud Din Rather,,,76,Male,Owner,Marginal  Farmer(Farmer having land <1 Hectare),APPROVED,,,false,,OPERATOR,4cedd92ea01497e7c80625fe7b9a5e919d8f7843bbbf47dd49da34519c9870ae,NjI4ODM0MTgxNjMy,**** **** 1632,9622774167,,BANDIPORA,Ajas,Ajas,623,6810,2777,52.0
53510126610,1_623_6810_2777_005021,,Manzoor Ahmad Rather,,,45,Male,Owner,Marginal  Farmer(Farmer having land <1 Hectare),APPROVED,,,false,,OPERATOR,ed13d92ac5fd27dca99448453fbb007c91adadbb5d974da48278155abbc89a22,OTI2MjczNTc4NzEx,**** **** 8711,9906708094,,BANDIPORA,Ajas,Ajas,623,6810,2777,43.0
79193568380,1_623_6810_2777_005025,,Ishfaq Ahmad Rather,,,32,Male,Owner,Marginal  Farmer(Farmer having land <1 Hectare),APPROVED,,,false,,OPERATOR,a84a6127cfec2b5329dc2de07a9af4ebfcfe2da3e157a2711b7ed576a6509d99,NTY1NTA3OTAxODcz,**** **** 1873,9541082139,,BANDIPORA,Ajas,Ajas,623,6810,2777,56.0
52345368516,1_623_6810_2777_005032,,Mohd Ashraf Rather,,,46,Male,Owner,Marginal  Farmer(Farmer having land <1 Hectare),APPROVED,,,false,,OPERATOR,8564c237d0b381328ac333b58cdfe9f83e2737af024317f5e2c642f3723997e7,ODg2Mjc1MDgwNTA3,**** **** 0507,9697387464,,BANDIPORA,Ajas,Ajas,623,6810,2777,63.0
