centralId,enrollmentNumber,enrollmentDate,frNameEn,frNameLL,dob,age,gender,farmerType,category,approvalStatus,finalVerificationDate,modifiedOn,isSfdbData,userName,insertedBy,aadhaarHash,aadhaarBase64,farmerAadhaarMask,farmerMobileNumber,farmerLastDraftedDate,districtName,subDistrictName,villageName,districtLgdCode,subDistrictLgdCode,villageLgdCode,lowestNameMatchScore
28712809504,1_623_40_2708_005040,,Tuseef Ahmad Lone,,,40,Male,Owner,Marginal  Farmer(Farmer having land <1 Hectare),PENDING,,,false,,OPERATOR,dc197504eb5715b2e52a433e2eca53717c591b14a09658b0083dfe49e11e8607,NzA3NzMwODM4NjUy,**** **** 8652,6005758476,,BANDIPORA,Gurez,Shah Pora - Achoora (Churwan),623,40,2708,0.0
27725853943,1_623_6812_2711_005025,,Juma Wani,,,45,Male,Owner,Marginal  Farmer(Farmer having land <1 Hectare),PENDING,,,false,,OPERATOR,bf3eec846c7186b5cb05dcf600e26f6e906c72d2ca401314b5e692ea11e21aea,NzcyOTk0MDk1NzU0,**** **** 5754,9149756598,,BANDIPORA,Tulail,Zedgey,623,6812,2711,35.0
89883986777,1_623_6812_2724_005033,,Mehraj Udian Khan,,,37,Male,Owner,Marginal  Farmer(Farmer having land <1 Hectare),PENDING,,,false,,OPERATOR,54cf507048e0e36b20baf252b6ce4eefd99dac3c6bc718f1ed30aefc0d7509f3,MjAzMzI4NjYzMDA4,**** **** 3008,7889926024,,BANDIPORA,Tulail,Baduaab,623,6812,2724,0.0
17737611521,1_623_6812_2716_005008,,Ab Rehman Mir,,,66,Male,Owner,Marginal  Farmer(Farmer having land <1 Hectare),APPROVED,,,false,,OPERATOR,d5c0c99553911e269c584030a550f3eb3fc9334d2c3a98e0c90b14fa4d165563,NDM0NzgyNzM2OTQy,**** **** 6942,7889759140,,BANDIPORA,Tulail,Neeru,623,6812,2716,44.0
71372107553,1_623_40_936275_005003,,Shajehan Ahmad Bhat,,,36,Male,Owner,Marginal  Farmer(Farmer having land <1 Hectare),PENDING,,,false,,OPERATOR,58eef0d8c0f39ea411ec4a73d1ad68ced57d671291a09109a99d457d050c3e05,NTYxNDQxOTczNzkx,**** **** 3791,6006101432,,BANDIPORA,Gurez,Gulshanpora,623,40,936275,62.0
25807627057,1_623_42_2797_005000,,Jahangir Ahmad Bhat,,,38,Male,Owner,Marginal  Farmer(Farmer having land <1 Hectare),PENDING,,,false,,OPERATOR,3459277dbecbf72d8e0877d674a169b5033a06d976329ea7111790019c011476,OTQ5MDM1NDk4NjI0,**** **** 8624,7889826080,,BANDIPORA,Sonawari,Hilalabad,623,42,2797,46.0
23819371942,1_623_6811_2700_005004,,Shabir Ahmad Malla,,,47,Male,Owner,Marginal  Farmer(Farmer having land <1 Hectare),PENDING,,,false,,OPERATOR,f3887f2224dd320776418a9db7e6e0105c48b170c7b1bc18cc31e6f2cb31fa1f,OTMwNTA4ODg0MDEy,**** **** 4012,9906576392,,BANDIPORA,Hajin,Gulshanpora,623,6811,2700,43.0
41382892532,1_623_6812_2716_005011,,Jabbar Mir,,,45,Male,Owner,Marginal  Farmer(Farmer having land <1 Hectare),APPROVED,,,false,,OPERATOR,e555b11f2786f5c2b815d1ef2c431aa8688ed40364eba7731902ec208a42cf9e,Njc0ODYyNjI5OTE5,**** **** 9919,9541243323,,BANDIPORA,Tulail,Neeru,623,6812,2716,35.0
22974706998,1_623_40_2707_005039,,Mohd Ismail Shiekh,,,52,Male,Owner,Marginal  Farmer(Farmer having land <1 Hectare),PENDING,,,false,,OPERATOR,28c280a0000d2dc6f5024adb04f892fc790cea9fd59234b834cc4a3b334c4366,NjYxMTE3MDMwODMy,**** **** 0832,7780826340,,BANDIPORA,Gurez,Markoot,623,40,2707,58.0
27679881478,1_623_41_2768_005004,,Abdul Majid Ganie,,,66,Male,Owner,Marginal  Farmer(Farmer having land <1 Hectare),PENDING,,,false,,OPERATOR,de23d9a916471c0fcbb7543e63e6816f658e513f2f7789d636440c63c97ec1ee,NzI2NTA2MzY2Nzcw,**** **** 6770,8491026101,,BANDIPORA,Bandipora,Garoora,623,41,2768,56.0
98681189147,1_623_40_936275_005032,,MOHD MUNWAR BHAT,,,66,Male,Owner,Marginal  Farmer(Farmer having land <1 Hectare),PENDING,,,false,,OPERATOR,1b698e5dbdb9bce5fcb757c0af670a62a141ff4b13a9e2bf33dca009c96fbf07,MzgyNjAzNzQ2OTE0,**** **** 6914,9103575806,,BANDIPORA,Gurez,Gulshanpora,623,40,936275,53.0
30763328626,1_623_6811_2783_005008,,Mohd Shaban Parry,,,68,Male,Owner,Marginal  Farmer(Farmer having land <1 Hectare),PENDING,,,false,,OPERATOR,f2f15dbd996b0200791bda5de8b7fc858a9117acb3b119e1c9f119507aaaff2a,NTQ5ODgyNDI0NjQ4,**** **** 4648,9149441657,,BANDIPORA,Hajin,Vijipara,623,6811,2783,58.0
59825651642,1_623_42_2794_005037,,MOHD AYOUB RATHER,,,58,Male,Owner,Marginal  Farmer(Farmer having land <1 Hectare),PENDING,,,false,,OPERATOR,70e02d39a8ef7f0867eab74b788f679597ebc26bec19ad2b65060782528efa5c,ODI1NjI2MDg3NTkx,**** **** 7591,7051157231,,BANDIPORA,Sonawari,Asham,623,42,2794,43.0
17304660637,1_623_42_2797_005034,,Irshad Ahmad Ahengar,,,32,Male,Owner,Marginal  Farmer(Farmer having land <1 Hectare),PENDING,,,false,,OPERATOR,c49fde6bde8c6e803bb164a38fe2534b2929956f98fa0cfcefb223757a0fefc2,OTg0MTY5MTM4MTIx,**** **** 8121,7889986858,,BANDIPORA,Sonawari,Hilalabad,623,42,2797,65.0
31408312401,1_623_6811_2700_005021,,Shabir Ahmad Dar,,,36,Male,Owner,Marginal  Farmer(Farmer having land <1 Hectare),PENDING,,,false,,OPERATOR,074295a3a0e50b5044d64de178f06ca930c8a0483da60ab0087b353c399bcc0c,OTU3NDMwMzM3NTkw,**** **** 7590,9906007354,,BANDIPORA,Hajin,Gulshanpora,623,6811,2700,56.0
98604802528,1_623_6812_2724_005031,,Javid Ahmad Lone,,,29,Male,Owner,Marginal  Farmer(Farmer having land <1 Hectare),PENDING,,,false,,OPERATOR,81929611f29e7eb6c1299652eed33a2b742ff13bdef45983ee0f9d150f6d282c,MzE3MTA2NjA4MDM3,**** **** 8037,6006143759,,BANDIPORA,Tulail,Baduaab,623,6812,2724,46.0
85019903575,1_623_42_2794_005038,,Ali Mohd Rather,,,70,Male,Owner,Marginal  Farmer(Farmer having land <1 Hectare),PENDING,,,false,,OPERATOR,b25541c5ec719cae206cd5ac1127377dbf0fa3a53fce51a5eb43f2f839415b14,MzM2ODY5OTU0MDc0,**** **** 4074,9541283031,,BANDIPORA,Sonawari,Asham,623,42,2794,43.0
72054356027,1_623_40_2707_005020,,Rashida Begum,,,53,Female,Owner,Marginal  Farmer(Farmer having land <1 Hectare),PENDING,,,false,,OPERATOR,6177c052fa60c85ab4277c0c8977fe584ecaecac2f1baf9e016e3a1b000e9b3d,MzA5MTk1Njk1NjYy,**** **** 5662,7889798814,,BANDIPORA,Gurez,Markoot,623,40,2707,69.0
66968246324,1_623_42_2797_005036,,Arsheed Ahmad Ahanger,,,29,Male,Owner,Marginal  Farmer(Farmer having land <1 Hectare),PENDING,,,false,,OPERATOR,c0449da5bf23ead80e74a39ffd2b8f144696674b13783ad58a0e8540dc6a85d9,ODQ5MzE3NzM0NTMy,**** **** 4532,7889303759,,BANDIPORA,Sonawari,Hilalabad,623,42,2797,45.0
36171627691,1_623_42_2797_005035,,Mohd Maqbool Ahanger,,,81,Male,Owner,Marginal  Farmer(Farmer having land <1 Hectare),PENDING,,,false,,OPERATOR,f4ed076125c28a9f48b7df36ab92788abf7b2d3f58904bc07999273baa3928d2,Njc5NDE4NDUyODQ2,**** **** 2846,9682303337,,BANDIPORA,Sonawari,Hilalabad,623,42,2797,43.0
83141009733,1_623_6811_2700_005022,,Ghulam Nabi Ganai,,,64,Male,Owner,Marginal  Farmer(Farmer having land <1 Hectare),PENDING,,,false,,OPERATOR,ac0b5fa598434439c046586e303c4823e63c28abbb17742666649746ea69056b,ODgyNDc4MDU1NTYx,**** **** 5561,9149838337,,BANDIPORA,Hajin,Gulshanpora,623,6811,2700,0.0
17552990699,1_623_6812_2724_005062,,Mohammad Afzal Anghar,,,53,Male,Owner,Marginal  Farmer(Farmer having land <1 Hectare),PENDING,,,false,,OPERATOR,1109578de27bd6c040ea7b6d9c5fe8c63dff744ba164d4e33e79f4ca028a8c2f,NTQxNTEwOTk4NTAz,**** **** 8503,6006761431,,BANDIPORA,Tulail,Baduaab,623,6812,2724,46.0
44588551730,1_623_6812_2711_005017,,Mohd Afzal Khan,,,62,Male,Owner,Marginal  Farmer(Farmer having land <1 Hectare),PENDING,,,false,,OPERATOR,f7212e0df296e9a231ad4d98872116413875df3b7421d0db057b716d55a761ef,NTM4NTE5ODg2NTQ4,**** **** 6548,6005852310,,BANDIPORA,Tulail,Zedgey,623,6812,2711,58.0
54624006829,1_623_40_2707_005004,,MOHMAD MUNAWAR SHEIKH,,,62,Male,Owner,Marginal  Farmer(Farmer having land <1 Hectare),PENDING,,,false,,OPERATOR,36979f4836ee37cc9c54bf070eb294adda19927d4672ff98a928cc8421e0cf1b,MzAxODYxODk5ODQ0,**** **** 9844,9682562548,,BANDIPORA,Gurez,Markoot,623,40,2707,0.0
37517555549,1_623_6810_2777_005010,,Habib Ullah Najar,,,76,Male,Owner,Marginal  Farmer(Farmer having land <1 Hectare),APPROVED,,,false,,OPERATOR,8719f6dee384906db00495724547ea50525eccdcb41609be8ebfaec056419a50,ODk4NzE4NTQ1ODY2,**** **** 5866,7051866990,,BANDIPORA,Ajas,Ajas,623,6810,2777,56.0
15425046344,1_623_42_2810_005001,,MOHD IBRAHIM DAR,,,71,Male,Owner,Marginal  Farmer(Farmer having land <1 Hectare),PENDING,,,false,,OPERATOR,80fff37439fcf8ab4a99ca4886d874982f59713b5171fff1c3a91dffa1511f76,MzY0MjE1MjQyMzIy,**** **** 2322,9797048733,,BANDIPORA,Sonawari,Odina,623,42,2810,53.0
37945371747,1_623_6812_2716_005000,,REYAZ AHMAD MIR,,,45,Male,Owner,Marginal  Farmer(Farmer having land <1 Hectare),PENDING,,,false,,OPERATOR,d0f668a3d1a5e568d7ed9c3067cde8dbd118e90efc2c01f391ac94d3d7acca96,NTM2NzI0MzY4Nzkx,**** **** 8791,7006135337,,BANDIPORA,Tulail,Neeru,623,6812,2716,63.0
55008484173,1_623_42_2810_005002,,NAZIR AHMAD DAR,,,59,Male,Owner,Marginal  Farmer(Farmer having land <1 Hectare),PENDING,,,false,,OPERATOR,be717582334ceaf7d8eb0b9cbc9979c976391c0ee3af9708ca64a8f80a24ae64,NTc3MDE3MjEwMjQz,**** **** 0243,7780923271,,BANDIPORA,Sonawari,Odina,623,42,2810,0.0
40861533487,1_623_6812_2716_005064,,Mohammad Akbar Mir,,,73,Male,Owner,Marginal  Farmer(Farmer having land <1 Hectare),PENDING,,,false,,OPERATOR,8cc5120e56cab968bb233bf11eea67621a32fdb49035dc73be8fd8a9c4888cf2,NzM1MzQxMjQ0MDU2,**** **** 4056,7889929323,,BANDIPORA,Tulail,Neeru,623,6812,2716,61.0
21809232044,1_623_40_2705_005008,,Jemshida Begum,,,52,Female,Owner,Marginal  Farmer(Farmer having land <1 Hectare),PENDING,,,false,,OPERATOR,f8edea372308ff48cb9982b7027a7c87304ef8a0f4476490875163915d3e483a,NTc2Nzg3Nzk3NTg0,**** **** 7584,7889383595,,BANDIPORA,Gurez,Badwan,623,40,2705,0.0
91678211238,1_623_6811_2772_005005,,ABDUL RAZAQ DAR,,,63,Male,Owner,Marginal  Farmer(Farmer having land <1 Hectare),PENDING,,,false,,OPERATOR,bcc4385db7159eef7b7017d57086f7fb17b391a5fd9d6cf76bb2e9d3623018c6,ODk5NzI1MTk2MTU4,**** **** 6158,9186183497,,BANDIPORA,Hajin,Sari Hari Karan Gund,623,6811,2772,22.0
74068471515,1_623_40_2708_005067,,Abdul Rashid Khan,,,66,Male,Owner,Marginal  Farmer(Farmer having land <1 Hectare),PENDING,,,false,,OPERATOR,d9e0f179ad50fbb9082b8d708bd58832c3204d477606a5bac247ac77014f9dc4,NDQyNjIyNjI1NjI4,**** **** 5628,9469408138,,BANDIPORA,Gurez,Shah Pora - Achoora (Churwan),623,40,2708,56.0
56750220705,1_623_42_2794_005083,,Mohammad Ashraf Kaloo,,,35,Male,Owner,Marginal  Farmer(Farmer having land <1 Hectare),PENDING,,,false,,OPERATOR,b965ec5d8c9482bfd012c98eb173d0c1def0c5bad355dd92b03a92882a874a60,OTEzNDk5NDkzMTU3,**** **** 3157,7006262930,,BANDIPORA,Sonawari,Asham,623,42,2794,56.0
31584553771,1_623_42_2794_005084,,Fayaz Ahmad Kaloo,,,48,Male,Owner,Marginal  Farmer(Farmer having land <1 Hectare),PENDING,,,false,,OPERATOR,f73bbbeed3159d7b5e2f927e5041442d8771ad24c87747a96ad1346dcc56f6ce,NDM1OTU2MDI0ODI4,**** **** 4828,7780881488,,BANDIPORA,Sonawari,Asham,623,42,2794,65.0
94736609417,1_623_40_936275_005029,,SHAHNAWAZ AHMAD LONE,,,41,Male,Owner,Marginal  Farmer(Farmer having land <1 Hectare),PENDING,,,false,,OPERATOR,1ec5fb98cb38dccfe937a099446a3a84126521ab19bba037bb76e9f6627264c3,OTA0NTI4NzYxNTY1,**** **** 1565,6005755674,,BANDIPORA,Gurez,Gulshanpora,623,40,936275,56.0
19864061796,1_623_40_2708_005068,,Ab Rahim Lone,,,45,Male,Owner,Marginal  Farmer(Farmer having land <1 Hectare),PENDING,,,false,,OPERATOR,f5c51e360c77b846ee78b33cb9a0cec3eb11680d5f396f38cf7bf96cd97941a6,Nzg4MTY1MzI1ODg4,**** **** 5888,7780960325,,BANDIPORA,Gurez,Shah Pora - Achoora (Churwan),623,40,2708,61.0
70299004813,1_623_6812_2724_005035,,AB GANI LONE,,,77,Male,Owner,Marginal  Farmer(Farmer having land <1 Hectare),PENDING,,,false,,OPERATOR,d4cb2ec0d4e5956eef9c91af9410c5b0f73f146edf2a5b40c1154f41d9525eab,NDgwODMwNjc4OTA1,**** **** 8905,8899528068,,BANDIPORA,Tulail,Baduaab,623,6812,2724,0.0
18207417251,1_623_6812_2724_005097,,Azhar Ud Din Lone,,,41,Male,Owner,Marginal  Farmer(Farmer having land <1 Hectare),PENDING,,,false,,OPERATOR,55c68e755590900434874f73b718933fa746a62f7623ed6e5405692b415250b9,NTYxNjM4MzYxMzIx,**** **** 1321,7006917615,,BANDIPORA,Tulail,Baduaab,623,6812,2724,0.0
43096786077,1_623_40_2705_005009,,MOHD KHALIL MAPNOO,,,71,Male,Owner,Marginal  Farmer(Farmer having land <1 Hectare),PENDING,,,false,,OPERATOR,33f40da660a383222eec3749a965c4238d1996ca654cb5187f6a02cfb5b1a0c4,NjI4NDkxMjcyMTE3,**** **** 2117,6005623267,,BANDIPORA,Gurez,Badwan,623,40,2705,61.0
69671334956,1_623_6811_2772_005006,,MOHAMMAD AKBAR KAWA,,,72,Male,Owner,Marginal  Farmer(Farmer having land <1 Hectare),PENDING,,,false,,OPERATOR,2333d1273f0aa771c6714c4308e20272e2211726386800eeeb7fc62838c2b8be,OTA2MjQzNjE0MjQ4,**** **** 4248,9622886755,,BANDIPORA,Hajin,Sari Hari Karan Gund,623,6811,2772,0.0
72321295002,1_623_6812_2724_005023,,FAROOQ AHMAD LONE,,,51,Male,Owner,Marginal  Farmer(Farmer having land <1 Hectare),APPROVED,,,false,,OPERATOR,e435951a6c827cb820ea86a65290aa6b32b6accf7373571c5474008ab1fcd503,NDUyNzkwMjU4NTE3,**** **** 8517,6005029742,,BANDIPORA,Tulail,Baduaab,623,6812,2724,46.0
29921883992,1_623_40_2708_005069,,Jameed Ahmad Akhoon,,,49,Male,Owner,Marginal  Farmer(Farmer having land <1 Hectare),PENDING,,,false,,OPERATOR,c8725d86c0680ee24d89270dfde2ec2921ecfdb1d68b71bc537a22ba5a3d7b20,OTk3Njk2NDIzODQ3,**** **** 3847,7780949261,,BANDIPORA,Gurez,Shah Pora - Achoora (Churwan),623,40,2708,56.0
67145856045,1_623_6812_2716_005065,,AB GANI MIR,,,59,Male,Owner,Marginal  Farmer(Farmer having land <1 Hectare),PENDING,,,false,,OPERATOR,b9e37ed66da20b7dc75effac89f14f30342bb7cef28a596d033a03e38708679a,Mjg1ODAwMTc5NTky,**** **** 9592,6005380406,,BANDIPORA,Tulail,Neeru,623,6812,2716,44.0
79441031101,1_623_6811_2778_005000,,Saif Uddin Rather,,,54,Male,Owner,Marginal  Farmer(Farmer having land <1 Hectare),PENDING,,,false,,OPERATOR,42fc3097e50a10445cd4fe4c6fc1860ffc8fcab37af03fe89525956c8843ac0d,OTU1NDcxNzA5Nzc4,**** **** 9778,9697524466,,BANDIPORA,Hajin,Gundi Saderkote,623,6811,2778,47.0
54097353069,1_623_40_2705_005010,,M Saifullah Mapnoo,,,37,Male,Owner,Marginal  Farmer(Farmer having land <1 Hectare),PENDING,,,false,,OPERATOR,088dc92c017ba3190abbe5ff6ab61eb5406f860d02bb02789e047f085ba601ac,ODQ2NTAyMjYyNTc2,**** **** 2576,9149845731,,BANDIPORA,Gurez,Badwan,623,40,2705,65.0
27544123692,1_623_6812_2716_005010,,SULTAN MIR,,,42,Male,Owner,Marginal  Farmer(Farmer having land <1 Hectare),APPROVED,,,false,,OPERATOR,10aff6dda544bed42b1ef2a09a7ec32cd4b931c9dfc7cb0b6d236d3cbf84df93,OTk3ODY1MDMwMzMx,**** **** 0331,7889695268,,BANDIPORA,Tulail,Neeru,623,6812,2716,35.0
95676927635,1_623_42_2808_005000,,Arshad Ahmad Hamal,,,34,Male,Owner,Marginal  Farmer(Farmer having land <1 Hectare),PENDING,,,false,,OPERATOR,cd310508a81437701d056b79f95c3a70ed5e46e4239cbff267d56317cf0ae00f,Njk0MzYyNDc0NzUy,**** **** 4752,9622547537,,BANDIPORA,Sonawari,Gund i Khalil,623,42,2808,49.0
65556487118,1_623_42_2794_005002,,Gh Hassan Ganie,,,65,Male,Owner,Marginal  Farmer(Farmer having land <1 Hectare),PENDING,,,false,,OPERATOR,0c94991c440db19ead1c19db92ce9fcbcc1efd5a40c364998ab6961d78fbf14f,ODIxNTQ1MzE4Njc2,**** **** 8676,7051038070,,BANDIPORA,Sonawari,Asham,623,42,2794,53.0
45783799567,1_623_6812_2724_005000,,MOHD AFZAL BAIGH,,,66,Male,Owner,Marginal  Farmer(Farmer having land <1 Hectare),PENDING,,,false,,OPERATOR,48c8971f501699478df663df32b8758555eddf084b3018cfc2f3593201d1bc83,MzM0NjA2ODE4NDEy,**** **** 8412,9103069584,,BANDIPORA,Tulail,Baduaab,623,6812,2724,57.0
60669541159,1_623_42_2812_005000,,Ajaz Ahmad Dar,,,49,Male,Owner,Marginal  Farmer(Farmer having land <1 Hectare),PENDING,,,false,,OPERATOR,f3a9e7d70193f3366622a02455e8a2be43a68e6e41036a981e27a7b7a03132c4,NDYxNzUzMzkwMjgw,**** **** 0280,7006903518,,BANDIPORA,Sonawari,Sarai Dangarpora,623,42,2812,40.0
84720820473,1_623_42_2804_005001,,GH MOHMMAD HAJAM,,,71,Male,Owner,Marginal  Farmer(Farmer having land <1 Hectare),PENDING,,,false,,OPERATOR,3f1e7298f65f5d799a92dc77229f97289196bd5274a2e0559f43ec66179048b0,ODM1NDM2NTUzNTA0,**** **** 3504,7889965245,,BANDIPORA,Sonawari,Rakh Sultan Pora,623,42,2804,43.0
17811017579,1_623_6812_2716_005043,,Ab Gani Lone,,,62,Male,Owner,Marginal  Farmer(Farmer having land <1 Hectare),PENDING,,,false,,OPERATOR,b3da65b5f348478e03daff18cf574546b162fd96734de92372d0e8fe48086a18,NjA3NDU1ODUzMTMw,**** **** 3130,6006257194,,BANDIPORA,Tulail,Neeru,623,6812,2716,44.0
98878049601,1_623_6812_2724_005002,,Habib Ullah Bagh,,,45,Male,Owner,Marginal  Farmer(Farmer having land <1 Hectare),PENDING,,,false,,OPERATOR,67f641aa56972ae00719a9732950a68b730bd0ad3e4fd8482bdb14bbfa23ef90,NjY0OTE3NjQ4MzYw,**** **** 8360,7006141077,,BANDIPORA,Tulail,Baduaab,623,6812,2724,46.0
41410576175,1_623_42_2808_005008,,Mohd Ashraf Paray,,,46,Male,Owner,Marginal  Farmer(Farmer having land <1 Hectare),PENDING,,,false,,OPERATOR,1d24f465f08afd5a96a7908e07177f265f5e876850680e58cf11fa5ccc2bf36d,MjQ0MjY2NzQ4NzY4,**** **** 8768,9596588028,,BANDIPORA,Sonawari,Gund i Khalil,623,42,2808,62.0
64176049174,1_623_6812_2711_005016,,Nazir Ahmad Wani,,,48,Male,Owner,Marginal  Farmer(Farmer having land <1 Hectare),PENDING,,,false,,OPERATOR,7d2518d81e30898efb9ac79dc6173ce9b824033d62672c16a6592cf5e153ae1f,NTY1MzI5MjU1NDIz,**** **** 5423,9103647089,,BANDIPORA,Tulail,Zedgey,623,6812,2711,61.0
83133673764,1_623_42_2812_005029,,Gh Mohmmad Rather,,,56,Male,Owner,Marginal  Farmer(Farmer having land <1 Hectare),PENDING,,,false,,OPERATOR,6fb135d2bf2dcefca02238dc142e1727e5b47318f1a8d6b0469d16539f588d74,OTAyOTIzMTM4MDEx,**** **** 8011,9541205917,,BANDIPORA,Sonawari,Sarai Dangarpora,623,42,2812,46.0
24032133691,1_623_42_2794_005040,,Ghulam Mohammad Rather,,,76,Male,Owner,Marginal  Farmer(Farmer having land <1 Hectare),PENDING,,,false,,OPERATOR,ddd5d6c2431a7bf0ccce7c3959499485522fbaaceaa6df50d3f2a31ad99f7c15,NzA5NzYyNDQ2NjYy,**** **** 6662,8492857193,,BANDIPORA,Sonawari,Asham,623,42,2794,66.0
36788767170,1_623_6812_2724_005034,,Ishaq Khan,,,34,Male,Owner,Marginal  Farmer(Farmer having land <1 Hectare),PENDING,,,false,,OPERATOR,dc33c3748d8f0049acf6073d652b25d38554bd742d43317207e3c716e41738d9,MjAwMzE5NTg4MDk1,**** **** 8095,6005769241,,BANDIPORA,Tulail,Baduaab,623,6812,2724,0.0
24249141351,1_623_42_2797_005038,,Gh Mohd Reshi,,,71,Male,Owner,Marginal  Farmer(Farmer having land <1 Hectare),PENDING,,,false,,OPERATOR,dd023370db9e73e743887eb285a7f0ed27d050c0fded0d8368888c4a0e4d50c9,NzgwMTE5ODU4MjQw,**** **** 8240,7051921929,,BANDIPORA,Sonawari,Hilalabad,623,42,2797,56.0
13037656138,1_623_42_2812_005031,,Mohammad Maqbool Rather,,,55,Male,Owner,Marginal  Farmer(Farmer having land <1 Hectare),PENDING,,,false,,OPERATOR,0bc47e39d1770e1eaf37ee7f37db20ec2c65bf03a4dc3413762c7455f1905cdd,NDcwNjMxMzQ0MzA0,**** **** 4304,7006263815,,BANDIPORA,Sonawari,Sarai Dangarpora,623,42,2812,75.0
41078191187,1_623_42_2812_005030,,BASHIR AHMAD RATHER,,,51,Male,Owner,Marginal  Farmer(Farmer having land <1 Hectare),PENDING,,,false,,OPERATOR,0c43c3fd5a0bcdd4329d4aacdf565712e4cf458c58d2c19736e7a9a2fe4c6e91,NTA4NzI2Mzg3ODY4,**** **** 7868,9797171384,,BANDIPORA,Sonawari,Sarai Dangarpora,623,42,2812,65.0
54366987077,1_623_6811_2783_005009,,Nayeem Ahmad Bhat,,,41,Male,Owner,Marginal  Farmer(Farmer having land <1 Hectare),PENDING,,,false,,OPERATOR,71f1499974f915d5a61370353e28beaf5dc603a782f3554bd42c1a49f7aa5560,OTU3MjM5Njc0OTc5,**** **** 4979,9622494111,,BANDIPORA,Hajin,Vijipara,623,6811,2783,0.0
24785047795,1_623_6811_2778_005010,,Mohammad Maqbool Dar,,,76,Male,Owner,Marginal  Farmer(Farmer having land <1 Hectare),PENDING,,,false,,OPERATOR,7e954635515c6abc34491d70af64335d50213ca6d11ee04f494236feda5fa7be,OTkyNjA1MTE4MTUz,**** **** 8153,7051313169,,BANDIPORA,Hajin,Gundi Saderkote,623,6811,2778,0.0
27122799265,1_623_6811_2700_005023,,SHABIR AHMAD DAR,,,52,Male,Owner,Marginal  Farmer(Farmer having land <1 Hectare),PENDING,,,false,,OPERATOR,404a7ebaa14b52f89b3be215e10141ab24666e97fe76466adaf215797d9f2fe7,ODA2MDc0NzU5NDc2,**** **** 9476,7889664688,,BANDIPORA,Hajin,Gulshanpora,623,6811,2700,66.0
13057299680,1_623_6809_2744_005006,,Imtiyaz Ahmad Chopan,,,27,Male,Owner,Marginal  Farmer(Farmer having land <1 Hectare),PENDING,,,false,,OPERATOR,9d7b78dcb4aa045d0785742c37780fc7d338a496739d5f0cec33fed5ea9ce8fe,ODMzMjUyNzIwNjcx,**** **** 0671,9797154700,,BANDIPORA,Aloosa,Mangnipora,623,6809,2744,66.0
80390720412,1_623_42_2794_005041,,Mohd Ashaq Rather,,,40,Male,Owner,Marginal  Farmer(Farmer having land <1 Hectare),PENDING,,,false,,OPERATOR,18953938c04121bba1ae1ec0759571848a499f11013e3254b4697e25ddf0d36d,NTcxNjEwODcwNzAw,**** **** 0700,9622040512,,BANDIPORA,Sonawari,Asham,623,42,2794,0.0
49532505860,1_623_42_2801_005468,,HAJIRA BEGUM,,,77,Female,Owner,Marginal  Farmer(Farmer having land <1 Hectare),PENDING,,,false,,OPERATOR,80715ad05281334c833cc581c4189cbd2a9c8cd64a6539125bdcbf3f04ba84cb,NzgzMzY4MTIyNDcz,**** **** 2473,9906455320,,BANDIPORA,Sonawari,Gund i Nowgam,623,42,2801,50.0
85248747727,1_623_6812_2711_005018,,Manzoor Ahmad Wani,,,47,Male,Owner,Marginal  Farmer(Farmer having land <1 Hectare),PENDING,,,false,,OPERATOR,1d95d84f7b7987d10a7b9e73be5cf3a18707f29818471d21a46c2a0d4d9f8f49,NDM4NzEwMDczODYz,**** **** 3863,9103041224,,BANDIPORA,Tulail,Zedgey,623,6812,2711,46.0
56733361243,1_623_42_2797_005039,,Gh Mohammad Bhat,,,66,Male,Owner,Marginal  Farmer(Farmer having land <1 Hectare),PENDING,,,false,,OPERATOR,3f5c77cff60b9ca8291dc50f7187a506e62ace3d469fdeb0c694d2fa875f2c9b,NDMxNjAwNDQ5Nzk2,**** **** 9796,9622808493,,BANDIPORA,Sonawari,Hilalabad,623,42,2797,43.0
71270751330,1_623_6811_2783_005010,,Muneer Ahmad Bhat,,,42,Male,Owner,Marginal  Farmer(Farmer having land <1 Hectare),PENDING,,,false,,OPERATOR,abfe4e21b9c511bd7f36ebec69701169bdad343af470d42391a20ebdda7d03b0,NDIzODAwMDE4MTg4,**** **** 8188,9622549890,,BANDIPORA,Hajin,Vijipara,623,6811,2783,64.0
18307361857,1_623_42_2800_005006,,Tariq Ahmad Dar,,,48,Male,Owner,Marginal  Farmer(Farmer having land <1 Hectare),PENDING,,,false,,OPERATOR,5e9f490c4ffaed6bfe00612c16477e61524e442fb929fa6ca172451ae4b481d5,MjU3MDU1MTc5NzUz,**** **** 9753,9797795532,,BANDIPORA,Sonawari,Rakh Shilvat,623,42,2800,46.0
72352222447,1_623_6812_2724_005036,,Shakeel Ahmad Khan,,,33,Male,Owner,Marginal  Farmer(Farmer having land <1 Hectare),PENDING,,,false,,OPERATOR,b055033794d5c61a2aebd9b411e7a2c8bfe7e9969d68289f2abd4ba9106e8678,Nzg5NDQ0NzcxMjU5,**** **** 1259,6006937919,,BANDIPORA,Tulail,Baduaab,623,6812,2724,61.0
42248806838,1_623_42_2797_005040,,GH NABI RESHI,,,86,Male,Owner,Marginal  Farmer(Farmer having land <1 Hectare),PENDING,,,false,,OPERATOR,bfbcec73269f852f1c292037d06594df5c7a1bbf919be3b6c4fd16c55c7c3a00,NTA4NTMxNzM0OTQy,**** **** 4942,9419740618,,BANDIPORA,Sonawari,Hilalabad,623,42,2797,0.0
56903419708,1_623_40_2705_005012,,Mehraj Ud Din Mapnoo,,,34,Male,Owner,Marginal  Farmer(Farmer having land <1 Hectare),PENDING,,,false,,OPERATOR,e31c1c93648ac27bdcbfb6146839179f9868be028e63fe127bfce8d84997ea20,NzkyMjk4MDI5NzE0,**** **** 9714,6006847702,,BANDIPORA,Gurez,Badwan,623,40,2705,55.0
33209971776,1_623_6812_2716_005013,,Ghulam Mohammad Mir,,,64,Male,Owner,Marginal  Farmer(Farmer having land <1 Hectare),APPROVED,,,false,,OPERATOR,f24cdb30a743cbf0ebcdfd5bf512b9c884b68961044d2a500e382c6466ca45a1,ODUxNzQ2OTM2MjIx,**** **** 6221,7006130198,,BANDIPORA,Tulail,Neeru,623,6812,2716,56.0
59841466406,1_623_6812_2716_005014,,GULAB MIR,,,55,Male,Owner,Marginal  Farmer(Farmer having land <1 Hectare),APPROVED,,,false,,OPERATOR,7c3366eb087cb26b65ca6a1c11c1b1f7298fb44aa813585ff994ce8513c26849,NTIzNjIyNDkyOTcz,**** **** 2973,7006532707,,BANDIPORA,Tulail,Neeru,623,6812,2716,35.0
46957829177,1_623_42_2797_005001,,Abdul Ahad Mir,,,74,Male,Owner,Marginal  Farmer(Farmer having land <1 Hectare),PENDING,,,false,,OPERATOR,7379e6377d2a22befcb260c944e4a4a5672d0d5902491a1bf71b52992c1288af,MjM0NjM3MDAxMzI1,**** **** 1325,6005050441,,BANDIPORA,Sonawari,Hilalabad,623,42,2797,0.0
37282115292,1_623_6812_2716_005016,,Ab Gani Mir,,,54,Male,Owner,Marginal  Farmer(Farmer having land <1 Hectare),APPROVED,,,false,,OPERATOR,3ed20494194a238a253fb3308e536fd6f0b72fd3d7c72df44b5c61a3e9d2dc27,NzE2Nzc3NzIwMjE1,**** **** 0215,7006135337,,BANDIPORA,Tulail,Neeru,623,6812,2716,58.0
47822483068,1_623_6812_2716_005017,,Mohammad Sidiq Mir,,,65,Male,Owner,Marginal  Farmer(Farmer having land <1 Hectare),APPROVED,,,false,,OPERATOR,1a22886a0979de8644bf9abcfb771f938fc46af52f59ae503276e1cccb513c4c,Njg4NDU3MTIwMDE2,**** **** 0016,7889511551,,BANDIPORA,Tulail,Neeru,623,6812,2716,45.0
97200365308,1_623_6810_2777_005012,,Aisha Begum,,,76,Female,Owner,Marginal  Farmer(Farmer having land <1 Hectare),PENDING,,,false,,OPERATOR,8802a22ac2757303157bd434a9996e4bf530d90c330b90cbd1fe8fd4e2b6f9d9,NzkwMjQxNDA3Mzc0,**** **** 7374,9103646012,,BANDIPORA,Ajas,Ajas,623,6810,2777,0.0
75094317659,1_623_6812_2716_005018,,Mohammad Afzal Mir,,,48,Male,Owner,Marginal  Farmer(Farmer having land <1 Hectare),APPROVED,,,false,,OPERATOR,1b97c337f83cb7517cfc318e0ee883d647aaa41a3a756639507f500de737722a,ODM2MzQ4ODk1MjMy,**** **** 5232,9149413589,,BANDIPORA,Tulail,Neeru,623,6812,2716,56.0
20593334208,1_623_42_2794_005003,,FAROOQ AHMAD PARRAY,,,58,Male,Owner,Marginal  Farmer(Farmer having land <1 Hectare),PENDING,,,false,,OPERATOR,55b2e13439b50fc52ef644d95e2f8a6538b79567c2a83eef2ab5a8a37ea7d163,MjMzNzYwMzUxOTAx,**** **** 1901,9797004610,,BANDIPORA,Sonawari,Asham,623,42,2794,0.0
32506325728,1_623_6812_2716_005019,,AB RASHID LONE,,,47,Male,Owner,Marginal  Farmer(Farmer having land <1 Hectare),APPROVED,,,false,,OPERATOR,93a61a3db94886316d452b32dabbe097be679fef24b625708cdc2057d337f69c,NTI4NTAyOTk3NDM2,**** **** 7436,9149413589,,BANDIPORA,Tulail,Neeru,623,6812,2716,43.0
24125586939,1_623_6812_2724_005001,,Gh Mohmmad Beigh,,,85,Male,Owner,Marginal  Farmer(Farmer having land <1 Hectare),PENDING,,,false,,OPERATOR,60ba8f0766a2325651482f7e36debcff7acabee1ec2e2200b8b24d17c0a5cc71,NTA4ODE5MTkzMTI4,**** **** 3128,9149932460,,BANDIPORA,Tulail,Baduaab,623,6812,2724,22.0
29616221767,1_623_42_2794_005004,,GH HASSAN BHAT,,,48,Male,Owner,Marginal  Farmer(Farmer having land <1 Hectare),PENDING,,,false,,OPERATOR,245adb48e1bfb1389f93c1ac2dabcefd3a375c9f0cda21def8317798100dcc47,NDAzMDQyMzMzOTQz,**** **** 3943,9858452121,,BANDIPORA,Sonawari,Asham,623,42,2794,62.0
43399613983,1_623_42_2812_005001,,Shabir Ah Mir,,,45,Male,Owner,Marginal  Farmer(Farmer having land <1 Hectare),PENDING,,,false,,OPERATOR,0bf0f8f6110499374d1445d440bed600f669c1fc9e2cdf74b32d6712783f21e2,NDE2NDc3MzIwMDA4,**** **** 0008,9622823416,,BANDIPORA,Sonawari,Sarai Dangarpora,623,42,2812,25.0
20514710988,1_623_6812_2724_005098,,Mohammad Najam U Din Lone,,,67,Male,Owner,Marginal  Farmer(Farmer having land <1 Hectare),PENDING,,,false,,OPERATOR,22205dc4beae48ce46054b7cb7ee1fad42765320c291750a0aa5bbfa6b921607,NjE2NDQzNDkwNzI4,**** **** 0728,9541414950,,BANDIPORA,Tulail,Baduaab,623,6812,2724,36.0
84742510297,1_623_42_2797_005002,,Naseer Ahmad Reshi,,,39,Male,Owner,Marginal  Farmer(Farmer having land <1 Hectare),PENDING,,,false,,OPERATOR,8e0cb99d419a8d64bbcc67a38c031f1e482b5597930dba916f25b753b993241d,Nzc2MjUyNDQwNTY4,**** **** 0568,8899774489,,BANDIPORA,Sonawari,Hilalabad,623,42,2797,66.0
95426058099,1_623_40_2707_005005,,GH RASOOL MIR,,,66,Male,Owner,Marginal  Farmer(Farmer having land <1 Hectare),PENDING,,,false,,OPERATOR,a1dd778c072bf21e38f65cd43234a1e5b09272fd8ae1159b9453672328c3b4bc,Mzc4NzU2OTAxNTIx,**** **** 1521,9149820191,,BANDIPORA,Gurez,Markoot,623,40,2707,0.0
14882376481,1_623_42_2808_005001,,Bashir Ahmad Ganie,,,51,Male,Owner,Marginal  Farmer(Farmer having land <1 Hectare),PENDING,,,false,,OPERATOR,aa5a0cfb754e817eca3097e182e2982d8740ba5930ed059c9619cae1a016ed8d,NzA1MTg2MTYzNzEz,**** **** 3713,9622905616,,BANDIPORA,Sonawari,Gund i Khalil,623,42,2808,66.0
11344108473,1_623_42_2794_005005,,Mushtaq Ahmad Ambar,,,45,Male,Owner,Marginal  Farmer(Farmer having land <1 Hectare),PENDING,,,false,,OPERATOR,f25ec25d22a70b028420254e9094216209afb4e4b8f7d9f2ad1b609405a2b87d,MzEzMjc1OTk2NzA5,**** **** 6709,7889898209,,BANDIPORA,Sonawari,Asham,623,42,2794,0.0
31554441882,1_623_6812_2716_005001,,Gh Nabi Mir,,,74,Male,Owner,Marginal  Farmer(Farmer having land <1 Hectare),PENDING,,,false,,OPERATOR,ea0fca62cfed688aa0d57251a332535ff2db987e029a8a3976413a9c8f91b17b,OTQxNTcyNzQ4NTk4,**** **** 8598,6006266276,,BANDIPORA,Tulail,Neeru,623,6812,2716,43.0
34247374143,1_623_40_2708_005070,,Ghulam Rasool Khan,,,73,Male,Owner,Marginal  Farmer(Farmer having land <1 Hectare),PENDING,,,false,,OPERATOR,47e24076fd70c6d2dccd6b3757af9350e2068854c568b3e746cfb57fff435a33,NDY5OTQ2NTYyMDMz,**** **** 2033,7006918498,,BANDIPORA,Gurez,Shah Pora - Achoora (Churwan),623,40,2708,56.0
69601819310,1_623_42_2797_005003,,Mohd Yousuf Reshi,,,66,Male,Owner,Marginal  Farmer(Farmer having land <1 Hectare),PENDING,,,false,,OPERATOR,cc57c0cbb28a0d7c3c8e1fbc151cabc694746c8dd70ea0b13e10722ee77e5092,MzI3NTgwODQ1NDQ0,**** **** 5444,9622505662,,BANDIPORA,Sonawari,Hilalabad,623,42,2797,43.0
31371823261,1_623_6812_2724_005063,,Gh Ahmad Naik,,,54,Male,Owner,Marginal  Farmer(Farmer having land <1 Hectare),PENDING,,,false,,OPERATOR,eef223ed92f19db335c9fbdad385f62e1cb78e03c77588e17da806866a3e8c2e,NDgyOTQxMDkwMTE3,**** **** 0117,7889741426,,BANDIPORA,Tulail,Baduaab,623,6812,2724,46.0
49322094431,1_623_41_2740_005000,,Naseer Ahmad Malik,,,52,Male,Owner,Marginal  Farmer(Farmer having land <1 Hectare),PENDING,,,false,7006036681,OPERATOR,f89877a748eca726d1d71b775c01228db27c495f25ee59bed488a62c0060b721,MjI0NTI0NDg2Nzg2,**** **** 6786,7006036681,,BANDIPORA,Bandipora,Khayar,623,41,2740,46.0
68907499294,1_623_40_2707_005023,,Ishfaq Anwar,,,32,Male,Owner,Marginal  Farmer(Farmer having land <1 Hectare),PENDING,,,false,,OPERATOR,2a096316e5da4a5e2b3a061ac00c673caadc1eefa603906c478432e6b2b7fb5d,NTgxOTM2NzI5MDg4,**** **** 9088,7006871301,,BANDIPORA,Gurez,Markoot,623,40,2707,0.0
59285246443,1_623_6812_2724_005064,,Shamas Ud Din Mapnoo,,,61,Male,Owner,Marginal  Farmer(Farmer having land <1 Hectare),PENDING,,,false,,OPERATOR,b5d11b820195100cd967e30aa48e32d7e5c1f255c830931a360f0b1ff0076996,NTI3NDE5NjM3OTQ0,**** **** 7944,9682174244,,BANDIPORA,Tulail,Baduaab,623,6812,2724,49.0
40191682452,1_623_40_2707_005006,,Mohd Amin Akhoon,,,61,Male,Owner,Marginal  Farmer(Farmer having land <1 Hectare),PENDING,,,false,,OPERATOR,1b1ea22af8035557ef88616d886ce8035071f5760e5dc79c992cf008d406371c,NTg0MDg5ODk5MDE3,**** **** 9017,9149988076,,BANDIPORA,Gurez,Markoot,623,40,2707,43.0
38855363209,1_623_40_936275_005005,,Mohd Sultan Ahanger,,,65,Male,Owner,Marginal  Farmer(Farmer having land <1 Hectare),PENDING,,,false,,OPERATOR,6f71d84074aa9d47146dd5a3df1a0f11223f14b2f9210f9793bfdbeab084d663,NTI1OTYzNzc5NTcz,**** **** 9573,9419317210,,BANDIPORA,Gurez,Gulshanpora,623,40,936275,53.0
53584312109,1_623_6812_2724_005065,,Gh Mohmad Khan,,,58,Male,Owner,Marginal  Farmer(Farmer having land <1 Hectare),PENDING,,,false,,OPERATOR,678561f8ffe0baff9023839adb9f4d22dd640bf58bb3811cdb497f52da816652,NjE0NTUzMDE4NDEw,**** **** 8410,9797779085,,BANDIPORA,Tulail,Baduaab,623,6812,2724,0.0
80050590076,1_623_42_2808_005003,,Farooq Ahmad Rather,,,58,Male,Owner,Marginal  Farmer(Farmer having land <1 Hectare),PENDING,,,false,,OPERATOR,588855c8562f36a2b2fc1a871be970f1ffed3bccc5421ef738fcbdc39fa21f41,NTg0NzAwNDM2Mzc3,**** **** 6377,7006466521,,BANDIPORA,Sonawari,Gund i Khalil,623,42,2808,66.0
15379205138,1_623_6810_2777_005015,,Mala Begum,,,67,Female,Owner,Marginal  Farmer(Farmer having land <1 Hectare),PENDING,,,false,,OPERATOR,2b1e736ba85a6ea429cffacf178f5e2d07cfd25eb87e0810951931412190ed2b,NDc3MDI1ODE0MTk4,**** **** 4198,9906735811,,BANDIPORA,Ajas,Ajas,623,6810,2777,0.0
36052268685,1_623_6812_2711_005002,,Mohd Aslam Khan,,,50,Male,Owner,Marginal  Farmer(Farmer having land <1 Hectare),PENDING,,,false,,OPERATOR,c6ec308f36d3c34a371dede1a4d7fd31dbd5ed31f7fbca93dec9884816014317,MjI0OTkzODQ0Nzg3,**** **** 4787,9149627738,,BANDIPORA,Tulail,Zedgey,623,6812,2711,43.0
12959780442,1_623_6812_2724_005066,,Kamal Din Naik,,,44,Male,Owner,Marginal  Farmer(Farmer having land <1 Hectare),PENDING,,,false,,OPERATOR,8a8d63fd4b460c49f42cee00273c4d0271713db61cc60c912f35f74ee981a4d0,MjM0MTY5Mjc2MzQ4,**** **** 6348,7006124943,,BANDIPORA,Tulail,Baduaab,623,6812,2724,22.0
64188223126,1_623_41_2740_005001,,Gh Mohi Ud Din Malik,,,59,Male,Owner,Marginal  Farmer(Farmer having land <1 Hectare),PENDING,,,false,,OPERATOR,36e8ef6fcfdcdf1974996e36dc0170151cfdc6d8505ed1ebe663faa03c4c5b22,NjE0MzE3OTM2OTQ1,**** **** 6945,9682600440,,BANDIPORA,Bandipora,Khayar,623,41,2740,52.0
62700292248,1_623_42_2794_005064,,Sharif Ud Din Kaloo,,,42,Male,Owner,Marginal  Farmer(Farmer having land <1 Hectare),PENDING,,,false,,OPERATOR,ff21270c88df401d2ab282ef572095b9a1043d116da0da98b4f85128a5d7b97a,Mjk1NTA2MTU5NzEw,**** **** 9710,9797288454,,BANDIPORA,Sonawari,Asham,623,42,2794,69.0
33352866980,1_623_6811_2700_005031,,Manzoor Ahmad Malla,,,47,Male,Owner,Marginal  Farmer(Farmer having land <1 Hectare),PENDING,,,false,,OPERATOR,7735bcba216d93aaab2f98442a81d87c08585f8d242e013da2f7427e38fe36cb,NDc4NDc1NTE5OTEy,**** **** 9912,7006523725,,BANDIPORA,Hajin,Gulshanpora,623,6811,2700,0.0
58587524009,1_623_6809_2744_005007,,Mohd Hussain Shaer Gojri,,,46,Male,Owner,Marginal  Farmer(Farmer having land <1 Hectare),PENDING,,,false,,OPERATOR,45144ea593ff2f31b49cc8505772cf4e8cff0926232e8820d3b53b9b0c60f7f7,MzE5MDk3MTI0NTY1,**** **** 4565,6005399248,,BANDIPORA,Aloosa,Mangnipora,623,6809,2744,32.0
17238168543,1_623_42_2800_005007,,MOHD AMIN MIR,,,53,Male,Owner,Marginal  Farmer(Farmer having land <1 Hectare),PENDING,,,false,,OPERATOR,ecbfddb144eff4f00bca1d3a5f5d38af5647c6fb19c38cb1a423dab32c2585ca,MzIzMDEyNjkzMDA3,**** **** 3007,7051887412,,BANDIPORA,Sonawari,Rakh Shilvat,623,42,2800,56.0
30125864922,1_623_40_2707_005040,,Mohammad Abdullah Sheikh,,,58,Male,Owner,Marginal  Farmer(Farmer having land <1 Hectare),PENDING,,,false,,OPERATOR,8cfcca39f7560ce44ddc0ecd2bdbe5b07733290ddd829e7745c6d1080ad15189,MjAxNjgzOTEzMzk1,**** **** 3395,9682148537,,BANDIPORA,Gurez,Markoot,623,40,2707,38.0
96607218589,1_623_42_2794_005007,,Majid Ahmad Ganie,,,40,Male,Owner,Marginal  Farmer(Farmer having land <1 Hectare),PENDING,,,false,,OPERATOR,b2c551d44c004d41f70f01ee04e4f1d2127ca4cf46ad8205160e08e37bfdc5af,NzgwMTMxMTE2NzA4,**** **** 6708,7006077113,,BANDIPORA,Sonawari,Asham,623,42,2794,65.0
34237781553,1_623_42_2797_005005,,Kulsum Mehraj,,,26,Female,Owner,Marginal  Farmer(Farmer having land <1 Hectare),PENDING,,,false,,OPERATOR,c0c5c70f9be1adcd6e94b2ef714b69e38c0310eceb072608e5cdb9bbf5feab25,NTkzMjUxNzg0OTAw,**** **** 4900,9797073701,,BANDIPORA,Sonawari,Hilalabad,623,42,2797,0.0
18466706187,1_623_42_2810_005011,,GHULAM MOHD BHAT,,,71,Male,Owner,Marginal  Farmer(Farmer having land <1 Hectare),PENDING,,,false,,OPERATOR,0991782e68912de32080fb4f5bae8b7ec0023e585dd68ae409b25275db6f8178,OTY0MDQ5NTQwMDk3,**** **** 0097,9541886528,,BANDIPORA,Sonawari,Odina,623,42,2810,30.0
66229586480,1_623_6812_2724_005003,,Mohd Maqbool Lone,,,71,Male,Owner,Marginal  Farmer(Farmer having land <1 Hectare),PENDING,,,false,,OPERATOR,6f8f4c70a7c0486193abfae6c11f8449fb6c003112818000c223e910a1a8ed49,ODgwMzEyNzAyOTY1,**** **** 2965,6005115834,,BANDIPORA,Tulail,Baduaab,623,6812,2724,22.0
51692605450,1_623_40_2705_005011,,Nusrath Jaha,,,44,Female,Owner,Marginal  Farmer(Farmer having land <1 Hectare),PENDING,,,false,,OPERATOR,be3f307c18a7355c4caaa956e316df48afdb7508d7b064c6ae0d2338086baa77,ODczMTgxNDc3NTIx,**** **** 7521,6005434019,,BANDIPORA,Gurez,Badwan,623,40,2705,69.0
67388670166,1_623_42_2794_005042,,Mansoor Ayoub,,,27,Male,Owner,Marginal  Farmer(Farmer having land <1 Hectare),PENDING,,,false,,OPERATOR,f218cb3b1aeba83528cf2d5447486124ebde96d1b674ce08fb67a4ef2c04eb2e,OTM2MDAzMTc0NTE1,**** **** 4515,7006796459,,BANDIPORA,Sonawari,Asham,623,42,2794,32.0
72620346401,1_623_6811_2700_005024,,Javid Ahmad Dar,,,34,Male,Owner,Marginal  Farmer(Farmer having land <1 Hectare),PENDING,,,false,,OPERATOR,239d7a41057e1bae715324d887f2e85a07445d81ec85ba5bff5de8a2f835d874,MjcyNTA1NTQ3NTQz,**** **** 7543,6006889551,,BANDIPORA,Hajin,Gulshanpora,623,6811,2700,65.0
92979327260,1_623_6812_2724_005099,,Gulzar Ahmad Lone,,,34,Male,Owner,Marginal  Farmer(Farmer having land <1 Hectare),PENDING,,,false,,OPERATOR,704c45b9f1b8fd9ac8618a1ed26df8ad55e002900e533810bfdf92500fdc6462,OTM3OTMzNzM2NTc5,**** **** 6579,7006185361,,BANDIPORA,Tulail,Baduaab,623,6812,2724,56.0
47124196022,1_623_6812_2724_005037,,Rahim Lone,,,42,Male,Owner,Marginal  Farmer(Farmer having land <1 Hectare),PENDING,,,false,,OPERATOR,7b9aaf6aeb91203189d2df4cfee82f0f2417e7a8f39cf01d8771a81d89fae283,Mjg3Njc5ODI1NTg3,**** **** 5587,9149756312,,BANDIPORA,Tulail,Baduaab,623,6812,2724,0.0
87623788377,1_623_6811_2700_005005,,Hilal Ahmad Bhat,,,43,Male,Owner,Marginal  Farmer(Farmer having land <1 Hectare),PENDING,,,false,,OPERATOR,b109268bfb596ddfe57c47033e22f4b6e3724692d555aa08cbec944e61549dad,NTQwODg1MTA1NTY3,**** **** 5567,6005009002,,BANDIPORA,Hajin,Gulshanpora,623,6811,2700,66.0
17876631770,1_623_42_2808_005002,,Ghulam Nabi Parray,,,61,Male,Owner,Marginal  Farmer(Farmer having land <1 Hectare),PENDING,,,false,,OPERATOR,327ab17652e8ad7fa05083e48589d2c5665fd21eda3b2fce80296af3ac7ae9bd,NTg0MjkxMjczNzEx,**** **** 3711,9797047251,,BANDIPORA,Sonawari,Gund i Khalil,623,42,2808,56.0
40534523982,1_623_40_2708_005000,,Mohd Azad Lone,,,34,Male,Owner,Marginal  Farmer(Farmer having land <1 Hectare),PENDING,,,false,7780893108,OPERATOR,0ebcc75a8473b7eb19cf5d989949ebe0b17f7879db73e43ef5cd621bc7e191c3,MzQ3OTA0NzExNTU5,**** **** 1559,7780893108,,BANDIPORA,Gurez,Shah Pora - Achoora (Churwan),623,40,2708,0.0
35550175797,1_623_42_2812_005002,,MOHAMMAD MAQBOOL RATHER,,,56,Male,Owner,Marginal  Farmer(Farmer having land <1 Hectare),PENDING,,,false,,OPERATOR,336108cafd3b39ed996b349ca09ef82c6fed81e0977744c9079e42ac6db36d3a,MjMxMTQwMDQ5MzA3,**** **** 9307,6006284042,,BANDIPORA,Sonawari,Sarai Dangarpora,623,42,2812,27.0
46408645032,1_623_42_2810_005003,,ALI MOHAMMAD BHAT,,,56,Male,Owner,Marginal  Farmer(Farmer having land <1 Hectare),PENDING,,,false,,OPERATOR,fcced28f3094e3e7a932dd428837864b023af5214581e8eaea0023e459e4943a,NzUyNDEzNDk5NjYz,**** **** 9663,9906565364,,BANDIPORA,Sonawari,Odina,623,42,2810,56.0
92762389343,1_623_6811_2783_005001,,Ab Majid Paray,,,51,Male,Owner,Marginal  Farmer(Farmer having land <1 Hectare),PENDING,,,false,,OPERATOR,fb58e7a681b7baff16f357cd5abcf4969f9774eccbd935435c9d4d3b1efb0525,NzM0Mzg3NDM4MTYz,**** **** 8163,9797782513,,BANDIPORA,Hajin,Vijipara,623,6811,2783,55.0
44769641219,1_623_6811_2778_005001,,Mohd Shafi Dar,,,61,Male,Owner,Marginal  Farmer(Farmer having land <1 Hectare),PENDING,,,false,,OPERATOR,98f542216ced59394b4d6f4bb8970ed0b0037655576e0aff98ee335fc469b790,NTY2OTE4ODU0NjE0,**** **** 4614,9596452976,,BANDIPORA,Hajin,Gundi Saderkote,623,6811,2778,43.0
27643342848,1_623_42_2794_005006,,Mohammad Maqbool Dar,,,56,Male,Owner,Marginal  Farmer(Farmer having land <1 Hectare),PENDING,,,false,,OPERATOR,63da6e30519a0f6dfee5c22a0d1178653fe23c75f357b6cf9be1b55c355575f8,NTAwNjM4MjMwMDE1,**** **** 0015,9906530779,,BANDIPORA,Sonawari,Asham,623,42,2794,66.0
77957612670,1_623_42_2812_005003,,MOHD MAQBOOL DAR,,,46,Male,Owner,Marginal  Farmer(Farmer having land <1 Hectare),PENDING,,,false,,OPERATOR,930401b27492f54af773f30dd494f0e20e1943d2588693514380d028f0bf93b4,NjU4NzU1NzQzMjI0,**** **** 3224,9682684490,,BANDIPORA,Sonawari,Sarai Dangarpora,623,42,2812,58.0
24120890440,1_623_42_2797_005004,,Bilal Ahmad Rishi,,,54,Male,Owner,Marginal  Farmer(Farmer having land <1 Hectare),PENDING,,,false,,OPERATOR,f74fd62c862f49019da876f493baf6f53ca44535a73f41b081ea93e216310d0c,NDk1ODM5MTMxMzY5,**** **** 1369,9149475466,,BANDIPORA,Sonawari,Hilalabad,623,42,2797,65.0
63422409857,1_623_6812_2716_005002,,JAMEEL AHMAD MIR,,,44,Male,Owner,Marginal  Farmer(Farmer having land <1 Hectare),PENDING,,,false,,OPERATOR,ae6b9069a84071e6404781182f29b2a38dc4dd7fee5014299e95fa997f3a9210,MjExNDI0ODgxMzMx,**** **** 1331,6005938827,,BANDIPORA,Tulail,Neeru,623,6812,2716,46.0
95516550461,1_623_42_2810_005004,,SAJAD HUSSAIN BHAT,,,45,Male,Owner,Marginal  Farmer(Farmer having land <1 Hectare),PENDING,,,false,,OPERATOR,da4745a94a84f6739a55b634c22a9c79e331050055f4e3ccca2f3cfd5378d6b7,MjY2MDI4MTAwMzk2,**** **** 0396,7006096489,,BANDIPORA,Sonawari,Odina,623,42,2810,64.0
87972456831,1_623_42_2812_005032,,Bashir Ahmad Rather,,,43,Male,Owner,Marginal  Farmer(Farmer having land <1 Hectare),PENDING,,,false,,OPERATOR,074c3ae8ccc62990caa4f5452ac16d522ce5c54b652d4b9781b196936df290bb,MjI0NzgzMjcxNTAw,**** **** 1500,9149572957,,BANDIPORA,Sonawari,Sarai Dangarpora,623,42,2812,0.0
34198180765,1_623_42_2797_005041,,Ali Mohd Bhat,,,57,Male,Owner,Marginal  Farmer(Farmer having land <1 Hectare),PENDING,,,false,,OPERATOR,d51dbe490d69d34a728c3c59c33e585a05c317e9f6027c84f8823ff88b2e7152,ODU5NjI3NTA1NTk5,**** **** 5599,9149710223,,BANDIPORA,Sonawari,Hilalabad,623,42,2797,43.0
56492229303,1_623_6811_2700_005025,,Sajad Ahmad Dar,,,34,Male,Owner,Marginal  Farmer(Farmer having land <1 Hectare),PENDING,,,false,,OPERATOR,c92cfe36c106b22c5fbfd0bba3b281621c839995d5436bd757ab25918f6299b0,OTM0MzcxOTQxNTI1,**** **** 1525,7006353711,,BANDIPORA,Hajin,Gulshanpora,623,6811,2700,65.0
40544573924,1_623_6811_2778_005011,,Ab Rashid Rather,,,58,Male,Owner,Marginal  Farmer(Farmer having land <1 Hectare),PENDING,,,false,,OPERATOR,6646490c2d5347022738fbd9ba88dd8aa16cb922ee9944c5e9fc5b76009661d8,NzM1MDE5MzAyNDI5,**** **** 2429,7006601307,,BANDIPORA,Hajin,Gundi Saderkote,623,6811,2778,43.0
78047212733,1_623_42_2794_005008,,Nazir Ah Ganie,,,50,Male,Owner,Marginal  Farmer(Farmer having land <1 Hectare),PENDING,,,false,,OPERATOR,e7b8f846e1ebe98c9b980cc5891bb95bd79184c293b7185b2c57770698754b18,NTI3MDQ2NTgwODEx,**** **** 0811,7889448922,,BANDIPORA,Sonawari,Asham,623,42,2794,44.0
20142244594,1_623_42_2794_005043,,Irshad Ahmad Ganaie,,,56,Male,Owner,Marginal  Farmer(Farmer having land <1 Hectare),PENDING,,,false,,OPERATOR,7e49ba4363b39dfe8e24e9cfbd9e9c36c4dc5c27590b5bb3e34c371aabf51df9,MzczMTI3NTkwMjU5,**** **** 0259,9797974497,,BANDIPORA,Sonawari,Asham,623,42,2794,56.0
37436416996,1_623_42_2794_005065,,Mohmad Yousuf Kaloo,,,55,Male,Owner,Marginal  Farmer(Farmer having land <1 Hectare),PENDING,,,false,,OPERATOR,11bdc459565ed66953044211d7152e089fad653abb6bb559583158b6cf9de75d,MzkyNTc1MzE4MzI1,**** **** 8325,9541068582,,BANDIPORA,Sonawari,Asham,623,42,2794,55.0
72767740986,1_623_42_2794_005066,,MOHD SHAFIQ KALOO,,,48,Male,Owner,Marginal  Farmer(Farmer having land <1 Hectare),PENDING,,,false,,OPERATOR,7d720e635bb46dee570f88bda9fb749bfb262dce008928368aaa596f540443d9,NzkzMDc0MDQ5MjE1,**** **** 9215,9541997216,,BANDIPORA,Sonawari,Asham,623,42,2794,52.0
92328859389,1_623_40_936275_005007,,Nazir Ahmad Harey,,,78,Male,Owner,Marginal  Farmer(Farmer having land <1 Hectare),PENDING,,,false,,OPERATOR,ae30848584e506ceaf124017bff0defc48fe8d56a002ee7a80b46c21a15a49b6,NTQwMzAzNDUzNjQ2,**** **** 3646,9419703854,,BANDIPORA,Gurez,Gulshanpora,623,40,936275,56.0
26196595074,1_623_6812_2724_005067,,Bashir Ahmad Naik,,,41,Male,Owner,Marginal  Farmer(Farmer having land <1 Hectare),PENDING,,,false,,OPERATOR,c1c323128469a2d32764e14521209e1e508c5bef89b35475b5bbaa248da7e507,Njc0MTM5NDM3MzAz,**** **** 7303,6005674272,,BANDIPORA,Tulail,Baduaab,623,6812,2724,61.0
27265515585,1_623_40_2708_005041,,BASHIR AHMAD LONE,,,47,Male,Owner,Marginal  Farmer(Farmer having land <1 Hectare),PENDING,,,false,,OPERATOR,75357450824a21f63487d1a8eee138437d6ed95527537eab1ef91e611f1a9f2a,MjI4NjgwNjY3Njkx,**** **** 7691,9682651554,,BANDIPORA,Gurez,Shah Pora - Achoora (Churwan),623,40,2708,56.0
99957496178,1_623_42_2794_005067,,Ghulam Jeelani Kaloo,,,34,Male,Owner,Marginal  Farmer(Farmer having land <1 Hectare),PENDING,,,false,,OPERATOR,d7628a018ea8e54fad3410647a8fb39a367da787167efd9a6ef2b70c78458914,NDE2NDA5ODI1NDUz,**** **** 5453,9541886013,,BANDIPORA,Sonawari,Asham,623,42,2794,63.0
58447279716,1_623_6812_2724_005068,,Ali Mohmad Naik,,,46,Male,Owner,Marginal  Farmer(Farmer having land <1 Hectare),PENDING,,,false,,OPERATOR,54f30c5c03b602b747ccc43504568ccbd30815d0aa8dbba81a6557b872af3929,OTYyMTk2MzM4MTQ2,**** **** 8146,7889958403,,BANDIPORA,Tulail,Baduaab,623,6812,2724,48.0
27674824164,1_623_6811_2771_005197,,Gh Nabi Tailor,,,76,Male,Owner,Marginal  Farmer(Farmer having land <1 Hectare),PENDING,,,false,,OPERATOR,e2d76018b47a94fcf45ae68d809fcaad926854a664be64e5c2dc439822719b3b,NzU2OTI0MDgyNjM3,**** **** 2637,9797131412,,BANDIPORA,Hajin,Madwan,623,6811,2771,52.0
53766773279,1_623_40_2708_005042,,SALIME BAGUM,,,74,Female,Owner,Marginal  Farmer(Farmer having land <1 Hectare),PENDING,,,false,,OPERATOR,708831f7fe9bccd3e10a7e7d110189cf3b4e4d631bd8ed167e37026f863e609e,OTUxOTM3NzA3NzAy,**** **** 7702,6006019725,,BANDIPORA,Gurez,Shah Pora - Achoora (Churwan),623,40,2708,34.0
18899622048,1_623_6812_2711_005003,,AB AHAD,,,63,Male,Owner,Marginal  Farmer(Farmer having land <1 Hectare),PENDING,,,false,,OPERATOR,e6e8c468b3fa5ec2f53024b6ba007b076fc0634ed6ab48eb2709b2852e7796bb,NjUwNzI4MDk4OTY0,**** **** 8964,9541637808,,BANDIPORA,Tulail,Zedgey,623,6812,2711,0.0
73417462920,1_623_42_2804_005000,,Mumtaza,,,59,Female,Owner,Marginal  Farmer(Farmer having land <1 Hectare),PENDING,,,false,,OPERATOR,d9027436015d2140efb9052abf23d73b425b664e2209d4785313537591c0038d,NTUxNTU1Nzg3MzM3,**** **** 7337,9797283928,,BANDIPORA,Sonawari,Rakh Sultan Pora,623,42,2804,50.0
31565969728,1_623_42_2797_005007,,Hilal Ahmad Reshi,,,50,Male,Owner,Marginal  Farmer(Farmer having land <1 Hectare),PENDING,,,false,,OPERATOR,d88e63c848b6e369cc9ad8d97d3a1247def125f6a35fe04fc2748ea2db886298,NTg4NDExNDY2NDMw,**** **** 6430,9906647944,,BANDIPORA,Sonawari,Hilalabad,623,42,2797,65.0
44797637719,1_623_40_2708_005002,,GHULAM QADIR LONE,,,71,Male,Owner,Marginal  Farmer(Farmer having land <1 Hectare),PENDING,,,false,,OPERATOR,a348d9f3d95fe1b93cbf81395ad96ba296df0d47ff3c958645362af68c1be95a,NTY4NjQxMzg0NTAz,**** **** 4503,9419581367,,BANDIPORA,Gurez,Shah Pora - Achoora (Churwan),623,40,2708,55.0
35837709215,1_623_6812_2724_005054,,Mohammad Shahim Lone,,,57,Male,Owner,Marginal  Farmer(Farmer having land <1 Hectare),PENDING,,,false,,OPERATOR,938b67ba9fda97fb2892be4639cd5a7462405e609b11e08ac0762b1f1120c4b1,NjI4MjgyNTMzMjA5,**** **** 3209,6005604272,,BANDIPORA,Tulail,Baduaab,623,6812,2724,21.0
10759294475,1_623_6809_2744_005008,,Ajaz Ahmad Wani,,,37,Male,Owner,Marginal  Farmer(Farmer having land <1 Hectare),PENDING,,,false,,OPERATOR,0bb3bbbf34574fe01e079ba02e164032620f826fe8a4449ca9b402755a7241f3,NTA4OTI5Mzk5Njc1,**** **** 9675,9541139140,,BANDIPORA,Aloosa,Mangnipora,623,6809,2744,0.0
24969742852,1_623_6809_2744_005000,,Mohammad Shafi Najar,,,59,Male,Owner,Marginal  Farmer(Farmer having land <1 Hectare),PENDING,,,false,,OPERATOR,093d27195c3e9f782f5d2abfb86dad2dbc402078f9639c10382d953ad6e30b81,MjEyNTczMzA0NTg4,**** **** 4588,7006821578,,BANDIPORA,Aloosa,Mangnipora,623,6809,2744,46.0
74097582908,1_623_42_2808_005004,,MOHD AMIN GANIE,,,50,Male,Owner,Marginal  Farmer(Farmer having land <1 Hectare),PENDING,,,false,,OPERATOR,984d9f0e2836d335f70f680354c53892e7b51a73567a137f7705d60f1017123c,NzU0NTA5OTc0Njgy,**** **** 4682,9906544504,,BANDIPORA,Sonawari,Gund i Khalil,623,42,2808,0.0
73504281907,1_623_6812_2724_005055,,AB QAYOOM LONE,,,53,Male,Owner,Marginal  Farmer(Farmer having land <1 Hectare),PENDING,,,false,,OPERATOR,8176e834433339627d143010bc9afd509792f7bc61647ff193ee378e6119ad18,NTA4Mjk5NTAxNTcx,**** **** 1571,7006987162,,BANDIPORA,Tulail,Baduaab,623,6812,2724,23.0
84564439338,1_623_40_2708_005001,,SULTANI BEGUM,,,66,Female,Owner,Marginal  Farmer(Farmer having land <1 Hectare),PENDING,,,false,,OPERATOR,55b39645c5a2aabb8a566b66d2b0a72ff7f4e2135a5a46ee278672846ad867c3,NzEwNjU2MDQ3MTAz,**** **** 7103,9419581367,,BANDIPORA,Gurez,Shah Pora - Achoora (Churwan),623,40,2708,25.0
56578739469,1_623_42_2802_005000,,Mohammad Qasim Malla,,,57,Male,Owner,Marginal  Farmer(Farmer having land <1 Hectare),PENDING,,,false,,OPERATOR,972a6f94a5d4b46efb5a1aaab212a81e956e12c2a49799fdf88c38a110504bac,ODkzMDg1Njc5NTk4,**** **** 9598,8899480820,,BANDIPORA,Sonawari,NOWGAM,623,42,2802,0.0
45144334060,1_623_6811_2783_005002,,Ab Rashid Parray,,,54,Male,Owner,Marginal  Farmer(Farmer having land <1 Hectare),PENDING,,,false,,OPERATOR,388cdd80e20f3d900e826d43de93870c04e2f5945c34ffc4b429f2db16b9b007,MzAzNzkzMzQ0NzE4,**** **** 4718,7006257216,,BANDIPORA,Hajin,Vijipara,623,6811,2783,56.0
35260059228,1_623_6812_2716_005003,,Mohd Ismail Mir,,,29,Male,Owner,Marginal  Farmer(Farmer having land <1 Hectare),PENDING,,,false,,OPERATOR,ba6477aa068322807032bd73a052bae380b7be49172194cfc7db3e9e2ae0eda6,ODU1OTYyMTk3MDcw,**** **** 7070,6005815615,,BANDIPORA,Tulail,Neeru,623,6812,2716,53.0
74456144913,1_623_6811_2778_005002,,RAZIA RASHID,,,36,Female,Owner,Marginal  Farmer(Farmer having land <1 Hectare),PENDING,,,false,,OPERATOR,d725376a3ad876e0867689e68cb1d01179398d512de3913c6118fff27bb9d29c,OTAwMzE1NzIxMzUx,**** **** 1351,8899932644,,BANDIPORA,Hajin,Gundi Saderkote,623,6811,2778,0.0
66204425881,1_623_42_2812_005004,,Ateeqa Begum,,,46,Female,Owner,Marginal  Farmer(Farmer having land <1 Hectare),PENDING,,,false,,OPERATOR,d0fd4e0ca58df820aaed1edee58ecbeb27d7f9ec3d45d9fc429c676779230bf7,OTA0NDk3MDE0NDU3,**** **** 4457,6006861683,,BANDIPORA,Sonawari,Sarai Dangarpora,623,42,2812,50.0
81173457439,1_623_6811_2700_005006,,SHABIR AHMAD BHAT,,,47,Male,Owner,Marginal  Farmer(Farmer having land <1 Hectare),PENDING,,,false,,OPERATOR,fcc1e17f705ef1699f173b2c958cb2cc66fccc8568d8c16bac009039a1a7d7d2,MjQ2NDEzNTA3NDgx,**** **** 7481,7780999019,,BANDIPORA,Hajin,Gulshanpora,623,6811,2700,44.0
41142146420,1_623_6812_2716_005004,,Gh Mustafa Mir,,,26,Male,Owner,Marginal  Farmer(Farmer having land <1 Hectare),PENDING,,,false,,OPERATOR,22e063e1b184d1901c229588f20d40835b48b39aa88c60a4ce2e37ec36762bf7,NjI5NDcyNzA3MDA3,**** **** 7007,9149784196,,BANDIPORA,Tulail,Neeru,623,6812,2716,53.0
38610507783,1_623_42_2794_005045,,Gulzar Ahmad Bhat,,,42,Male,Owner,Marginal  Farmer(Farmer having land <1 Hectare),PENDING,,,false,,OPERATOR,0b36cc9c39aed4bb3ee20efbf37216cb20ac52e283e9b78eeea875222f5cf1dd,NzAyNDAxMjM2MTEw,**** **** 6110,9541222662,,BANDIPORA,Sonawari,Asham,623,42,2794,66.0
64212349478,1_623_42_2794_005010,,Bashir Ahmed Parray,,,69,Male,Owner,Marginal  Farmer(Farmer having land <1 Hectare),PENDING,,,false,,OPERATOR,96378674c6d7b003719a852711ed0d554f146da47c763f94c8940e0bb4990a59,NzA5NDE5NjY1NDgz,**** **** 5483,9906799864,,BANDIPORA,Sonawari,Asham,623,42,2794,56.0
68550522504,1_623_6811_2700_005007,,Samad Parray,,,81,Male,Owner,Marginal  Farmer(Farmer having land <1 Hectare),PENDING,,,false,,OPERATOR,b56074bd7d84c6ecef57686db16d95daa8df0c78f2026b26a9ab7367b1e31fad,NzIwNjQxNjY0ODQ2,**** **** 4846,9906231120,,BANDIPORA,Hajin,Gulshanpora,623,6811,2700,0.0
85345429748,1_623_6812_2711_005004,,MOHD ASHRAF WANI,,,35,Male,Owner,Marginal  Farmer(Farmer having land <1 Hectare),PENDING,,,false,,OPERATOR,d7f6a1842e0fb453211bfb46128a5af82317469155d9b6ab621d8b9dbc9fb9fa,NTY4NzY5MDk0MjE5,**** **** 4219,7006981659,,BANDIPORA,Tulail,Zedgey,623,6812,2711,58.0
56864332675,1_623_6812_2716_005020,,AB GANI LONE,,,30,Male,Owner,Marginal  Farmer(Farmer having land <1 Hectare),APPROVED,,,false,,OPERATOR,f1c09b846958cb9549dce359ae3c10c800438d5f5cbd91dcbb65717d19ed732f,NTEyNjI4ODA2OTAz,**** **** 6903,6006902278,,BANDIPORA,Tulail,Neeru,623,6812,2716,59.0
69154547303,1_623_40_936275_005010,,Mohd Abdullah Harrey,,,74,Male,Owner,Marginal  Farmer(Farmer having land <1 Hectare),PENDING,,,false,,OPERATOR,20d11553ebfca29a7a60ecac7184e4a0b64bca4e8535d6820640485cc8080d14,NDcxMjc2Mzk0MDU2,**** **** 4056,7006786252,,BANDIPORA,Gurez,Gulshanpora,623,40,936275,33.0
22780509958,1_623_42_2794_005011,,Nasir Ahmad Khan,,,47,Male,Owner,Marginal  Farmer(Farmer having land <1 Hectare),PENDING,,,false,,OPERATOR,5595afae965df14516768d1e9cbdc0515364c759fe3bae69040c372034567ecc,NDY0Mzk3NzUzMTc3,**** **** 3177,9149851486,,BANDIPORA,Sonawari,Asham,623,42,2794,63.0
73725046581,1_623_42_2797_005013,,Riyaz Ah Bhat,,,54,Male,Owner,Marginal  Farmer(Farmer having land <1 Hectare),PENDING,,,false,,OPERATOR,c7a7031334f7e6aa28bbaac84e0491e49f6f4316d1e28074e79031c2efdedfca,NjU3MzI0Mzg1MzQw,**** **** 5340,9906804421,,BANDIPORA,Sonawari,Hilalabad,623,42,2797,25.0
35968711409,1_623_6812_2716_005030,,JUMMA MIR,,,71,Male,Owner,Marginal  Farmer(Farmer having land <1 Hectare),APPROVED,,,false,,OPERATOR,3c8a5c5739eb8e0ae6a43614544fb47e7982861f4a4dea34b3103c98b82195e7,Mzc1MTQxODY4NTg4,**** **** 8588,7889755035,,BANDIPORA,Tulail,Neeru,623,6812,2716,35.0
65594905146,1_623_42_2810_005007,,SHER ALI BHAT,,,58,Male,Owner,Marginal  Farmer(Farmer having land <1 Hectare),PENDING,,,false,,OPERATOR,b71deb928fd2391be3e75fa0fc5079741b9ee7c9ba949ebd07e0ae9bfe0701e7,ODEzMzUwMjg4MjM5,**** **** 8239,9107917421,,BANDIPORA,Sonawari,Odina,623,42,2810,46.0
43369157014,1_623_42_2808_005014,,Adil Ahmad Wagay,,,39,Male,Owner,Marginal  Farmer(Farmer having land <1 Hectare),PENDING,,,false,,OPERATOR,af601ee435f6255e0cb9f2bf1562f34a9df5b4cd1e98b02c776e4be8fb84d1b4,NTYyOTQ0NzYwNjc4,**** **** 0678,9596248651,,BANDIPORA,Sonawari,Gund i Khalil,623,42,2808,65.0
76084662587,1_623_6812_2716_005022,,Mohd Sarwar Lone,,,51,Male,Owner,Marginal  Farmer(Farmer having land <1 Hectare),APPROVED,,,false,,OPERATOR,db0c8d58cbefa6354ba187af49b1636f60cb2af63a061c0b3c8a80884dad08d9,ODg3ODIxNzU1Nzk5,**** **** 5799,6006902278,,BANDIPORA,Tulail,Neeru,623,6812,2716,23.0
28168899802,1_623_6812_2716_005005,,Afroza Banoo,,,23,Female,Owner,Marginal  Farmer(Farmer having land <1 Hectare),PENDING,,,false,,OPERATOR,7901de0c5df7ce6d3df3fefaea44d14b187b9368c81e796b46ecb1d9eb82db93,OTMyMzkyOTEyNjk4,**** **** 2698,7889658793,,BANDIPORA,Tulail,Neeru,623,6812,2716,49.0
89026785643,1_623_6812_2716_005021,,Abdul Majeed Lone,,,42,Male,Owner,Marginal  Farmer(Farmer having land <1 Hectare),APPROVED,,,false,,OPERATOR,f2d83dc988249b7d233c23cdf9a137213ae304fb5309a3f6bc6f2d0ba2fa7bba,OTM0OTEyMTAxMzMx,**** **** 1331,9149805448,,BANDIPORA,Tulail,Neeru,623,6812,2716,61.0
23370235772,1_623_42_2812_005012,,Latef Ahmad Malik,,,45,Male,Owner,Marginal  Farmer(Farmer having land <1 Hectare),PENDING,,,false,,OPERATOR,896a3237978d4e32a3753ff2687237e2e76fecec0be131a77add8067ddd8c02c,MzUxMTcwMTYwMjA3,**** **** 0207,7006529152,,BANDIPORA,Sonawari,Sarai Dangarpora,623,42,2812,64.0
25557493825,1_623_42_2812_005033,,Nazir Ahmad Kawa,,,48,Male,Owner,Marginal  Farmer(Farmer having land <1 Hectare),PENDING,,,false,,OPERATOR,c88de38e8dbc85a563301143823c3ba5b3b3fddfb17fb7e6d7ae4efd92f01c7d,NDIxMDU5MjQ0MTAx,**** **** 4101,7889709174,,BANDIPORA,Sonawari,Sarai Dangarpora,623,42,2812,0.0
75654841023,1_623_42_2794_005017,,Mehraj Ud Din Rather,,,52,Male,Owner,Marginal  Farmer(Farmer having land <1 Hectare),PENDING,,,false,,OPERATOR,2d158dbce884a82152bee42d3f8493df89d9d843e288c4f3bac7c67a2ee28c8b,NjIxNDk1MzY3NDU5,**** **** 7459,7006584755,,BANDIPORA,Sonawari,Asham,623,42,2794,70.0
59002940337,1_623_40_2707_005009,,MOHD MUNWAR AKHOON,,,66,Male,Owner,Marginal  Farmer(Farmer having land <1 Hectare),PENDING,,,false,,OPERATOR,5ecba64e291f983bf80b7367d068f330082d449c6528d12bf38831f135c3d3c8,NTUwMzM2MjY1OTUw,**** **** 5950,6005290105,,BANDIPORA,Gurez,Markoot,623,40,2707,52.0
42871913589,1_623_40_2707_005010,,GH MOHD LONE,,,50,Male,Owner,Marginal  Farmer(Farmer having land <1 Hectare),PENDING,,,false,,OPERATOR,9e3ce8ddd5bed0421086a921338c39602c053b41a1f342f8ff36a0a2d28e3d9f,ODUxNDkxNTcyOTkx,**** **** 2991,7889425512,,BANDIPORA,Gurez,Markoot,623,40,2707,56.0
94488355105,1_623_6812_2724_005010,,ABDULLAH KHAN,,,65,Male,Owner,Marginal  Farmer(Farmer having land <1 Hectare),PENDING,,,false,,OPERATOR,05794470a68d2dc5a904c3ebd958084ddc20683cc5f928158e2c3055fd721fbc,NzA2MTk5NTMyNzk1,**** **** 2795,9103032035,,BANDIPORA,Tulail,Baduaab,623,6812,2724,0.0
16995257965,1_623_6810_2777_005020,,Tariq Ahmad Rather,,,57,Male,Owner,Marginal  Farmer(Farmer having land <1 Hectare),APPROVED,,,false,,OPERATOR,235106885f7447c933fe90aa612d9eaab48ab9762915d0d647181d585e5dc158,ODE5OTgxMjg1MzM5,**** **** 5339,9906513003,,BANDIPORA,Ajas,Ajas,623,6810,2777,65.0
97470006060,1_623_6812_2711_005007,,Abdul Rahim Khan,,,71,Male,Owner,Marginal  Farmer(Farmer having land <1 Hectare),PENDING,,,false,,OPERATOR,d3926eec2b3cc469e9b4c237a5379528bbdc46b6b48db02bc9053e751a384b8e,Nzc4NTEzODEzMDk3,**** **** 3097,6006807745,,BANDIPORA,Tulail,Zedgey,623,6812,2711,22.0
42864585760,1_623_6812_2716_005009,,Kadir Mir,,,55,Male,Owner,Marginal  Farmer(Farmer having land <1 Hectare),PENDING,,,false,,OPERATOR,a52ee2e38a896607e1659d467e21763b6247ed1f3654dfddaecb9d7d8bb78b09,ODY1Mzk0NjgwNDMw,**** **** 0430,6005597458,,BANDIPORA,Tulail,Neeru,623,6812,2716,0.0
28804276511,1_623_40_2707_005024,,MOHD FAROOQ LONE,,,55,Male,Owner,Marginal  Farmer(Farmer having land <1 Hectare),PENDING,,,false,,OPERATOR,5301b048e4639c34cb48327055834e611ec97df9f561efa6471dfba0681c09b9,MzA1Nzc5MjAwMTk1,**** **** 0195,9682328285,,BANDIPORA,Gurez,Markoot,623,40,2707,53.0
99121084900,1_623_40_2707_005011,,Zamir Ahmad Lone,,,27,Male,Owner,Marginal  Farmer(Farmer having land <1 Hectare),PENDING,,,false,,OPERATOR,eb584ce9dd25639fa38e1e717f9db0edf57cf0648d3a1d4ed319bf9808592031,ODIyNzIwMzcwODk2,**** **** 0896,6005784408,,BANDIPORA,Gurez,Markoot,623,40,2707,54.0
21402046320,1_623_6812_2724_005011,,MOHD SHAREEF NAIK,,,51,Male,Owner,Marginal  Farmer(Farmer having land <1 Hectare),PENDING,,,false,,OPERATOR,6d159b65549a0f73f4b844ddec29ddba2f6e7132480f05594867d2b1d4a87d56,NTY0NTQ4MjAzMTEy,**** **** 3112,6006246975,,BANDIPORA,Tulail,Baduaab,623,6812,2724,42.0
48715709148,1_623_6811_2700_005026,,Shagufta Begum,,,35,Female,Owner,Marginal  Farmer(Farmer having land <1 Hectare),PENDING,,,false,,OPERATOR,141e293fbcc28a21a2dfebf15e3f31778f672c6a2d2c1b4d2823a16899e96642,NzU5MzUxNjk3NDUy,**** **** 7452,6005080087,,BANDIPORA,Hajin,Gulshanpora,623,6811,2700,50.0
14909044148,1_623_42_2794_005044,,Irshad Ahmad Ganie,,,57,Male,Owner,Marginal  Farmer(Farmer having land <1 Hectare),PENDING,,,false,,OPERATOR,25902f81301040c7f3ebb6c5ab18a6730a9af521ed0003abe09c0c2a1fb9a688,NzAzNzI5NDA0NzM0,**** **** 4734,7006481524,,BANDIPORA,Sonawari,Asham,623,42,2794,66.0
13566501346,1_623_42_2800_005000,,Ab Majeed Parray,,,66,Male,Owner,Marginal  Farmer(Farmer having land <1 Hectare),PENDING,,,false,,OPERATOR,a5df8a78c3ded880f1727f23b35dbeefe8a439472879694f08b36509216c1384,NTUwNjU1NjgwNDEy,**** **** 0412,9541647754,,BANDIPORA,Sonawari,Rakh Shilvat,623,42,2800,0.0
78440857813,1_623_42_2810_005005,,Mohammad Akbar Butt,,,61,Male,Owner,Marginal  Farmer(Farmer having land <1 Hectare),PENDING,,,false,,OPERATOR,65563fa8edf9c026d9e329d9171decedd7453c267d083744fed768a20fddade2,NTg4MzI1NTY3NDgw,**** **** 7480,9541836459,,BANDIPORA,Sonawari,Odina,623,42,2810,56.0
10819638320,1_623_6810_2777_005018,,Mohmad Afzal Najar,,,50,Male,Owner,Marginal  Farmer(Farmer having land <1 Hectare),PENDING,,,false,,OPERATOR,6e4476e10476e33c9fd362bde88db40b37143ccecd54e205cc3213ba347571ef,NjQzNzM1MzU0ODY5,**** **** 4869,9797017420,,BANDIPORA,Ajas,Ajas,623,6810,2777,0.0
71090979482,1_623_42_2794_005009,,Javid Ahmad Ganaie,,,41,Male,Owner,Marginal  Farmer(Farmer having land <1 Hectare),PENDING,,,false,,OPERATOR,cc878f3cdc8d028c8397d5163b06700cc64b6e925ee6491971ecfa13cc902088,ODI3Mjg0OTY1MDkz,**** **** 5093,7780997476,,BANDIPORA,Sonawari,Asham,623,42,2794,65.0
69655098390,1_623_42_2797_005006,,Habibullah Mir,,,81,Male,Owner,Marginal  Farmer(Farmer having land <1 Hectare),PENDING,,,false,,OPERATOR,5ed66632fdb713cbafc6ed1f418ba6ae5b044911ffe440eb367ee4ceff046690,NzQ4ODk1NTQ0OTkz,**** **** 4993,9906014448,,BANDIPORA,Sonawari,Hilalabad,623,42,2797,46.0
21657394983,1_623_6812_2724_005004,,Mohd Shareef Lone,,,47,Male,Owner,Marginal  Farmer(Farmer having land <1 Hectare),PENDING,,,false,,OPERATOR,1e3e2338e62cabe63a2eda4c31626d342198d7f5fcdb17ed835e4e41c271205f,NTA2NDU0MjE4NzA3,**** **** 8707,9682378531,,BANDIPORA,Tulail,Baduaab,623,6812,2724,56.0
17106918619,1_623_40_2707_005008,,Nazir Ahmad Chakat,,,58,Male,Owner,Marginal  Farmer(Farmer having land <1 Hectare),PENDING,,,false,,OPERATOR,93c04e4241b12192267fda9f9fb9b36525793166c2b3490392dc9979cc87a870,OTk4MTAyNzQ5ODM3,**** **** 9837,6005440628,,BANDIPORA,Gurez,Markoot,623,40,2707,0.0
36424113917,1_623_6810_2777_005019,,Farooq Ahmed Najar,,,62,Male,Owner,Marginal  Farmer(Farmer having land <1 Hectare),PENDING,,,false,,OPERATOR,8502336211b9b580e6bccc2ea27a6d27471a7cb272a3099c68c156f7dc62e903,NDA5NzA3ODExMzA0,**** **** 1304,9596522826,,BANDIPORA,Ajas,Ajas,623,6810,2777,0.0
59869067879,1_623_42_2797_005008,,AB RASHID RESHI,,,80,Male,Owner,Marginal  Farmer(Farmer having land <1 Hectare),PENDING,,,false,,OPERATOR,285d5f691de9cddfcc41699af5163083294a493e65cd2ef238e705c140ef4825,OTY0NTYzMzYyOTg0,**** **** 2984,9906619219,,BANDIPORA,Sonawari,Hilalabad,623,42,2797,44.0
26647977737,1_623_6812_2724_005013,,REHMATULLAH LONE,,,49,Male,Owner,Marginal  Farmer(Farmer having land <1 Hectare),PENDING,,,false,,OPERATOR,0a72d07d09b77db7ecfb9b1f24d86b6811714dee910a0852f25a63472a4ce1e1,NDc4MTEwMjA4MjQ2,**** **** 8246,9682152753,,BANDIPORA,Tulail,Baduaab,623,6812,2724,46.0
42120138758,1_623_40_2708_005003,,MOHD SULTAN LONE,,,62,Male,Owner,Marginal  Farmer(Farmer having land <1 Hectare),PENDING,,,false,,OPERATOR,34a9678a64d8d8cec829206f62f9049da0e780d93827c68d76f41458bb17f8b0,ODA4NjMwODcxMjE2,**** **** 1216,9149797732,,BANDIPORA,Gurez,Shah Pora - Achoora (Churwan),623,40,2708,43.0
47837640669,1_623_6811_2700_005010,,Ghulam Rasool Dar,,,61,Male,Owner,Marginal  Farmer(Farmer having land <1 Hectare),PENDING,,,false,,OPERATOR,205c974444fd4e4fce9f31feaa1efb1fee12b4ddbc3e6f971f66b6de12c83f68,NzQwNTA4NTMxNzM1,**** **** 1735,9906186161,,BANDIPORA,Hajin,Gulshanpora,623,6811,2700,55.0
67421302124,1_623_6809_2744_005003,,Noor Mohammad Wani,,,73,Male,Owner,Marginal  Farmer(Farmer having land <1 Hectare),PENDING,,,false,,OPERATOR,45384464eb0493cf21f91806a22a5ac0c211cae20c456bbc863135bb2bf98fef,NTM5ODkwMzk5MTk4,**** **** 9198,9906544072,,BANDIPORA,Aloosa,Mangnipora,623,6809,2744,32.0
44273727054,1_623_40_936275_005034,,GH NABI LONE,,,58,Male,Owner,Marginal  Farmer(Farmer having land <1 Hectare),PENDING,,,false,,OPERATOR,afb502f43df37e6d77559844e18867cae103ac489cbbc312790661f7395903d5,MzA4MjM2NDc0NTM3,**** **** 4537,9419313376,,BANDIPORA,Gurez,Gulshanpora,623,40,936275,53.0
88844550430,1_623_42_2802_005002,,Syed Zafar Shah,,,56,Male,Owner,Marginal  Farmer(Farmer having land <1 Hectare),PENDING,,,false,,OPERATOR,2c9cbe846a57c87505747bb153eee3e59504b684911203b5eac2a0bffb88aecd,MjQwMDQ4NzM3NDMw,**** **** 7430,9541476474,,BANDIPORA,Sonawari,NOWGAM,623,42,2802,0.0
86257818676,1_623_40_2707_005013,,Gulam Nabi Shangroo,,,60,Male,Owner,Marginal  Farmer(Farmer having land <1 Hectare),PENDING,,,false,,OPERATOR,b48ac24a5102e3c85d9f79b947e9cf27b3cae834a3cbdd5713083adc1d3bb669,Nzg5NDI3NDE5MTcw,**** **** 9170,9103104092,,BANDIPORA,Gurez,Markoot,623,40,2707,56.0
68394201616,1_623_42_2809_005001,,FAROOQ AHMAD MIR,,,52,Male,Owner,Marginal  Farmer(Farmer having land <1 Hectare),PENDING,,,false,,OPERATOR,25005f0caf0b38b83d64a6110bf7118cccedea3143ecef15de1cee7803c6dce5,ODY4NzYxNTE2NzIx,**** **** 6721,9149418641,,BANDIPORA,Sonawari,Trigam,623,42,2809,0.0
47566763341,1_623_6812_2724_005007,,Mohd Hussain Naik,,,36,Male,Owner,Marginal  Farmer(Farmer having land <1 Hectare),PENDING,,,false,,OPERATOR,e2e428a443e94556cd1f7fc795594e70147f9b783a4a16eb212d2bf408aadb3e,NDM4NzI1NzUwNTQ5,**** **** 0549,6006980531,,BANDIPORA,Tulail,Baduaab,623,6812,2724,0.0
79012089672,1_623_6809_2744_005001,,Ab Majid Khan,,,54,Male,Owner,Marginal  Farmer(Farmer having land <1 Hectare),PENDING,,,false,,OPERATOR,78ca9ced0f1097bb6a0f49bfd47cbe0fa526538602ee5978c770710a77dfff99,OTc2NTUzNTQwOTE1,**** **** 0915,9596599341,,BANDIPORA,Aloosa,Mangnipora,623,6809,2744,55.0
24730082488,1_623_40_2708_005006,,Gulam Rasool Lone,,,55,Male,Owner,Marginal  Farmer(Farmer having land <1 Hectare),PENDING,,,false,,OPERATOR,dce8d87fb09f40a92fadd9bde993f289693b8bf5e06fac57e57cbf2b60af85d4,MzUwNjczMTgxNTcy,**** **** 1572,9622869515,,BANDIPORA,Gurez,Shah Pora - Achoora (Churwan),623,40,2708,61.0
22647410221,1_623_6809_2744_005009,,Gh Mohi Ud Din Wani,,,77,Male,Owner,Marginal  Farmer(Farmer having land <1 Hectare),PENDING,,,false,,OPERATOR,8ab00b44de63db7bd053795a3d0785093f09f98668ed79e9581b2ae3a69a452d,NjQ0NzgwNDIyOTIy,**** **** 2922,9622796133,,BANDIPORA,Aloosa,Mangnipora,623,6809,2744,61.0
67496220511,1_623_6811_2778_005004,,Bashir Ahmad Rather,,,63,Male,Owner,Marginal  Farmer(Farmer having land <1 Hectare),PENDING,,,false,,OPERATOR,ab4bc83f60a7eb6925201580af40a0f3386dea393e79eaa8cd3648fd04fd69a1,Nzg1MjM2OTA0MTE5,**** **** 4119,9906445083,,BANDIPORA,Hajin,Gundi Saderkote,623,6811,2778,60.0
18975440029,1_623_42_2802_005001,,Ghulam Rasool Chakaan,,,66,Male,Owner,Marginal  Farmer(Farmer having land <1 Hectare),PENDING,,,false,,OPERATOR,c86cb666ff9ea6243760cebfdea46fb9c3d62bd58c17b00fa83da4b5fa3eebd2,MzkxMDA1NjM3ODkz,**** **** 7893,9906885511,,BANDIPORA,Sonawari,NOWGAM,623,42,2802,0.0
44531209003,1_623_42_2794_005014,,Abdul Majid Khan,,,67,Male,Owner,Marginal  Farmer(Farmer having land <1 Hectare),PENDING,,,false,,OPERATOR,4e4ea13c4cfaece5030d705380072a39c67e8a4aa54f67f6b080a9b86b320177,NTIzMjgzMzMyMzc5,**** **** 2379,7006067001,,BANDIPORA,Sonawari,Asham,623,42,2794,65.0
19423670173,1_623_6812_2711_005009,,Abdul Majeed Wani,,,39,Male,Owner,Marginal  Farmer(Farmer having land <1 Hectare),PENDING,,,false,,OPERATOR,b1f5dc390579b7930bf3618c8a89a4d5e8017acb5aa69026012f1b16d109aaab,OTQwNjM4MDQ2ODYz,**** **** 6863,9682318057,,BANDIPORA,Tulail,Zedgey,623,6812,2711,0.0
92301931583,1_623_42_2794_005018,,Ab Rashid Tantray,,,72,Male,Owner,Marginal  Farmer(Farmer having land <1 Hectare),PENDING,,,false,,OPERATOR,428a5fe5e11671cd709e34b6110a6df1c2002ee79426b3c2fc6fe15d5d90c34f,OTAwNDc0NzY3MTk3,**** **** 7197,7889513743,,BANDIPORA,Sonawari,Asham,623,42,2794,62.0
90664431374,1_623_6812_2711_005006,,Mohd Ramzan Khan,,,71,Male,Owner,Marginal  Farmer(Farmer having land <1 Hectare),PENDING,,,false,,OPERATOR,d991ff7db79309018153379e9093360fac9bacf14738d23a1e4ed4c85cba75f4,ODQwMzk1NTYwNjc0,**** **** 0674,6006106379,,BANDIPORA,Tulail,Zedgey,623,6812,2711,23.0
35692437318,1_623_42_2812_005009,,IRFAN HUSSAIN DAR,,,26,Male,Owner,Marginal  Farmer(Farmer having land <1 Hectare),PENDING,,,false,,OPERATOR,d875db7b97c04dc71a5a2f0088cd5959e0bd0ca8c2aeacc3fa579898dd5882eb,NDUwMzMyNTIwMDk1,**** **** 0095,6006702522,,BANDIPORA,Sonawari,Sarai Dangarpora,623,42,2812,65.0
61513609730,1_623_6811_2700_005008,,HABEEBULLAH MALA,,,66,Male,Owner,Marginal  Farmer(Farmer having land <1 Hectare),PENDING,,,false,,OPERATOR,07b94af3c6d930252ff34eec74a4ad33b7a6292a85e62dffe9710f801a492903,MjUxNjI4OTcwODUx,**** **** 0851,9858151106,,BANDIPORA,Hajin,Gulshanpora,623,6811,2700,46.0
13218848696,1_623_6812_2724_005008,,Gh Mohd Lone,,,56,Male,Owner,Marginal  Farmer(Farmer having land <1 Hectare),PENDING,,,false,,OPERATOR,5230562a82aa84a35f9081c14ab2f73cf891ce6b12075656f4d5c53d3be32e71,OTIyOTczNjg4NDA2,**** **** 8406,6006908486,,BANDIPORA,Tulail,Baduaab,623,6812,2724,51.0
87179974817,1_623_42_2812_005005,,ALTAF HUSSAIN RATHER,,,33,Male,Owner,Marginal  Farmer(Farmer having land <1 Hectare),PENDING,,,false,,OPERATOR,73206c776f3e136001fb7fed32a0d7fc37d84f9c64086f47398b5893cbae476e,MjE0MTgwNjU0NzY0,**** **** 4764,7006775172,,BANDIPORA,Sonawari,Sarai Dangarpora,623,42,2812,65.0
77031266181,1_623_6811_2778_005003,,Hafiza Begum,,,55,Female,Owner,Marginal  Farmer(Farmer having land <1 Hectare),PENDING,,,false,,OPERATOR,786c0ea26e8e7b09236e2add8c9be95d91d1ff4c54159e32eef62132af516e2f,OTkyODQxMzAzMDIz,**** **** 3023,7889924843,,BANDIPORA,Hajin,Gundi Saderkote,623,6811,2778,0.0
74288130370,1_623_6812_2724_005005,,Mohd Habib Khan,,,64,Male,Owner,Marginal  Farmer(Farmer having land <1 Hectare),PENDING,,,false,,OPERATOR,4cf85a8b0f9c41bd1bcdcd6608f28996505bb6a167885784cc7c53f653c2d4bf,OTg4ODA3NDQ5NzE3,**** **** 9717,6006289950,,BANDIPORA,Tulail,Baduaab,623,6812,2724,38.0
41000400860,1_623_6811_2781_005000,,Mohammad Ashraf Bhat,,,39,Male,Owner,Marginal  Farmer(Farmer having land <1 Hectare),PENDING,,,false,,OPERATOR,898ed13f241584fc6fd5be31a893c7e0957ec1b9bb8704fd941390ea64f34c16,NjExNjAwMzU5MjYw,**** **** 9260,7006047302,,BANDIPORA,Hajin,Kosumbagh,623,6811,2781,66.0
37803856719,1_623_42_2794_005012,,TANVEER MAJEED,,,39,Male,Owner,Marginal  Farmer(Farmer having land <1 Hectare),APPROVED,,,false,,OPERATOR,bf0690b3045056aa67b2a5d3a585fb75b5f048e951433f7f73414286f59e6d17,NzI4NzY2MTc4NzIy,**** **** 8722,9682120006,,BANDIPORA,Sonawari,Asham,623,42,2794,89.0
64499738243,1_623_42_2812_005006,,GH RASOOL RATHER,,,53,Male,Owner,Marginal  Farmer(Farmer having land <1 Hectare),PENDING,,,false,,OPERATOR,04a7f6ec60be5f148cdca66722b38a436b97cbaee210f6d65d6054ade52bb778,NjYwNDMxNzQ5MjQ4,**** **** 9248,9541543145,,BANDIPORA,Sonawari,Sarai Dangarpora,623,42,2812,52.0
95566497813,1_623_6812_2724_005006,,MOHD SARWAR MIR,,,60,Male,Owner,Marginal  Farmer(Farmer having land <1 Hectare),PENDING,,,false,,OPERATOR,f25fe6404829e438c60d8774fed8b3b1436409006eab2ac1ebffd12ea18fe378,NDM1ODQyODg5MzAz,**** **** 9303,9103800339,,BANDIPORA,Tulail,Baduaab,623,6812,2724,0.0
29011692692,1_623_42_2812_005007,,Ghulam Mohammad Wani,,,39,Male,Owner,Marginal  Farmer(Farmer having land <1 Hectare),PENDING,,,false,,OPERATOR,ea35b57ebe46f42a115540f0d0f0702252495459ce4942dcbbdac427a18f41f9,OTYwMDc0MzE3MTM5,**** **** 7139,8491007176,,BANDIPORA,Sonawari,Sarai Dangarpora,623,42,2812,66.0
62420193459,1_623_6812_2711_005005,,Ab Rahman Khan,,,71,Male,Owner,Marginal  Farmer(Farmer having land <1 Hectare),PENDING,,,false,,OPERATOR,155324a31572cd04315f8ce80dc411bb2e276d572138d608ef1ee6a7abcb3679,NTU4MDM5NDc1Njk1,**** **** 5695,7006021141,,BANDIPORA,Tulail,Zedgey,623,6812,2711,0.0
62505072644,1_623_42_2820_005002,,Ghulam Ahmad Dar,,,68,Male,Owner,Marginal  Farmer(Farmer having land <1 Hectare),PENDING,,,false,,OPERATOR,24a3a20e50add3276ff948d81160b35c2a70d8b25968cc6b8183f61a40ef9661,NDQzNDg4NDI2OTIx,**** **** 6921,9149839991,,BANDIPORA,Sonawari,Sumbal Inderkote,623,42,2820,56.0
23838676020,1_623_42_2794_005013,,Asasad Ullah Ganie,,,72,Male,Owner,Marginal  Farmer(Farmer having land <1 Hectare),PENDING,,,false,,OPERATOR,b9ccd2ff46e6d92718c1f08eec4cc1c4acee09b1a1ed70e499cf6ce9438f0bd9,NjM2MzI2Nzk1Njk3,**** **** 5697,9596586976,,BANDIPORA,Sonawari,Asham,623,42,2794,46.0
80494446089,1_623_42_2812_005008,,Ali Mohd Rather,,,47,Male,Owner,Marginal  Farmer(Farmer having land <1 Hectare),PENDING,,,false,,OPERATOR,6ee7b34bd0446da3174ee9a1973f4c92b93fd408458a6fdb326bed95722abbc4,MzMxNDYwNzMzMjU5,**** **** 3259,9103655763,,BANDIPORA,Sonawari,Sarai Dangarpora,623,42,2812,57.0
12691499767,1_623_42_2797_005009,,Fayaz Ahmad Bhat,,,50,Male,Owner,Marginal  Farmer(Farmer having land <1 Hectare),PENDING,,,false,,OPERATOR,7843753ff935e3937f4b7121813b081a427c87de8b32cabcc157c71963b2a137,NjAwNTMwMDMxNTk3,**** **** 1597,6006625825,,BANDIPORA,Sonawari,Hilalabad,623,42,2797,65.0
33699975269,1_623_42_2809_005008,,AB RASHID DAR,,,61,Male,Owner,Marginal  Farmer(Farmer having land <1 Hectare),PENDING,,,false,,OPERATOR,c30001320c5827ac8200299717419be4f89af370cca68b863a14f786077c7223,Nzk3ODk0NDQ1NjQx,**** **** 5641,9103252551,,BANDIPORA,Sonawari,Trigam,623,42,2809,46.0
87850325117,1_623_42_2810_005012,,GH RASOOL PARRAY,,,76,Male,Owner,Marginal  Farmer(Farmer having land <1 Hectare),PENDING,,,false,,OPERATOR,1bb12b16706f39cba647546658ec6f735eada855db30fdcc92943d28ca18426d,NDc0ODM2OTE5ODQy,**** **** 9842,9149456875,,BANDIPORA,Sonawari,Odina,623,42,2810,0.0
63470952531,1_623_40_2708_005030,,Zaffar Ullah Lone,,,60,Male,Owner,Marginal  Farmer(Farmer having land <1 Hectare),PENDING,,,false,,OPERATOR,0da223ad681f313dd13931a3e9c6a8b89698b6051780e2c4734702355ba2fa0b,MjE3MTgxNDEyNzkw,**** **** 2790,7889792430,,BANDIPORA,Gurez,Shah Pora - Achoora (Churwan),623,40,2708,49.0
86730906617,1_623_6811_2778_005012,,Manzoor Ahmad Rather,,,56,Male,Owner,Marginal  Farmer(Farmer having land <1 Hectare),PENDING,,,false,,OPERATOR,76f0ac65530000f6b517dad4994a14435e61e188d508bfdbfe24efb22c7f35d5,NjU1NjI0NDA1MzQy,**** **** 5342,9541972868,,BANDIPORA,Hajin,Gundi Saderkote,623,6811,2778,56.0
67713451652,1_623_6812_2724_005056,,BASHIR AHMAD KHAN,,,50,Male,Owner,Marginal  Farmer(Farmer having land <1 Hectare),PENDING,,,false,,OPERATOR,5cccf3d0be45556ef6611ea5fc33f866a2bb8c92ce766c8c81941531194f3e29,ODY5NDAxNDYzOTYy,**** **** 3962,6006188451,,BANDIPORA,Tulail,Baduaab,623,6812,2724,23.0
43433285396,1_623_40_2708_005029,,Amir Ullah Lone,,,37,Male,Owner,Marginal  Farmer(Farmer having land <1 Hectare),PENDING,,,false,7780863422,OPERATOR,fd6227106f44a6b169af15a2abd8736b0410ce10f59b40803c11b719484cc8af,NTYyNjAwMzg5ODY1,**** **** 9865,7780863422,,BANDIPORA,Gurez,Shah Pora - Achoora (Churwan),623,40,2708,68.0
63131308225,1_623_6812_2724_005039,,Faqir Ahmad Khan,,,39,Male,Owner,Marginal  Farmer(Farmer having land <1 Hectare),APPROVED,,,false,,OPERATOR,a8d001853122256cec93549a3a06f3f433db0a0fe8b7c50f95c379020c506521,ODIzNTU4NDU0NjM5,**** **** 4639,9682690762,,BANDIPORA,Tulail,Baduaab,623,6812,2724,28.0
55634564311,1_623_6810_2777_005001,,Mymoona Begam,,,66,Female,Owner,Marginal  Farmer(Farmer having land <1 Hectare),APPROVED,,,false,,OPERATOR,1916eebdd8da32b7dc3e529fe47d8673880b7dbfe256e40ea64beb3f8e820992,Njk2NTE3NjM2MDYy,**** **** 6062,9906421114,,BANDIPORA,Ajas,Ajas,623,6810,2777,34.0
64803077457,1_623_6810_2777_005002,,Mohd Mukhtar Lone,,,69,Male,Owner,Marginal  Farmer(Farmer having land <1 Hectare),PENDING,,,false,,OPERATOR,9fca122111a12132803ad78c1d4288bfc742210725006b101e8396dc719dc782,ODE3MTY1MTQyMjc5,**** **** 2279,9906395682,,BANDIPORA,Ajas,Ajas,623,6810,2777,0.0
92066753684,1_623_6810_2777_005022,,ABDUL AHAD RATHER,,,61,Male,Owner,Marginal  Farmer(Farmer having land <1 Hectare),APPROVED,,,false,,OPERATOR,e9fd512ce77d2ea8e8829c150aaeee64a6f26c23c7e0d56d09d13e35ffcd6535,ODE3NzE3Mjc3MjEw,**** **** 7210,9797025639,,BANDIPORA,Ajas,Ajas,623,6810,2777,46.0
97775815867,1_623_42_2794_005015,,MUSHTAQ AHMAD SOFI,,,56,Male,Owner,Marginal  Farmer(Farmer having land <1 Hectare),PENDING,,,false,,OPERATOR,5f6049c60e9a07b33967588d994681e2d6416f0ae61b91d424b80394d3a4be52,ODQ2NzMxOTAyNjM5,**** **** 2639,9596441195,,BANDIPORA,Sonawari,Asham,623,42,2794,46.0
57632698676,1_623_42_2810_005017,,MOHD SHABAN BHAT,,,56,Male,Owner,Marginal  Farmer(Farmer having land <1 Hectare),PENDING,,,false,,OPERATOR,658dd5f906669cdff816ca797b0de5751a19773ccb0c7ce5158e8a32081d0216,NDQ4MjcyMDA1NzE4,**** **** 5718,9906128979,,BANDIPORA,Sonawari,Odina,623,42,2810,44.0
69438174519,1_623_42_2797_005011,,Gh Mohi Ud Din Shah,,,61,Male,Owner,Marginal  Farmer(Farmer having land <1 Hectare),PENDING,,,false,,OPERATOR,3cce9b6c8a618ab6f0c229cb7f719ed51eb5514b66b22ec230e4ad8b4113f77d,NjU5NjU0MTI2Nzkw,**** **** 6790,9541575629,,BANDIPORA,Sonawari,Hilalabad,623,42,2797,53.0
43045415991,1_623_42_2812_005013,,TASADUQ HUSSAIN RATHER,,,40,Male,Owner,Marginal  Farmer(Farmer having land <1 Hectare),PENDING,,,false,,OPERATOR,1080471fe4b697c811312fe2108c37a378d7af2e961e2d447a1eaa5e86cdf5cd,MjQxMjQ3MjUzNTg4,**** **** 3588,7006854582,,BANDIPORA,Sonawari,Sarai Dangarpora,623,42,2812,62.0
43802391694,1_623_6811_2783_005003,,Irshad Ahmad Ganai,,,42,Male,Owner,Marginal  Farmer(Farmer having land <1 Hectare),PENDING,,,false,,OPERATOR,e6fa38f50f4380cf45814915a95d8f31bbaee14811198675d3e68462c51a4b92,NzUxNTEwNDk0MjUx,**** **** 4251,7006551903,,BANDIPORA,Hajin,Vijipara,623,6811,2783,56.0
51686764714,1_623_6812_2724_005014,,MOHD SHAREEF LONE,,,52,Male,Owner,Marginal  Farmer(Farmer having land <1 Hectare),PENDING,,,false,,OPERATOR,77c05c23be889eda0cb8c8d1906f7b77e1d4854448d5932e00a015c483225cab,ODY3MDU4MjYwNTY4,**** **** 0568,6005399834,,BANDIPORA,Tulail,Baduaab,623,6812,2724,45.0
82353433999,1_623_42_2794_005016,,Mohamed Siddiq,,,66,Male,Owner,Marginal  Farmer(Farmer having land <1 Hectare),PENDING,,,false,,OPERATOR,bdf0776821bde1b3a328f32e3dd88dd336f6b0993520488074784eafd0d75696,ODQ5OTkyMTA4MDI1,**** **** 8025,9797740811,,BANDIPORA,Sonawari,Asham,623,42,2794,0.0
13665007442,1_623_42_2797_005015,,Aadil Fayaz Reshi,,,31,Male,Owner,Marginal  Farmer(Farmer having land <1 Hectare),PENDING,,,false,,OPERATOR,b9f10908cecde1c4b04405629612bd920e1e0c174bc569685f35b71724cdf93d,NTE3NjMxMDUwMTE2,**** **** 0116,8803927046,,BANDIPORA,Sonawari,Hilalabad,623,42,2797,46.0
42180555565,1_623_6811_2700_005001,,IRSHAD AHMAD BAHAR,,,28,Male,Owner,Marginal  Farmer(Farmer having land <1 Hectare),PENDING,,,false,,OPERATOR,ca7a690c78acfde7c5000d7d2ab567f040817ee2882cb8c3679a683905954a61,NDI0ODMxNDkwMTcy,**** **** 0172,9596480800,,BANDIPORA,Hajin,Gulshanpora,623,6811,2700,66.0
77895680184,1_623_6810_2777_005005,,Abdul Wahid Mir,,,38,Male,Owner,Marginal  Farmer(Farmer having land <1 Hectare),PENDING,,,false,,OPERATOR,ca6fa7cd882f4e6a3216856b0307acd26fd543b85405708bc2b73776b0a1f7da,OTg3NjQ4NzUxMjUw,**** **** 1250,7780866705,,BANDIPORA,Ajas,Ajas,623,6810,2777,0.0
58757492791,1_623_40_936275_005008,,Gh Mohi Din Bhat,,,58,Male,Owner,Marginal  Farmer(Farmer having land <1 Hectare),PENDING,,,false,,OPERATOR,8f1daf02ba1f31ac0e7a8a84a84c8c9994abdfbcf2fee85a6020a468d93ef6c0,NzUxMDIyMTI3Mjkw,**** **** 7290,9469091710,,BANDIPORA,Gurez,Gulshanpora,623,40,936275,58.0
47926796793,1_623_40_2708_005004,,Ab Jabar Lone,,,50,Male,Owner,Marginal  Farmer(Farmer having land <1 Hectare),PENDING,,,false,,OPERATOR,b9a03cba539a0d907cb608d496436e2d1ba34382ee414157c85edcd380fea777,NDY2MDg3MzczNjM5,**** **** 3639,6006311755,,BANDIPORA,Gurez,Shah Pora - Achoora (Churwan),623,40,2708,58.0
25338998581,1_623_40_2707_005000,,Sonaullah Akhoon,,,61,Male,Owner,Marginal  Farmer(Farmer having land <1 Hectare),PENDING,,,false,,OPERATOR,8a6743e879f3132ecf8d9719c0e7949d38576cc68c0b525aff14a35efc213a8a,MjY0NDkyNDMzNDYw,**** **** 3460,7889753939,,BANDIPORA,Gurez,Markoot,623,40,2707,53.0
14039918037,1_623_6810_2777_005007,,Mohd Shafi Rather,,,44,Male,Owner,Marginal  Farmer(Farmer having land <1 Hectare),APPROVED,,,false,,OPERATOR,6449e58535125b447c2beed91b5869028f43b5161cd104f84146b79357d7ba2b,MjY4NTczMDgyOTM2,**** **** 2936,7051457642,,BANDIPORA,Ajas,Ajas,623,6810,2777,53.0
77763755553,1_623_42_2820_005000,,Mohammad Maqbool Parray,,,54,Male,Owner,Marginal  Farmer(Farmer having land <1 Hectare),PENDING,,,false,,OPERATOR,55e6335d551b11e9f15b04d769c8fb9877fce4808509c280b4104c91f24f4584,Mjk3NzM5MzA4OTQ3,**** **** 8947,9906748844,,BANDIPORA,Sonawari,Sumbal Inderkote,623,42,2820,61.0
85346136491,1_623_42_2797_005010,,Ab Razak Reshi,,,64,Male,Owner,Marginal  Farmer(Farmer having land <1 Hectare),PENDING,,,false,,OPERATOR,2e7d6860553ca16d88183865693a61496f4e18ca08000acec8d347c3ec5b18ce,MjAwOTM5NjQ1Mjc0,**** **** 5274,9622457345,,BANDIPORA,Sonawari,Hilalabad,623,42,2797,62.0
89159978855,1_623_6810_2777_005006,,Nasrullah Rahter,,,50,Male,Owner,Marginal  Farmer(Farmer having land <1 Hectare),APPROVED,,,false,,OPERATOR,8a92764c9b881ebd263d89b16434673696b3e8e954283e5cdeb14ca8b63c88af,ODg4Mjg3MTcxNzY0,**** **** 1764,9906620075,,BANDIPORA,Ajas,Ajas,623,6810,2777,46.0
14486020038,1_623_42_2810_005006,,Abdul Rahim Parray,,,51,Male,Owner,Marginal  Farmer(Farmer having land <1 Hectare),PENDING,,,false,,OPERATOR,f36e1d64788e7fa99a27ef55aaa7640a3e6776b2ca58e8e18bfcf1b0694480d0,NzM1MTcyNDI5NzI1,**** **** 9725,7006926679,,BANDIPORA,Sonawari,Odina,623,42,2810,32.0
32444308334,1_623_6811_2700_005009,,SARA BEGUM,,,63,Female,Owner,Marginal  Farmer(Farmer having land <1 Hectare),PENDING,,,false,,OPERATOR,75e3db38ac0845af6be9f308551ca1735b009c6c04dc6a935df9f45010d6aaf4,ODEzODEzMDU4MDM1,**** **** 8035,9858151106,,BANDIPORA,Hajin,Gulshanpora,623,6811,2700,25.0
17121391202,1_623_42_2812_005010,,Nadeem Showkat Dar,,,16,Male,Owner,Marginal  Farmer(Farmer having land <1 Hectare),PENDING,,,false,,OPERATOR,9f11ec937cfcefc1900c5ee90ffc59964f763053e3a61d1e71aeb2b0321fed00,NTgwMDI3NTQ5MTk2,**** **** 9196,8491817543,,BANDIPORA,Sonawari,Sarai Dangarpora,623,42,2812,14.0
48500134578,1_623_6812_2724_005009,,Mohammad Subhan Khan,,,49,Male,Owner,Marginal  Farmer(Farmer having land <1 Hectare),PENDING,,,false,,OPERATOR,738e8ef4046c07a4f53f3ddd8385f4e8e3f5c4c99c2ff8670defbcacd810efb1,ODkzNDg4Njg4NTE3,**** **** 8517,6006975935,,BANDIPORA,Tulail,Baduaab,623,6812,2724,22.0
66875339114,1_623_6812_2716_005006,,HEEMALI BEGUM,,,60,Female,Owner,Marginal  Farmer(Farmer having land <1 Hectare),PENDING,,,false,,OPERATOR,4c492a9ee36563e0f20044069539be87a0584e3abcc9bbdd4ff5d271afa1f2ce,NTI2NzA1MTMwMDU5,**** **** 0059,6005323840,,BANDIPORA,Tulail,Neeru,623,6812,2716,0.0
11169620898,1_623_6810_2777_005008,,Habib Ullah Bhat,,,77,Male,Owner,Marginal  Farmer(Farmer having land <1 Hectare),PENDING,,,false,,OPERATOR,9ab5935d5ab82486e12f9f8be52bc4cadbe2ad14912f47d9b08b20fdabb60fb0,MzA3NDYyNjkxMDEy,**** **** 1012,7006482868,,BANDIPORA,Ajas,Ajas,623,6810,2777,0.0
49974726600,1_623_6812_2724_005040,,Darbash Khan,,,62,Male,Owner,Marginal  Farmer(Farmer having land <1 Hectare),APPROVED,,,false,,OPERATOR,6271e4abf72ddd7c50877f2eca506c727d474bc5f46a24e2291a6cfd0614913b,OTU1MTA2NzEwMjUz,**** **** 0253,9682572779,,BANDIPORA,Tulail,Baduaab,623,6812,2724,34.0
57175820487,1_623_6809_2744_005002,,Ali Mohammad Gojjar Timroo,,,64,Male,Owner,Marginal  Farmer(Farmer having land <1 Hectare),PENDING,,,false,,OPERATOR,3a4480abe3a43f2cb619fec219f3af543aac2b0ceec6aa8021008c5ab6f23b5a,OTk1MTExNzAyOTgx,**** **** 2981,9541083887,,BANDIPORA,Aloosa,Mangnipora,623,6809,2744,35.0
63183537174,1_623_6811_2783_005004,,Gh Hassan Parry,,,56,Male,Owner,Marginal  Farmer(Farmer having land <1 Hectare),PENDING,,,false,,OPERATOR,a7d7c4a631b1e7b3029db43e4c6c90d1ce581e15325e57cf11802b32b54d8ffb,NDQ4MTMzNDI1MDg5,**** **** 5089,7006165525,,BANDIPORA,Hajin,Vijipara,623,6811,2783,62.0
73101778086,1_623_42_2810_005000,,MOHD YOUSUF BHAT,,,66,Male,Owner,Marginal  Farmer(Farmer having land <1 Hectare),PENDING,,,false,,OPERATOR,17c66599e858d71c27449f3cf637735341d80a2c2135ab4a6b163249beb13ac9,Mjg5MTk4MDMxOTA0,**** **** 1904,7006096489,,BANDIPORA,Sonawari,Odina,623,42,2810,53.0
92976871016,1_623_42_2809_005000,,Manzoor Ahmad Parray,,,43,Male,Owner,Marginal  Farmer(Farmer having land <1 Hectare),PENDING,,,false,,OPERATOR,9603f497fe0dd09333b2ea20547e53911b1bb25df0318ab0635d71da4dd28be4,MzU1NTM2NTI4Mzcy,**** **** 8372,9797756447,,BANDIPORA,Sonawari,Trigam,623,42,2809,66.0
18058442383,1_623_6812_2724_005069,,Ghulam Mohammad Naik,,,56,Male,Owner,Marginal  Farmer(Farmer having land <1 Hectare),PENDING,,,false,,OPERATOR,456010a82c098fe1ef8b83664f6c7db4445655c174a4b8b7653ba418451117e1,NjAzMDY4MjExMzE3,**** **** 1317,6005612726,,BANDIPORA,Tulail,Baduaab,623,6812,2724,43.0
99742856269,1_623_40_2707_005012,,HARI BEGUM,,,76,Female,Owner,Marginal  Farmer(Farmer having land <1 Hectare),PENDING,,,false,,OPERATOR,f3b37eac326222418de4fb137e68a35b5bc1406250af0ba23b323f0f7d9f270f,OTg2MzUxNzIxMTcx,**** **** 1171,6005784408,,BANDIPORA,Gurez,Markoot,623,40,2707,35.0
49296598390,1_623_42_2797_005012,,Bilal Ahmad Reshi,,,40,Male,Owner,Marginal  Farmer(Farmer having land <1 Hectare),PENDING,,,false,,OPERATOR,9cb314211b597552eaa34538cb737b49afa086d103c3424887ee80ebfaccccce,NzY2NTYyMzAxMTcz,**** **** 1173,7006181036,,BANDIPORA,Sonawari,Hilalabad,623,42,2797,66.0
51335003162,1_623_42_2794_005000,,BILAL AHMAD PARRAY,,,43,Male,Owner,Marginal  Farmer(Farmer having land <1 Hectare),PENDING,,,false,,OPERATOR,f9404e320d065fb590d34b46c6080a929d689397007491d892e1d1aa17a49f7d,Njc0NTg1NDIwMzY4,**** **** 0368,9070000960,,BANDIPORA,Sonawari,Asham,623,42,2794,65.0
98295240524,1_623_40_2707_005001,,Mohammad Ismayeel Akhoon,,,60,Male,Owner,Marginal  Farmer(Farmer having land <1 Hectare),PENDING,,,false,,OPERATOR,6371a36e4be737ddc18d9a99090a1f2bfb5d5d0167e1cc110e6f4c666194eb90,OTA5OTA2ODAzNDM3,**** **** 3437,6005243638,,BANDIPORA,Gurez,Markoot,623,40,2707,64.0
17087778701,1_623_6811_2700_005002,,SHAHZADA BEGUM,,,26,Female,Owner,Marginal  Farmer(Farmer having land <1 Hectare),APPROVED,,,false,,OPERATOR,c90ee5a31263e3185b28dec7a906b5af4da7d94859e91269ade36391cebd285a,MzYzMjkxODkyOTgx,**** **** 2981,9697725505,,BANDIPORA,Hajin,Gulshanpora,623,6811,2700,90.0
28103050188,1_623_42_2820_005001,,GHULAM RASOOL RATHER,,,70,Male,Owner,Marginal  Farmer(Farmer having land <1 Hectare),PENDING,,,false,,OPERATOR,6313469ea638dca3b583c26eec3e26472c2e19534633c287cd5826e211f80596,OTY0MTA0MjM2OTg0,**** **** 6984,9596827600,,BANDIPORA,Sonawari,Sumbal Inderkote,623,42,2820,56.0
56536466256,1_623_40_2707_005002,,Hafiz Ullah Akhoon,,,64,Male,Owner,Marginal  Farmer(Farmer having land <1 Hectare),PENDING,,,false,,OPERATOR,45b91d0d1c94e1c6e62e6abb10bfa4078e567f3870650ce2c484fa6a36d1e5a0,ODY0MzY5NjA0NjQw,**** **** 4640,7006084291,,BANDIPORA,Gurez,Markoot,623,40,2707,46.0
36835847500,1_623_6811_2700_005003,,Gh Mohd Malla,,,75,Male,Owner,Marginal  Farmer(Farmer having land <1 Hectare),PENDING,,,false,,OPERATOR,8639247ac6d9037bab8f1350ae748dd4296860c95da003f5766c799af490e425,MjI3NjI2NzYzNjQ0,**** **** 3644,6006955875,,BANDIPORA,Hajin,Gulshanpora,623,6811,2700,51.0
30632973723,1_623_40_936275_005009,,Ali Mohd Bhat,,,50,Male,Owner,Marginal  Farmer(Farmer having land <1 Hectare),PENDING,,,false,,OPERATOR,b800537d3ca0e698e75965f367c624c9dcbd0d1284cd190313717f91f8146b10,Nzk5MTg3MjQzMzcz,**** **** 3373,9469376255,,BANDIPORA,Gurez,Gulshanpora,623,40,936275,61.0
88349659388,1_623_6812_2716_005007,,Ab Hamid Mir,,,34,Male,Owner,Marginal  Farmer(Farmer having land <1 Hectare),PENDING,,,false,,OPERATOR,e4b5a6e8b557441d26e72f921acc764a01f518ec6dc59c7943f224e70f96c730,Njc5NjcxMDMxODUx,**** **** 1851,6005323840,,BANDIPORA,Tulail,Neeru,623,6812,2716,43.0
72181572852,1_623_40_2707_005003,,Rustam Lone,,,72,Male,Owner,Marginal  Farmer(Farmer having land <1 Hectare),PENDING,,,false,,OPERATOR,4658f2f909c6f1cb23498ffb95cf51f81575a3c4bfc306ac52deed581fa7b445,NDU5Mzk3MjU2ODMw,**** **** 6830,7889764091,,BANDIPORA,Gurez,Markoot,623,40,2707,45.0
71320890262,1_623_6811_2783_005011,,Noor Mohammad Paray,,,45,Male,Owner,Marginal  Farmer(Farmer having land <1 Hectare),PENDING,,,false,,OPERATOR,d94ad1ed6927acde318582fa22cc60070cb3b5bfa1ea8403e8735ec8bb3af13c,ODk2NTI5ODg3MDMz,**** **** 7033,7889400852,,BANDIPORA,Hajin,Vijipara,623,6811,2783,56.0
36442002823,1_623_42_2794_005001,,Gh Hassan Parray,,,62,Male,Owner,Marginal  Farmer(Farmer having land <1 Hectare),PENDING,,,false,,OPERATOR,ab40c1551af7a85a9fda9d400d7034518970994dcca6a0139e15b626c65eed61,NDAyMzI0MjA1MzY1,**** **** 5365,6006557655,,BANDIPORA,Sonawari,Asham,623,42,2794,52.0
79565964605,1_623_6812_2724_005012,,MOHD SUBHAN NAIK,,,66,Male,Owner,Marginal  Farmer(Farmer having land <1 Hectare),PENDING,,,false,,OPERATOR,2fa8703cd8e4fd2295f50c3d659dae420374abd996c2fb2e596f862d7695d2f8,MjkwMTU4NTE1MTYy,**** **** 5162,6006675841,,BANDIPORA,Tulail,Baduaab,623,6812,2724,58.0
24632998516,1_623_6812_2711_005008,,Mohd Shafi Wani,,,56,Male,Owner,Marginal  Farmer(Farmer having land <1 Hectare),PENDING,,,false,,OPERATOR,599b17520d2920e409d8959bd457cf0d64201744a08bf9479ddce17457aac90e,NTQyNTMyNDQ3ODc3,**** **** 7877,6006195283,,BANDIPORA,Tulail,Zedgey,623,6812,2711,53.0
42922584652,1_623_40_2708_005005,,Nisar Ahmad Wani,,,51,Male,Owner,Marginal  Farmer(Farmer having land <1 Hectare),PENDING,,,false,,OPERATOR,334b83eb1a86d84096cfa35e63e2e7f9ce27e8a5a05e69bfffcc43b8f5c58e9a,ODY2NDE1NzkzNTQy,**** **** 3542,9682391312,,BANDIPORA,Gurez,Shah Pora - Achoora (Churwan),623,40,2708,46.0
93111405611,1_623_40_2708_005014,,Zamir Ahmad Lone,,,55,Male,Owner,Marginal  Farmer(Farmer having land <1 Hectare),PENDING,,,false,,OPERATOR,00715802a7862cd203c6212036bc8c7fbef757129ae1f2b94bcfce71f35115ea,Mjc1MzY5NzIwNjcz,**** **** 0673,9149586665,,BANDIPORA,Gurez,Shah Pora - Achoora (Churwan),623,40,2708,65.0
55696124609,1_623_42_2800_005001,,Raja Begum,,,69,Female,Owner,Marginal  Farmer(Farmer having land <1 Hectare),APPROVED,,,false,,OPERATOR,160362ccfc0297ef69dbd1fc5f27fc1aaa5820f581842d5e5360b2a718a356e8,ODUwMzUwNzQ3MjQ2,**** **** 7246,9149422358,,BANDIPORA,Sonawari,Rakh Shilvat,623,42,2800,89.0
71560416572,1_623_6811_2783_005000,,Gulam Ud Din Paray,,,59,Male,Owner,Marginal  Farmer(Farmer having land <1 Hectare),PENDING,,,false,,OPERATOR,2de334282ebbf457db6e40c5953de7534e096ee12b12cbb551439315857a3240,Njk5NDc0NDYyMDE1,**** **** 2015,9697777949,,BANDIPORA,Hajin,Vijipara,623,6811,2783,22.0
68065317407,1_623_42_2812_005011,,Showkat Ahmad Dar,,,46,Male,Owner,Marginal  Farmer(Farmer having land <1 Hectare),PENDING,,,false,,OPERATOR,172e7b2e1a2ca06c78d18c1a3830193529452fb5f3fc3f266b3576d8565f6af3,Njg3OTM5MTQ1ODEy,**** **** 5812,9906635321,,BANDIPORA,Sonawari,Sarai Dangarpora,623,42,2812,66.0
41391540816,1_623_40_2707_005025,,Khushi Mohammad Shiekh,,,69,Male,Owner,Marginal  Farmer(Farmer having land <1 Hectare),PENDING,,,false,,OPERATOR,9dbd8929cdacade835859a2942d9c5f53d54c2ea9abef9b5a0dce77561f74bd2,Njk4MDQ4ODY3MzQw,**** **** 7340,7006220067,,BANDIPORA,Gurez,Markoot,623,40,2707,61.0
23058934594,1_623_40_2708_005044,,Zahoori Begum,,,69,Female,Owner,Marginal  Farmer(Farmer having land <1 Hectare),PENDING,,,false,,OPERATOR,43d39d76c70b4af4774ce3d17a25059314cc843aa5596f57834e55576d27f702,ODk2NjI0OTk2Njc3,**** **** 6677,6005758925,,BANDIPORA,Gurez,Shah Pora - Achoora (Churwan),623,40,2708,45.0
12642429047,1_623_6811_2783_005005,,Dilshada Begum,,,54,Female,Owner,Marginal  Farmer(Farmer having land <1 Hectare),APPROVED,,,false,,OPERATOR,c0b9996ecd8c39e55bf56a8d6e4dfb1fa7e39dca13f8067d7f77e96e1dbe9e5e,MzU4MjY1OTUxMjM2,**** **** 1236,7006165525,,BANDIPORA,Hajin,Vijipara,623,6811,2783,89.0
63669488420,1_623_40_2708_005043,,MOHD ASHARF AKHOON,,,52,Male,Owner,Marginal  Farmer(Farmer having land <1 Hectare),PENDING,,,false,,OPERATOR,d6c64aba578051b49900e7ec46fca3eddf8a502a9ee2f391c8cf9185019ca110,Njg1MDY0NTMxMzAz,**** **** 1303,9541622342,,BANDIPORA,Gurez,Shah Pora - Achoora (Churwan),623,40,2708,57.0
78724080101,1_623_6811_2778_005005,,Mohammad Lateef Rather,,,57,Male,Owner,Marginal  Farmer(Farmer having land <1 Hectare),PENDING,,,false,,OPERATOR,d64b81018cea37e033e2252e61caf0fc3f5fce322d2b6c56bf83cc0f66336050,MjY2ODI0MDg5NDU5,**** **** 9459,9906723390,,BANDIPORA,Hajin,Gundi Saderkote,623,6811,2778,0.0
13357771185,1_623_6811_2783_005012,,Reyazul Ashruf,,,44,Male,Owner,Marginal  Farmer(Farmer having land <1 Hectare),PENDING,,,false,,OPERATOR,ab1c8d7cf64a5259b689d69202b52f16cdaa2cec2132374304bed44f36c2f4ab,NzgxNTIyNzY3MjY1,**** **** 7265,9906003502,,BANDIPORA,Hajin,Vijipara,623,6811,2783,55.0
91242255339,1_623_40_2708_005007,,Hafizullah Lone,,,47,Male,Owner,Marginal  Farmer(Farmer having land <1 Hectare),PENDING,,,false,,OPERATOR,1ce1744cd3765ed81b7118c9f2246b7ba48259aafcb0c203dbac2b8e699c54b3,Nzk2OTE0ODEyNjU2,**** **** 2656,9797001752,,BANDIPORA,Gurez,Shah Pora - Achoora (Churwan),623,40,2708,0.0
13997089828,1_623_6811_2700_005028,,Ab Rehman Bhat,,,71,Male,Owner,Marginal  Farmer(Farmer having land <1 Hectare),PENDING,,,false,,OPERATOR,e8180bb12e17ca8c741b56f077766f47a1f6da8d1df405f8b685c231c22b213b,MjQ4NDg2MzMxOTA0,**** **** 1904,9596506364,,BANDIPORA,Hajin,Gulshanpora,623,6811,2700,32.0
56028564118,1_623_42_2810_005021,,GH MOHD PARRAY,,,61,Male,Owner,Marginal  Farmer(Farmer having land <1 Hectare),PENDING,,,false,,OPERATOR,9c9cf6832c90dc2b702e3fc45de36ddef4bcf5a42f288c56957d7efa4c3821bb,MzIxMDY1NzU1ODY1,**** **** 5865,7051979337,,BANDIPORA,Sonawari,Odina,623,42,2810,0.0
52780105705,1_623_40_2708_005045,,Gulzar Ahmad Lone,,,56,Male,Owner,Marginal  Farmer(Farmer having land <1 Hectare),PENDING,,,false,,OPERATOR,455b26644c9d0aeb523c52f5433c78f999be209d9d3987e76ee573c70e21a49a,NjMwODAyMzk0MzM1,**** **** 4335,6005637760,,BANDIPORA,Gurez,Shah Pora - Achoora (Churwan),623,40,2708,35.0
30215172572,1_623_42_2812_005016,,GH. RASOOL KAWA,,,51,Male,Owner,Marginal  Farmer(Farmer having land <1 Hectare),PENDING,,,false,,OPERATOR,6cd8cb224383edbd04dffa16147d76ef9f72707b23f6f0c1ffa3dce99d4605c2,NzUzNDQ0Njg2NjY3,**** **** 6667,9469195802,,BANDIPORA,Sonawari,Sarai Dangarpora,623,42,2812,43.0
64462032124,1_623_40_2708_005016,,MOHAMMAD SHAFI LONE,,,52,Male,Owner,Marginal  Farmer(Farmer having land <1 Hectare),PENDING,,,false,,OPERATOR,8c665609102207b4dfe8e5e83adfb5b0488967148c89c1e3e2c3f669af7b3296,Mjc0NzM2MTI0OTE4,**** **** 4918,9419672353,,BANDIPORA,Gurez,Shah Pora - Achoora (Churwan),623,40,2708,0.0
81155849728,1_623_6812_2716_005031,,Ab Rehman Mir,,,56,Male,Owner,Marginal  Farmer(Farmer having land <1 Hectare),PENDING,,,false,,OPERATOR,0d5e60fe3922cd65c43c9e417a3cc669bf49c1d5d91c73b5f03842913b1b7fa2,NDc0MDA3NDg1OTc2,**** **** 5976,6006330864,,BANDIPORA,Tulail,Neeru,623,6812,2716,59.0
62536326978,1_623_42_2797_005014,,Nasir Fayaz,,,30,Male,Owner,Marginal  Farmer(Farmer having land <1 Hectare),APPROVED,,,false,,OPERATOR,702933c420a8dd3e4dbd52850d77aacf3b130a36294152662bf752ef70153ab7,NTI4NTA2MDQ2MDg0,**** **** 6084,9697347797,,BANDIPORA,Sonawari,Hilalabad,623,42,2797,90.0
13254401792,1_623_42_2794_005019,,Mohd Amin Shah,,,62,Male,Owner,Marginal  Farmer(Farmer having land <1 Hectare),PENDING,,,false,,OPERATOR,bd23502e8bd6043ec0b04c33eae3f1d7a1501483c327c6a1697958a71a620cb1,NTMwODc0OTMxNDY0,**** **** 1464,6005432611,,BANDIPORA,Sonawari,Asham,623,42,2794,43.0
24455671718,1_623_42_2812_005014,,Tasaduk Hussain Mir,,,39,Male,Owner,Marginal  Farmer(Farmer having land <1 Hectare),PENDING,,,false,,OPERATOR,ac6a7818fcacf94327b8008c0a2a6b6e8880f97d2cd6821da2665c0dfd71e6a7,ODQyNTE3Mzc3MDQ2,**** **** 7046,7889985512,,BANDIPORA,Sonawari,Sarai Dangarpora,623,42,2812,65.0
39317608088,1_623_42_2794_005020,,Mohd Rafi Bhat,,,41,Male,Owner,Marginal  Farmer(Farmer having land <1 Hectare),PENDING,,,false,,OPERATOR,8c46ec2d7a0bad5af53afa578db95dcad81fbe340fe99b6203f690d4a26ff1a9,OTgyNjQ4NzQyOTg0,**** **** 2984,6006569360,,BANDIPORA,Sonawari,Asham,623,42,2794,63.0
41931350663,1_623_40_2707_005014,,Gulam Nabi Lone,,,64,Male,Owner,Marginal  Farmer(Farmer having land <1 Hectare),PENDING,,,false,,OPERATOR,d87dbcf86e92ec2d3bb4cbe0255031f1a88595f67b34283af16872c7bcc33fc4,MzQxOTc5NDE3MzMx,**** **** 7331,7889798814,,BANDIPORA,Gurez,Markoot,623,40,2707,61.0
79125442208,1_623_6811_2700_005011,,SAIF U DIN MAGLOO,,,66,Male,Owner,Marginal  Farmer(Farmer having land <1 Hectare),PENDING,,,false,,OPERATOR,faacd0e79b9abb65678e71da19994d0e46ff77d8f211e84ffa30210959796047,OTQ1OTcxMjQxNzgx,**** **** 1781,9541225784,,BANDIPORA,Hajin,Gulshanpora,623,6811,2700,62.0
26898291243,1_623_42_2812_005015,,ALI MOHD RATHER,,,49,Male,Owner,Marginal  Farmer(Farmer having land <1 Hectare),PENDING,,,false,,OPERATOR,eb3cafcc5d912568a2cd04935a50162f9014f54cca80235c58e4812f4ba84276,MjUxODcwODM0NDI4,**** **** 4428,6005121514,,BANDIPORA,Sonawari,Sarai Dangarpora,623,42,2812,43.0
26456806612,1_623_6812_2724_005015,,Mohd Sultan Khan,,,61,Male,Owner,Marginal  Farmer(Farmer having land <1 Hectare),PENDING,,,false,,OPERATOR,b344da5d03554bdd8de515ee2225e7946dd80fbaee54badad579269b5e652467,ODU1MTg3NDYxMzI4,**** **** 1328,9103030996,,BANDIPORA,Tulail,Baduaab,623,6812,2724,23.0
62325593241,1_623_42_2794_005021,,Nazir Ahmad Shah,,,46,Male,Owner,Marginal  Farmer(Farmer having land <1 Hectare),PENDING,,,false,,OPERATOR,1ad61bcbdfebd8e1278c357140a71d4f026f3d5b0d90a51735c537f596b1f3b9,NjQ3NDQ1NDE5MjU5,**** **** 9259,9797422172,,BANDIPORA,Sonawari,Asham,623,42,2794,46.0
20284883145,1_623_6812_2711_005010,,Ali Mohammad Khan,,,41,Male,Owner,Marginal  Farmer(Farmer having land <1 Hectare),PENDING,,,false,,OPERATOR,325a232eb4180c2552c06eca4e3ae159f8ad55003bc9bee29f1986a143e2daf8,OTIyNjk2NjY1MTgx,**** **** 5181,7889604410,,BANDIPORA,Tulail,Zedgey,623,6812,2711,0.0
78848682340,1_623_42_2797_005016,,Sameer Ahmad Reshi,,,40,Male,Owner,Marginal  Farmer(Farmer having land <1 Hectare),PENDING,,,false,,OPERATOR,b6bcfb8e3b3e0a212d000a721d571a60b075e6e175891f21bcb20ba5c04fe729,NDIwMTQ5NzgwNTcz,**** **** 0573,9858449557,,BANDIPORA,Sonawari,Hilalabad,623,42,2797,66.0
75259323283,1_623_42_2800_005002,,Ghulam Mohammad Parray,,,66,Male,Owner,Marginal  Farmer(Farmer having land <1 Hectare),PENDING,,,false,,OPERATOR,0d021337307138e65400dc939f52f515e11d2934dcf23cc6ccfc94b0e09b8e7c,NjQ4NzkxODk4NDM3,**** **** 8437,9622106185,,BANDIPORA,Sonawari,Rakh Shilvat,623,42,2800,0.0
63918179173,1_623_6812_2724_005016,,Haneef Mapnoo,,,52,Male,Owner,Marginal  Farmer(Farmer having land <1 Hectare),PENDING,,,false,,OPERATOR,654d009fdf77e44b6b8fe9c27dabfac6b9d252aea6907d9042d7848bf546dce9,NzkzMzcwMzMzMTQ3,**** **** 3147,9103059917,,BANDIPORA,Tulail,Baduaab,623,6812,2724,0.0
43053863388,1_623_42_2808_005011,,Mohammad Rajab Wagay,,,61,Male,Owner,Marginal  Farmer(Farmer having land <1 Hectare),PENDING,,,false,,OPERATOR,48de717e63d7e974e4a37be06ef0a0f4bda3ae4499f1be466fcbaf8272e2d777,NTQ5Mjg3NTM0MTAx,**** **** 4101,9596222757,,BANDIPORA,Sonawari,Gund i Khalil,623,42,2808,56.0
15106891320,1_623_6812_2711_005011,,Mohd Sultan Khan,,,71,Male,Owner,Marginal  Farmer(Farmer having land <1 Hectare),PENDING,,,false,,OPERATOR,d844a95835f00e567c518e618c3ad8e81501106cabb60d7ce7d1c8f3f6a15f83,NDE5ODAxNjY2NDg3,**** **** 6487,6006980959,,BANDIPORA,Tulail,Zedgey,623,6812,2711,23.0
95388456104,1_623_42_2794_005048,,ASSAD ULLA AMBAR,,,52,Male,Owner,Marginal  Farmer(Farmer having land <1 Hectare),PENDING,,,false,,OPERATOR,dbfd3e3d3d63c077ccc16685c0127308763e2df5b564aae8719078a48ef94f67,ODc5NDk2NDU3NTc3,**** **** 7577,9541600718,,BANDIPORA,Sonawari,Asham,623,42,2794,46.0
60220738599,1_623_40_2707_005036,,GH QADIR SHEIKH,,,63,Male,Owner,Marginal  Farmer(Farmer having land <1 Hectare),PENDING,,,false,,OPERATOR,3827ba494a03cbb56e4f59e2d11a0c67e1d04fad650d80fa3c5cd87ca389e6aa,NTY0MTI1NjIxMDAw,**** **** 1000,6005576876,,BANDIPORA,Gurez,Markoot,623,40,2707,43.0
62108489864,1_623_6812_2724_005041,,Mohammad Munawar Ahangar,,,56,Male,Owner,Marginal  Farmer(Farmer having land <1 Hectare),PENDING,,,false,,OPERATOR,2db1d96cf743ef29f830a8dca6e06fe8092b2acfc73fc061012e43996dc3562e,OTc1NjcyODA5MjU5,**** **** 9259,9103261237,,BANDIPORA,Tulail,Baduaab,623,6812,2724,0.0
81340205406,1_623_41_2768_005006,,AADIL MURTAZA,,,42,Male,Owner,Marginal  Farmer(Farmer having land <1 Hectare),APPROVED,,,false,,OPERATOR,dcd7ac84a740bce50f058e9eb508e9c87a4b4d83b5163d38c5d9e3609fdfb3d2,ODE0OTc0NTYyMTU1,**** **** 2155,7006416054,,BANDIPORA,Bandipora,Garoora,623,41,2768,88.0
15537692510,1_623_42_2808_005015,,Ghulam Mohammad Wagay,,,71,Male,Owner,Marginal  Farmer(Farmer having land <1 Hectare),PENDING,,,false,,OPERATOR,e5e26a9cf8641c33ee27dcfeb74c9f9b0f5856c077399d5a61e36c1bb896bf4f,MzQ2MTQyMTU5Mjg0,**** **** 9284,9596248651,,BANDIPORA,Sonawari,Gund i Khalil,623,42,2808,46.0
50301681820,1_623_6810_2777_005024,,Sana Ullah Rather,,,59,Male,Owner,Marginal  Farmer(Farmer having land <1 Hectare),PENDING,,,false,,OPERATOR,848a263777335a60246c65d55c80456b052ae5eaa815b7c6f6dc410fd5f753fa,NjEzNjQ2NzE5ODIz,**** **** 9823,9906928491,,BANDIPORA,Ajas,Ajas,623,6810,2777,0.0
49721360794,1_623_40_2708_005017,,AB RASHID LONE,,,62,Male,Owner,Marginal  Farmer(Farmer having land <1 Hectare),PENDING,,,false,,OPERATOR,e265bf91407c5b8f2dd45d317b22dc71507ff55049123116222408d592ee5c27,MzY2NjQ3MzA2Mjkw,**** **** 6290,6006129218,,BANDIPORA,Gurez,Shah Pora - Achoora (Churwan),623,40,2708,0.0
24447437312,1_623_42_2809_005002,,Ab Satar Khanday,,,68,Male,Owner,Marginal  Farmer(Farmer having land <1 Hectare),PENDING,,,false,,OPERATOR,454be9d443b9bebfb64fa1ed61cc84e609a2e9dc957b09b4366adfb1c938b852,OTM1Njg5OTk3MzAw,**** **** 7300,6006177792,,BANDIPORA,Sonawari,Trigam,623,42,2809,0.0
52623503151,1_623_6812_2724_005057,,Amirullah Mir,,,24,Male,Owner,Marginal  Farmer(Farmer having land <1 Hectare),PENDING,,,false,,OPERATOR,2964fe9a4e6baf92c6b1b3f8500fbdd09666f1079dc48d36261e6b62bdd6ee8c,ODg5MzY2OTI2OTcx,**** **** 6971,9103069415,,BANDIPORA,Tulail,Baduaab,623,6812,2724,0.0
40684963835,1_623_42_2794_005049,,Ferooz Ahmad Tantry,,,48,Male,Owner,Marginal  Farmer(Farmer having land <1 Hectare),PENDING,,,false,,OPERATOR,8b3861a457eff7aa8cc15c423df63d776db4f08c580622024d9c4039afeb8bd8,NDYyMzQyMzU1NTU3,**** **** 5557,7006710416,,BANDIPORA,Sonawari,Asham,623,42,2794,44.0
67662975099,1_623_42_2794_005023,,FAYAZ AH BHAT,,,46,Male,Owner,Marginal  Farmer(Farmer having land <1 Hectare),PENDING,,,false,,OPERATOR,1372285f548b75cddbfd3812c3dff6cca1cd60349faa1b1ef2a15c1e68fe5273,OTkxMDc1NzkwNzcy,**** **** 0772,9906491162,,BANDIPORA,Sonawari,Asham,623,42,2794,55.0
81820735877,1_623_6812_2724_005019,,Saidullah Khan,,,48,Male,Owner,Marginal  Farmer(Farmer having land <1 Hectare),PENDING,,,false,,OPERATOR,2443d2e19a3bc8aa77bc4501198ce53943b11aa1d277fd2e29b126b84baa3b75,NDc5NTk2MDE1ODgw,**** **** 5880,6006298550,,BANDIPORA,Tulail,Baduaab,623,6812,2724,0.0
63537779311,1_623_40_2708_005022,,Abdul Wahab Lone,,,58,Male,Owner,Marginal  Farmer(Farmer having land <1 Hectare),PENDING,,,false,,OPERATOR,e90e829a01b664bd64dc9a4165264ded674f829a3550839bf242c88b88a1529d,ODc0MTEyMzkwNDQx,**** **** 0441,9469204477,,BANDIPORA,Gurez,Shah Pora - Achoora (Churwan),623,40,2708,55.0
60589730523,1_623_42_2800_005008,,Khurshed Ahmad Dar,,,50,Male,Owner,Marginal  Farmer(Farmer having land <1 Hectare),PENDING,,,false,,OPERATOR,32e86954f23dab32b86b2c009e0e737546d57315873e0b49a02fce61d3bd5bfe,NzY2NDI3OTAyODIw,**** **** 2820,6006375981,,BANDIPORA,Sonawari,Rakh Shilvat,623,42,2800,65.0
45185753162,1_623_6812_2711_005019,,Juma Khan,,,49,Male,Owner,Marginal  Farmer(Farmer having land <1 Hectare),PENDING,,,false,,OPERATOR,20726252169883ce8efa39725a4ddb516ff520dfce637019cee6158181f4b9cc,NDMwNDk4OTQ2Nzk2,**** **** 6796,6005256427,,BANDIPORA,Tulail,Zedgey,623,6812,2711,0.0
27898782393,1_623_42_2794_005022,,Ab Rahman Bhat,,,62,Male,Owner,Marginal  Farmer(Farmer having land <1 Hectare),PENDING,,,false,,OPERATOR,87989eb3ccc85e5cb1e5fe9c45ed15f37e760e46d0f67f42329b2e252a57d28b,NjI2OTgzNzA3NzY5,**** **** 7769,8493887250,,BANDIPORA,Sonawari,Asham,623,42,2794,62.0
11639279903,1_623_42_2808_005005,,Ghulam Mohammad Parray,,,59,Male,Owner,Marginal  Farmer(Farmer having land <1 Hectare),PENDING,,,false,,OPERATOR,7389226fe1b9b05287b68812d1db6e2ce2bbf67e7e37f71d1545196d93795950,NTg4NzAxODY1ODUw,**** **** 5850,9906723338,,BANDIPORA,Sonawari,Gund i Khalil,623,42,2808,0.0
81995799655,1_623_6811_2700_005012,,Abdul Hamid Matta,,,48,Male,Owner,Marginal  Farmer(Farmer having land <1 Hectare),PENDING,,,false,,OPERATOR,a55d3a993bb0776421926afe1ccb1e2ffe47d778922b4bb98ea2d4e7043be780,NTM4MzgwMDA2Mjc2,**** **** 6276,9797238140,,BANDIPORA,Hajin,Gulshanpora,623,6811,2700,55.0
65720170382,1_623_42_2812_005017,,DILSDHADA BANO,,,44,Female,Owner,Marginal  Farmer(Farmer having land <1 Hectare),PENDING,,,false,,OPERATOR,de2cd4914fe2e34e495538ffce56dda2bcf98a792f8d0610c790b3c5e9c7dd1b,NjczNjQ0MDg4NTM5,**** **** 8539,6005121514,,BANDIPORA,Sonawari,Sarai Dangarpora,623,42,2812,34.0
91849016520,1_623_42_2797_005017,,BASHIR AHMAD RESHI,,,61,Male,Owner,Marginal  Farmer(Farmer having land <1 Hectare),PENDING,,,false,,OPERATOR,181f69196c74deb34662b3c0e2f0fdc800c755fa903c75875394690e6b606afa,NTQwMDc0MTk1NjEz,**** **** 5613,9541184535,,BANDIPORA,Sonawari,Hilalabad,623,42,2797,46.0
42716138411,1_623_6812_2724_005017,,MOHD SUHBAN KHAN,,,69,Male,Owner,Marginal  Farmer(Farmer having land <1 Hectare),PENDING,,,false,,OPERATOR,33b82d83e9ed84702108af6df0febf272a19ffd417090617c1ffd6cce6c5bbeb,ODQ2OTkxOTMyODQ0,**** **** 2844,9149725796,,BANDIPORA,Tulail,Baduaab,623,6812,2724,0.0
19542345672,1_623_42_2797_005018,,ZAMEER AHMAD RESHI,,,38,Male,Owner,Marginal  Farmer(Farmer having land <1 Hectare),PENDING,,,false,,OPERATOR,138a75d85330f1a6ad2be33382b19afbe68930f856acd48d051f0d9733a3bb99,ODM2MDY0ODYzNzk3,**** **** 3797,7006310280,,BANDIPORA,Sonawari,Hilalabad,623,42,2797,65.0
64599362533,1_623_6812_2724_005018,,Nazir Ahmad Khan,,,57,Male,Owner,Marginal  Farmer(Farmer having land <1 Hectare),PENDING,,,false,,OPERATOR,c6dc2aebbdc95b42ffa716b692b14d2fe30f82effb072e605b51511d1b674304,NzYxOTQzODg0MDIz,**** **** 4023,9149559615,,BANDIPORA,Tulail,Baduaab,623,6812,2724,61.0
70957856265,1_623_6811_2778_005006,,Mohammad Ashraf Rather,,,51,Male,Owner,Marginal  Farmer(Farmer having land <1 Hectare),PENDING,,,false,,OPERATOR,fe2dcccb4744c9fbbcd083cf4c9f1a67a6d9bcbcee60d50f88e1c4ec9d88060c,ODE2OTAwNTE5Mjk5,**** **** 9299,9906934377,,BANDIPORA,Hajin,Gundi Saderkote,623,6811,2778,55.0
74977892722,1_623_40_2707_005026,,Abdul Rashid Sheikh,,,70,Male,Owner,Marginal  Farmer(Farmer having land <1 Hectare),PENDING,,,false,,OPERATOR,b34ffeb0544f336c80276b5245afa96ced5a2656453bdf24700d459676af9c29,NTQ3OTA4NDkwODgw,**** **** 0880,7889409200,,BANDIPORA,Gurez,Markoot,623,40,2707,60.0
79168065173,1_623_6811_2700_005013,,Nazir Ahmad Ganie,,,54,Male,Owner,Marginal  Farmer(Farmer having land <1 Hectare),PENDING,,,false,,OPERATOR,b943cc39fda1d9944a77da859b1311f91e1dd75f7ab99a5f9b6a6d4ba029a828,NzEwNjQ2OTAyMjkx,**** **** 2291,9622401365,,BANDIPORA,Hajin,Gulshanpora,623,6811,2700,0.0
11634767097,1_623_40_2708_005015,,Mohd Sarwar Lone,,,55,Male,Owner,Marginal  Farmer(Farmer having land <1 Hectare),PENDING,,,false,,OPERATOR,7f0ba836cf6dfcca53697262087b9141a65738cffb424baea596083a7c05b78b,Mzk2NDkyMzU0MDUw,**** **** 4050,9682699714,,BANDIPORA,Gurez,Shah Pora - Achoora (Churwan),623,40,2708,63.0
11234634803,1_623_6811_2700_005027,,Mohammad Aslam Parray,,,54,Male,Owner,Marginal  Farmer(Farmer having land <1 Hectare),PENDING,,,false,,OPERATOR,031846946911c4258d0358db9cc6bba65b6d00fb856db2b6d9d9fbeff9a2c6da,NjUyMjM4MzY4NDc0,**** **** 8474,7889799440,,BANDIPORA,Hajin,Gulshanpora,623,6811,2700,46.0
56584966807,1_623_42_2804_005002,,Ghulam Hassan Bafanda,,,68,Male,Owner,Small Farmer (Farmer having Land >=1 & <2 Hectare),PENDING,,,false,,OPERATOR,faedbf2a737468b293b6e8765307f32c004b569bf4b330f016fca577b8348699,NTcxMjI1MzkyMjg4,**** **** 2288,7889756030,,BANDIPORA,Sonawari,Rakh Sultan Pora,623,42,2804,37.0
42434054992,1_623_42_2797_005042,,Ab Rashid Reshi,,,66,Male,Owner,Marginal  Farmer(Farmer having land <1 Hectare),PENDING,,,false,,OPERATOR,e709b89214179ea893e53d025807a8843c22c23fa8be69f19e886482958a1f53,NzM5MjE0NDAwMDU4,**** **** 0058,7889841201,,BANDIPORA,Sonawari,Hilalabad,623,42,2797,43.0
15417740453,1_623_42_2794_005047,,Farooq Ahmad Tantry,,,61,Male,Owner,Marginal  Farmer(Farmer having land <1 Hectare),PENDING,,,false,,OPERATOR,217b7763e07e27e4898121b06b679f4bf916ff10e72f1ce81a24795c2d1d7755,NTM2NDU0NDM2ODg3,**** **** 6887,8082887445,,BANDIPORA,Sonawari,Asham,623,42,2794,65.0
22870974064,1_623_40_2707_005027,,Mohd Ayoob Nasir,,,65,Male,Owner,Marginal  Farmer(Farmer having land <1 Hectare),PENDING,,,false,,OPERATOR,4eff4ad2e540e2f7d46562a74120cc4cca45c8a57cde42fffe50471820ed69f1,ODgxNzE0MDEzMDgz,**** **** 3083,9419405875,,BANDIPORA,Gurez,Markoot,623,40,2707,53.0
98688223336,1_623_6811_2778_005013,,AB AHAD DAR,,,71,Male,Owner,Marginal  Farmer(Farmer having land <1 Hectare),PENDING,,,false,,OPERATOR,6f4142ddabbef07f644408b5b0ffa75386a8a7560d29465be126cd0c2e134a7a,ODIzNDA2NzA5OTQx,**** **** 9941,9149713071,,BANDIPORA,Hajin,Gundi Saderkote,623,6811,2778,44.0
65654609620,1_623_42_2804_005003,,Ghulam Hussain Nath,,,60,Male,Owner,Marginal  Farmer(Farmer having land <1 Hectare),PENDING,,,false,,OPERATOR,855f175e05e31f6d12068dcdc25f9cdac6933da954c386db9f472d11fa9544a8,Mjk2MDIzNTk0NjM5,**** **** 4639,7780939317,,BANDIPORA,Sonawari,Rakh Sultan Pora,623,42,2804,0.0
86539079101,1_623_6812_2711_005020,,Mohd Munwar Khan,,,53,Male,Owner,Marginal  Farmer(Farmer having land <1 Hectare),PENDING,,,false,,OPERATOR,867112b83d2ec1a20b0d6b5519b7e720eca8cb5134d226c44dc96256baaabb22,ODg0MTQ3NTA0NDg4,**** **** 4488,6006970955,,BANDIPORA,Tulail,Zedgey,623,6812,2711,53.0
17669048488,1_623_6812_2724_005020,,Jameel Ahmad Naik,,,38,Male,Owner,Marginal  Farmer(Farmer having land <1 Hectare),PENDING,,,false,,OPERATOR,5c0a3e0ec9a0368ae6d06ca4a35b0f757c0e76cc7a8cd4b0f983445a454335b9,MzA2Mzk0ODAxNDIw,**** **** 1420,6006112411,,BANDIPORA,Tulail,Baduaab,623,6812,2724,55.0
42425789092,1_623_42_2808_005010,,Rukhsana Farooq,,,36,Female,Owner,Marginal  Farmer(Farmer having land <1 Hectare),APPROVED,,,false,,OPERATOR,81401c377b62c44855d13683b585964de276d3b3a936d64187fdd8a73fd29756,NTAwMTEwNjUwMzAz,**** **** 0303,6006593382,,BANDIPORA,Sonawari,Gund i Khalil,623,42,2808,90.0
94662915175,1_623_42_2800_005009,,Gulzar Ahmad Dar,,,56,Male,Owner,Marginal  Farmer(Farmer having land <1 Hectare),PENDING,,,false,,OPERATOR,b2ee74024bc0dcec508804e59d206a5064548445042dcf65607814f94f53f2fb,ODg2MDYxNjA2ODcy,**** **** 6872,9596883633,,BANDIPORA,Sonawari,Rakh Shilvat,623,42,2800,0.0
19797285313,1_623_6811_2783_005013,,Saba Khursheed,,,35,Female,Owner,Marginal  Farmer(Farmer having land <1 Hectare),APPROVED,,,false,,OPERATOR,87459a17241ecb94dd31547bbbf5dd0a45dcc64db19ae41e65ad582814667c83,NTI3NTY1NjkyMzI0,**** **** 2324,7006711766,,BANDIPORA,Hajin,Vijipara,623,6811,2783,89.0
78735531367,1_623_6811_2700_005014,,Ishfaq Ahmad Bahar,,,33,Male,Owner,Marginal  Farmer(Farmer having land <1 Hectare),PENDING,,,false,,OPERATOR,671e976d3b891641ba604c329d64847cf2240aa84676691ae54c0ee69dd0ca3e,NDE3NzgzMzA3MTEw,**** **** 7110,9906159946,,BANDIPORA,Hajin,Gulshanpora,623,6811,2700,66.0
95193093714,1_623_42_2797_005043,,Hafeeza Begum,,,63,Female,Owner,Marginal  Farmer(Farmer having land <1 Hectare),PENDING,,,false,,OPERATOR,87ab69d3fd0e7fd04cd3eb08a0fd1ede08e514e957d8037f8b6f00c4c171ad17,ODIyNjM4MjcyOTQ2,**** **** 2946,7006266634,,BANDIPORA,Sonawari,Hilalabad,623,42,2797,35.0
16096949033,1_623_6811_2778_005014,,HALIMA BEGUM,,,46,Female,Owner,Marginal  Farmer(Farmer having land <1 Hectare),PENDING,,,false,,OPERATOR,e233a7189cf1d31be4945fabc66669b91166d2fef028a3185f2c9f591acfa3d2,NzkwOTE5MjEzMDk0,**** **** 3094,6005861818,,BANDIPORA,Hajin,Gundi Saderkote,623,6811,2778,35.0
65947904436,1_623_6812_2716_005039,,Gh Ahmad Mir,,,42,Male,Owner,Marginal  Farmer(Farmer having land <1 Hectare),PENDING,,,false,,OPERATOR,981f9d7da8cbd11a9b66f065b1311515da1bba65f6657de870db45f2ff18be98,NjQ5MDA4MzAyNjA4,**** **** 2608,7051536169,,BANDIPORA,Tulail,Neeru,623,6812,2716,53.0
87455408994,1_623_42_2797_005019,,Sameer Ahmad Mir,,,40,Male,Owner,Marginal  Farmer(Farmer having land <1 Hectare),PENDING,,,false,,OPERATOR,819531b3445dbbdcccff83e11c56d2294d159ac7b3f0ea44b3db261517d4ea21,ODIxMTAwMTg0MDM2,**** **** 4036,6005544195,,BANDIPORA,Sonawari,Hilalabad,623,42,2797,46.0
70048337308,1_623_6812_2716_005046,,MOHD MUNWAR MIR,,,42,Male,Owner,Marginal  Farmer(Farmer having land <1 Hectare),PENDING,,,false,,OPERATOR,26e6fb4f6c6d577750ae50e91417b1b0fd3b3473a58944c7b6d0d9d24bc10e05,NTU5MTM3ODI2NDQ0,**** **** 6444,6005781357,,BANDIPORA,Tulail,Neeru,623,6812,2716,52.0
49325323743,1_623_42_2808_005016,,BASHIR AHMAD WAGAY,,,46,Male,Owner,Marginal  Farmer(Farmer having land <1 Hectare),PENDING,,,false,,OPERATOR,90df83ced1b196f78df44e415de4ffb2fd4311301a8a2d74aecda214dd902cc1,MjgyNTAwMjgyMTI1,**** **** 2125,7298915442,,BANDIPORA,Sonawari,Gund i Khalil,623,42,2808,65.0
19071685309,1_623_6812_2724_005100,,Jameel Ahmad Lone,,,31,Male,Owner,Marginal  Farmer(Farmer having land <1 Hectare),PENDING,,,false,,OPERATOR,3402dcfb65892799f5e17ec82e41bdbd635a831947882e30986598ad59745934,OTIwMzg0Mzg5NjMz,**** **** 9633,6006379724,,BANDIPORA,Tulail,Baduaab,623,6812,2724,55.0
97685870675,1_623_40_936275_005000,,Mahsood Ahmad Bhat,,,47,Male,Owner,Marginal  Farmer(Farmer having land <1 Hectare),PENDING,,,false,,OPERATOR,658173e15acb0311eede31d05c0e154f4208c4d4b7d4a6f9fdf64258e790d196,NDY5NzY3MTk1NDIw,**** **** 5420,9103202335,,BANDIPORA,Gurez,Gulshanpora,623,40,936275,56.0
26331867131,1_623_40_936275_005033,,Mohd Khalil Bhat,,,53,Male,Owner,Marginal  Farmer(Farmer having land <1 Hectare),PENDING,,,false,,OPERATOR,d55d2d3abf67fe84b9dfd3f4167595686d9ae0e5ad3cb6cb251bf3a4a946d666,NDQ2Mzk1MTI4Mzk3,**** **** 8397,9103323159,,BANDIPORA,Gurez,Gulshanpora,623,40,936275,0.0
36092863842,1_623_6812_2724_005042,,GH AHMAD KHAN,,,81,Male,Owner,Marginal  Farmer(Farmer having land <1 Hectare),APPROVED,,,false,,OPERATOR,7ffd9fddc00365d615d9355e4c9d38240db1a14dacd8116edb5016d04d38414a,NTM5MTEwMzkyMDI1,**** **** 2025,6005588741,,BANDIPORA,Tulail,Baduaab,623,6812,2724,43.0
36453893254,1_623_6811_2783_005018,,Sarwa Begum,,,79,Female,Owner,Marginal  Farmer(Farmer having land <1 Hectare),PENDING,,,false,,OPERATOR,cfeb7f54dd675a63d2926d86cf6fc39904fc6ce098389c55df3ca84e5338f34e,Njc1MzQ4MzAwMzA2,**** **** 0306,6005820959,,BANDIPORA,Hajin,Vijipara,623,6811,2783,11.0
35678332442,1_623_6811_2783_005006,,Gh Mohi Ud Din Paray,,,50,Male,Owner,Marginal  Farmer(Farmer having land <1 Hectare),PENDING,,,false,,OPERATOR,7beb01ac1fef91e17dfd4594744a123bf007158fe084d7222f45dd41c1fafb76,ODA5NzQzNDcwMTc1,**** **** 0175,7889851872,,BANDIPORA,Hajin,Vijipara,623,6811,2783,63.0
44624101832,1_623_42_2812_005018,,Lal Mohammad Kawa,,,66,Male,Owner,Marginal  Farmer(Farmer having land <1 Hectare),PENDING,,,false,,OPERATOR,14c19f2072650cca39b060528e3fc2eb5b2f460e34700722219262a0e1ef5f47,MjUxNzEzNjI2ODYx,**** **** 6861,9419664951,,BANDIPORA,Sonawari,Sarai Dangarpora,623,42,2812,0.0
83241289940,1_623_6812_2711_005012,,Abdul Gani Wani,,,45,Male,Owner,Marginal  Farmer(Farmer having land <1 Hectare),PENDING,,,false,,OPERATOR,1730e69a72a5c8f6a69a9d4b14e0d8947952bc8ddfe3c4a89ab6618d0ffaa65d,MzA2NDcwMzQ5Mjg5,**** **** 9289,6005812192,,BANDIPORA,Tulail,Zedgey,623,6812,2711,61.0
27459595495,1_623_42_2794_005024,,Yawar Nazir Bhat,,,25,Male,Owner,Marginal  Farmer(Farmer having land <1 Hectare),PENDING,,,false,,OPERATOR,8ffebdc33b1d6e2b8dfc7c8f26a86ead8dfe58e77b4acc76a5f48fa79385d8d4,OTQxMjkyNDk1Mzg1,**** **** 5385,7889303467,,BANDIPORA,Sonawari,Asham,623,42,2794,66.0
14576392480,1_623_40_2708_005018,,Shafeeq Mohmad Khan,,,46,Male,Owner,Marginal  Farmer(Farmer having land <1 Hectare),PENDING,,,false,,OPERATOR,0571ceb7e466f9611e7f779654ae659423e07ef62c08fbab57914903be2a2366,NTc3MjgyMDA4ODUy,**** **** 8852,8825083183,,BANDIPORA,Gurez,Shah Pora - Achoora (Churwan),623,40,2708,42.0
28489513714,1_623_42_2809_005003,,Mohamad Yousuf Mir,,,66,Male,Owner,Marginal  Farmer(Farmer having land <1 Hectare),PENDING,,,false,,OPERATOR,ec655002c77cbe28e1ecf6942fc1d4180ffde3dbeae2fcb07674e64bda78ce2b,ODI1Mzk4MzA3MDI5,**** **** 7029,9622589102,,BANDIPORA,Sonawari,Trigam,623,42,2809,40.0
57625940867,1_623_6811_2700_005029,,AB MAJEED DAR,,,46,Male,Owner,Marginal  Farmer(Farmer having land <1 Hectare),PENDING,,,false,,OPERATOR,fe2ba58064bc1aee36ec23f1eec9ef4f5726d49b645079a846d51703f22818ee,MzkzODA5NzUxMjY5,**** **** 1269,8803575457,,BANDIPORA,Hajin,Gulshanpora,623,6811,2700,54.0
65168800889,1_623_40_2707_005041,,Mohd Ikhlaq Shiekh,,,47,Male,Owner,Marginal  Farmer(Farmer having land <1 Hectare),PENDING,,,false,,OPERATOR,5bb7e3553280dd98f9c1bdd6158677369b9fb1bf7603427f351f90da1cb59de5,MzY3OTMwODQxMjk4,**** **** 1298,7006373721,,BANDIPORA,Gurez,Markoot,623,40,2707,53.0
93187208622,1_623_6811_2778_005015,,Mohammad Ashraf Rather,,,46,Male,Owner,Marginal  Farmer(Farmer having land <1 Hectare),PENDING,,,false,,OPERATOR,837f49c47dec9e6ae9c9862809752d76993ee9f0bc694b0240665e0ef3deb1b0,MzgzOTEyODc1NjM2,**** **** 5636,9697708100,,BANDIPORA,Hajin,Gundi Saderkote,623,6811,2778,60.0
82646695107,1_623_6809_2744_005010,,Gh Hassan Sheer Gojri,,,64,Male,Owner,Marginal  Farmer(Farmer having land <1 Hectare),PENDING,,,false,,OPERATOR,f0094c282796611013306697e4e781d2fb2a5a09261f902328f8ce15e015aa1f,NDg1NjY0MjQ0NjY4,**** **** 4668,9149834073,,BANDIPORA,Aloosa,Mangnipora,623,6809,2744,49.0
62952027151,1_623_40_2708_005032,,Mohammad Younis Lone,,,53,Male,Owner,Marginal  Farmer(Farmer having land <1 Hectare),PENDING,,,false,,OPERATOR,e616bf35baaf783060b80cd9aba90a56f5f8b9461ddf41ee26d2796651f7f2ce,NTMyOTk0MzgyMTk2,**** **** 2196,9797212135,,BANDIPORA,Gurez,Shah Pora - Achoora (Churwan),623,40,2708,43.0
65475079578,1_623_6812_2711_005014,,Jamed Ahmad Wani,,,48,Male,Owner,Marginal  Farmer(Farmer having land <1 Hectare),PENDING,,,false,,OPERATOR,4724f3f8a9a4e55999166501c854cb44454ed32f8d81000c4c83147fb1baaad4,NzA1NDI0MDcyNzUx,**** **** 2751,9103078441,,BANDIPORA,Tulail,Zedgey,623,6812,2711,25.0
48112410776,1_623_6812_2711_005032,,Faqeer Mohammad Khan,,,85,Male,Owner,Marginal  Farmer(Farmer having land <1 Hectare),PENDING,,,false,,OPERATOR,151087be19fa767646d0af664173799574df759ead417964151b8e17b5c7dc7f,ODUzMTc1NjE0MjU5,**** **** 4259,9103709904,,BANDIPORA,Tulail,Zedgey,623,6812,2711,0.0
26910198174,1_623_6812_2724_005043,,SAMAD KHAN,,,58,Male,Owner,Marginal  Farmer(Farmer having land <1 Hectare),APPROVED,,,false,,OPERATOR,93ed7223e81436165366a5d2b27840306634b4200c78dcacc0c962563c29202b,Nzg1MDkyOTQzNTcw,**** **** 3570,7780971609,,BANDIPORA,Tulail,Baduaab,623,6812,2724,35.0
37355730962,1_623_42_2797_005020,,Mehraj Ud Din Bhat,,,39,Male,Owner,Marginal  Farmer(Farmer having land <1 Hectare),PENDING,,,false,,OPERATOR,f729f7f3eeed8e6c757775ab51947c834358bdf03933987205d20e991dd9c103,NTQzMDc2MDY2MTc5,**** **** 6179,9149418102,,BANDIPORA,Sonawari,Hilalabad,623,42,2797,71.0
62288088423,1_623_42_2808_005012,,Quasir Ahmad Bhat,,,42,Male,Owner,Marginal  Farmer(Farmer having land <1 Hectare),PENDING,,,false,,OPERATOR,409a133aa333f021c5d0686af86f0bc6dee29941941dbbbb5d4a8c3308d7461a,NDUzMTg2OTg1MTI1,**** **** 5125,6006593382,,BANDIPORA,Sonawari,Gund i Khalil,623,42,2808,64.0
95938807585,1_623_40_2707_005028,,Reyaz Ahmad Nasir,,,56,Male,Owner,Marginal  Farmer(Farmer having land <1 Hectare),PENDING,,,false,,OPERATOR,81b1663df1a0327477b218871e9f7912080956678d52831ec90396ea302f0e2d,NDg4MDc2Njk3MTM2,**** **** 7136,9596763254,,BANDIPORA,Gurez,Markoot,623,40,2707,56.0
95831541339,1_623_6812_2716_005012,,QADIR MIR,,,56,Male,Owner,Marginal  Farmer(Farmer having land <1 Hectare),APPROVED,,,false,,OPERATOR,ef43e9c2279929b4f0a3aa23b7e6907aacac4a2d3b58c0e2fd505f43ed16af8c,OTU2NjM4MzU3MTc1,**** **** 7175,6006213468,,BANDIPORA,Tulail,Neeru,623,6812,2716,34.0
36158285362,1_623_40_2707_005037,,Zahoor Ahmad Lone,,,45,Male,Owner,Marginal  Farmer(Farmer having land <1 Hectare),PENDING,,,false,,OPERATOR,a24436755f7fd164969d3de65a6bfd530f5938d0b86168a669ed7dc70426d5cc,OTY5Nzc4NjY1NDA4,**** **** 5408,7889834003,,BANDIPORA,Gurez,Markoot,623,40,2707,66.0
80400085835,1_623_6812_2724_005021,,Ishaq Ahmed Naik,,,52,Male,Owner,Marginal  Farmer(Farmer having land <1 Hectare),PENDING,,,false,,OPERATOR,e8d09456eb27af2545946328cd517395300fb6e5fbe85017c60184df31924f85,MzMyMzc1NDg4Njc5,**** **** 8679,9541696256,,BANDIPORA,Tulail,Baduaab,623,6812,2724,55.0
57591732221,1_623_40_2708_005071,,Fareed Ahmad Lone,,,60,Male,Owner,Marginal  Farmer(Farmer having land <1 Hectare),PENDING,,,false,,OPERATOR,511f197a792c68ae8cc94859a6318cce8cd3b74ed51b7a2bca39c1bcd0c49adb,MzA4MDUyMzUwNjc4,**** **** 0678,9596194076,,BANDIPORA,Gurez,Shah Pora - Achoora (Churwan),623,40,2708,0.0
73423002338,1_623_40_2708_005031,,Farzani Begum,,,71,Female,Owner,Marginal  Farmer(Farmer having land <1 Hectare),PENDING,,,false,,OPERATOR,1dd903e959a9fdc0eb880fbf492251957bda05b64ef6f26addf5f6e933bb2cd3,OTExNDMwMDI1NTE2,**** **** 5516,8493048385,,BANDIPORA,Gurez,Shah Pora - Achoora (Churwan),623,40,2708,50.0
38859342550,1_623_42_2797_005048,,Riyaz Ahmad Reshi,,,46,Male,Owner,Marginal  Farmer(Farmer having land <1 Hectare),PENDING,,,false,,OPERATOR,2ff1fb2faa8c6e068bde594b46211ee060afc3fcae98d9eca36cd6b95304eec3,NDQ4OTY0NDI1MTc2,**** **** 5176,7889955802,,BANDIPORA,Sonawari,Hilalabad,623,42,2797,46.0
56669980101,1_623_6812_2724_005044,,MOHD DILBAR LONE,,,49,Male,Owner,Marginal  Farmer(Farmer having land <1 Hectare),APPROVED,,,false,,OPERATOR,03384c9d48aa7da0a2b0ab430f4c0e819099f38e4789b2f0c2e1a4256233b703,NDEzNTM2MzU4NTY5,**** **** 8569,9682136314,,BANDIPORA,Tulail,Baduaab,623,6812,2724,43.0
78800408730,1_623_6812_2711_005013,,Surya Begum,,,40,Female,Owner,Marginal  Farmer(Farmer having land <1 Hectare),PENDING,,,false,,OPERATOR,cb5729346a811205cb82742fb477dc589c5b4925b8727573a5be5b5d4812b3f7,NzM5OTc1ODExMTQx,**** **** 1141,7006444399,,BANDIPORA,Tulail,Zedgey,623,6812,2711,0.0
90082048122,1_623_6812_2724_005058,,Lali Begum,,,63,Female,Owner,Marginal  Farmer(Farmer having land <1 Hectare),PENDING,,,false,,OPERATOR,fe1a91efc3ff5765c52d293e2bfe1c0ed2f8103bcdb99f6438043d97b2e1eb18,NjUzNDIxNjAzNTg5,**** **** 3589,6005644767,,BANDIPORA,Tulail,Baduaab,623,6812,2724,50.0
38173705847,1_623_6812_2711_005021,,Ghulam Khan,,,71,Male,Owner,Marginal  Farmer(Farmer having land <1 Hectare),PENDING,,,false,,OPERATOR,ab432dfe4a2fafa66d333c642e672c9c287b622b1879a62128421c4b4d71e8f1,NzkwOTczODkxMzQ4,**** **** 1348,6005522900,,BANDIPORA,Tulail,Zedgey,623,6812,2711,69.0
99402617322,1_623_6811_2783_005014,,Shameema Begum,,,41,Female,Owner,Marginal  Farmer(Farmer having land <1 Hectare),PENDING,,,false,,OPERATOR,dcc5c0a97794a1b30ebcb104ee726baa0230f466a56c199af3fecbbdddd8406e,Mjk0NDE2Njg0ODAz,**** **** 4803,9858723720,,BANDIPORA,Hajin,Vijipara,623,6811,2783,70.0
35433115757,1_623_42_2797_005044,,Ali Mohd Reshi,,,56,Male,Owner,Marginal  Farmer(Farmer having land <1 Hectare),PENDING,,,false,,OPERATOR,2996405ae2e50330f182413fcc3f0e1e74f8344b0de18a899151509e468459e4,MjU4OTY0MTUzMzc4,**** **** 3378,6005609536,,BANDIPORA,Sonawari,Hilalabad,623,42,2797,43.0
80394767619,1_623_42_2794_005050,,Gh Mohd Bhat,,,49,Male,Owner,Marginal  Farmer(Farmer having land <1 Hectare),PENDING,,,false,,OPERATOR,b94e873a34275ff9fc3f19b3317ba48bc8a752598bb1200df552d98aa4753566,MjU2OTMwOTU1NTQx,**** **** 5541,9596072824,,BANDIPORA,Sonawari,Asham,623,42,2794,61.0
65591983979,1_623_40_2708_005052,,Mohd Hussain Lone,,,66,Male,Owner,Marginal  Farmer(Farmer having land <1 Hectare),PENDING,,,false,,OPERATOR,6192aa5720f59df8a12647ec40828409b4a126b1fc694dd3b6c1f7d35a49f3c5,NTI1MzUzOTk4Mzgz,**** **** 8383,9103334994,,BANDIPORA,Gurez,Shah Pora - Achoora (Churwan),623,40,2708,23.0
14333528578,1_623_42_2794_005051,,Jamsheed Ahmad Mir,,,47,Male,Owner,Marginal  Farmer(Farmer having land <1 Hectare),PENDING,,,false,,OPERATOR,dd13e314403075c2036cf33e23f2fb69ba8442a0335972fc699f65af9ebdaba1,NDc0MjE2Mzg4NTg5,**** **** 8589,7889910270,,BANDIPORA,Sonawari,Asham,623,42,2794,66.0
99873140390,1_623_42_2794_005052,,MEHRAJ U DIN BHAT,,,37,Male,Owner,Marginal  Farmer(Farmer having land <1 Hectare),PENDING,,,false,,OPERATOR,012bd68eabc8c58b06619eb01b03eea6653d5007ea46bb3118c149d3feee0f66,MzUxMzUyMzY5MjY3,**** **** 9267,7889399290,,BANDIPORA,Sonawari,Asham,623,42,2794,71.0
46193515954,1_623_42_2797_005045,,GH RASOOL NAJAR,,,56,Male,Owner,Marginal  Farmer(Farmer having land <1 Hectare),PENDING,,,false,,OPERATOR,86fc01fe8c826aee407095521b65caf7f61595d47d5e050183ac4719c71d6953,ODMxNTYzMjUxMzU1,**** **** 1355,9541020880,,BANDIPORA,Sonawari,Hilalabad,623,42,2797,0.0
91489892158,1_623_6809_2744_005011,,Basit Ahmad Bhat,,,26,Male,Owner,Marginal  Farmer(Farmer having land <1 Hectare),PENDING,,,false,,OPERATOR,fcf8da6e4f6c302743907bbb1fcd3a07e337203acdfb0625109f52bf0163f61b,MjU1NTU4ODg5NTI1,**** **** 9525,7006745540,,BANDIPORA,Aloosa,Mangnipora,623,6809,2744,66.0
94415814698,1_623_6812_2716_005032,,Tariaq Ah Mir,,,29,Male,Owner,Marginal  Farmer(Farmer having land <1 Hectare),PENDING,,,false,,OPERATOR,8645fb3a3e5ee176064c2f8e94c2cf9d124ed59f4d8617844270666423cf1aab,MzY4NDAyMTEyNzA5,**** **** 2709,6006102680,,BANDIPORA,Tulail,Neeru,623,6812,2716,0.0
96649603334,1_623_6812_2724_005101,,Zooni Bagum,,,60,Female,Owner,Marginal  Farmer(Farmer having land <1 Hectare),PENDING,,,false,,OPERATOR,616771effc4b8957f8853b0416eaec1c4cfc11967ab09563f2622165b77a8507,NzU3ODg4OTM4ODAy,**** **** 8802,9320603687,,BANDIPORA,Tulail,Baduaab,623,6812,2724,45.0
46419952317,1_623_6812_2711_005015,,Abdul Rahim Khan,,,86,Male,Owner,Marginal  Farmer(Farmer having land <1 Hectare),PENDING,,,false,,OPERATOR,06f7d0a07a4e572666a9c83d4a435fe14845d30d103f1e5cdb6fddb114ff823d,MjA4MTkxODkxNTE1,**** **** 1515,7889309220,,BANDIPORA,Tulail,Zedgey,623,6812,2711,0.0
63256779925,1_623_42_2810_005013,,MOHD IBRAHIM BHAT,,,68,Male,Owner,Marginal  Farmer(Farmer having land <1 Hectare),PENDING,,,false,,OPERATOR,5ee0b7371ef6fc23a2abde41361340e329f6f30d55af6c36d8c63f18d9c590ed,NTcxNjMwMTg1NDk5,**** **** 5499,6006555619,,BANDIPORA,Sonawari,Odina,623,42,2810,0.0
80439365874,1_623_6811_2700_005015,,AB SALAM BHAT,,,81,Male,Owner,Marginal  Farmer(Farmer having land <1 Hectare),PENDING,,,false,,OPERATOR,9039b19620c848c81fe637cf41193644b45707f04e7c78aa34c5d7ac3bc50df3,NDAwNzU3NzE1NDc0,**** **** 5474,9596225041,,BANDIPORA,Hajin,Gulshanpora,623,6811,2700,23.0
51558472931,1_623_42_2812_005019,,Nazir Ahmad Kawa,,,56,Male,Owner,Marginal  Farmer(Farmer having land <1 Hectare),PENDING,,,false,,OPERATOR,44a418b1572260e0dc882295c7a69cdd9f9b119c0456d871c27cded2436f9165,Mzc0NTc0NDc2OTEz,**** **** 6913,9419654151,,BANDIPORA,Sonawari,Sarai Dangarpora,623,42,2812,46.0
26977942851,1_623_40_2708_005009,,Mohmmad Khalil Lone,,,72,Male,Owner,Marginal  Farmer(Farmer having land <1 Hectare),PENDING,,,false,,OPERATOR,411669278c72bdc7351736a5453b912bb95e88f80711e60123cba4b9a175ac8c,NzM0MDQ4NjE0NDgx,**** **** 4481,9797116440,,BANDIPORA,Gurez,Shah Pora - Achoora (Churwan),623,40,2708,53.0
99113321384,1_623_42_2797_005021,,Ab Rashid Reshi,,,62,Male,Owner,Marginal  Farmer(Farmer having land <1 Hectare),PENDING,,,false,,OPERATOR,36f04f6c58bf588e09461f38e2fba236b9fc57a536492ecf1fe1110f7cbf5d4f,NjIzMjk5ODA0MTMw,**** **** 4130,8899826566,,BANDIPORA,Sonawari,Hilalabad,623,42,2797,54.0
66906942512,1_623_42_2794_005025,,Riyaz Ahmad Khan,,,49,Male,Owner,Marginal  Farmer(Farmer having land <1 Hectare),PENDING,,,false,,OPERATOR,54e1afe1211581e62ac576b9296d26ddc5ec118337be89dbf94dc5b9d9d22281,NjE0NDI2Mzc1OTAw,**** **** 5900,7006217263,,BANDIPORA,Sonawari,Asham,623,42,2794,65.0
84612669728,1_623_42_2812_005020,,RAJA BEGUM,,,74,Female,Owner,Marginal  Farmer(Farmer having land <1 Hectare),PENDING,,,false,,OPERATOR,aeb710bb7db04f7e89a74a86027f4abb3e1067fd458c6dbd420e595190a7184e,NDc1MzIyODc1MTM1,**** **** 5135,7006903518,,BANDIPORA,Sonawari,Sarai Dangarpora,623,42,2812,25.0
68180915946,1_623_42_2812_005021,,Gh Mustafa Rather,,,61,Male,Owner,Marginal  Farmer(Farmer having land <1 Hectare),PENDING,,,false,,OPERATOR,d0eeb295488eb69ea7e2b2b6c439566a1dd777756c915e010a715fea125b89ae,OTc1NjI2MTEzMzgz,**** **** 3383,9419015836,,BANDIPORA,Sonawari,Sarai Dangarpora,623,42,2812,43.0
73504768132,1_623_6810_2777_005028,,Firdous Ahmad Mir,,,42,Male,Owner,Marginal  Farmer(Farmer having land <1 Hectare),PENDING,,,false,,OPERATOR,462971e8b1a5c7aae642070f46384d86b8a006b8b638b6e350a7e1e280f047ae,MjY5ODAxMDI4OTk1,**** **** 8995,9906735811,,BANDIPORA,Ajas,Ajas,623,6810,2777,0.0
91462653415,1_623_42_2794_005026,,Fayaz Ahmad Kaloo,,,46,Male,Owner,Marginal  Farmer(Farmer having land <1 Hectare),PENDING,,,false,,OPERATOR,fb1d9d7cd89391a895c81516b542982fb08d3c64baa48881fbc894b859c423aa,OTgzOTA1NzY1NTIz,**** **** 5523,7889465050,,BANDIPORA,Sonawari,Asham,623,42,2794,65.0
44930971674,1_623_6811_2778_005018,,Mohammad Akram Rather,,,71,Male,Owner,Marginal  Farmer(Farmer having land <1 Hectare),PENDING,,,false,,OPERATOR,46a61f05dfc508837d85b8acb3edfcc12a171e023df5569dde4db76ac6aef700,NTEzNTY5Mzk1NzQ5,**** **** 5749,9622427633,,BANDIPORA,Hajin,Gundi Saderkote,623,6811,2778,56.0
40953290364,1_623_6812_2716_005033,,Mohd Shafi Mir,,,45,Male,Owner,Marginal  Farmer(Farmer having land <1 Hectare),PENDING,,,false,,OPERATOR,74f91a2ab5eb44b4d7dffe38db8dbb5a9970142e1a08116e2a5d9b162d9690d1,NTc2Mzg3Nzc1MDYz,**** **** 5063,6005236632,,BANDIPORA,Tulail,Neeru,623,6812,2716,58.0
54052058863,1_623_40_2708_005010,,Abdul Rahim Lone,,,66,Male,Owner,Marginal  Farmer(Farmer having land <1 Hectare),PENDING,,,false,,OPERATOR,2a77d8227f3d01964d54658db966bc85020184abec141f106724995efe35f175,NTQwMzI3NjM2NzA2,**** **** 6706,7889744203,,BANDIPORA,Gurez,Shah Pora - Achoora (Churwan),623,40,2708,54.0
97602920983,1_623_6812_2724_005046,,Nnazam Din,,,33,Male,Owner,Marginal  Farmer(Farmer having land <1 Hectare),PENDING,,,false,,OPERATOR,f25a1c5a60ef3fe159d373e4276bea3e283dde5639b31dd76d5c06225b32daff,MjQ3NjI1NTUxMDc2,**** **** 1076,6006942453,,BANDIPORA,Tulail,Baduaab,623,6812,2724,67.0
21897084114,1_623_6811_2700_005033,,MANZOOR AH DAR,,,32,Male,Owner,Marginal  Farmer(Farmer having land <1 Hectare),PENDING,,,false,,OPERATOR,a9b9cf78e7f1f09f2ba3cd62a9240066524f01eb56b9bde7dade91bae1edc208,OTc2NzMyODcxOTM5,**** **** 1939,7006345894,,BANDIPORA,Hajin,Gulshanpora,623,6811,2700,0.0
32317514145,1_623_42_2809_005009,,Sehru Muneer,,,42,Female,Owner,Marginal  Farmer(Farmer having land <1 Hectare),PENDING,,,false,,OPERATOR,fa53e57e24ffa1c9e6170ba0729f7fa2c754ff83ea3e25f3446f17cae93f14fb,NTMyNzkzNjU5NTY5,**** **** 9569,6005792398,,BANDIPORA,Sonawari,Trigam,623,42,2809,28.0
49739002059,1_623_40_2708_005011,,Azizullah Lone,,,56,Male,Owner,Marginal  Farmer(Farmer having land <1 Hectare),PENDING,,,false,,OPERATOR,71b154a147ff0aa0a18660af51bbe82e94155ffe30a73d598bd91928757b0807,NjI1OTQxNTI5ODc2,**** **** 9876,9149791992,,BANDIPORA,Gurez,Shah Pora - Achoora (Churwan),623,40,2708,44.0
58230487985,1_623_6811_2783_005015,,Nazima Begum,,,36,Female,Owner,Marginal  Farmer(Farmer having land <1 Hectare),PENDING,,,false,,OPERATOR,e9de94f0c5e53cc738a9e546a8448e6409b8cecf5467baf333959fc7bc74ba8d,NDk0MTI5NTg4NjU1,**** **** 8655,8492825514,,BANDIPORA,Hajin,Vijipara,623,6811,2783,0.0
39298765731,1_623_42_2812_005023,,Gh. Hussain Rather,,,56,Male,Owner,Marginal  Farmer(Farmer having land <1 Hectare),PENDING,,,false,,OPERATOR,b6a7c296439c0b245e28be04224b5e565072153ac5e223801ed1d4f2d6101e4a,Njk1OTYxNDY0Nzgx,**** **** 4781,7006710069,,BANDIPORA,Sonawari,Sarai Dangarpora,623,42,2812,23.0
81923370754,1_623_42_2794_005029,,Farooq Ahmad Ganie,,,46,Male,Owner,Marginal  Farmer(Farmer having land <1 Hectare),PENDING,,,false,,OPERATOR,e7890f5f18e8ad21a70bbb7d7b69bc75cc8d56f45caa06ed9af9088a7830faf2,ODM1OTA1MjQ5OTc2,**** **** 9976,9596196199,,BANDIPORA,Sonawari,Asham,623,42,2794,65.0
38542707282,1_623_6812_2716_005034,,Ghulam Mohammad Mir,,,63,Male,Owner,Marginal  Farmer(Farmer having land <1 Hectare),PENDING,,,false,,OPERATOR,c5d30393c759225809a848542bd04e25847129c9a07c7f48a225dd788eaa6634,NTE2MjYxODE4NjQ3,**** **** 8647,6005030415,,BANDIPORA,Tulail,Neeru,623,6812,2716,46.0
57548612663,1_623_6811_2700_005030,,GH MOHD DAR,,,61,Male,Owner,Marginal  Farmer(Farmer having land <1 Hectare),PENDING,,,false,,OPERATOR,5e436c321a4beac1a4dbec3f9aafd510cf99394c3eb3c69bfcb55672ae8404bb,NTM0MDA0OTg3NTEw,**** **** 7510,9797225466,,BANDIPORA,Hajin,Gulshanpora,623,6811,2700,41.0
13425500456,1_623_6811_2778_005016,,Hajira Begum,,,96,Female,Owner,Marginal  Farmer(Farmer having land <1 Hectare),PENDING,,,false,,OPERATOR,4e04ad6055cb96db51df4c3511bcace814f30bd032f6fe8d38c2e098377e8969,NDQwNDQ3MzgxMTU3,**** **** 1157,7889942249,,BANDIPORA,Hajin,Gundi Saderkote,623,6811,2778,13.0
51353485974,1_623_42_2812_005024,,Gh Hassan Rather,,,81,Male,Owner,Marginal  Farmer(Farmer having land <1 Hectare),PENDING,,,false,,OPERATOR,a1fcfc69a1ec15d02a1a1a7489e66f7675cbbeabaa159e6d41e70075fb88ccf1,NDQ1NDIyMjg3NTMy,**** **** 7532,9103125157,,BANDIPORA,Sonawari,Sarai Dangarpora,623,42,2812,32.0
10429595751,1_623_42_2808_005017,,Muneer Ahmad Wagay,,,40,Male,Owner,Marginal  Farmer(Farmer having land <1 Hectare),PENDING,,,false,,OPERATOR,4676e60968b317f76f7e880cc26251a1b943ff7505610ad0e489aeb4ea83b35d,ODY1MzAwODIyNTc1,**** **** 2575,9622636318,,BANDIPORA,Sonawari,Gund i Khalil,623,42,2808,65.0
13099687862,1_623_40_2708_005012,,Jamid Ahmad Lone,,,44,Male,Owner,Marginal  Farmer(Farmer having land <1 Hectare),PENDING,,,false,,OPERATOR,282710f32619b65cb486febbbb420db1bb5ac640e50f76500a714742036b44d2,MzQ1MDMwNjkzNDg5,**** **** 3489,6006852527,,BANDIPORA,Gurez,Shah Pora - Achoora (Churwan),623,40,2708,55.0
36262189397,1_623_40_2708_005038,,Shamima Banoo,,,55,Female,Owner,Marginal  Farmer(Farmer having land <1 Hectare),PENDING,,,false,,OPERATOR,5f412a65185f802f9c4ac694156bf91a9d8d6c2032ee4fbe284956a8d2f471c2,NjQ4ODUxMDI5MzAy,**** **** 9302,7889513487,,BANDIPORA,Gurez,Shah Pora - Achoora (Churwan),623,40,2708,44.0
88649635130,1_623_6812_2724_005022,,Gh Mohammad Khan,,,55,Male,Owner,Marginal  Farmer(Farmer having land <1 Hectare),PENDING,,,false,,OPERATOR,753e77c70c5bd77da316e70390df4b9f30d31cde9f424970a96f5e896e6463c2,OTMxMzc0MzYzNjMy,**** **** 3632,9103032696,,BANDIPORA,Tulail,Baduaab,623,6812,2724,43.0
94556258311,1_623_6811_2783_005007,,MOHD ASHRAF PARAY,,,60,Male,Owner,Marginal  Farmer(Farmer having land <1 Hectare),PENDING,,,false,,OPERATOR,9ec749e15f311154b6890b33701d2de5992aaed2cb082ac9b2ea3bd593c91727,ODkxMjQ1MzM2NDE5,**** **** 6419,7889903119,,BANDIPORA,Hajin,Vijipara,623,6811,2783,53.0
83682288151,1_623_42_2797_005022,,MOHAMMAD RAFIQ AHANGER,,,39,Male,Owner,Marginal  Farmer(Farmer having land <1 Hectare),PENDING,,,false,,OPERATOR,2a16ade46b7c58bd78e60a0d8b4748630629021f09f160afe505bea55b446d89,NzkzNTE0NTIzNTI5,**** **** 3529,9858179995,,BANDIPORA,Sonawari,Hilalabad,623,42,2797,64.0
36241787868,1_623_42_2794_005027,,Abdul Rashid Ganai,,,63,Male,Owner,Marginal  Farmer(Farmer having land <1 Hectare),PENDING,,,false,,OPERATOR,b434d61a6105ecab8469ec7ab400bbe0a05dec047a5885c2e3e799f850978072,NjcyNTE3MzY3NDY0,**** **** 7464,6006561765,,BANDIPORA,Sonawari,Asham,623,42,2794,55.0
80016503553,1_623_6810_2777_005029,,Fayaz Ahmed Najar,,,55,Male,Owner,Marginal  Farmer(Farmer having land <1 Hectare),PENDING,,,false,,OPERATOR,ce7890df68ae6fa4c630aa37e1da082fdd020d221b3b8d3d7542392a9ba9798b,NDE1NzIxMzg0NTc3,**** **** 4577,9149407855,,BANDIPORA,Ajas,Ajas,623,6810,2777,0.0
87272114628,1_623_42_2812_005022,,Reyaz Ahmad Dar,,,44,Male,Owner,Marginal  Farmer(Farmer having land <1 Hectare),PENDING,,,false,,OPERATOR,ff80e5b74ca337f21584507ec37ab7e1869425db4fa90175c81466e5f987bf7a,NDM2MDcwMTU4NDMw,**** **** 8430,7889353563,,BANDIPORA,Sonawari,Sarai Dangarpora,623,42,2812,44.0
38421640276,1_623_42_2797_005023,,Sameer Ahmad Bhat,,,39,Male,Owner,Marginal  Farmer(Farmer having land <1 Hectare),PENDING,,,false,,OPERATOR,e0f82bdbb010fc8e8e371cb796196b5d288deea248372d94aed9fc8b3c804394,NzI5NzU5MjMyMjE5,**** **** 2219,7006825708,,BANDIPORA,Sonawari,Hilalabad,623,42,2797,23.0
42655180223,1_623_42_2794_005028,,Fayaz Ahmad Ganaie,,,41,Male,Owner,Marginal  Farmer(Farmer having land <1 Hectare),PENDING,,,false,,OPERATOR,79ed71e9758ae9e9253456707a44088c240ea411b94daa8fb160aeca4e400d47,NTgyMTkwMTcwMzU4,**** **** 0358,7006116440,,BANDIPORA,Sonawari,Asham,623,42,2794,64.0
26284746210,1_623_42_2794_005070,,Mohd Rafiq Kaloo,,,39,Male,Owner,Marginal  Farmer(Farmer having land <1 Hectare),PENDING,,,false,,OPERATOR,8043c86fd854197814f9f64205c0b49e2567ce73570a7b621a1f387101343ba5,MzYzODE2MjgwMDQ3,**** **** 0047,9906917011,,BANDIPORA,Sonawari,Asham,623,42,2794,62.0
55451098171,1_623_42_2810_005008,,Mohd Qazam Dar,,,56,Male,Owner,Marginal  Farmer(Farmer having land <1 Hectare),PENDING,,,false,,OPERATOR,e1c9d97fa80637462dd544c4caf3fd703707e4a0ba3951b1645701f255d88971,MzYyNjc3ODc3MDY2,**** **** 7066,7298930027,,BANDIPORA,Sonawari,Odina,623,42,2810,0.0
83336653610,1_623_40_2708_005046,,NASEEMA BAGUM,,,52,Female,Owner,Marginal  Farmer(Farmer having land <1 Hectare),PENDING,,,false,,OPERATOR,2a4a1149de9c25428535d1d727dfb922d2f1c68458a9a304b26bf7343def0e07,OTkxNTI0Mjc1MDY5,**** **** 5069,6005273300,,BANDIPORA,Gurez,Shah Pora - Achoora (Churwan),623,40,2708,34.0
74280497882,1_623_42_2797_005046,,Abdul Gani Ahanger,,,53,Male,Owner,Marginal  Farmer(Farmer having land <1 Hectare),PENDING,,,false,,OPERATOR,cf1d5f07ffbb34a64bf6c39c9efbdb35223274380ad1f23d44329124f6ee1cc0,OTYwMjc1OTUwMzMz,**** **** 0333,7006353682,,BANDIPORA,Sonawari,Hilalabad,623,42,2797,0.0
90229991888,1_623_42_2810_005025,,ALI MOHD BHAT,,,46,Male,Owner,Marginal  Farmer(Farmer having land <1 Hectare),PENDING,,,false,,OPERATOR,47c9f1737b7f0c779ff295fc0fd07c9a4be031d200f9f3e8cb2523f9dcc19a43,NjU3NDcyMzIxNjI5,**** **** 1629,7889488737,,BANDIPORA,Sonawari,Odina,623,42,2810,0.0
74121948087,1_623_6810_2777_005030,,Ghulam Hassan Ahangar,,,66,Male,Owner,Marginal  Farmer(Farmer having land <1 Hectare),APPROVED,,,false,,OPERATOR,c4331e37d07e1d32b47c672a33044e8806e819adcac90df4df491f4c3de847f7,NjAwNjcyNjI3MDY0,**** **** 7064,9541207635,,BANDIPORA,Ajas,Ajas,623,6810,2777,46.0
67038289784,1_623_40_2707_005030,,Mohammad Munawar Shangru,,,69,Male,Owner,Marginal  Farmer(Farmer having land <1 Hectare),PENDING,,,false,,OPERATOR,39904fc5e7d85bdb118a933ce744bd59376813c4f59de85d66f59aecc2f15a72,OTg1MTM1OTgzNDI4,**** **** 3428,7889847107,,BANDIPORA,Gurez,Markoot,623,40,2707,54.0
83401163400,1_623_6811_2700_005016,,GH HASSAN BHAT,,,42,Male,Owner,Marginal  Farmer(Farmer having land <1 Hectare),PENDING,,,false,,OPERATOR,abc442753ef68b315ffbe74589a4395eb5ab412d39bfe62d07c3f5700f617f62,NTgwNTg0NTY2ODIz,**** **** 6823,8082318793,,BANDIPORA,Hajin,Gulshanpora,623,6811,2700,43.0
14238838393,1_623_6812_2724_005024,,MOHD YOUSAF NAIK,,,64,Male,Owner,Marginal  Farmer(Farmer having land <1 Hectare),APPROVED,,,false,,OPERATOR,270479936b2999801df94401f68133c7413170377d1e905a8f746f364d131b52,NDg1NTUxMzUzMTcw,**** **** 3170,9103056196,,BANDIPORA,Tulail,Baduaab,623,6812,2724,36.0
78950775622,1_623_42_2809_005010,,Javeed Ahmad Parray,,,38,Male,Owner,Marginal  Farmer(Farmer having land <1 Hectare),PENDING,,,false,,OPERATOR,64ac14c8a66aac66960c586862283be15432ea42e2558b13390728d2c75cbb27,NjYzNzc4ODcwNjYz,**** **** 0663,9906045864,,BANDIPORA,Sonawari,Trigam,623,42,2809,33.0
16545069571,1_623_6811_2778_005023,,Ishfaq Abdullah Rather,,,34,Male,Owner,Marginal  Farmer(Farmer having land <1 Hectare),PENDING,,,false,,OPERATOR,b5179401c960aeece1cf684728e4d118ba9fdbcdb93be2556bf090071e172c61,OTcxNjA4MDM2MDUz,**** **** 6053,7889516650,,BANDIPORA,Hajin,Gundi Saderkote,623,6811,2778,35.0
76960110066,1_623_6812_2724_005049,,Shams Ud Din Lone,,,57,Male,Owner,Marginal  Farmer(Farmer having land <1 Hectare),PENDING,,,false,,OPERATOR,e4168c02a56159a7928a59590e733fa62a75b1b939b1f5ea3312ef1fe7c23c93,NTI2NDQzOTQ0MTU4,**** **** 4158,6006969442,,BANDIPORA,Tulail,Baduaab,623,6812,2724,61.0
55264272851,1_623_40_2708_005033,,Altaf Hussain Lone,,,42,Male,Owner,Marginal  Farmer(Farmer having land <1 Hectare),PENDING,,,false,,OPERATOR,487e1b507ca7114c56d97b5f57ce47f6406d1e26bef4a62ae791da36f53b7213,ODg4MjIzNTMxOTc4,**** **** 1978,9596949729,,BANDIPORA,Gurez,Shah Pora - Achoora (Churwan),623,40,2708,61.0
31936018260,1_623_6812_2716_005045,,AB QUYOOM MIR,,,54,Male,Owner,Marginal  Farmer(Farmer having land <1 Hectare),PENDING,,,false,,OPERATOR,d2fa7b0914a3168965233ff9c217f28a98488f0352851653f9badc9b8f6d1fd9,NDc1NTMxMjczMTU3,**** **** 3157,7889487151,,BANDIPORA,Tulail,Neeru,623,6812,2716,42.0
62659926542,1_623_6811_2783_005016,,Qurat Ul Ain,,,32,Female,Owner,Marginal  Farmer(Farmer having land <1 Hectare),PENDING,,,false,,OPERATOR,1e2720755d6fc1599c81f758b14f5d050cbfbbb95d44a3337277770822d09914,ODEwNTQ0MTcyNjAz,**** **** 2603,7889664381,,BANDIPORA,Hajin,Vijipara,623,6811,2783,0.0
51444889030,1_623_40_2708_005034,,Hajra Bagum,,,70,Female,Owner,Marginal  Farmer(Farmer having land <1 Hectare),PENDING,,,false,,OPERATOR,4ee201650486257fb318c179ad6ee9f0f87a07294e78c15f3fdcfc1fb8099117,MzE1MzQ2ODQxNTIw,**** **** 1520,7780814384,,BANDIPORA,Gurez,Shah Pora - Achoora (Churwan),623,40,2708,57.0
32999819248,1_623_6811_2783_005017,,Gh Nabi Parray,,,81,Male,Owner,Marginal  Farmer(Farmer having land <1 Hectare),PENDING,,,false,,OPERATOR,ffb987ec6db01189da3010508f62231de72bad27ffa229f1e4ec17af6c1da220,NzU1ODEzNjM5NDkz,**** **** 9493,9622568558,,BANDIPORA,Hajin,Vijipara,623,6811,2783,0.0
22260447640,1_623_6812_2724_005059,,Dilshada Begum,,,51,Female,Owner,Marginal  Farmer(Farmer having land <1 Hectare),PENDING,,,false,,OPERATOR,58c4f149a974de3028dda6e8a7e36c58bfad86bb2b4899add9d23a0c3c97f9fe,NTMwNjk3NTI5ODk4,**** **** 9898,9103069415,,BANDIPORA,Tulail,Baduaab,623,6812,2724,50.0
71257942781,1_623_6809_2744_005013,,Asif Iqbal Wani,,,46,Male,Owner,Marginal  Farmer(Farmer having land <1 Hectare),PENDING,,,false,,OPERATOR,950a0e13b07cfd6a55c24d86d9859fcedeb0b7ff26ba02969646ae0fcd51fae1,NTkwNzc0MDc4MzQ1,**** **** 8345,9596002155,,BANDIPORA,Aloosa,Mangnipora,623,6809,2744,65.0
28555014184,1_623_40_2707_005056,,MOHD IQBAL SHEIKH,,,48,Male,Owner,Marginal  Farmer(Farmer having land <1 Hectare),PENDING,,,false,,OPERATOR,9dedd3f4daffbbcef560b692c3696dac85b31a138d28935710b402a3d5c8bd1f,MzMzODAyNzE0MDY4,**** **** 4068,9469764004,,BANDIPORA,Gurez,Markoot,623,40,2707,53.0
40814578636,1_623_42_2797_005024,,Mohmad Yaseen Bhat,,,34,Male,Owner,Marginal  Farmer(Farmer having land <1 Hectare),PENDING,,,false,,OPERATOR,de1b4f6ddff8395a0edfb472b2a6e59d2fa4a79421991e805b7d76d150a2dee4,OTYxMTQ0MzE2MTI0,**** **** 6124,9906006309,,BANDIPORA,Sonawari,Hilalabad,623,42,2797,55.0
62700309720,1_623_42_2812_005025,,ASAD ULLAH RATHER,,,61,Male,Owner,Marginal  Farmer(Farmer having land <1 Hectare),PENDING,,,false,,OPERATOR,8a2750340506d18d11ea0d9948f030b4605783d6f5375dcf17fbee42b6ca7abb,MzEyMjU5MzAxMjk4,**** **** 1298,7006192874,,BANDIPORA,Sonawari,Sarai Dangarpora,623,42,2812,32.0
47836915676,1_623_41_936281_005000,,MOHAMMAD YOUSUF SHEIKH,,,59,Male,Owner,Marginal  Farmer(Farmer having land <1 Hectare),PENDING,,,false,,OPERATOR,d4f597394e7766903f08b44d8447df1a827841017b37c7ac0b5cfb2c128012f8,NDA4MTAyMDAzNjA5,**** **** 3609,9797775733,,BANDIPORA,Bandipora,Nass,623,41,936281,66.0
82908886684,1_623_6811_2778_005007,,Abdul Hamid Rather,,,56,Male,Owner,Marginal  Farmer(Farmer having land <1 Hectare),PENDING,,,false,,OPERATOR,a62b65eefab5d13c7f8ab6f7fdb9c00b9a806bc3405668330ab292430354b36d,OTcwMzEwOTM2MzMz,**** **** 6333,7298715673,,BANDIPORA,Hajin,Gundi Saderkote,623,6811,2778,59.0
67249182327,1_623_6812_2716_005028,,BAKTHAWER MIR,,,54,Male,Owner,Marginal  Farmer(Farmer having land <1 Hectare),APPROVED,,,false,,OPERATOR,3bd7e2bcf259f72346633ba831c23860e02993cf1d9c534957252dba0b1c4389,NzYzMzYwODEwMjU3,**** **** 0257,7006676983,,BANDIPORA,Tulail,Neeru,623,6812,2716,34.0
74005673397,1_623_6811_2778_005017,,MOHD ASADULLAH RATHER,,,56,Male,Owner,Marginal  Farmer(Farmer having land <1 Hectare),PENDING,,,false,,OPERATOR,eb7365308663bbc22ac0b4d6648c9b4dffba7eba947dbba216b2d103131a0c00,ODU3ODg4NDE5ODY1,**** **** 9865,8803949584,,BANDIPORA,Hajin,Gundi Saderkote,623,6811,2778,32.0
19953179971,1_623_40_2708_005013,,Mohd Ashraf Khan,,,58,Male,Owner,Marginal  Farmer(Farmer having land <1 Hectare),PENDING,,,false,,OPERATOR,44dfa0db1621a352972dff7630d77358200f0f5cda8b973463a10f85e272a3ca,NDI0MDA3ODMwMTU0,**** **** 0154,8899943158,,BANDIPORA,Gurez,Shah Pora - Achoora (Churwan),623,40,2708,56.0
20314792363,1_623_6811_2700_005032,,Mudasir Ahmad Malla,,,37,Male,Owner,Marginal  Farmer(Farmer having land <1 Hectare),PENDING,,,false,,OPERATOR,34098ee48551dfd06c86c3e6ac46121a5ad3698cc3ed0199d3212ae0131391a9,Mjg5ODEwNjIxNzA1,**** **** 1705,7006744399,,BANDIPORA,Hajin,Gulshanpora,623,6811,2700,66.0
24164139184,1_623_40_2707_005029,,Gh Ahmed Akhoon,,,59,Male,Owner,Marginal  Farmer(Farmer having land <1 Hectare),PENDING,,,false,,OPERATOR,493d41b4355ed44d73cdc8de3317518c67ebf401e93d1d6b6e84045e7a382513,MzkzMDYzNDU1Mjk2,**** **** 5296,7006770689,,BANDIPORA,Gurez,Markoot,623,40,2707,61.0
79333768252,1_623_42_2794_005053,,Lateef Ur Rahman,,,45,Male,Owner,Marginal  Farmer(Farmer having land <1 Hectare),APPROVED,,,false,,OPERATOR,a19a586673ef7bb9ff8ca16ba3494e30febfa164f3823a86bb5a337314100a9d,OTEzMDU5NDEwODI1,**** **** 0825,9596381231,,BANDIPORA,Sonawari,Asham,623,42,2794,88.0
51927323235,1_623_6812_2724_005025,,Mukhtar Ahmad Lone,,,42,Male,Owner,Marginal  Farmer(Farmer having land <1 Hectare),PENDING,,,false,,OPERATOR,a80c04928e8130d51298c9dfae81586bf78fab3bc2a66e26f6a9234e6078bcfd,Njc2MzIwMzM3MDQ1,**** **** 7045,7780904064,,BANDIPORA,Tulail,Baduaab,623,6812,2724,40.0
17587127192,1_623_6812_2724_005047,,Sirajudian Khan,,,43,Male,Owner,Marginal  Farmer(Farmer having land <1 Hectare),PENDING,,,false,,OPERATOR,5a3a95e32ab046bf3fb77acb90803b3bf2d59e501c45202a14112351a9013432,NDg4Nzk4MjA3NzE3,**** **** 7717,6006982778,,BANDIPORA,Tulail,Baduaab,623,6812,2724,0.0
87515121518,1_623_40_2708_005020,,Faizul Waheed Khan,,,25,Male,Owner,Marginal  Farmer(Farmer having land <1 Hectare),PENDING,,,false,,OPERATOR,5806212afc42186143336a6b5c10b11514b806a7eb0cc2341bfae75859bb830d,OTk1MzE5MTA0NTEw,**** **** 4510,6006204261,,BANDIPORA,Gurez,Shah Pora - Achoora (Churwan),623,40,2708,33.0
55167274176,1_623_6812_2716_005027,,Ghulam Ahmad Mir,,,60,Male,Owner,Marginal  Farmer(Farmer having land <1 Hectare),PENDING,,,false,,OPERATOR,3f0fec9deb12a6bc4dedc411999437d3af6c3efb4c482f921b8a5d0f2ca614c8,OTU5NDYwNDM4NTE2,**** **** 8516,6006102680,,BANDIPORA,Tulail,Neeru,623,6812,2716,0.0
23582454214,1_623_42_2797_005047,,Ab Rashid Bhat,,,58,Male,Owner,Marginal  Farmer(Farmer having land <1 Hectare),PENDING,,,false,,OPERATOR,4cce71b2093a33fb93903745ddf037eb8c31772e974f7869938ed2235aba37f3,MjUzNjcwODQ0Nzk4,**** **** 4798,9858352008,,BANDIPORA,Sonawari,Hilalabad,623,42,2797,44.0
43893738161,1_623_6812_2724_005070,,Mohammad Afzal Mapnoo,,,64,Male,Owner,Marginal  Farmer(Farmer having land <1 Hectare),PENDING,,,false,,OPERATOR,2a2eed307c06c9c9e7241c7d79e699a5b54fafc1d10cafa4eced86d81269b3d8,OTE0Njk3NDE1NDE3,**** **** 5417,8803577238,,BANDIPORA,Tulail,Baduaab,623,6812,2724,0.0
11440388485,1_623_6812_2724_005051,,Manzoor Ahmad Lone,,,54,Male,Owner,Marginal  Farmer(Farmer having land <1 Hectare),PENDING,,,false,,OPERATOR,6d581802856079effceeb9037488b7c696f40c60fd103a4a0ac3d17981bfdb45,NzM0MjI0MTUwNzk3,**** **** 0797,7780848823,,BANDIPORA,Tulail,Baduaab,623,6812,2724,56.0
92078481903,1_623_6812_2724_005038,,HAIDER KHAN,,,55,Male,Owner,Marginal  Farmer(Farmer having land <1 Hectare),APPROVED,,,false,,OPERATOR,d04299e734c2f18eff1da29e55587c3388a792927a91caae28bb2c276519cb6d,Njk1NjEyNjgzNjkz,**** **** 3693,6006937919,,BANDIPORA,Tulail,Baduaab,623,6812,2724,35.0
30143682915,1_623_6812_2724_005061,,MOHD AFZAL KHAN,,,52,Male,Owner,Marginal  Farmer(Farmer having land <1 Hectare),APPROVED,,,false,,OPERATOR,2067245672f72a3a556cf9d01a53572d47603b171f0935bf181482162aa0709f,MjY1NjUxOTc3OTcy,**** **** 7972,7889354547,,BANDIPORA,Tulail,Baduaab,623,6812,2724,43.0
70519921182,1_623_42_2810_005022,,Ghulam Rasool Mir,,,43,Male,Owner,Marginal  Farmer(Farmer having land <1 Hectare),PENDING,,,false,,OPERATOR,cf7b43eebf610c0cd00db3d8dd8530f5c365d22d2fa0c4a47c7597436b6221b8,OTUxMzMyNDgyODA3,**** **** 2807,9906124355,,BANDIPORA,Sonawari,Odina,623,42,2810,56.0
36108878216,1_623_40_2708_005024,,HAJEERA BAGUM,,,61,Female,Owner,Marginal  Farmer(Farmer having land <1 Hectare),PENDING,,,false,,OPERATOR,d6914465278f407cb3afc235b5502f74dff38ba99f4adf2625c8b2097e49d58e,NjA1NzI2MzAxNzk1,**** **** 1795,9469138923,,BANDIPORA,Gurez,Shah Pora - Achoora (Churwan),623,40,2708,50.0
21817020466,1_623_42_2800_005003,,Zahoor Ahmad Dar,,,53,Male,Owner,Marginal  Farmer(Farmer having land <1 Hectare),PENDING,,,false,,OPERATOR,eebaf49e67d3415754b2b883bad2938de91bfdebe2beb564137313d3e7acdbcb,NzcwMTgxNjE0NjI4,**** **** 4628,9541691817,,BANDIPORA,Sonawari,Rakh Shilvat,623,42,2800,66.0
11526503193,1_623_42_2794_005054,,Ghulam Rasool Khan,,,57,Male,Owner,Small Farmer (Farmer having Land >=1 & <2 Hectare),PENDING,,,false,,OPERATOR,8b45b1313b37cb82a68a1d18cb508ae638342bc45f5ae43651ac44f3a3e9134e,MjQxODI2ODE5NTky,**** **** 9592,9149940701,,BANDIPORA,Sonawari,Asham,623,42,2794,46.0
55147342243,1_623_6812_2724_005028,,Gh Nabi Khan,,,43,Male,Owner,Marginal  Farmer(Farmer having land <1 Hectare),PENDING,,,false,,OPERATOR,4674e73c311d3acfc65a63e38817d26a4fff8557c7b83bba00f1d287d2b1b587,OTAxMTAzNzcwNzY2,**** **** 0766,9149895346,,BANDIPORA,Tulail,Baduaab,623,6812,2724,0.0
87378250390,1_623_40_2707_005032,,Mohd Yaqub Sheikh,,,37,Male,Owner,Marginal  Farmer(Farmer having land <1 Hectare),PENDING,,,false,,OPERATOR,cb2dda70cc964ebb188fea3a9a8ecf2aba687188fc43c1886b826a30d84b7285,NzI3OTM0NDQwNzAw,**** **** 0700,7006825140,,BANDIPORA,Gurez,Markoot,623,40,2707,52.0
17163658518,1_623_6812_2716_005035,,Bashir Ah Mir,,,74,Male,Owner,Marginal  Farmer(Farmer having land <1 Hectare),PENDING,,,false,,OPERATOR,e6a4bbfbbc38a9ca1e311774293f9b213ea8a1d238ce97f653d92a0387519b34,NTYzOTIxMDM4Njk4,**** **** 8698,9469737443,,BANDIPORA,Tulail,Neeru,623,6812,2716,23.0
29599962650,1_623_42_2794_005030,,Ghulam Hassan Koul,,,61,Male,Owner,Marginal  Farmer(Farmer having land <1 Hectare),PENDING,,,false,,OPERATOR,aa06b13248e6ae3209059ce6498c5cd0d2d6bb706d00014ff10a5138d52b3579,NDY1NTgyOTQ1MjEz,**** **** 5213,9622540639,,BANDIPORA,Sonawari,Asham,623,42,2794,46.0
89073387295,1_623_6812_2724_005045,,MOHD AFZAL LONE,,,48,Male,Owner,Marginal  Farmer(Farmer having land <1 Hectare),APPROVED,,,false,,OPERATOR,517bb40cfcf4854970f8c6edbfa31fa797a69a5d41409e7fec055ba8371b2d76,Njg2MzQxODQzODEz,**** **** 3813,6006296272,,BANDIPORA,Tulail,Baduaab,623,6812,2724,43.0
24736759118,1_623_42_2797_005026,,Shabir Ahmad Bhat,,,35,Male,Owner,Marginal  Farmer(Farmer having land <1 Hectare),PENDING,,,false,,OPERATOR,6a765404fbe831da5b7960fbc98fc8955a8f93ba0691944f04f6d57cd0aad9b8,MzI3NDYzNjQ5OTg1,**** **** 9985,9596304121,,BANDIPORA,Sonawari,Hilalabad,623,42,2797,46.0
94377581984,1_623_42_2797_005025,,Mohammad Zahid Reshi,,,30,Male,Owner,Marginal  Farmer(Farmer having land <1 Hectare),PENDING,,,false,,OPERATOR,92e9686c107c7ee86afbabff2b7fa98aedcbeb77bd990947361baa459fa1990e,NTg1Nzk1ODAyMjky,**** **** 2292,6005655299,,BANDIPORA,Sonawari,Hilalabad,623,42,2797,46.0
75143147923,1_623_42_2794_005031,,Ali Mohd Ganaie,,,78,Male,Owner,Marginal  Farmer(Farmer having land <1 Hectare),PENDING,,,false,,OPERATOR,dc6a142b6e67523a4dee1a8ba4440a60d294e737b6755c19bbecc993aaccc2cb,NTI0NzAwNzAwNjYx,**** **** 0661,9906833032,,BANDIPORA,Sonawari,Asham,623,42,2794,63.0
37851720847,1_623_6810_2777_005031,,Ghulam Nabi Gojar Matravi,,,67,Male,Owner,Marginal  Farmer(Farmer having land <1 Hectare),PENDING,,,false,,OPERATOR,c608ddfc16dcc2c1c58490435ffac3eb5c3539a0fe9f5e178ffaab261a0fd63c,NDc4ODE5MzQ2ODU5,**** **** 6859,8899050364,,BANDIPORA,Ajas,Ajas,623,6810,2777,0.0
52571422608,1_623_42_2809_005004,,Ghulam Mohammad Bhat,,,71,Male,Owner,Marginal  Farmer(Farmer having land <1 Hectare),PENDING,,,false,,OPERATOR,5de9a7147dfb5346f76d03dbfde14d3233ff10e719f997fc229475ceae9b62f8,NjM1Mzc4ODQwNTM0,**** **** 0534,9697497610,,BANDIPORA,Sonawari,Trigam,623,42,2809,47.0
11238517399,1_623_42_2810_005015,,Nisar Ahmad Mir,,,48,Male,Owner,Marginal  Farmer(Farmer having land <1 Hectare),PENDING,,,false,,OPERATOR,9df2b579651be4ba1f6d69ff716ae78eb82f2bc3233c08d60d8fb0e5e100ded5,ODA0ODQ2NDgzNTE1,**** **** 3515,9541516983,,BANDIPORA,Sonawari,Odina,623,42,2810,56.0
49747443368,1_623_6812_2716_005024,,JUMMA WANI,,,71,Male,Owner,Marginal  Farmer(Farmer having land <1 Hectare),APPROVED,,,false,,OPERATOR,4fa1b8ea6b0b38d54f46befd6cc30f81c0fc815a38ed3125f14077f59fcb7ded,NDYyOTE4NDYyMDM3,**** **** 2037,7006996034,,BANDIPORA,Tulail,Neeru,623,6812,2716,34.0
88301008727,1_623_6812_2716_005023,,Mohammad Munawar Wani,,,73,Male,Owner,Marginal  Farmer(Farmer having land <1 Hectare),APPROVED,,,false,,OPERATOR,f8eb480a229b0511536215dcb0a197503cbee614c8655b0a184549cf389d3395,NjA0MjYxODc5NjQ2,**** **** 9646,7006996034,,BANDIPORA,Tulail,Neeru,623,6812,2716,37.0
92764306589,1_623_6812_2716_005029,,ALI MIR,,,61,Male,Owner,Marginal  Farmer(Farmer having land <1 Hectare),APPROVED,,,false,,OPERATOR,a8eba599ae40e0fbeeacfe31aaae4422dfa6e6ff9fcf07153a9edbd35b9c75cf,NDI3NDk1MzQ1NDQ3,**** **** 5447,7006676983,,BANDIPORA,Tulail,Neeru,623,6812,2716,28.0
15825564016,1_623_42_2809_005011,,Abdul Aziz Parray,,,41,Male,Owner,Marginal  Farmer(Farmer having land <1 Hectare),PENDING,,,false,,OPERATOR,6b2f5fe1dd24a67b71e0a06a80ef68528194fab84d65a439b7ae6373bc6e2448,MzM4NTA2MDE3NzQ0,**** **** 7744,9906470589,,BANDIPORA,Sonawari,Trigam,623,42,2809,56.0
81691565803,1_623_6812_2716_005026,,Ghulam Mir,,,65,Male,Owner,Marginal  Farmer(Farmer having land <1 Hectare),APPROVED,,,false,,OPERATOR,3a1a064db9b4d6ab094cf9e4618441d5e903e529b5e64996490abfd5f71d6113,NzM3MTUzODEwNTEz,**** **** 0513,9149421272,,BANDIPORA,Tulail,Neeru,623,6812,2716,34.0
64111663469,1_623_42_2810_005018,,Zainab Begum,,,43,Female,Owner,Marginal  Farmer(Farmer having land <1 Hectare),PENDING,,,false,,OPERATOR,8d08c11935f4c5902d88f027d7f6e8788c02bc06a17028b66511465db34bb47f,Mjg3MzE4Mjg2NTA5,**** **** 6509,7298441951,,BANDIPORA,Sonawari,Odina,623,42,2810,54.0
54359568652,1_623_6812_2716_005025,,MUSHTAQ AHMAD MIR,,,39,Male,Owner,Marginal  Farmer(Farmer having land <1 Hectare),APPROVED,,,false,,OPERATOR,617424228b2b7be131d9d48ff4f0d89a48d36dda54100b1f0fc48f6eca966b33,NzYyNTU0OTEzOTQz,**** **** 3943,6006107707,,BANDIPORA,Tulail,Neeru,623,6812,2716,61.0
66272962571,1_623_40_2707_005015,,Mohd Anwer Lone,,,71,Male,Owner,Marginal  Farmer(Farmer having land <1 Hectare),PENDING,,,false,,OPERATOR,19f34790dc93f1f0fbe0d4e1a650deafbec0391ec04e5f801a353afd30332fd5,MzE0NTc1NjI3MjI0,**** **** 7224,6005014378,,BANDIPORA,Gurez,Markoot,623,40,2707,25.0
85085423920,1_623_6812_2716_005015,,AB GANI MIR,,,58,Male,Owner,Marginal  Farmer(Farmer having land <1 Hectare),APPROVED,,,false,,OPERATOR,6efc02feee7157bc0e3e113b19945b3084533469ee8ef16c9b476eb2ef2860a0,NTUxNDc3MjY5NjE4,**** **** 9618,9149508294,,BANDIPORA,Tulail,Neeru,623,6812,2716,44.0
12293503259,1_623_6812_2724_005060,,Mohidin Khan,,,45,Male,Owner,Marginal  Farmer(Farmer having land <1 Hectare),PENDING,,,false,,OPERATOR,3a649ade3b09c51e6e37545d20a174cf0dc48f1610d703c96d9002c072a1f0af,NDUwMTg3NzI3NTI5,**** **** 7529,9149559129,,BANDIPORA,Tulail,Baduaab,623,6812,2724,61.0
32961600125,1_623_6809_2744_005014,,ARIF IQBAL WANI,,,43,Male,Owner,Marginal  Farmer(Farmer having land <1 Hectare),PENDING,,,false,,OPERATOR,239bf0ea7804d6816aaf6e8e44f963afd2c3e939dde34d848c4cb15832367d4f,OTkzMDc3MjYyNDQ3,**** **** 2447,8825015737,,BANDIPORA,Aloosa,Mangnipora,623,6809,2744,65.0
59054955316,1_623_40_2708_005035,,Irfan Mohmad Khan,,,38,Male,Owner,Marginal  Farmer(Farmer having land <1 Hectare),PENDING,,,false,,OPERATOR,b023bbfc16c6fb748ea79fad6df2ac6b0a734132999d1572337bbcdfd86fae41,NjUyMTM4NTUzMjY1,**** **** 3265,7889319689,,BANDIPORA,Gurez,Shah Pora - Achoora (Churwan),623,40,2708,43.0
47025077161,1_623_42_2808_005013,,ARIFA BANO,,,33,Female,Owner,Marginal  Farmer(Farmer having land <1 Hectare),PENDING,,,false,,OPERATOR,ee77382019e3f807bd094f3e21e1f3ab890bfae777fee3d480ecaedb7254d486,NjYxNjIyMDQzOTMx,**** **** 3931,7006893043,,BANDIPORA,Sonawari,Gund i Khalil,623,42,2808,50.0
36859695864,1_623_42_2810_005024,,MOHD YOUSUF BHAT,,,61,Male,Owner,Marginal  Farmer(Farmer having land <1 Hectare),PENDING,,,false,,OPERATOR,318d3852834385d83f2eba5f5b656a13c33d444ed1498cf549e80cf978a2ebc7,OTExMjM4MDM5NTI3,**** **** 9527,7889307935,,BANDIPORA,Sonawari,Odina,623,42,2810,43.0
85390178397,1_623_42_2794_005034,,MOHD AKBAR PARRAY,,,61,Male,Owner,Marginal  Farmer(Farmer having land <1 Hectare),PENDING,,,false,,OPERATOR,9bf045c736a6e1a74949ba2c8d02ce0c074dd061792695e302418686564644f1,ODQ2NzczMjg2NTk3,**** **** 6597,9596121652,,BANDIPORA,Sonawari,Asham,623,42,2794,53.0
96534598937,1_623_40_2708_005072,,Zaibullah Lone,,,72,Male,Owner,Marginal  Farmer(Farmer having land <1 Hectare),PENDING,,,false,,OPERATOR,fca3ea3cd9eb5eee92cf56c732d2a29211c404dc8f322ce76ad5c4f28f9e4d81,NDIxNDk4NDczODA4,**** **** 3808,6006693266,,BANDIPORA,Gurez,Shah Pora - Achoora (Churwan),623,40,2708,55.0
15410456897,1_623_6812_2724_005103,,Ab Rasheed Khan,,,55,Male,Owner,Marginal  Farmer(Farmer having land <1 Hectare),PENDING,,,false,,OPERATOR,80989b1636a5c9fdcb144af8d941c05c834f82ef6cf543376d5ab00a5c32585a,ODUzNjI5NjcxNjY2,**** **** 1666,6006950578,,BANDIPORA,Tulail,Baduaab,623,6812,2724,0.0
48602923330,1_623_6812_2724_005127,,Abdul Kabir Naik,,,54,Male,Owner,Marginal  Farmer(Farmer having land <1 Hectare),PENDING,,,false,,OPERATOR,fcd0b4b238d15852cfd535ef331e6ad9c17d78b63a996a18d34ecd31b859573a,NjkxNzcyNzg0MTU4,**** **** 4158,9682558662,,BANDIPORA,Tulail,Baduaab,623,6812,2724,0.0
89440192072,1_623_6812_2724_005053,,Mohammad Habib Khan,,,75,Male,Owner,Marginal  Farmer(Farmer having land <1 Hectare),PENDING,,,false,,OPERATOR,341c9457eae181e2d2783da06d0733e4cc45e364aeb9f399e9ee4c01e9f5af1e,NzY5MDkzMjIxMjI2,**** **** 1226,6005709278,,BANDIPORA,Tulail,Baduaab,623,6812,2724,23.0
66111222892,1_623_42_2809_005005,,Manzoor Ahmad Bhat,,,48,Male,Owner,Marginal  Farmer(Farmer having land <1 Hectare),PENDING,,,false,,OPERATOR,ea641ced630993c31401f4a389dd1b7ab486a077f2999ce3849b0ac8bd9cc04b,OTI4OTgwNzExNjM0,**** **** 1634,9906809031,,BANDIPORA,Sonawari,Trigam,623,42,2809,17.0
73963504406,1_623_42_2800_005004,,Taja Begum,,,76,Female,Owner,Marginal  Farmer(Farmer having land <1 Hectare),PENDING,,,false,,OPERATOR,ca0991115c3de7787746611a4ec06ebdda8f371d7de209df5e0ea28d0b3cf06b,NjM0NzIzNTg4MDI1,**** **** 8025,7889409431,,BANDIPORA,Sonawari,Rakh Shilvat,623,42,2800,25.0
85997358134,1_623_42_2810_005023,,GH HYDER BHAT,,,43,Male,Owner,Marginal  Farmer(Farmer having land <1 Hectare),PENDING,,,false,,OPERATOR,3976237a25fbecaadbdfbbd62b64261145285e9a6d65456c37177e9e57a2ab2b,MzczMDM3NzQ0MDgy,**** **** 4082,9858432262,,BANDIPORA,Sonawari,Odina,623,42,2810,0.0
99194828814,1_623_6811_2700_005018,,Abdul Hamid Dar,,,51,Male,Owner,Marginal  Farmer(Farmer having land <1 Hectare),PENDING,,,false,,OPERATOR,fdb7c5f51205904595b7b8e9f16f559614b3d05ee7e492070fd200852df50397,NzMxOTA4OTgxNDg0,**** **** 1484,6006907994,,BANDIPORA,Hajin,Gulshanpora,623,6811,2700,56.0
39305611006,1_623_6811_2778_005021,,Zahid Ahmad Rather,,,30,Male,Owner,Marginal  Farmer(Farmer having land <1 Hectare),PENDING,,,false,,OPERATOR,16f6facfda7312180fb031953bdee6f1a2cd49d64f20935c173652c84efc2199,OTY4Mjk0MTA1MTc5,**** **** 5179,6005474977,,BANDIPORA,Hajin,Gundi Saderkote,623,6811,2778,0.0
69925009408,1_623_40_2707_005034,,Jamil Ahmad Akhoon,,,47,Male,Owner,Marginal  Farmer(Farmer having land <1 Hectare),PENDING,,,false,,OPERATOR,cbabe497d29f3397b5de2b926b095e22716bfc8d246c024735a52f0485f1d97c,MzQyNDI2MjYzNTE3,**** **** 3517,7889809917,,BANDIPORA,Gurez,Markoot,623,40,2707,41.0
76078016229,1_623_42_2810_005019,,Mohd Alim Bhat,,,71,Male,Owner,Marginal  Farmer(Farmer having land <1 Hectare),PENDING,,,false,,OPERATOR,fcb743c2d2c60b01abe40c82cde1c69424c90d74ff57379e2e0250b3723799aa,NTcyOTUwNjkxNDkw,**** **** 1490,7298441951,,BANDIPORA,Sonawari,Odina,623,42,2810,23.0
41743495016,1_623_42_2797_005027,,Farooz Ahmad Wagay,,,42,Male,Owner,Marginal  Farmer(Farmer having land <1 Hectare),PENDING,,,false,,OPERATOR,495806173bdac51d76819edbb6cb8e236850d1b553cb4e4d60c2897f584e3ad8,MjA4MzI4MjQ0NTAx,**** **** 4501,7006511376,,BANDIPORA,Sonawari,Hilalabad,623,42,2797,64.0
60935370362,1_623_42_2797_005028,,Shabir Ahmad Bhat,,,38,Male,Owner,Marginal  Farmer(Farmer having land <1 Hectare),PENDING,,,false,,OPERATOR,89acf30f435b6974a160887db533732433eed49e94351bd0d980433d6d46358a,NjM0MzE2MDMzNTc1,**** **** 3575,7889445205,,BANDIPORA,Sonawari,Hilalabad,623,42,2797,46.0
84074862370,1_623_42_2797_005029,,Bilal Ahmad Ahangar,,,37,Male,Owner,Marginal  Farmer(Farmer having land <1 Hectare),PENDING,,,false,,OPERATOR,9f037fc0f472f05fb2d433fc526ad3caa7fabd9e09752dccac311aabdf63cfba,NDU3OTE3MzI5OTEx,**** **** 9911,7889666596,,BANDIPORA,Sonawari,Hilalabad,623,42,2797,65.0
70911378612,1_623_6812_2724_005026,,Niyaz Ahmad Lone,,,59,Male,Owner,Marginal  Farmer(Farmer having land <1 Hectare),PENDING,,,false,,OPERATOR,57b315cab817aea0cdb42b2b8024d049142c5b679d3d9b3020b360a98e034ab6,ODMyODE2ODI3MTg2,**** **** 7186,9906297064,,BANDIPORA,Tulail,Baduaab,623,6812,2724,56.0
40303239579,1_623_42_2794_005032,,Shah Mala Begum,,,76,Female,Owner,Marginal  Farmer(Farmer having land <1 Hectare),PENDING,,,false,,OPERATOR,15323bee0bdc5453b121f473d499452c70a2c103ddfde42273933f2b047967b6,OTkzMjMyNDU5MjE4,**** **** 9218,9103838470,,BANDIPORA,Sonawari,Asham,623,42,2794,0.0
40664930195,1_623_40_2707_005042,,MOHD HAYAT SHANGRO,,,61,Male,Owner,Marginal  Farmer(Farmer having land <1 Hectare),PENDING,,,false,,OPERATOR,0dc0f2dc760f98e115582e09d22c96d4f8d687644ff5218be8a9e9172c4a599f,NzI4ODQyNjQ4NjYx,**** **** 8661,6005078769,,BANDIPORA,Gurez,Markoot,623,40,2707,58.0
34534983811,1_623_6811_2700_005017,,Saleema Begum,,,51,Female,Owner,Marginal  Farmer(Farmer having land <1 Hectare),PENDING,,,false,,OPERATOR,f23d1f99a850c610f3da182d27c7068031e94f90061e3c6cd35d915ae271a102,NTQxNjU5ODQxMTI3,**** **** 1127,8082521579,,BANDIPORA,Hajin,Gulshanpora,623,6811,2700,50.0
70555103503,1_623_6812_2724_005027,,Ghaffar Khan,,,45,Male,Owner,Marginal  Farmer(Farmer having land <1 Hectare),PENDING,,,false,,OPERATOR,326bd2d9115d7d40b89b6477028b1324b8fc7a4ac8a6751e5688fe175e25916c,MjM5NzI1MTU1NTQw,**** **** 5540,6006223531,,BANDIPORA,Tulail,Baduaab,623,6812,2724,0.0
16731962953,1_623_42_2810_005009,,MOHD QASIM BHAT,,,76,Male,Owner,Marginal  Farmer(Farmer having land <1 Hectare),PENDING,,,false,,OPERATOR,7a1b324766466bb99f77e7f3c76eb0b7d25a0953dcfbe4ba2f820463c220e1dc,NDgyNzk2MDY0MDE1,**** **** 4015,7006804935,,BANDIPORA,Sonawari,Odina,623,42,2810,54.0
41608766676,1_623_42_2797_005030,,Farooq Ahmad Reshi,,,40,Male,Owner,Marginal  Farmer(Farmer having land <1 Hectare),PENDING,,,false,,OPERATOR,3a1b8d759efac11d39996883f677f374130ba55d900a878dee7b8cc8fecf4bec,Njg2MTc3MTg1NDYy,**** **** 5462,7006313916,,BANDIPORA,Sonawari,Hilalabad,623,42,2797,46.0
22791625750,1_623_42_2812_005026,,Ghulam Mohammad Rather,,,81,Male,Owner,Marginal  Farmer(Farmer having land <1 Hectare),PENDING,,,false,,OPERATOR,fa7796e1305d652bcd83486c64bc7b385376627d7c1dacb335910b5e56de11fc,MjE2NDIyOTM4NjIy,**** **** 8622,9906676278,,BANDIPORA,Sonawari,Sarai Dangarpora,623,42,2812,0.0
50396029334,1_623_6811_2778_005008,,Abdul Jabbar Rather,,,61,Male,Owner,Marginal  Farmer(Farmer having land <1 Hectare),PENDING,,,false,,OPERATOR,6d4c8ad7aad83909f8af529daeb73f32b8be8e33aa054c0a7304771712a08163,NDI0NzM0OTU1MDE5,**** **** 5019,7006473805,,BANDIPORA,Hajin,Gundi Saderkote,623,6811,2778,66.0
19422493068,1_623_42_2794_005033,,Ali Mohd Bhat,,,61,Male,Owner,Marginal  Farmer(Farmer having land <1 Hectare),PENDING,,,false,,OPERATOR,a32caf68bf8640a1af5bf34b5c1dab332831335cd859469de8fb3e7c78817984,MjYxNDI2ODIyMjg2,**** **** 2286,8082788659,,BANDIPORA,Sonawari,Asham,623,42,2794,53.0
60752444576,1_623_42_2810_005010,,Mohammad Amin Mir,,,32,Male,Owner,Marginal  Farmer(Farmer having land <1 Hectare),PENDING,,,false,,OPERATOR,870896b18965bd837886ef6b74d91a33ac07889f5fae703b2edc96eaf87e4675,NzYwODE5NTExNzcy,**** **** 1772,6006676758,,BANDIPORA,Sonawari,Odina,623,42,2810,56.0
63297365116,1_623_42_2812_005027,,NAZIR AHMAD DAR,,,56,Male,Owner,Marginal  Farmer(Farmer having land <1 Hectare),PENDING,,,false,,OPERATOR,02c6b6d87f19e0dd64086a9b824b911f6ee16caa83133ac9d6404419a39d10c0,OTM1NzY5MzgzNjg1,**** **** 3685,7889555246,,BANDIPORA,Sonawari,Sarai Dangarpora,623,42,2812,66.0
33370298408,1_623_42_2797_005031,,Ghulam Mohd Ahangar,,,60,Male,Owner,Marginal  Farmer(Farmer having land <1 Hectare),PENDING,,,false,,OPERATOR,e196a33871d93b8d0e7e5d30afb51abc0053fea34492376c32c33570b2ef36dd,Njk5MjQ2ODM1MTUw,**** **** 5150,7889463046,,BANDIPORA,Sonawari,Hilalabad,623,42,2797,0.0
66349537330,1_623_42_2809_005007,,Javaid Ahmad Bhat,,,31,Male,Owner,Marginal  Farmer(Farmer having land <1 Hectare),PENDING,,,false,,OPERATOR,10b1873cc7eb0f2d0ee329278d1ca724e0cf3e9571eb903c1b270e9aba74319d,MjMxMjY4MzAzNjk5,**** **** 3699,9541159682,,BANDIPORA,Sonawari,Trigam,623,42,2809,0.0
71516647033,1_623_42_2809_005006,,MALA BEGUM,,,71,Female,Owner,Marginal  Farmer(Farmer having land <1 Hectare),PENDING,,,false,,OPERATOR,e4b2dc26ae1472ad4c9203eae07e9b47cef41170ae5388f9debb1f1aa5f82fd1,Mzg3NTg0MTMwNzY5,**** **** 0769,9541159682,,BANDIPORA,Sonawari,Trigam,623,42,2809,0.0
95806174223,1_623_40_2708_005027,,MOHD RAMZAN LONE,,,51,Male,Owner,Marginal  Farmer(Farmer having land <1 Hectare),PENDING,,,false,,OPERATOR,da2399a2d689e63c471afa5567a30f02e80c6f115678ac91222f42cd42a8caae,OTkyNzM1MzMzOTU3,**** **** 3957,7889780064,,BANDIPORA,Gurez,Shah Pora - Achoora (Churwan),623,40,2708,53.0
26894967117,1_623_6812_2716_005037,,Mohammad Yousuf Mir,,,50,Male,Owner,Marginal  Farmer(Farmer having land <1 Hectare),PENDING,,,false,,OPERATOR,856dac6946bd45534d884bbb4ccfacffe75c769e26f5c8b6a8fb9695e3e021eb,MzUwMTc2MDQwOTYx,**** **** 0961,6006050803,,BANDIPORA,Tulail,Neeru,623,6812,2716,46.0
61039274083,1_623_6809_2744_005012,,Rayees Ahmad Chopan,,,43,Male,Owner,Marginal  Farmer(Farmer having land <1 Hectare),PENDING,,,false,,OPERATOR,98f3b9f525e8e1cf9feb291572a5334cdb6e4971e7c6fc6712bfc006cfc7a921,NzY0MDI5MzY1OTc5,**** **** 5979,9682165031,,BANDIPORA,Aloosa,Mangnipora,623,6809,2744,46.0
52948641461,1_623_6812_2724_005048,,Shamas Din Khan,,,46,Male,Owner,Marginal  Farmer(Farmer having land <1 Hectare),PENDING,,,false,,OPERATOR,deb75aba1546bf9668c0b655e6c079d27823595137c507d3f76f07423176ac18,NTI3Mjc4NDYxMTYz,**** **** 1163,9149775292,,BANDIPORA,Tulail,Baduaab,623,6812,2724,59.0
55585187198,1_623_40_2708_005021,,Gh Mohiudin Lone,,,53,Male,Owner,Marginal  Farmer(Farmer having land <1 Hectare),PENDING,,,false,,OPERATOR,ced9ecb6fa70413bb70aeacbb35067d019e851d7fc11bdbd14c25373d9678767,MzgzMDQxNTYzOTgx,**** **** 3981,6005565140,,BANDIPORA,Gurez,Shah Pora - Achoora (Churwan),623,40,2708,43.0
23647460466,1_623_40_2707_005031,,Mohd Maqbool Akhoon,,,51,Male,Owner,Marginal  Farmer(Farmer having land <1 Hectare),PENDING,,,false,,OPERATOR,a6ccdc3b7be777227a922c8dd4a3d65ba1ba19eb1503526a952277732afa07ec,NzMxOTUzMDQyOTIy,**** **** 2922,7006937225,,BANDIPORA,Gurez,Markoot,623,40,2707,62.0
32612195025,1_623_6811_2778_005019,,GH HASSAN RATHER,,,76,Male,Owner,Marginal  Farmer(Farmer having land <1 Hectare),PENDING,,,false,,OPERATOR,2f77c85801d047093b14ddc00b353ab58d27cc76d1a25adbaa4b9912595328fd,NDI0OTU3MzQ2Mzc0,**** **** 6374,9682591448,,BANDIPORA,Hajin,Gundi Saderkote,623,6811,2778,53.0
59856532566,1_623_40_2707_005017,,Lasso Shungroo,,,73,Male,Owner,Marginal  Farmer(Farmer having land <1 Hectare),PENDING,,,false,,OPERATOR,01836a4353d03b8205d1d308e67eaab295d259fdad00258e33ec66f099467a4d,MjEyNTM4NzM2NjE3,**** **** 6617,6006833100,,BANDIPORA,Gurez,Markoot,623,40,2707,44.0
89571290632,1_623_40_2708_005023,,Hafizullah Lone,,,47,Male,Owner,Marginal  Farmer(Farmer having land <1 Hectare),PENDING,,,false,,OPERATOR,bd95d609b9c547feedac4fd4381ffd52f74aea57d661531bad0b135b6bf02405,MzIxNjAyNTc5ODkw,**** **** 9890,7006409218,,BANDIPORA,Gurez,Shah Pora - Achoora (Churwan),623,40,2708,50.0
76701130624,1_623_6812_2724_005050,,Gh Mohammad Khan,,,34,Male,Owner,Marginal  Farmer(Farmer having land <1 Hectare),PENDING,,,false,,OPERATOR,806487a2e803f707cca68e540c1ebba3323ffa226d5f9ab3022d398fa9fe3493,NzY0NzE2ODg2MTcw,**** **** 6170,6005644767,,BANDIPORA,Tulail,Baduaab,623,6812,2724,58.0
68674885910,1_623_6811_2778_005020,,Ab Samad Dar,,,66,Male,Owner,Marginal  Farmer(Farmer having land <1 Hectare),PENDING,,,false,,OPERATOR,f720518caf75d735cbfc3259c7d4df75dc1822373ecfd336ea97113952daadac,MzI3MDQ2MTE4NjYy,**** **** 8662,9622702963,,BANDIPORA,Hajin,Gundi Saderkote,623,6811,2778,44.0
86781729263,1_623_6812_2724_005052,,Ab Majeed Khan,,,40,Male,Owner,Marginal  Farmer(Farmer having land <1 Hectare),PENDING,,,false,,OPERATOR,bb1648c7a4efaac3982584ee9bd0a8f2d83e75f1054b97c77fd9ed1f57464527,ODM3MjI5NDY3NzQy,**** **** 7742,7298482583,,BANDIPORA,Tulail,Baduaab,623,6812,2724,38.0
46273134573,1_623_40_2707_005016,,Mohd Sakhi Shungroo,,,67,Male,Owner,Marginal  Farmer(Farmer having land <1 Hectare),PENDING,,,false,,OPERATOR,48613e948f9db859ae474acc4ed8e9bbe865a1bbbce9aa93b75b639cfdcedab9,MjAyMTE5NzMyMzI3,**** **** 2327,9469030773,,BANDIPORA,Gurez,Markoot,623,40,2707,33.0
19507549040,1_623_42_2794_005035,,Gh Mohi Ud Din Tantry,,,58,Male,Owner,Marginal  Farmer(Farmer having land <1 Hectare),PENDING,,,false,,OPERATOR,fde03608b68f7d54aadf28635d4ded6c25909137b9baf7d952c2f44d25a0ccb6,OTI5NDk1NzMwNzU4,**** **** 0758,9797288513,,BANDIPORA,Sonawari,Asham,623,42,2794,71.0
87399116666,1_623_6811_2700_005019,,Mehraj Uddin Bhat,,,37,Male,Owner,Marginal  Farmer(Farmer having land <1 Hectare),PENDING,,,false,,OPERATOR,53de41602410078a24b6e14182d9b2b9a0758eef2b924dd5a9a994acbab65b21,ODk5NDg0MzQyNzIy,**** **** 2722,9906484302,,BANDIPORA,Hajin,Gulshanpora,623,6811,2700,46.0
48784253930,1_623_6811_2778_005009,,Saif Ud Din Rather,,,61,Male,Owner,Marginal  Farmer(Farmer having land <1 Hectare),PENDING,,,false,,OPERATOR,c23dae065a1c6ef41338e707ba2dfe8292cb3bbc7d22e692e223e803d3897400,Mjg1OTM5OTUzMDcz,**** **** 3073,9906422708,,BANDIPORA,Hajin,Gundi Saderkote,623,6811,2778,62.0
87813332839,1_623_40_2707_005033,,Mehraj Ahmad Sheikh,,,49,Male,Owner,Marginal  Farmer(Farmer having land <1 Hectare),PENDING,,,false,,OPERATOR,959bdc21b30997cb1363b6563a3ed384789b59dd3a8ad48a5451b2285f7cd8da,MzA1NjE1OTk4NzE5,**** **** 8719,6005493827,,BANDIPORA,Gurez,Markoot,623,40,2707,0.0
73118901209,1_623_40_2708_005026,,MOHD HANIF LONE,,,35,Male,Owner,Marginal  Farmer(Farmer having land <1 Hectare),PENDING,,,false,,OPERATOR,8f69c3088bb1c8e912cc052392ab7ab05ec20f8fe1f634e09c505fb1d602acbe,OTY1MDczNjMxOTE5,**** **** 1919,6006363691,,BANDIPORA,Gurez,Shah Pora - Achoora (Churwan),623,40,2708,52.0
20292169992,1_623_6809_2744_005015,,Arshad Iqbal Wani,,,43,Male,Owner,Marginal  Farmer(Farmer having land <1 Hectare),PENDING,,,false,,OPERATOR,3da7cad37623777dd19f50a54da290fa9085bd4e640c77bc3fb33ab4adc39587,NDU5NTE4OTA3NDQ5,**** **** 7449,7889457603,,BANDIPORA,Aloosa,Mangnipora,623,6809,2744,65.0
48036850116,1_623_40_2708_005025,,Samiullah Lone,,,46,Male,Owner,Marginal  Farmer(Farmer having land <1 Hectare),PENDING,,,false,7780814384,OPERATOR,7e3906438a7736e54fe2f858b9acc616dcdb3d843da47ce0abf1726efe01ea2c,NDg4OTIzMTAzNjI0,**** **** 3624,7780814384,,BANDIPORA,Gurez,Shah Pora - Achoora (Churwan),623,40,2708,55.0
77823131197,1_623_40_2707_005019,,Shokut Hussain Lone,,,44,Male,Owner,Marginal  Farmer(Farmer having land <1 Hectare),PENDING,,,false,,OPERATOR,0dd7614e14632abea8bf64c27f8672a99baa30bdc8792eeec73ca6cdbf507cf2,NzY2MTY5MzUzMTY0,**** **** 3164,6005450408,,BANDIPORA,Gurez,Markoot,623,40,2707,32.0
79040186410,1_623_42_2808_005020,,Mohammad Shafi Khawaja,,,38,Male,Owner,Marginal  Farmer(Farmer having land <1 Hectare),PENDING,,,false,,OPERATOR,61d42c4d985e435016ccedd610108ad36d62fd077312194a728b457ec00494b6,NjM1MTc4NjIxODU0,**** **** 1854,9797103196,,BANDIPORA,Sonawari,Gund i Khalil,623,42,2808,56.0
91510366195,1_623_42_2810_005016,,Mohd Bakir Bhat,,,70,Male,Owner,Marginal  Farmer(Farmer having land <1 Hectare),PENDING,,,false,,OPERATOR,e66de9a054447c2d6b64821a8c3b343a8a4b3893f55f81be7bc7f7f45072550c,NDY3NDU2OTY4OTk4,**** **** 8998,8899800749,,BANDIPORA,Sonawari,Odina,623,42,2810,0.0
75317868151,1_623_42_2810_005014,,GH AHMAD PARRAY,,,56,Male,Owner,Marginal  Farmer(Farmer having land <1 Hectare),PENDING,,,false,,OPERATOR,c17c916e4a5c732e16095cbac1a99ae475ba891795f8bcc833ca790b62f6f0ea,NDA1ODMxMjI1NTU2,**** **** 5556,6006366516,,BANDIPORA,Sonawari,Odina,623,42,2810,53.0
21143843602,1_623_40_2708_005028,,Mohammad Munawar Lone,,,47,Male,Owner,Marginal  Farmer(Farmer having land <1 Hectare),PENDING,,,false,,OPERATOR,a62cbe59986ac702d323dae717bea965750a52cf929e2f0ccb2f2aeb37029108,NjUyODQwMzIxMjc2,**** **** 1276,9682666245,,BANDIPORA,Gurez,Shah Pora - Achoora (Churwan),623,40,2708,53.0
61827939290,1_623_40_2707_005035,,Farooq Ahmad Sheikh,,,42,Male,Owner,Marginal  Farmer(Farmer having land <1 Hectare),PENDING,,,false,,OPERATOR,573e3abc12fdb9781518c064c081235e58a1cb75bfe8c91dd8d37bd991cddf5f,ODE2NzA2NDczMTM5,**** **** 3139,9622811683,,BANDIPORA,Gurez,Markoot,623,40,2707,56.0
62962138892,1_623_42_2810_005020,,Gh Hussain Dar,,,55,Male,Owner,Marginal  Farmer(Farmer having land <1 Hectare),PENDING,,,false,,OPERATOR,aeb02858b559544380b239326d3d674464a377e9837fb9e74e89ae6bb6060af6,MzE2NzQwNjk4NzM2,**** **** 8736,9858800914,,BANDIPORA,Sonawari,Odina,623,42,2810,53.0
58261875420,1_623_6812_2716_005038,,AB MAJEED MIR,,,46,Male,Owner,Marginal  Farmer(Farmer having land <1 Hectare),PENDING,,,false,,OPERATOR,5aead59c04d9161ece587e1f8bb217f4acd49514e498101b7a0868399bf55f3f,ODYxNjU0ODQzNjI5,**** **** 3629,7006637057,,BANDIPORA,Tulail,Neeru,623,6812,2716,59.0
34130352045,1_623_42_2794_005046,,MOHD ASHRAF PARRAY,,,48,Male,Owner,Marginal  Farmer(Farmer having land <1 Hectare),PENDING,,,false,9596367438,OPERATOR,b5e328c45885c428842eefede88cbcf25ab70fc55d2990c36cac383b2bf8f582,NTgxOTE1MjU4ODA1,**** **** 8805,9596367438,,BANDIPORA,Sonawari,Asham,623,42,2794,63.0
17080320366,1_623_6812_2716_005036,,Mohammad Munawar Mir,,,66,Male,Owner,Marginal  Farmer(Farmer having land <1 Hectare),PENDING,,,false,,OPERATOR,f9181cf737b5e3f06cc37ef36015f77ff1e61f01f41f093687db214cc9866179,ODQzOTM3NjQwNDM2,**** **** 0436,6005487137,,BANDIPORA,Tulail,Neeru,623,6812,2716,61.0
78088142153,1_623_42_2808_005018,,Rafiqa Begum,,,51,Female,Owner,Marginal  Farmer(Farmer having land <1 Hectare),PENDING,,,false,,OPERATOR,6621ed31fa7ecde15eda23b52719a8aad80e074dd383c92be1e0895781b5c076,OTUxMzA2NTQ5MzY1,**** **** 9365,7889543860,,BANDIPORA,Sonawari,Gund i Khalil,623,42,2808,25.0
94278271585,1_623_42_2812_005028,,Amjid Hussain,,,34,Male,Owner,Marginal  Farmer(Farmer having land <1 Hectare),PENDING,,,false,,OPERATOR,a7bd62c7f6801d652c3e51719b9a4a537986f4a562726006150493d6a1d449f6,NjQ2MzAxMDAxMzgz,**** **** 1383,7889904298,,BANDIPORA,Sonawari,Sarai Dangarpora,623,42,2812,39.0
72538518844,1_623_42_2794_005036,,Mohd Maqbool Bhat,,,66,Male,Owner,Marginal  Farmer(Farmer having land <1 Hectare),PENDING,,,false,,OPERATOR,9fac9fa229afd561e589b0ddf9d91d27cab2d158e877064037124244bef8bae1,NTg1Mzg0NDgzMTA2,**** **** 3106,8082490394,,BANDIPORA,Sonawari,Asham,623,42,2794,53.0
12466451306,1_623_6812_2724_005029,,Mohd Lateef Mapnoo,,,56,Male,Owner,Marginal  Farmer(Farmer having land <1 Hectare),PENDING,,,false,,OPERATOR,1346bf6a0f452cfb6377b808c3c8d6063c3aeeca966d9a81e2f1458bc4bdd7d7,NzQ1NzM4MzIxNzQz,**** **** 1743,7006722893,,BANDIPORA,Tulail,Baduaab,623,6812,2724,52.0
47383624673,1_623_40_2707_005018,,Rafiq Ahmad Lone,,,41,Male,Owner,Marginal  Farmer(Farmer having land <1 Hectare),PENDING,,,false,,OPERATOR,c20ce9a12fba3b5c7573c6b483cc830d148ca429dc117f52cd9b58ca4b61712d,OTcwMTgzMTg2MDM2,**** **** 6036,9149754547,,BANDIPORA,Gurez,Markoot,623,40,2707,40.0
39543958373,1_623_6812_2724_005030,,Feroz Ahmad Lone,,,35,Male,Owner,Marginal  Farmer(Farmer having land <1 Hectare),PENDING,,,false,,OPERATOR,c6690c39a45373d1bf3f398baed3cce42e03bd087decaac4f8f159d2dad23e27,NTk3MzQzODQ2MzA2,**** **** 6306,9149515394,,BANDIPORA,Tulail,Baduaab,623,6812,2724,46.0
52487737494,1_623_6811_2700_005020,,RAJA BEGUM,,,86,Female,Owner,Marginal  Farmer(Farmer having land <1 Hectare),PENDING,,,false,,OPERATOR,90ca710fc2bfb05de45b4cea205ce21dc454cd3f5c3e057dd7df2be3ee3832bb,Mjc4NDkyODA2ODM3,**** **** 6837,6006907994,,BANDIPORA,Hajin,Gulshanpora,623,6811,2700,45.0
86325059600,1_623_42_2800_005005,,Shabir Ahmad Mir,,,49,Male,Owner,Marginal  Farmer(Farmer having land <1 Hectare),PENDING,,,false,,OPERATOR,8d4c93e8cfd369c5b758e3e6177b1acbf16b4c01cdc2909958f00275468a62bb,ODE1MTA3OTU1NzUz,**** **** 5753,7889409431,,BANDIPORA,Sonawari,Rakh Shilvat,623,42,2800,56.0
67969550714,1_623_42_2797_005032,,MOHD SHAFI NAJAR,,,49,Male,Owner,Marginal  Farmer(Farmer having land <1 Hectare),PENDING,,,false,,OPERATOR,b96e553733868879f72b231ab41aa8d42f9798c138e5ddecfbe7179aeccdaa5f,MzU5MjU3MDY1NDcw,**** **** 5470,8899640421,,BANDIPORA,Sonawari,Hilalabad,623,42,2797,62.0
93642530291,1_623_42_2797_005033,,Haseena,,,45,Female,Owner,Marginal  Farmer(Farmer having land <1 Hectare),PENDING,,,false,,OPERATOR,bdc228f5e920e88101c3bb109ba6d45a14b8e0fcdad0625b8ccc93acffe9f168,NjI3MzkwNzU2NjA3,**** **** 6607,7889826080,,BANDIPORA,Sonawari,Hilalabad,623,42,2797,69.0
84019894562,1_623_6812_2724_005032,,Gulzar Ahmad Khan,,,71,Male,Owner,Marginal  Farmer(Farmer having land <1 Hectare),PENDING,,,false,,OPERATOR,b908a3214383a4c15fe1f11a3275e375c42aeccf0e0fbb910a9182961e5b8afa,MzAzNzY5NDQ1MDU0,**** **** 5054,6006836437,,BANDIPORA,Tulail,Baduaab,623,6812,2724,38.0
65263862663,1_623_40_936275_005035,,Ab Gaffar Lone,,,61,Male,Owner,Marginal  Farmer(Farmer having land <1 Hectare),PENDING,,,false,,OPERATOR,57cce57ca891d4118daaaa3b388c5647ee63a0def2e6c51107ddbd035099e0c6,ODkwNTY2OTYwMTIw,**** **** 0120,6006704277,,BANDIPORA,Gurez,Gulshanpora,623,40,936275,0.0
77893245747,1_623_42_2808_005019,,Parvaiz Ahmad Wagay,,,40,Male,Owner,Marginal  Farmer(Farmer having land <1 Hectare),PENDING,,,false,,OPERATOR,f7cff97e1589b54a2942ebff50b711421e56f042a8ac1ae2ebcb955b319089d7,NTM1ODk1NDY4ODUw,**** **** 8850,9906510132,,BANDIPORA,Sonawari,Gund i Khalil,623,42,2808,75.0
87607102019,1_623_40_2707_005021,,Jamil Ahmad Lone,,,51,Male,Owner,Marginal  Farmer(Farmer having land <1 Hectare),PENDING,,,false,,OPERATOR,5d5a2547b9e194f4c6f324afb0aefd3ff82a33955b4c079311e00af735fe59b1,ODUzOTk3MDM3MzMz,**** **** 7333,6005532561,,BANDIPORA,Gurez,Markoot,623,40,2707,65.0
20355070011,1_623_6811_2778_005022,,Fatah Mohammad,,,96,Male,Owner,Marginal  Farmer(Farmer having land <1 Hectare),PENDING,,,false,,OPERATOR,b5f8de6dfcbffc807e1fc2970cbfac453406acf26ed4385e5f8920e671c05b1e,ODIxODMxNDMyMjEz,**** **** 2213,8899914704,,BANDIPORA,Hajin,Gundi Saderkote,623,6811,2778,34.0
21109088889,1_623_42_2808_005007,,Fraisa Begum,,,66,Female,Owner,Marginal  Farmer(Farmer having land <1 Hectare),PENDING,,,false,,OPERATOR,ffc77a96a38bd15a54db0caec442518b319598386df1f988aa7e205dc4cbd9cf,MzI1NzU1MDc2MjU3,**** **** 6257,9622700512,,BANDIPORA,Sonawari,Gund i Khalil,623,42,2808,0.0
73519800440,1_623_42_2794_005072,,Abdul Ahad Wani,,,64,Male,Owner,Marginal  Farmer(Farmer having land <1 Hectare),PENDING,,,false,,OPERATOR,500c07f8ec2ac4f8619d050f4db1c2e73424ca0d02994dede83f177557925f03,NzM1NDE0MTIyMjkx,**** **** 2291,7051890241,,BANDIPORA,Sonawari,Asham,623,42,2794,47.0
24632269475,1_623_42_2794_005039,,MOHD SAKHI RATHER,,,65,Male,Owner,Marginal  Farmer(Farmer having land <1 Hectare),PENDING,,,false,,OPERATOR,6ab05632c163a7916bee0fed0f670c70a640ffae73c84df0d99418a38eaa54bc,OTg0ODc2OTQwMTI0,**** **** 0124,9906418224,,BANDIPORA,Sonawari,Asham,623,42,2794,62.0
23736552003,1_623_40_936275_005012,,Khatija Begum,,,74,Female,Owner,Marginal  Farmer(Farmer having land <1 Hectare),APPROVED,,,false,,OPERATOR,e318e5c3caabcdaafe6681a2715e6480e544a2bf7a196fe65b5d4537fc5157fd,Mzc2NTIyMzc0NTM5,**** **** 4539,9469376255,,BANDIPORA,Gurez,Gulshanpora,623,40,936275,88.0
88894389002,1_623_41_2740_005010,,Gulshana Begum,,,50,Female,Owner,Marginal  Farmer(Farmer having land <1 Hectare),PENDING,,,false,,OPERATOR,54682435d400aba1e3697f7dcc0e8d6b5779bbb4f1350613b33ba1c936dbc685,NDIxMjQwOTIwODE4,**** **** 0818,6005998660,,BANDIPORA,Bandipora,Khayar,623,41,2740,50.0
16884694595,1_623_6812_2724_005078,,BARKAT ULLA KHAN,,,36,Male,Owner,Marginal  Farmer(Farmer having land <1 Hectare),PENDING,,,false,,OPERATOR,4f8807f37f16afc7921d348415ffc9aba78177ba6e4ce8dce477d97fc7c7e36d,NDc2NzQ2MTU2MDAx,**** **** 6001,9149693404,,BANDIPORA,Tulail,Baduaab,623,6812,2724,46.0
99333818230,1_623_42_2797_005049,,Sameer Ahmad Bhat,,,40,Male,Owner,Marginal  Farmer(Farmer having land <1 Hectare),PENDING,,,false,7006966247,SELF,0096934133e97c3527f8c215693b23de63224d21a6cc41e095e2b543b5f04bd2,NzcwNjM4NjA3MTQy,**** **** 7142,7006966247,,BANDIPORA,Sonawari,Hilalabad,623,42,2797,45.0
93840041358,1_623_6812_2724_005077,,Khalid Husain Lone,,,40,Male,Owner,Marginal  Farmer(Farmer having land <1 Hectare),PENDING,,,false,,OPERATOR,99083ce7022eb260b5e809b32f5c2be25e002fa891ec4628913cfe845838476a,NzU1NDA0MjI0MDg1,**** **** 4085,9103048113,,BANDIPORA,Tulail,Baduaab,623,6812,2724,46.0
96501407827,1_623_6812_2724_005073,,GH AHMAD NAIK,,,63,Male,Owner,Marginal  Farmer(Farmer having land <1 Hectare),APPROVED,,,false,,OPERATOR,41003a9646536462085cedc61107cd3a5438e035359272a2b0188490602ced7e,OTk3MzMxODEwNjQ3,**** **** 0647,7889796360,,BANDIPORA,Tulail,Baduaab,623,6812,2724,43.0
88344271336,1_623_6812_2724_005104,,Gulzar Ahmad Chopan,,,57,Male,Owner,Marginal  Farmer(Farmer having land <1 Hectare),PENDING,,,false,,OPERATOR,5689aeb638a80e87eb6f17c7553738f87aa6e6bdc188139faac815f67ee5cee5,NzY0NTAzNTc5NzUx,**** **** 9751,9103040813,,BANDIPORA,Tulail,Baduaab,623,6812,2724,0.0
35291917523,1_623_6812_2724_005072,,MOHD SADIQ LONE,,,34,Male,Owner,Marginal  Farmer(Farmer having land <1 Hectare),APPROVED,,,false,,OPERATOR,64f5e8f1c0226e26b277fcde23160a558e5d40f3192195ff1dd0cdaaa08d5695,NzM1NjYxMTA3MTIw,**** **** 7120,6005750932,,BANDIPORA,Tulail,Baduaab,623,6812,2724,65.0
56735467700,1_623_40_2707_005073,,Mohd Rafiq Lone,,,51,Male,Owner,Marginal  Farmer(Farmer having land <1 Hectare),PENDING,,,false,,OPERATOR,98bcbbe4aa7da12e630e04f6a02a05c056eefbaf11d81c35ca3109c0066f5c64,NTI5ODc1NjExMjU4,**** **** 1258,6005514737,,BANDIPORA,Gurez,Markoot,623,40,2707,52.0
54792133515,1_623_42_2797_005050,,Shabir Ahmad Dar,,,50,Male,Owner,Marginal  Farmer(Farmer having land <1 Hectare),PENDING,,,false,,OPERATOR,9cac3938ae10d8fc40a4c3b36813c15f8bbca235c671e20d55c15fba6bdc4332,NzQ2OTM0NTU1NDk5,**** **** 5499,7889337131,,BANDIPORA,Sonawari,Hilalabad,623,42,2797,46.0
23236245607,1_623_6812_2724_005071,,Ab Rahim Naik,,,64,Male,Owner,Marginal  Farmer(Farmer having land <1 Hectare),PENDING,,,false,,OPERATOR,246ca6f9e404c953dc224744e95785dd9cf436f06088fc47278a6204015b5366,NzI3ODUzNzMyMTE4,**** **** 2118,7006381812,,BANDIPORA,Tulail,Baduaab,623,6812,2724,54.0
77752169454,1_623_42_2794_005068,,Parvaiz Ahmad Ahanger,,,41,Male,Owner,Marginal  Farmer(Farmer having land <1 Hectare),PENDING,,,false,,OPERATOR,c5441c26b2855f2d60a3e5ea7ddbe9d7044504374dd595d98f9e4a48ad9e47e6,MjIzNzE0MDI0Mzcy,**** **** 4372,9906833193,,BANDIPORA,Sonawari,Asham,623,42,2794,64.0
48935404873,1_623_6812_2716_005040,,Jameela Begum,,,36,Female,Owner,Marginal  Farmer(Farmer having land <1 Hectare),PENDING,,,false,,OPERATOR,fa01a6fc0e25b8ded12274c57d984aa4dfb2095acccddf4e7305e5c9d3f8eaaa,OTAyMzE3MzAwMTMz,**** **** 0133,9103794915,,BANDIPORA,Tulail,Neeru,623,6812,2716,50.0
62396581967,1_623_42_2794_005069,,GH AHMAD KUMAR,,,78,Male,Owner,Marginal  Farmer(Farmer having land <1 Hectare),PENDING,,,false,,OPERATOR,91b64132ac6f62dce65e6b29735ecaf443fe78f0d952a09307dda59dac11a101,MzcxODQ4NjUzNzQ5,**** **** 3749,7006335171,,BANDIPORA,Sonawari,Asham,623,42,2794,53.0
21501825163,1_623_40_936275_005011,,Shams Uddin Harey,,,74,Male,Owner,Marginal  Farmer(Farmer having land <1 Hectare),PENDING,,,false,,OPERATOR,e5da0540e98eedc8640ffd32af2bdea722d35f5451a8175ca592e729a3b867b1,ODM1MTM3MjY4Mzg1,**** **** 8385,7889946381,,BANDIPORA,Gurez,Gulshanpora,623,40,936275,55.0
57780932781,1_623_42_2794_005071,,Lateef Ahmad Ahengar,,,35,Male,Owner,Marginal  Farmer(Farmer having land <1 Hectare),PENDING,,,false,,OPERATOR,0ecfec8c350360fb376ba20a3cdc7279be6aed1cd9547fb45d77620eb5b9a608,OTAyNTIxNzA4ODIx,**** **** 8821,9797151787,,BANDIPORA,Sonawari,Asham,623,42,2794,65.0
62843790817,1_623_6812_2711_005027,,Fareed Ahmad Lone,,,44,Male,Owner,Marginal  Farmer(Farmer having land <1 Hectare),PENDING,,,false,,OPERATOR,2783e5c664fe3fd24f582aef49f36ae9ca5b26c72a48997ec49b12042c0599be,NDQ3MjE4MTQ1MDkz,**** **** 5093,9103439993,,BANDIPORA,Tulail,Zedgey,623,6812,2711,0.0
30541003635,1_623_42_2794_005073,,Riyaz Ahmad Pala,,,56,Male,Owner,Marginal  Farmer(Farmer having land <1 Hectare),PENDING,,,false,,OPERATOR,d2fa6730de909802fe53c54c206c19fabb89d13c768834d712a9ba826e9e72a4,NzQ3MzQxNjc2NzI0,**** **** 6724,9596165759,,BANDIPORA,Sonawari,Asham,623,42,2794,66.0
51985744820,1_623_40_2708_005047,,KHATEJA BAGUM,,,57,Female,Owner,Marginal  Farmer(Farmer having land <1 Hectare),PENDING,,,false,,OPERATOR,26dfd05e769bd654958f2094f570e33864c5c735408a4de802aabcf55ce1f6c3,OTQ1NjIxNzExNjcw,**** **** 1670,6005436599,,BANDIPORA,Gurez,Shah Pora - Achoora (Churwan),623,40,2708,35.0
22289846376,1_623_6811_2700_005000,,Shajar Ur Rajab,,,25,Male,Owner,Marginal  Farmer(Farmer having land <1 Hectare),APPROVED,,,false,,OPERATOR,3b34e50963a233f2e1bc4d954143dcb58178757ba1fbf4ff4049449496fdd3c8,MzMxMTA0OTEyMTQ2,**** **** 2146,7889761120,,BANDIPORA,Hajin,Gulshanpora,623,6811,2700,90.0
83274714398,1_623_40_2707_005007,,Mohd Munawar,,,76,Male,Owner,Marginal  Farmer(Farmer having land <1 Hectare),APPROVED,,,false,,OPERATOR,32595eb591685810bb97ec16e4489513a2747d9d14e2591efbfee93cec646367,MjA4OTU1MzM5NDU5,**** **** 9459,9149664040,,BANDIPORA,Gurez,Markoot,623,40,2707,97.0
75635771860,1_623_6809_2744_005004,,Waseem Raja,,,44,Male,Owner,Marginal  Farmer(Farmer having land <1 Hectare),APPROVED,,,false,,OPERATOR,ef270697ecaf98be2c73b0935ff34232383a2c4856623ca29eb54f6da1affdcf,NzQyMDQ0MTcxMzUy,**** **** 1352,7006674663,,BANDIPORA,Aloosa,Mangnipora,623,6809,2744,90.0
96332988692,1_623_42_2808_005006,,Misra Begum,,,71,Female,Owner,Marginal  Farmer(Farmer having land <1 Hectare),APPROVED,,,false,,OPERATOR,c396694c16931191ed9ed7ac293c626235d75046de337c0a9c2b6a40d59fc0ca,NDg5MTg0MzM0MjQ5,**** **** 4249,7889912469,,BANDIPORA,Sonawari,Gund i Khalil,623,42,2808,89.0
70111876512,1_623_42_2797_005037,,Shah Hussain,,,26,Male,Owner,Marginal  Farmer(Farmer having land <1 Hectare),APPROVED,,,false,,OPERATOR,08f502394061742008cdcacdcf74283f17ff2886272f0b04b747f576960cc71d,NzE5MTU5MTMxNDc5,**** **** 1479,6006844766,,BANDIPORA,Sonawari,Hilalabad,623,42,2797,89.0
92121743272,1_623_6809_2744_005005,,Gh Nabi Chopan,,,41,Male,Owner,Marginal  Farmer(Farmer having land <1 Hectare),APPROVED,,,false,,OPERATOR,fe2a6e14423290ad32ba154378be2beb341fce042a37cb779254ea93f0dab14c,NDc4MTgxNTM3OTA5,**** **** 7909,7006701686,,BANDIPORA,Aloosa,Mangnipora,623,6809,2744,76.0
52084168172,1_623_42_2808_005009,,Shabir Ahmad Ganaie,,,37,Male,Owner,Marginal  Farmer(Farmer having land <1 Hectare),APPROVED,,,false,,OPERATOR,f9ef1624ebd684e8b5609825b35bd750e7ec4e2639ed712b70cddb769269f363,NTg5Mjk5NjQwMzY5,**** **** 0369,9622700512,,BANDIPORA,Sonawari,Gund i Khalil,623,42,2808,76.0
14525530475,1_623_42_2794_005074,,Jahangir Ahmad Khan,,,41,Male,Owner,Marginal  Farmer(Farmer having land <1 Hectare),PENDING,,,false,,OPERATOR,9f58119ece68cb61680cbf56700985cde15cda33bc017a75a158cde12420e2e8,ODE4MjQ4NzE5NzY4,**** **** 9768,9906462221,,BANDIPORA,Sonawari,Asham,623,42,2794,0.0
84514650924,1_623_42_2794_005055,,Ishfaq Majeed Ganie,,,31,Male,Owner,Marginal  Farmer(Farmer having land <1 Hectare),PENDING,,,false,,OPERATOR,0dd16e845c0c27678630083c8df45fc782cdace69c6dae5114da70fddc41c7df,MzIwMzY3ODM2ODc3,**** **** 6877,6005430412,,BANDIPORA,Sonawari,Asham,623,42,2794,33.0
78639210700,1_623_42_2794_005056,,TANVEER AHMAD SHAH,,,48,Male,Owner,Marginal  Farmer(Farmer having land <1 Hectare),PENDING,,,false,,OPERATOR,c902b4f1bdd8e43ce0a9883085f56523a1a77c96e5d74671323b5e656302ef22,NjY2NjA5MzI5Mzk3,**** **** 9397,9541773363,,BANDIPORA,Sonawari,Asham,623,42,2794,46.0
31056954385,1_623_40_2708_005048,,Sajad Ahmad Lone,,,40,Male,Owner,Marginal  Farmer(Farmer having land <1 Hectare),PENDING,,,false,,OPERATOR,76c481dd4d6b6d687cf1eb11147a56be9262b742e1c4a9f2cd6d6378587ec136,MjMwODE2OTQzMTI1,**** **** 3125,9596538876,,BANDIPORA,Gurez,Shah Pora - Achoora (Churwan),623,40,2708,56.0
27267860699,1_623_42_2794_005075,,Ghulam Mohi Uddin Khan,,,59,Male,Owner,Marginal  Farmer(Farmer having land <1 Hectare),PENDING,,,false,,OPERATOR,3b03eb8cc4ae6ce49e9a6d64808895bcd1d9c444ed428ed8f9a6e00b65540d4b,Mjg1Nzg4MDcxNTk0,**** **** 1594,9541379716,,BANDIPORA,Sonawari,Asham,623,42,2794,62.0
21887831546,1_623_41_2768_005010,,Sozia Khalil Lone,,,22,Female,Owner,Marginal  Farmer(Farmer having land <1 Hectare),PENDING,,,false,,OPERATOR,5629954a0b711697fbc11a0ad3a848bd81381b21acd8807d106bae978031e747,OTI0NTExNDk5OTUy,**** **** 9952,6006847704,,BANDIPORA,Bandipora,Garoora,623,41,2768,63.0
73822828837,1_623_40_2708_005051,,Faqir Mohd Lone,,,55,Male,Owner,Marginal  Farmer(Farmer having land <1 Hectare),PENDING,,,false,,OPERATOR,3f92c3b4fac27bab4b1a13c90a3928d7e674ca912a0ec3c6e09d14a44b51a44d,ODUxNTMzNzc5OTQ1,**** **** 9945,9469091114,,BANDIPORA,Gurez,Shah Pora - Achoora (Churwan),623,40,2708,53.0
85805373257,1_623_41_2740_005009,,GH MOHI U DIN MALIK,,,53,Male,Owner,Marginal  Farmer(Farmer having land <1 Hectare),PENDING,,,false,,OPERATOR,f764c6d47a62a0713122b012f33d0b193e00ffa659d9bc9cd0eeeceaa11bb66b,OTIxNjQ1ODI0Nzgx,**** **** 4781,7051687270,,BANDIPORA,Bandipora,Khayar,623,41,2740,52.0
62873735413,1_623_6812_2711_005028,,Ab Rashid Lone,,,55,Male,Owner,Marginal  Farmer(Farmer having land <1 Hectare),PENDING,,,false,,OPERATOR,e2753af371f97c1ce8df876d147b1b030980349b6e02b6a042d5b15515841f05,Njk2MDM0MTMzMzUx,**** **** 3351,7006275479,,BANDIPORA,Tulail,Zedgey,623,6812,2711,0.0
13237474629,1_623_6812_2724_005102,,Mohd Iqbal Khan,,,41,Male,Owner,Marginal  Farmer(Farmer having land <1 Hectare),PENDING,,,false,,OPERATOR,f9bdc4d96735bd1dc39aa326773b01fab18172d3b7bae97b2aff256a8f1d2fdf,NjE0NzgyNTgwMTU5,**** **** 0159,9906355009,,BANDIPORA,Tulail,Baduaab,623,6812,2724,53.0
57750918065,1_623_6812_2724_005075,,GULZAR AHMAD MIR,,,60,Male,Owner,Marginal  Farmer(Farmer having land <1 Hectare),PENDING,,,false,,OPERATOR,a4f6f1a1583293123d3ba0d473811334df2357ef4db7fcda129986e35f33e37b,NjgzNzUzMTI5NDMw,**** **** 9430,7889841568,,BANDIPORA,Tulail,Baduaab,623,6812,2724,0.0
41725750635,1_623_42_2794_005087,,Gh Mohi Ud Din Khan,,,51,Male,Owner,Marginal  Farmer(Farmer having land <1 Hectare),PENDING,,,false,,OPERATOR,5049e9932cb55e2839e6fab1ae49302e1854cf5457a15a8ef735028288da2ae3,MjEzMTI5NjQ3NzM1,**** **** 7735,8493059575,,BANDIPORA,Sonawari,Asham,623,42,2794,0.0
32532048597,1_623_42_2794_005057,,GH AHMAD KALOO,,,70,Male,Owner,Marginal  Farmer(Farmer having land <1 Hectare),PENDING,,,false,,OPERATOR,70ebd87f7eae477441ef5f9bb41fc6b0782650b8da9b2672565e6237344e09bf,OTEyNjI4NjE3NTM1,**** **** 7535,9055404836,,BANDIPORA,Sonawari,Asham,623,42,2794,63.0
29409485287,1_623_6812_2716_005041,,Gh Hassan Mir,,,61,Male,Owner,Marginal  Farmer(Farmer having land <1 Hectare),PENDING,,,false,,OPERATOR,537ccd03be47df58bc1e8671ae46d70ff64072761021a5b63defe7a4f877e935,OTE5MDA4MDc0NDA3,**** **** 4407,7889493491,,BANDIPORA,Tulail,Neeru,623,6812,2716,43.0
75843601251,1_623_42_2794_005063,,GH MOHD TANTRAY,,,69,Male,Owner,Marginal  Farmer(Farmer having land <1 Hectare),PENDING,,,false,,OPERATOR,3e2f7d68df71ea9f40f0b1cd5c7bcc93691e45c17ac880010fc8cceb9ed76ce4,NjkwNDY1MzkzMTgx,**** **** 3181,9797750959,,BANDIPORA,Sonawari,Asham,623,42,2794,0.0
23683419141,1_623_40_2708_005036,,Farooq Ahmad Khan,,,41,Male,Owner,Marginal  Farmer(Farmer having land <1 Hectare),PENDING,,,false,,OPERATOR,ff9f2ff1f3121640047643e8b05431f8e6598fbc1c6d21e07c79fe8a68977c12,MzA4Mzc2NDM5ODE2,**** **** 9816,7889477532,,BANDIPORA,Gurez,Shah Pora - Achoora (Churwan),623,40,2708,32.0
15869618326,1_623_40_2708_005074,,Nazir Ahmad Lone,,,53,Male,Owner,Marginal  Farmer(Farmer having land <1 Hectare),PENDING,,,false,,OPERATOR,f36f4f36d8c817c0a5709c77868015b8309dc9188393b645aca5e0ecb41cafe9,OTI5OTUxOTA5Mzgx,**** **** 9381,9484229758,,BANDIPORA,Gurez,Shah Pora - Achoora (Churwan),623,40,2708,0.0
73869474807,1_623_6812_2724_005079,,Fareed Ahmad Naik,,,35,Male,Owner,Marginal  Farmer(Farmer having land <1 Hectare),PENDING,,,false,,OPERATOR,595503b284a9bda4e1f27edf8b2f6455604eb9581876fbb9fcc665512026b7b7,NTYxNTkyNTA0NTU5,**** **** 4559,9149723614,,BANDIPORA,Tulail,Baduaab,623,6812,2724,46.0
27216947736,1_623_40_2708_005050,,MOHD ISMAIL LONE,,,50,Male,Owner,Marginal  Farmer(Farmer having land <1 Hectare),PENDING,,,false,,OPERATOR,62c9da99fa124d3388737a2787946433bc14d96b4cb949b21497913a0fa17700,NzU0NDc5ODYzNjkz,**** **** 3693,7889731795,,BANDIPORA,Gurez,Shah Pora - Achoora (Churwan),623,40,2708,56.0
66585974802,1_623_40_2708_005073,,Mohd Yaseen Lone,,,91,Male,Owner,Marginal  Farmer(Farmer having land <1 Hectare),PENDING,,,false,,OPERATOR,650033cfad045c547319654f95f18719c7d784b220fe5c345850e191922046a2,ODY5MTAyMDE3NTg0,**** **** 7584,7006890946,,BANDIPORA,Gurez,Shah Pora - Achoora (Churwan),623,40,2708,22.0
33474160645,1_623_40_2708_005037,,Bhakti Begum,,,70,Female,Owner,Marginal  Farmer(Farmer having land <1 Hectare),APPROVED,,,false,,OPERATOR,e4b247d4cf0325e6c09a02565aab1e8f5dfcc79c270f29b2f583bead196294e9,NjcyNTI2NjMwMzU4,**** **** 0358,7889477532,,BANDIPORA,Gurez,Shah Pora - Achoora (Churwan),623,40,2708,79.0
47361702420,1_623_42_2794_005060,,Mohammad Afzal Dar,,,72,Male,Owner,Marginal  Farmer(Farmer having land <1 Hectare),PENDING,,,false,,OPERATOR,a74b67082c0ce2cd5e6d32363c5ce150f8aa054b02a2fcb4e699bfc46aa2c064,NjUyMDAyNzUzODI1,**** **** 3825,9906954234,,BANDIPORA,Sonawari,Asham,623,42,2794,66.0
78265980711,1_623_40_936275_005013,,MUMTAZ AHMAD HARRAY,,,54,Male,Owner,Marginal  Farmer(Farmer having land <1 Hectare),PENDING,,,false,,OPERATOR,0a8a9c9482373039f3448f1750917ce875beca919b8bfcd82b3f19c4b59eecd8,ODE1MDE4OTIyODQ4,**** **** 2848,9469201504,,BANDIPORA,Gurez,Gulshanpora,623,40,936275,0.0
91316023925,1_623_40_936275_005014,,MOHAMMAD JAMAL CHOPAN,,,58,Male,Owner,Marginal  Farmer(Farmer having land <1 Hectare),PENDING,,,false,,OPERATOR,8fcffeb1842a20a707dcd0f0b577000fae7b451c7e399dd3d5058d12e3c6f211,ODAwNjc3MDMwMTcw,**** **** 0170,9103279520,,BANDIPORA,Gurez,Gulshanpora,623,40,936275,46.0
56172229461,1_623_40_936275_005036,,Ghulam Rasul Bhat,,,52,Male,Owner,Marginal  Farmer(Farmer having land <1 Hectare),PENDING,,,false,,OPERATOR,05ecb05b2ea5dbe9b7452867f7ec6f06579328f036a30b32fe5017826026a88f,NTExMzczMTMzNTg3,**** **** 3587,9541094568,,BANDIPORA,Gurez,Gulshanpora,623,40,936275,54.0
49763523806,1_623_42_2794_005059,,Mohmad Abdula Bhat,,,81,Male,Owner,Marginal  Farmer(Farmer having land <1 Hectare),PENDING,,,false,,OPERATOR,2653ca12b71322d6b4f440e8423273aeda7bda482861cd546acc510209353394,Mzg5NzczNDE0NjYy,**** **** 4662,7051816179,,BANDIPORA,Sonawari,Asham,623,42,2794,53.0
99938810851,1_623_40_2708_005054,,MOHD AFZAL LONE,,,56,Male,Owner,Marginal  Farmer(Farmer having land <1 Hectare),PENDING,,,false,,OPERATOR,06cd03f229554267525ecb31d9528f4b23dbe4fc44673c9b450b6b751f96cb28,NjE5ODA3MDY0NDY1,**** **** 4465,9682674390,,BANDIPORA,Gurez,Shah Pora - Achoora (Churwan),623,40,2708,46.0
42304634178,1_623_40_2708_005039,,Sajid Ahmad Khan,,,21,Male,Owner,Marginal  Farmer(Farmer having land <1 Hectare),PENDING,,,false,,OPERATOR,dc4d6624627f9b42ee7f299ce6fcf8c6cfbb9cc6645c56370701186a83119184,NzQyMzcwODQyODUw,**** **** 2850,7006692533,,BANDIPORA,Gurez,Shah Pora - Achoora (Churwan),623,40,2708,21.0
52452076392,1_623_6812_2711_005029,,Gh Mohd Wani,,,71,Male,Owner,Marginal  Farmer(Farmer having land <1 Hectare),PENDING,,,false,,OPERATOR,d619ad4adfff554d3680dc5725bf58973afcff75358c355784fdcf3829afc806,NzUxOTc2MDU3Njg0,**** **** 7684,6005865691,,BANDIPORA,Tulail,Zedgey,623,6812,2711,20.0
71723780281,1_623_6812_2716_005067,,Mohammad Jamal Mir,,,66,Male,Owner,Marginal  Farmer(Farmer having land <1 Hectare),APPROVED,,,false,,OPERATOR,6bc5aabc1e076fccff7af30b4343053eb5ac202430d084f5634a0a6f6fd027eb,MjY4NzMxOTUxOTg1,**** **** 1985,9320606576,,BANDIPORA,Tulail,Neeru,623,6812,2716,23.0
34227548544,1_623_6812_2711_005022,,Ghulam Mohammad Wani,,,58,Male,Owner,Marginal  Farmer(Farmer having land <1 Hectare),PENDING,,,false,,OPERATOR,85b08830cfdfd4c045cf27b25416be5d7fa8e3bab59857403f96f6b70c8d002b,NjU5NTIyODcwNTM3,**** **** 0537,9320662857,,BANDIPORA,Tulail,Zedgey,623,6812,2711,56.0
30380319415,1_623_6812_2724_005126,,Shams Ud Din Naik,,,41,Male,Owner,Marginal  Farmer(Farmer having land <1 Hectare),PENDING,,,false,,OPERATOR,90b6b20597016482b734c6fb8b355c1e84478524b5748f4fbdbc523d90f263a9,MzkxMzk4OTI2MTgx,**** **** 6181,9103334836,,BANDIPORA,Tulail,Baduaab,623,6812,2724,0.0
11888045484,1_623_40_2708_005053,,Latif Ahmad Lone,,,40,Male,Owner,Marginal  Farmer(Farmer having land <1 Hectare),PENDING,,,false,,OPERATOR,8325043c2660eaa0798fce726f731396d2dd26a6315d224aec0bacb9ee6d8ca6,Njg2MTI2NTI1MzI0,**** **** 5324,7006619046,,BANDIPORA,Gurez,Shah Pora - Achoora (Churwan),623,40,2708,56.0
21307682951,1_623_6812_2716_005047,,GH AHMAD MIR,,,71,Male,Owner,Marginal  Farmer(Farmer having land <1 Hectare),PENDING,,,false,,OPERATOR,bf34f7b26e1e1d762295a11feb1baa9f89b04873095b8d72665888b273cdca96,ODEyMTQ1NTM2MTMx,**** **** 6131,7889859550,,BANDIPORA,Tulail,Neeru,623,6812,2716,38.0
64050298957,1_623_40_2705_005000,,Farooz Ahmad Mapnoo,,,50,Male,Owner,Marginal  Farmer(Farmer having land <1 Hectare),PENDING,,,false,,OPERATOR,08d2945f0e61269c4b7478bfbb7e6f83e967f03287a4579ed898d1919c38a90e,NzIwOTc1Njc5MzE1,**** **** 9315,6005145422,,BANDIPORA,Gurez,Badwan,623,40,2705,0.0
42433966737,1_623_42_2794_005062,,Mohmad Ayoub Kaloo,,,49,Male,Owner,Marginal  Farmer(Farmer having land <1 Hectare),PENDING,,,false,,OPERATOR,a430340dba0d9d13c62ad1e853840dc2ee9e1969db5b124b9b37534cc4a06cf7,NTU5Mzk0NDkzMTA0,**** **** 3104,7006837988,,BANDIPORA,Sonawari,Asham,623,42,2794,64.0
74352804032,1_623_6812_2711_005023,,MOHD RAMZAN KHAN,,,61,Male,Owner,Marginal  Farmer(Farmer having land <1 Hectare),PENDING,,,false,,OPERATOR,8dd18a4312c6969ff13bb5345401dfe76c9864f9141f46fb2c3fac311c4257e3,NDYzMDc1MzU1NDg3,**** **** 5487,6005768654,,BANDIPORA,Tulail,Zedgey,623,6812,2711,43.0
41855603875,1_623_42_2794_005061,,GH QADIR NAJAR,,,60,Male,Owner,Small Farmer (Farmer having Land >=1 & <2 Hectare),PENDING,,,false,,OPERATOR,d70c012df5ff846b0e35b216f994fea8d5b01773fbea99b8689ee55d47784a42,NjgyNTM3MTk1NDAz,**** **** 5403,9018759010,,BANDIPORA,Sonawari,Asham,623,42,2794,43.0
24979086309,1_623_40_936275_005001,,Mohd Jalil Lone,,,60,Male,Owner,Marginal  Farmer(Farmer having land <1 Hectare),PENDING,,,false,,OPERATOR,cd1859315e7836e38e62ac116ab495ec506af5fea124a4201cb362b9e9f8449c,OTExNzAyMzA2MjQy,**** **** 6242,6006772424,,BANDIPORA,Gurez,Gulshanpora,623,40,936275,33.0
95941130778,1_623_6812_2711_005024,,Mohd Anwar Khan,,,57,Male,Owner,Marginal  Farmer(Farmer having land <1 Hectare),PENDING,,,false,,OPERATOR,ac9db531faf3e8818ff7adfff16f4a33bebc360979e2f369fd64d866dc82f517,NzYyNDg3NjY4ODM0,**** **** 8834,6006055628,,BANDIPORA,Tulail,Zedgey,623,6812,2711,57.0
47437010555,1_623_40_936275_005002,,Mohd Abdullah Bhat,,,40,Male,Owner,Marginal  Farmer(Farmer having land <1 Hectare),PENDING,,,false,,OPERATOR,7d0b5ebc7ba2a1c2059db01d89025ab14da92fed49150538fcba0a6825597bc3,OTYyMDM5OTk2MjA3,**** **** 6207,7889531039,,BANDIPORA,Gurez,Gulshanpora,623,40,936275,53.0
80185551813,1_623_40_2708_005049,,Manzoor Ahmad Lone,,,41,Male,Owner,Marginal  Farmer(Farmer having land <1 Hectare),PENDING,,,false,,OPERATOR,8ece62727f10cc11da1636addc25233ed4ef206922fed64d2467192e19f6a69e,MjQ1ODM4NzMwMzcw,**** **** 0370,7006455575,,BANDIPORA,Gurez,Shah Pora - Achoora (Churwan),623,40,2708,55.0
22244866794,1_623_6812_2711_005026,,Mohd Munwar Khan,,,49,Male,Owner,Marginal  Farmer(Farmer having land <1 Hectare),PENDING,,,false,,OPERATOR,0f66c8d5843d8f488a9a0ed5a947339edbe19863afaae582c6b1ea6a552e9b8c,MjkzNzg5NjYyMjA2,**** **** 2206,6005506692,,BANDIPORA,Tulail,Zedgey,623,6812,2711,58.0
48337039918,1_623_40_2707_005057,,Akhter Hussain Lone,,,41,Male,Owner,Marginal  Farmer(Farmer having land <1 Hectare),PENDING,,,false,,OPERATOR,0ef1a678ce996e0865ba4a4fb17ee9556670838862b0e0ddbfe559b81b25160f,OTUxNzEwNjA5NjA1,**** **** 9605,7006299634,,BANDIPORA,Gurez,Markoot,623,40,2707,0.0
96784769828,1_623_6811_2783_005019,,Sabreena Shaban,,,42,Female,Owner,Marginal  Farmer(Farmer having land <1 Hectare),PENDING,,,false,,OPERATOR,318675e4d48382a548d2575e666d1c2db3a0e9155efce70a7d92525a250e818f,NzI3MTg4MDQwMDI1,**** **** 0025,7889640112,,BANDIPORA,Hajin,Vijipara,623,6811,2783,50.0
22941916388,1_623_6812_2716_005042,,Niyaz Ahmad Mir,,,41,Male,Owner,Marginal  Farmer(Farmer having land <1 Hectare),APPROVED,,,false,,OPERATOR,cb948c05264fc154c2e5fb69aabd3eedc7798d25981d95509bbef2c04e2e929d,NzA1MDEwNTk3MjUw,**** **** 7250,9149955670,,BANDIPORA,Tulail,Neeru,623,6812,2716,76.0
11341906640,1_623_6812_2716_005048,,FAROOQ MIR,,,56,Male,Owner,Marginal  Farmer(Farmer having land <1 Hectare),PENDING,,,false,,OPERATOR,49908592d960d93b65a95e1a67d896b39ce526a8137ddd1e0028a763762c8b0e,NTAwNzE1NDY5MTk0,**** **** 9194,6006685617,,BANDIPORA,Tulail,Neeru,623,6812,2716,0.0
30265308683,1_623_42_2794_005078,,ALI MOHD BHAT,,,71,Male,Owner,Small Farmer (Farmer having Land >=1 & <2 Hectare),PENDING,,,false,,OPERATOR,68a8078c986fcb034f89445aea43f84082225f8258279549c08a2c5f3d87bb42,NTg3MTIwNDgzMjY3,**** **** 3267,8494062816,,BANDIPORA,Sonawari,Asham,623,42,2794,53.0
83131256409,1_623_40_936275_005015,,Jahangeer Khazir,,,38,Male,Owner,Marginal  Farmer(Farmer having land <1 Hectare),APPROVED,,,false,,OPERATOR,ae2a8c866f6791b07ec77bded6c5c4bcffb8bfe0ab0870cc63cf26de7c9959aa,OTEwMjg3NTA3MjAx,**** **** 7201,6006651529,,BANDIPORA,Gurez,Gulshanpora,623,40,936275,85.0
27763802992,1_623_40_2707_005058,,Raja Jahangir Lone,,,32,Male,Owner,Marginal  Farmer(Farmer having land <1 Hectare),PENDING,,,false,,OPERATOR,812e23f828ccfd8fc17ba33338c097c0e50b667ada91e0957474ab0b8c33dbf7,MzM0NjYzMjM2MTI3,**** **** 6127,7006833418,,BANDIPORA,Gurez,Markoot,623,40,2707,0.0
92888410525,1_623_40_2708_005055,,Abdul Majeed Akhoon,,,58,Male,Owner,Marginal  Farmer(Farmer having land <1 Hectare),PENDING,,,false,,OPERATOR,dfe12e9788c666206f473a1f1d644ecb4196023b98915fdff508b9b558fe20cf,MzgzMTY3OTczMjAx,**** **** 3201,6005581814,,BANDIPORA,Gurez,Shah Pora - Achoora (Churwan),623,40,2708,61.0
93901163256,1_623_40_2708_005075,,Assadullah Lone,,,65,Male,Owner,Marginal  Farmer(Farmer having land <1 Hectare),PENDING,,,false,,OPERATOR,d0c6ab591c331b6cc678efb8c6d445da37853216e053168d9677f827cf6e5f03,MjEwMjI3NTQzNzk2,**** **** 3796,9469565158,,BANDIPORA,Gurez,Shah Pora - Achoora (Churwan),623,40,2708,0.0
71304144295,1_623_40_2708_005056,,Ghulam Mohammad Lone,,,65,Male,Owner,Marginal  Farmer(Farmer having land <1 Hectare),PENDING,,,false,,OPERATOR,8375abe85b197b51432ed6d3fd9c41c9c658bd2dcdda390c8d1995651550b201,NDI3ODM4Mzk0OTMz,**** **** 4933,9149797732,,BANDIPORA,Gurez,Shah Pora - Achoora (Churwan),623,40,2708,46.0
15616515661,1_623_40_936275_005017,,MOHD RAFIQ LONE,,,52,Male,Owner,Marginal  Farmer(Farmer having land <1 Hectare),PENDING,,,false,,OPERATOR,6be7e143ef0f93297f09c1e150933d840d507c6866a85df25c7ae1e024277b73,Mjg0NzE3MDIyODAy,**** **** 2802,9149811984,,BANDIPORA,Gurez,Gulshanpora,623,40,936275,53.0
38653080801,1_623_6812_2716_005049,,MOHD ASHRAF MIR,,,34,Male,Owner,Marginal  Farmer(Farmer having land <1 Hectare),PENDING,,,false,,OPERATOR,0d01c9925467d1dc006776d03b3212c571dd9baa448385fba8c44ce63822d79f,NjY4MDMwOTU3NTA1,**** **** 7505,6006918075,,BANDIPORA,Tulail,Neeru,623,6812,2716,43.0
45870109269,1_623_42_2794_005088,,Abdul Majeed Kaloo,,,61,Male,Owner,Marginal  Farmer(Farmer having land <1 Hectare),APPROVED,,,false,,OPERATOR,b8c2f32590e483765a7cdd3c7013bb5ba58c80b861b99bdc29a95a4364ca5655,NTMxMzQ4ODM5MTkz,**** **** 9193,6005596490,,BANDIPORA,Sonawari,Asham,623,42,2794,66.0
12921036887,1_623_40_2705_005013,,Kamar Ud Din Lone,,,51,Male,Owner,Marginal  Farmer(Farmer having land <1 Hectare),PENDING,,,false,,OPERATOR,b78a9949c2738b8c89771ee1e477f06796bb580ec6c61ddef5c28c9626fb5a3e,NzQyNzczNDk3MTQ4,**** **** 7148,7889703044,,BANDIPORA,Gurez,Badwan,623,40,2705,53.0
93252214247,1_623_6812_2724_005105,,NANIE BEGUM,,,65,Female,Owner,Marginal  Farmer(Farmer having land <1 Hectare),PENDING,,,false,,OPERATOR,ed8bee149e8348d2772bcabfe13e6c657ce468aaf8914ecaa3ad6b58feb46fed,MzMzODA1Mzc5OTEx,**** **** 9911,9103069584,,BANDIPORA,Tulail,Baduaab,623,6812,2724,50.0
69927260535,1_623_6812_2716_005066,,GULZAR MIR,,,66,Male,Owner,Marginal  Farmer(Farmer having land <1 Hectare),PENDING,,,false,,OPERATOR,a44e22b5f037107d4877975f5ef7891e374ca663860d676daec4ca6c3deeb563,MzYwOTY4OTk0ODMx,**** **** 4831,9149602056,,BANDIPORA,Tulail,Neeru,623,6812,2716,35.0
53143752134,1_623_40_2705_005014,,Khurshied Ahmad Lone,,,33,Male,Owner,Marginal  Farmer(Farmer having land <1 Hectare),PENDING,,,false,,OPERATOR,0a5a3372fe20b7c244da53befe3e97ef472bc30836db6090cc945966cbd70c0e,Mjg1MTg3NzQzMTc3,**** **** 3177,9103786690,,BANDIPORA,Gurez,Badwan,623,40,2705,65.0
87915280770,1_623_6812_2724_005106,,Jani Bagum,,,34,Female,Owner,Marginal  Farmer(Farmer having land <1 Hectare),PENDING,,,false,,OPERATOR,1f52115fa7def72490b9daaf643d4d4318a9cf845de1093c8783dcea692b63fc,OTIwMTg5OTIyODkx,**** **** 2891,6005410896,,BANDIPORA,Tulail,Baduaab,623,6812,2724,25.0
65556781625,1_623_40_936275_005019,,GH MOHD LONE,,,80,Male,Owner,Marginal  Farmer(Farmer having land <1 Hectare),PENDING,,,false,,OPERATOR,aa07909fa2462c66732010045e5bd2f557b0e64bcef9af43c8fa356a84787b84,OTUyNzEyNjM2NTkz,**** **** 6593,6005051274,,BANDIPORA,Gurez,Gulshanpora,623,40,936275,30.0
29773059422,1_623_6812_2724_005107,,GH RASOOL BEIGH,,,75,Male,Owner,Marginal  Farmer(Farmer having land <1 Hectare),PENDING,,,false,,OPERATOR,cb9e7399590203a51e19e9cac0ec645ffa0cadb086862f0c3acdb5cb083b27db,NDA4OTg3NDE3Njgy,**** **** 7682,7780863440,,BANDIPORA,Tulail,Baduaab,623,6812,2724,53.0
94510494701,1_623_40_2708_005058,,Rayaz Ahmad Wani,,,42,Male,Owner,Marginal  Farmer(Farmer having land <1 Hectare),PENDING,,,false,,OPERATOR,1fda7af0cde8d06703946b9ff339eb416ddf11fc77a00f141c4712197a86a8be,NjY4OTYzNzQwNjYz,**** **** 0663,7780930218,,BANDIPORA,Gurez,Shah Pora - Achoora (Churwan),623,40,2708,17.0
79858910991,1_623_6812_2716_005050,,Kulsooma Banoo,,,35,Female,Owner,Marginal  Farmer(Farmer having land <1 Hectare),PENDING,,,false,,OPERATOR,3169165234bfbc7e4e12429f2668df4d6d57bde156a2509204065c14952cf5c8,NjcxNTk5Njc2MTM1,**** **** 6135,6005521589,,BANDIPORA,Tulail,Neeru,623,6812,2716,34.0
78774027092,1_623_40_936275_005018,,Mustafa Jalil Harey,,,47,Male,Owner,Marginal  Farmer(Farmer having land <1 Hectare),PENDING,,,false,,OPERATOR,f6414dd85b45f150f973bb72030b0b5bedccc99786375c5158edeb6b16164efe,OTQ0NTI2Njc3MTk4,**** **** 7198,9103268294,,BANDIPORA,Gurez,Gulshanpora,623,40,936275,32.0
19295850998,1_623_40_936275_005037,,Mohammad Abdullah Bhat,,,46,Male,Owner,Marginal  Farmer(Farmer having land <1 Hectare),PENDING,,,false,,OPERATOR,2d8c000cb0f846c59ed278579adfe4004e5cfe600f2b667141621917495526bb,Mjg1MTc0NzE1Mjgx,**** **** 5281,6006852093,,BANDIPORA,Gurez,Gulshanpora,623,40,936275,56.0
68571379489,1_623_40_2707_005082,,AB KABIR LONE,,,71,Male,Owner,Marginal  Farmer(Farmer having land <1 Hectare),PENDING,,,false,,OPERATOR,7b6dbebff3965b33f4347f1351ff7b21ad2a5879cadc2463e67020fa85a903c5,ODUyODUxMDI5MzI1,**** **** 9325,9419672363,,BANDIPORA,Gurez,Markoot,623,40,2707,33.0
67446533127,1_623_6812_2724_005108,,IMRAN KHAN,,,25,Male,Owner,Marginal  Farmer(Farmer having land <1 Hectare),PENDING,,,false,,OPERATOR,23b1120bc27b3303b70b6c0ca3e56200f633b372c41af95ca1dd047a56e3249d,NDQzMDQ0MTM1Mjk0,**** **** 5294,7889301467,,BANDIPORA,Tulail,Baduaab,623,6812,2724,0.0
69799509945,1_623_41_2740_005011,,GH NABI MALIK,,,59,Male,Owner,Marginal  Farmer(Farmer having land <1 Hectare),PENDING,,,false,,OPERATOR,786f6995463686b34191461a1d0606ec2b50c6ade7a9e2f6692f51f3cc61802f,NDU3MTkyNzMzNzA3,**** **** 3707,6005055501,,BANDIPORA,Bandipora,Khayar,623,41,2740,53.0
59956886891,1_623_6812_2716_005053,,Shah U Deen Mir,,,26,Male,Owner,Marginal  Farmer(Farmer having land <1 Hectare),PENDING,,,false,,OPERATOR,c2a1d33b52533d22bdade9f20587e3bdb38cf74f142e86cc4df6caf6d68e29de,NzgyMDc1NjY4MTg2,**** **** 8186,9149978305,,BANDIPORA,Tulail,Neeru,623,6812,2716,66.0
81763789038,1_623_6811_2784_005004,,Jan Mohammad Sheikh,,,60,Male,Owner,Marginal  Farmer(Farmer having land <1 Hectare),PENDING,,,false,,OPERATOR,00b6a1ba787b167450400b31453e00f76abe967b9130c0dbe6bd2d4b4202e1f0,NTk2ODI1NjMyMTI5,**** **** 2129,9622593126,,BANDIPORA,Hajin,Gundi Boon,623,6811,2784,0.0
42412692536,1_623_6812_2716_005054,,Feroz Mir,,,32,Male,Owner,Marginal  Farmer(Farmer having land <1 Hectare),PENDING,,,false,,OPERATOR,96ec4035b828ba3179619723c0c5b02d1c47182c399e29037f8f03990a4a2c2f,Mjc5MDcyOTM0NDAy,**** **** 4402,6005708459,,BANDIPORA,Tulail,Neeru,623,6812,2716,22.0
75774029556,1_623_6812_2724_005141,,SALEEMA BEGUM,,,46,Female,Owner,Marginal  Farmer(Farmer having land <1 Hectare),PENDING,,,false,,OPERATOR,da632d6e251c2a99eb8c7acf58d19f455528e3258db1d46f501f2fdb78c3013e,MzU1NTQzNzA0OTE0,**** **** 4914,7889708271,,BANDIPORA,Tulail,Baduaab,623,6812,2724,50.0
38900533310,1_623_40_936275_005020,,HAMEEDA BEGUM,,,46,Female,Owner,Marginal  Farmer(Farmer having land <1 Hectare),PENDING,,,false,,OPERATOR,30c676d29758bfcb4c771e4c7928dcb5863a0babafe7186fde3a9541bbc57626,MjIzMDk0NDQ2Mzcz,**** **** 6373,7006708051,,BANDIPORA,Gurez,Gulshanpora,623,40,936275,0.0
78873366293,1_623_41_2740_005012,,Shazada Begum,,,54,Female,Owner,Marginal  Farmer(Farmer having land <1 Hectare),PENDING,,,false,,OPERATOR,d22b9a0048e9ba87a9d9e8bb947c96c1843ba9ecee4a968e2d263e9959a03544,OTM2MjU3NTQzMDAy,**** **** 3002,9906535278,,BANDIPORA,Bandipora,Khayar,623,41,2740,50.0
64900090411,1_623_40_2707_005074,,Khatija Bagum,,,76,Female,Owner,Marginal  Farmer(Farmer having land <1 Hectare),PENDING,,,false,,OPERATOR,d68f0756064ef961e2dd239eca0753cb879379d14cc289dff1bcd50313388587,MjIzMTY2MTU1NjA3,**** **** 5607,7889329226,,BANDIPORA,Gurez,Markoot,623,40,2707,13.0
59143216980,1_623_40_2707_005059,,Mohd Wazir Lone,,,48,Male,Owner,Marginal  Farmer(Farmer having land <1 Hectare),PENDING,,,false,,OPERATOR,bb39435a943f2233718e6d90f67331eb25ce38464b440f21c9f333c7d14a579b,ODEyNzgzMTczNDIz,**** **** 3423,6005440556,,BANDIPORA,Gurez,Markoot,623,40,2707,57.0
31348157253,1_623_6812_2724_005109,,Mohd Sharief Mapnoo,,,60,Male,Owner,Marginal  Farmer(Farmer having land <1 Hectare),PENDING,,,false,,OPERATOR,4bfcf511b698d6489a4cd5bec0d692ff903165135f0b851713c72b220d0b02f0,Mzg5Nzk4OTg5NzUw,**** **** 9750,9103040613,,BANDIPORA,Tulail,Baduaab,623,6812,2724,53.0
68532167834,1_623_6812_2716_005051,,Mushtaq Ahmed Mir,,,45,Male,Owner,Marginal  Farmer(Farmer having land <1 Hectare),PENDING,,,false,,OPERATOR,98dc5665d59bed4c333cbdd726fa151337e509d126f2d0598fa879a425ff79c3,NTg1NzMyNTc2NjQ5,**** **** 6649,6006297564,,BANDIPORA,Tulail,Neeru,623,6812,2716,56.0
49065153970,1_623_40_2708_005057,,Mohammad Sultan Lone,,,49,Male,Owner,Marginal  Farmer(Farmer having land <1 Hectare),PENDING,,,false,,OPERATOR,36b4563469ee724c219af53d85110827fd320f2b5619b528a5b6ef597626e607,NTk1NzU4NjIwODQx,**** **** 0841,9797763839,,BANDIPORA,Gurez,Shah Pora - Achoora (Churwan),623,40,2708,53.0
74706723679,1_623_6812_2716_005052,,Gh Mohd Mir,,,53,Male,Owner,Marginal  Farmer(Farmer having land <1 Hectare),PENDING,,,false,,OPERATOR,7bc8e260ba4dd1b703e70925b8a79c8182078a93e78fa68588c48567004d4930,NDQ3NDQ3NTYxMDI1,**** **** 1025,7006380079,,BANDIPORA,Tulail,Neeru,623,6812,2716,51.0
11526983903,1_623_6812_2716_005068,,Mohammad Amin Mir,,,46,Male,Owner,Marginal  Farmer(Farmer having land <1 Hectare),PENDING,,,false,,OPERATOR,0599bffd5b63be8cc94c205c6d84896538aca8ae216d3bdf57213d03f6d7b9ef,NjQ3ODMwNzMyMzYw,**** **** 2360,6006511274,,BANDIPORA,Tulail,Neeru,623,6812,2716,66.0
87436179478,1_623_40_2707_005044,,Mohd Muzaffar Akhoon,,,48,Male,Owner,Marginal  Farmer(Farmer having land <1 Hectare),PENDING,,,false,,OPERATOR,5540d2d92593f43ce349f57963caa76c196dc5717f2381be6d4a01ef390f067c,NDkxMTUxODI2MDAw,**** **** 6000,7780944653,,BANDIPORA,Gurez,Markoot,623,40,2707,0.0
18887359108,1_623_42_2794_005092,,Mohd Farooq Dar,,,66,Male,Owner,Marginal  Farmer(Farmer having land <1 Hectare),PENDING,,,false,,OPERATOR,6d6a006527831ece2366e18e727f88855c95aa12a14fdc2b415fc00a11673e93,NDQzMzU3NTAyOTk0,**** **** 2994,9622877251,,BANDIPORA,Sonawari,Asham,623,42,2794,0.0
79473830442,1_623_40_2705_005015,,Imran Ahmad Lone,,,37,Male,Owner,Marginal  Farmer(Farmer having land <1 Hectare),PENDING,,,false,,OPERATOR,348f5460a04955df3331f3b1004ae16309c315384217ba4204ff6e2d2ee67a76,MzIxMzYyOTc4Nzkw,**** **** 8790,8637009082,,BANDIPORA,Gurez,Badwan,623,40,2705,32.0
97997720876,1_623_6812_2716_005055,,Tarooq Ahmad Mir,,,44,Male,Owner,Marginal  Farmer(Farmer having land <1 Hectare),PENDING,,,false,,OPERATOR,fefaac396a0aadd30e1c7ee40dbd50fafcd14d45a04a8d3de631705293090fe4,NjEzOTg2NjIxMTYw,**** **** 1160,7889430782,,BANDIPORA,Tulail,Neeru,623,6812,2716,35.0
17091896949,1_623_6812_2724_005110,,SHAKEEL AHMAD KHAN,,,37,Male,Owner,Marginal  Farmer(Farmer having land <1 Hectare),PENDING,,,false,,OPERATOR,06dbaea6c2d71e308aa400e3c895204f6781c7e9880c4a66738df3c40ac154db,MjQ2NDY4MzAzNzE4,**** **** 3718,6006989549,,BANDIPORA,Tulail,Baduaab,623,6812,2724,46.0
98672476821,1_623_42_2810_005035,,Mohammad Qasim Dar,,,62,Male,Owner,Marginal  Farmer(Farmer having land <1 Hectare),PENDING,,,false,,OPERATOR,0fa1edb520c1c76ef8ab28acece12fdc833e148abd44d800f4db7092ee7b8759,MjU2MjM4MDczNDUz,**** **** 3453,6006413133,,BANDIPORA,Sonawari,Odina,623,42,2810,0.0
40831169575,1_623_41_2740_005013,,HILAL AHMAD MALIK,,,41,Male,Owner,Marginal  Farmer(Farmer having land <1 Hectare),PENDING,,,false,,OPERATOR,84feb952c6ae4f8197ae95279b9dca14ad762710c73a6237aff4cd8718206746,MzE3NDM2MzkxMDA3,**** **** 1007,7051685741,,BANDIPORA,Bandipora,Khayar,623,41,2740,46.0
57503670797,1_623_40_2705_005016,,Razwan Mapnoo,,,25,Male,Owner,Marginal  Farmer(Farmer having land <1 Hectare),PENDING,,,false,,OPERATOR,0dcee1881ae41016e76628e6ff821161fb839a5703761417fc86c626df1e6721,MjgzNTM4NDE1Mjkx,**** **** 5291,9682148894,,BANDIPORA,Gurez,Badwan,623,40,2705,0.0
99218336250,1_623_40_936275_005021,,Mohd Shafi Ahanger,,,48,Male,Owner,Marginal  Farmer(Farmer having land <1 Hectare),PENDING,,,false,,OPERATOR,4f10b10e95173f23f1ef38d169801e189c535ed197824f19454207782b3c5b9f,NjM4NzYwMzgyNTMy,**** **** 2532,6005728359,,BANDIPORA,Gurez,Gulshanpora,623,40,936275,53.0
53881247845,1_623_42_2810_005030,,Ajaz Ahmad Mir,,,35,Male,Owner,Marginal  Farmer(Farmer having land <1 Hectare),PENDING,,,false,,OPERATOR,ff828331c30285b94346a84f50841f68e35079b71392c001681264f41e066eaa,NTYyNDc0MTExMzYz,**** **** 1363,9858428402,,BANDIPORA,Sonawari,Odina,623,42,2810,34.0
85244349730,1_623_6812_2724_005111,,Ab Majeed Lone,,,57,Male,Owner,Marginal  Farmer(Farmer having land <1 Hectare),PENDING,,,false,,OPERATOR,2cc0e4570d61de84afb7361a8900a0bc961777a3adaa79ef148742c549d77387,NTM5MzM3OTg2ODAy,**** **** 6802,9018888149,,BANDIPORA,Tulail,Baduaab,623,6812,2724,39.0
14132852745,1_623_41_2764_005000,,Mohd Sabir Chopan,,,61,Male,Owner,Marginal  Farmer(Farmer having land <1 Hectare),PENDING,,,false,,OPERATOR,52817304b02b095e1243280e4056e9be2a87e3c4e040bafa80de2079c940fbaf,ODc1ODQ1MzM5NTcw,**** **** 9570,8899002658,,BANDIPORA,Bandipora,Gund Dachina,623,41,2764,46.0
56965279644,1_623_40_936275_005023,,Aftab Ahmad Lone,,,41,Male,Owner,Marginal  Farmer(Farmer having land <1 Hectare),PENDING,,,false,,OPERATOR,7783ca99001fd0d1fe448f10f4d4f42931da40f8dc30c619c5af7243cad67cf4,NTkyMjE5MDczMjM3,**** **** 3237,9149686233,,BANDIPORA,Gurez,Gulshanpora,623,40,936275,64.0
23138107728,1_623_40_2708_005090,,Rupani Begum,,,59,Female,Owner,Marginal  Farmer(Farmer having land <1 Hectare),PENDING,,,false,,OPERATOR,968c615ab6bb48cc61b0b7334e5506ca9333fa68123b65ebb701274c4ba457f0,NzM5MDE0MTMxNTQy,**** **** 1542,9797872668,,BANDIPORA,Gurez,Shah Pora - Achoora (Churwan),623,40,2708,0.0
56207553421,1_623_40_2707_005060,,MOHD AYOOB LONE,,,51,Male,Owner,Marginal  Farmer(Farmer having land <1 Hectare),PENDING,,,false,,OPERATOR,1dae3082ec2504049df112add624344962443f49b98583d9d6bb385fa80dceed,MjgwNDM1ODIwOTA3,**** **** 0907,9682329199,,BANDIPORA,Gurez,Markoot,623,40,2707,42.0
70642760287,1_623_40_936275_005022,,Waseem Jalil Harray,,,35,Male,Owner,Marginal  Farmer(Farmer having land <1 Hectare),PENDING,,,false,,OPERATOR,fef7a5b5d18022f5c5787d9f6e1be0565bf05778bf600e246dbdf545b5b34d4c,NzgzNTUxNTYxNDg5,**** **** 1489,7889582647,,BANDIPORA,Gurez,Gulshanpora,623,40,936275,64.0
17450954136,1_623_6812_2716_005056,,Khursheed Ahmad Mir,,,38,Male,Owner,Marginal  Farmer(Farmer having land <1 Hectare),PENDING,,,false,,OPERATOR,db56a2634b222a730b44099455aeb7a51bf9436574fd3b360fc8c7674f606854,MjA1NDA2NjIyOTQ1,**** **** 2945,7006163386,,BANDIPORA,Tulail,Neeru,623,6812,2716,45.0
92210246405,1_623_40_2708_005077,,Shahdullah Lone,,,72,Male,Owner,Marginal  Farmer(Farmer having land <1 Hectare),PENDING,,,false,,OPERATOR,c9534c61cde02d862d93d0311aece3a7e5306f6b21a5c86f90fa9a97a2532a8c,NDg1NzI3NjIxNTk1,**** **** 1595,8082307166,,BANDIPORA,Gurez,Shah Pora - Achoora (Churwan),623,40,2708,47.0
59764661853,1_623_6812_2724_005112,,Shahdin Mapnoo,,,47,Male,Owner,Marginal  Farmer(Farmer having land <1 Hectare),PENDING,,,false,,OPERATOR,6d90942a25eee48c0ce2211c77c3e29f300a7a4ed33f2ab04daa77280dd70375,MjgyNDA4OTU5MDE3,**** **** 9017,7006861389,,BANDIPORA,Tulail,Baduaab,623,6812,2724,0.0
91742224261,1_623_6812_2716_005069,,Mohd Amin Mir,,,27,Male,Owner,Marginal  Farmer(Farmer having land <1 Hectare),PENDING,,,false,,OPERATOR,e497267740cdca2d098d79d5f79671b89404e3834503ec2559cad4cd7cf9727a,NjQ0Njk2NTEwOTI1,**** **** 0925,6006052735,,BANDIPORA,Tulail,Neeru,623,6812,2716,53.0
34821102136,1_623_40_2708_005076,,Mohammad Akbar Lone,,,69,Male,Owner,Marginal  Farmer(Farmer having land <1 Hectare),PENDING,,,false,,OPERATOR,cc95252b8a8d515fdaa7321071bcba47df19ad976f5c3f1b543d60bea5524f3c,OTkyNTUxMjg1NjIy,**** **** 5622,9906957049,,BANDIPORA,Gurez,Shah Pora - Achoora (Churwan),623,40,2708,55.0
50432336533,1_623_40_2707_005045,,SHOWKET AHMAD AKHOON,,,43,Male,Owner,Marginal  Farmer(Farmer having land <1 Hectare),PENDING,,,false,,OPERATOR,9df4759e1e994bdd22aa88a31ce17f2f241395fefdd13161360d4781cd9bfafd,MzM2OTUzODY0MzQ1,**** **** 4345,6006123127,,BANDIPORA,Gurez,Markoot,623,40,2707,55.0
85854741462,1_623_6812_2724_005140,,Mohmad Hussain Mapnoo,,,70,Male,Owner,Marginal  Farmer(Farmer having land <1 Hectare),PENDING,,,false,,OPERATOR,d8d0662e1e988162680d80999f0492acbf53323cc33d5c3fab655ba7584b532c,NzQ5MzExMzMxMzY5,**** **** 1369,8494068464,,BANDIPORA,Tulail,Baduaab,623,6812,2724,0.0
75304940454,1_623_40_2708_005008,,Mohd Akber Khan,,,76,Male,Owner,Marginal  Farmer(Farmer having land <1 Hectare),PENDING,,,false,9469432503,OPERATOR,41fc10cc297c9d19210ccef7f40cb770afeefdb98eb97dde9dfa910380301c77,NzAxODE0ODkxNTM0,**** **** 1534,9469432503,,BANDIPORA,Gurez,Shah Pora - Achoora (Churwan),623,40,2708,0.0
87450738209,1_623_40_936275_005024,,Ab Rahman Bhat,,,66,Male,Owner,Marginal  Farmer(Farmer having land <1 Hectare),PENDING,,,false,,OPERATOR,4e07fc9e4c2d63cb296ed3ce8d6a7968b2739f7286d1636ab15ebf729850de20,NDc5NjYzNzcwODQy,**** **** 0842,9469968763,,BANDIPORA,Gurez,Gulshanpora,623,40,936275,43.0
10321450195,1_623_6812_2724_005080,,Shabir Hussain Lone,,,39,Male,Owner,Marginal  Farmer(Farmer having land <1 Hectare),PENDING,,,false,,OPERATOR,c5775279516b7ac235e57fe2454c83cad01fcae25218e50022af6a41b2c8e6d3,NzUyMzczMTc5NDE1,**** **** 9415,6006379724,,BANDIPORA,Tulail,Baduaab,623,6812,2724,0.0
81977699313,1_623_6812_2716_005070,,FAQIR MOHD MIR,,,58,Male,Owner,Marginal  Farmer(Farmer having land <1 Hectare),PENDING,,,false,,OPERATOR,adb4a2b5e5272c30ade0585891d7bac61a8b73081238f0bb015a7da4b720d02d,NzY5MDY3MzEwMTMy,**** **** 0132,9103674669,,BANDIPORA,Tulail,Neeru,623,6812,2716,43.0
94806677311,1_623_6812_2724_005128,,Sham Sul Huda Mir,,,20,Male,Owner,Marginal  Farmer(Farmer having land <1 Hectare),PENDING,,,false,,OPERATOR,b681272755b4551808e6bad38b4a39a33994104b1dae055714bd9674390e5265,NzY1Njg3MzIwODQw,**** **** 0840,7889894311,,BANDIPORA,Tulail,Baduaab,623,6812,2724,0.0
43559208371,1_623_6812_2724_005129,,Rubeena Banoo,,,22,Female,Owner,Marginal  Farmer(Farmer having land <1 Hectare),APPROVED,,,false,,OPERATOR,089e9abae50e17c163465861d2aebdd876cf20e5056b6b662406f9e24f80cfca,MzA0NjM5NDI2NzIx,**** **** 6721,9103179400,,BANDIPORA,Tulail,Baduaab,623,6812,2724,24.0
45675452359,1_623_6812_2724_005074,,GH NABI LONE,,,71,Male,Owner,Marginal  Farmer(Farmer having land <1 Hectare),APPROVED,,,false,,OPERATOR,c41441b156275b2ff5d1b7a4935e7224ff679d51ce8f41a2ff3bc1ce17878eb7,NzM0MDI5MDA5NzAw,**** **** 9700,6005429741,,BANDIPORA,Tulail,Baduaab,623,6812,2724,43.0
35069778479,1_623_42_2810_005032,,MUKHTAR AHMAD BHAT,,,36,Male,Owner,Marginal  Farmer(Farmer having land <1 Hectare),PENDING,,,false,,OPERATOR,7378714a7379c196f86f4fbaee6b955192113f59d0b465f2954aa05acd27731f,NTMxNjcwODkxMzIz,**** **** 1323,9906885764,,BANDIPORA,Sonawari,Odina,623,42,2810,0.0
56175147032,1_623_41_2740_005016,,Aaijaz Ahmad Malik,,,51,Male,Owner,Marginal  Farmer(Farmer having land <1 Hectare),PENDING,,,false,,OPERATOR,1d337cdfe03fb0710f77a662d1e7f2a7fbba533632d56ba46e658a5501ff71a3,NDY5NzIyMjE1OTA0,**** **** 5904,6005403627,,BANDIPORA,Bandipora,Khayar,623,41,2740,0.0
27945557203,1_623_6812_2724_005076,,Ahmad Khan,,,63,Male,Owner,Marginal  Farmer(Farmer having land <1 Hectare),APPROVED,,,false,,OPERATOR,4a077d6942f68f3724c8b1f3cf888a842d1231e6d151a484f32309321e8ec4c0,Mzg2NTY1MDIxNDMz,**** **** 1433,7889508605,,BANDIPORA,Tulail,Baduaab,623,6812,2724,35.0
43148862985,1_623_40_2707_005062,,ASHA ANWER,,,76,Female,Owner,Marginal  Farmer(Farmer having land <1 Hectare),PENDING,,,false,,OPERATOR,6003a7823cdb5282048196bdc429a28c45eae28622bfa034f424bc68b4b4b5ab,NTA2NTg1ODQ0MDcw,**** **** 4070,6005905782,,BANDIPORA,Gurez,Markoot,623,40,2707,0.0
13660916731,1_623_40_2708_005091,,Ali Mohammad Akhoon,,,61,Male,Owner,Marginal  Farmer(Farmer having land <1 Hectare),PENDING,,,false,,OPERATOR,e67891d25a35c52d07415fa7cb5f05418a8cb09028bf7dffeb0f04614b9337e0,MzUxNTIyNzgxNjMx,**** **** 1631,8899073760,,BANDIPORA,Gurez,Shah Pora - Achoora (Churwan),623,40,2708,58.0
65965555147,1_623_41_2764_005001,,Ab Majid Malla,,,60,Male,Owner,Marginal  Farmer(Farmer having land <1 Hectare),PENDING,,,false,,OPERATOR,2475a6e7d9c414868184694c27b2569fb4fa08b887edca0284d49f15144ec3b4,ODE1NDg4NzM3MDcz,**** **** 7073,9622452160,,BANDIPORA,Bandipora,Gund Dachina,623,41,2764,65.0
62152210784,1_623_40_936275_005025,,Mohd Anyatullah Bhat,,,28,Male,Owner,Marginal  Farmer(Farmer having land <1 Hectare),PENDING,,,false,,OPERATOR,4e9bbda64fc90af7b98fccb70686eb279258bc631b798ee8cdf57439c4f13df2,NjYyNDI0MDk0Nzc2,**** **** 4776,6005601711,,BANDIPORA,Gurez,Gulshanpora,623,40,936275,63.0
44723713609,1_623_40_2707_005046,,JAMEEL AHMAD AKHOON,,,41,Male,Owner,Marginal  Farmer(Farmer having land <1 Hectare),PENDING,,,false,,OPERATOR,320721a4995fbdc5bdcb62610cdfccb652400505310e78204537a4f417205d56,OTEwNDc4NTQxMTY2,**** **** 1166,6005942480,,BANDIPORA,Gurez,Markoot,623,40,2707,45.0
22281468948,1_623_40_936275_005026,,Mushtaq Ahmad Bhat,,,41,Male,Owner,Marginal  Farmer(Farmer having land <1 Hectare),PENDING,,,false,,OPERATOR,3f3b3efd6a0208be987be2422cda6e068ebff2449bc3731ee9937bc7c6d6a0b1,MjgyNzI3MTkwMDM5,**** **** 0039,9469043953,,BANDIPORA,Gurez,Gulshanpora,623,40,936275,66.0
80920260546,1_623_41_2764_005002,,Abdul Hamid Khan,,,52,Male,Owner,Marginal  Farmer(Farmer having land <1 Hectare),PENDING,,,false,,OPERATOR,edfff4b5224853e486643de95323ccb91a1e837287ae7a72b1917682f555201b,OTA1MDkwNzk0MDE5,**** **** 4019,9797717011,,BANDIPORA,Bandipora,Gund Dachina,623,41,2764,66.0
20762336869,1_623_40_2705_005001,,Nazir Ahmad Mir,,,52,Male,Owner,Marginal  Farmer(Farmer having land <1 Hectare),PENDING,,,false,,OPERATOR,8f341b0af2470f2f84b076fe2b6a1705be61de7fd811a576fa264e0345025836,Nzg2MTk3MjkwMDA3,**** **** 0007,7780968472,,BANDIPORA,Gurez,Badwan,623,40,2705,56.0
92735109383,1_623_6812_2724_005114,,JAVAD AHMAD CHOPAN,,,29,Male,Owner,Marginal  Farmer(Farmer having land <1 Hectare),PENDING,,,false,,OPERATOR,60b5bb4b79ec4da33d8a3fe795ab585da18f3ce15a4d91181a75ec5d03ed8246,MjA1OTIyOTYzMDMz,**** **** 3033,8899231843,,BANDIPORA,Tulail,Baduaab,623,6812,2724,0.0
56272552616,1_623_41_2740_005002,,BASHIR AHMAD MALIK,,,59,Male,Owner,Marginal  Farmer(Farmer having land <1 Hectare),PENDING,,,false,,OPERATOR,306f56d4873d9902f59eb85b7bdaccec4990f350e96e4054b1a2bd539ae7a5e5,NzA3Mjg0NzE5NDY2,**** **** 9466,7006027614,,BANDIPORA,Bandipora,Khayar,623,41,2740,61.0
93241936490,1_623_40_2707_005063,,MOHD IQBAL AKHOON,,,49,Male,Owner,Marginal  Farmer(Farmer having land <1 Hectare),PENDING,,,false,,OPERATOR,ed7bbfe784794f3b268917c5f2ba98ec7da38f62fed4ac1faec13f3f7e2e7233,NjI2NjMxMzEyODcx,**** **** 2871,9682340863,,BANDIPORA,Gurez,Markoot,623,40,2707,46.0
35640774251,1_623_40_936275_005027,,Ab Rashid Bhat,,,44,Male,Owner,Marginal  Farmer(Farmer having land <1 Hectare),PENDING,,,false,,OPERATOR,4ed2ed65ad295524f95f87d64dc967eb9a4d5f0f26450bfbebb2eae4d488f580,OTc1NjU1NTE4MTc3,**** **** 8177,9622415546,,BANDIPORA,Gurez,Gulshanpora,623,40,936275,62.0
23725286633,1_623_42_2794_005098,,Mohd Naseem Khan,,,78,Male,Owner,Marginal  Farmer(Farmer having land <1 Hectare),PENDING,,,false,,OPERATOR,7191f8fd980f42f092604560fecc5be926db31e311afa7c3baa26a4fc5d79762,NDcwNjEwMDU3NzU5,**** **** 7759,7006893435,,BANDIPORA,Sonawari,Asham,623,42,2794,0.0
89175745503,1_623_6812_2724_005130,,JAVID AHMAD LONE,,,49,Male,Owner,Marginal  Farmer(Farmer having land <1 Hectare),PENDING,,,false,,OPERATOR,7542e437db10aada4dc03ec15a6e3e2de3a8355a3b21f3e8109bb088027ea2f8,Njk0MTIzMDQwMzc2,**** **** 0376,6006924382,,BANDIPORA,Tulail,Baduaab,623,6812,2724,46.0
45132910975,1_623_40_2707_005075,,Makthi Begum,,,61,Female,Owner,Marginal  Farmer(Farmer having land <1 Hectare),PENDING,,,false,,OPERATOR,75bd4f7e1b628b0c10a21adc32ec763de163b55fc211231762df46bf8346bc22,MzYyNjY0NTQ4MjQ0,**** **** 8244,7889383356,,BANDIPORA,Gurez,Markoot,623,40,2707,49.0
88577281768,1_623_41_2740_005014,,ALI MOHD MALIK,,,63,Male,Owner,Marginal  Farmer(Farmer having land <1 Hectare),PENDING,,,false,,OPERATOR,12882c8d8436d7e89de00ced306b00e4cb09d0fdb248dff2aed8f0437d384a96,OTc1MTY5Mzk0ODg1,**** **** 4885,8491922915,,BANDIPORA,Bandipora,Khayar,623,41,2740,46.0
23739803050,1_623_6811_2778_005024,,Gh Mohammad Dar,,,68,Male,Owner,Marginal  Farmer(Farmer having land <1 Hectare),PENDING,,,false,,OPERATOR,9def49a4d8feb673c0c4cf3563835b0f70a0c0b7b90d1b90289070f936d45f40,OTk0NDI3NTM3MjEz,**** **** 7213,9797385948,,BANDIPORA,Hajin,Gundi Saderkote,623,6811,2778,43.0
60138236619,1_623_42_2810_005031,,Mehmood Parray,,,35,Male,Owner,Marginal  Farmer(Farmer having land <1 Hectare),PENDING,,,false,,OPERATOR,12cfa357b284fe7f66e6e387aa1d9d013eadae38eb0659c941aaa9fa6c171d26,Nzc1MTY0OTkxODcw,**** **** 1870,6006324060,,BANDIPORA,Sonawari,Odina,623,42,2810,0.0
23358974597,1_623_40_2707_005061,,GH RASOOL LONE,,,53,Male,Owner,Marginal  Farmer(Farmer having land <1 Hectare),PENDING,,,false,,OPERATOR,ebaac91e6b09d613d33252bd92f159bc08f3e15f6a7b23998003f7d3b71a364a,MzgxNjc4MzExNDg1,**** **** 1485,9682373140,,BANDIPORA,Gurez,Markoot,623,40,2707,53.0
57687682201,1_623_6812_2724_005082,,Faqeer Mohmmad Khan,,,63,Male,Owner,Marginal  Farmer(Farmer having land <1 Hectare),PENDING,,,false,,OPERATOR,1b7af90aaf78a83f2bed4d06308803c2945eb4f20b1fa3286ea89d74954e53e8,OTkzNjAzNTM0MDI2,**** **** 4026,6006568935,,BANDIPORA,Tulail,Baduaab,623,6812,2724,43.0
62891009232,1_623_41_2740_005015,,KAMGAR MALIK,,,65,Male,Owner,Marginal  Farmer(Farmer having land <1 Hectare),PENDING,,,false,,OPERATOR,db0767c392636eb0d7d07b22e3f528e065c89c35d65f7138fda14f1ef54ee284,NjY0ODIwNDg0NDk1,**** **** 4495,9682184541,,BANDIPORA,Bandipora,Khayar,623,41,2740,44.0
14500007163,1_623_6811_2784_005001,,Mohd Anwer Sheikh,,,66,Male,Owner,Small Farmer (Farmer having Land >=1 & <2 Hectare),PENDING,,,false,,OPERATOR,1ec229ae74ef858a87afce68f4b7b32a12872564629daa1df1c2efdae86ec1b6,OTI1MDk5NjYyODUy,**** **** 2852,6005898658,,BANDIPORA,Hajin,Gundi Boon,623,6811,2784,46.0
70628571886,1_623_41_936281_005002,,Mohammad Umer Khan,,,56,Male,Owner,Marginal  Farmer(Farmer having land <1 Hectare),PENDING,,,false,,OPERATOR,3c4a4418d9fc2a3d8732668552d61d0dd87ff696d26ab7082db487a580e56bde,ODA1Nzk0MTAwNDAw,**** **** 0400,7006029309,,BANDIPORA,Bandipora,Nass,623,41,936281,39.0
83899938893,1_623_40_2708_005078,,FAROOQ AHMAD LONE,,,49,Male,Owner,Marginal  Farmer(Farmer having land <1 Hectare),PENDING,,,false,,OPERATOR,83acd86381010bb23d5727857b1ae157ab307d54db38bfbaae642b2b2914bdf8,ODIxOTAxMDEwMjUx,**** **** 0251,6005370235,,BANDIPORA,Gurez,Shah Pora - Achoora (Churwan),623,40,2708,46.0
70097756011,1_623_6812_2724_005113,,Abdul Majeed Chopan,,,49,Male,Owner,Marginal  Farmer(Farmer having land <1 Hectare),PENDING,,,false,,OPERATOR,97fc7b0107d751a857ed85f5f9ad2d41e62df5075e76dc352890e84d3df2f5e3,MzI5NDk1OTM2MTMx,**** **** 6131,7780879162,,BANDIPORA,Tulail,Baduaab,623,6812,2724,0.0
73135071075,1_623_40_2708_005079,,Gh Nabi Mapnoo,,,68,Male,Owner,Marginal  Farmer(Farmer having land <1 Hectare),PENDING,,,false,,OPERATOR,81aeea74918c52d74ecdb6ad078e355bf9f9f5f03185d2a4240d07279d143cc0,NjAwMDAwNTQ3ODE4,**** **** 7818,9469023683,,BANDIPORA,Gurez,Shah Pora - Achoora (Churwan),623,40,2708,53.0
36574140733,1_623_42_2794_005097,,MOHD SHABAN DAR,,,66,Male,Owner,Marginal  Farmer(Farmer having land <1 Hectare),PENDING,,,false,,OPERATOR,2fc0ae8375e2854af8acbab4799e29c02d5ec9fecc784fe27a14efc9e67e0b5e,Mzg0MDM3ODA5MDUx,**** **** 9051,6005089105,,BANDIPORA,Sonawari,Asham,623,42,2794,43.0
93656092906,1_623_40_2708_005080,,Habibullah Lone,,,71,Male,Owner,Marginal  Farmer(Farmer having land <1 Hectare),PENDING,,,false,,OPERATOR,3761a05eaa3f58fc297bfc87aaa2c73894bc7c64a210b63d254d430758866b2f,MzUyMjM1Mzg1MjU4,**** **** 5258,9469474735,,BANDIPORA,Gurez,Shah Pora - Achoora (Churwan),623,40,2708,47.0
23449082943,1_623_6812_2716_005071,,Afrooza,,,54,Female,Owner,Marginal  Farmer(Farmer having land <1 Hectare),PENDING,,,false,,OPERATOR,d27480bf2d3d98d482aa79ed3d06a5476ce288859246e01a5b1ac6e083555649,NTQ4MjI4NTcyOTQx,**** **** 2941,9149939546,,BANDIPORA,Tulail,Neeru,623,6812,2716,50.0
97017490683,1_623_40_2708_005081,,Wajid Ahmad Khan,,,22,Male,Owner,Marginal  Farmer(Farmer having land <1 Hectare),PENDING,,,false,,OPERATOR,bb8966629d9cf3c146bd8516268a38ccdf5e5d2f1e256bdd6fdc52b0ab597adf,ODYyNDU2MDg0ODcx,**** **** 4871,7889391426,,BANDIPORA,Gurez,Shah Pora - Achoora (Churwan),623,40,2708,21.0
37217278274,1_623_40_936275_005038,,Musheerul Islam Lone,,,37,Male,Owner,Marginal  Farmer(Farmer having land <1 Hectare),PENDING,,,false,,OPERATOR,02c22a7f0f21b5cb43b551944a724d0ddf4eaf1065b504f8465b0460934cce18,MjY2MDAzODYwNDMy,**** **** 0432,7006715378,,BANDIPORA,Gurez,Gulshanpora,623,40,936275,25.0
41642920811,1_623_40_2707_005047,,FAROOQ AHMAD AKHOON,,,36,Male,Owner,Marginal  Farmer(Farmer having land <1 Hectare),PENDING,,,false,,OPERATOR,469eea92f6ab47c9b57aba92d168d29f5fdffa930be0e1642f621b6d66736174,Mjk4Mjk2NDQ2MzAz,**** **** 6303,9149873157,,BANDIPORA,Gurez,Markoot,623,40,2707,0.0
82443956337,1_623_6812_2724_005081,,Reyaz Ahmad Lone,,,35,Male,Owner,Marginal  Farmer(Farmer having land <1 Hectare),PENDING,,,false,,OPERATOR,8a9555019e20ada604a16ba642310b8ed4d3e2201c79ee0d894da515b79fc6e5,Njg5NjY3Mjg3MjQ0,**** **** 7244,7006692169,,BANDIPORA,Tulail,Baduaab,623,6812,2724,0.0
10868597046,1_623_41_936281_005001,,Abdul Rahim Sheikh,,,60,Male,Owner,Marginal  Farmer(Farmer having land <1 Hectare),PENDING,,,false,6006232424,OPERATOR,44c71e4f9db21d311d835b93f805745e3328dc2133c21c72d05e4df82081352c,NjA2NDA5NzAxODkw,**** **** 1890,9906157240,,BANDIPORA,Bandipora,Nass,623,41,936281,45.0
45635005060,1_623_6811_2772_005000,,GHULAM MOHAMMAD KAWA,,,65,Male,Owner,Marginal  Farmer(Farmer having land <1 Hectare),PENDING,,,false,,OPERATOR,131776d1cce4e227ef45a4ad9a6adbbe1e9a70fdb4cbf828af8a64103891e0c9,NzA0ODkzNDA1OTE1,**** **** 5915,9596253934,,BANDIPORA,Hajin,Sari Hari Karan Gund,623,6811,2772,0.0
33725322326,1_623_40_2705_005002,,Anaytullah Ganai,,,30,Male,Owner,Marginal  Farmer(Farmer having land <1 Hectare),PENDING,,,false,,OPERATOR,b58ba090c1160510e87b62c4a0594b89d9030ed9a5625b849c2f386453b48a98,Mjg2NjQwNDgwNzgw,**** **** 0780,7889911940,,BANDIPORA,Gurez,Badwan,623,40,2705,28.0
35640001618,1_623_6811_2700_005034,,Rafiqa Begum,,,46,Female,Owner,Marginal  Farmer(Farmer having land <1 Hectare),PENDING,,,false,,OPERATOR,e597fb7945b40b95440368c277cf31edfd348e3eb04400939698c0d30ae8ea69,NjU5NzMwOTIxODY4,**** **** 1868,9906911754,,BANDIPORA,Hajin,Gulshanpora,623,6811,2700,25.0
56241058814,1_623_40_936275_005028,,Sharief Ahmad Lone,,,34,Male,Owner,Marginal  Farmer(Farmer having land <1 Hectare),PENDING,,,false,,OPERATOR,ec576f315586bc3f8c91cd5f22246717b07756b956867c0b5525417f5220f63b,NTcyNzczMDc0Mjc5,**** **** 4279,9149587903,,BANDIPORA,Gurez,Gulshanpora,623,40,936275,22.0
55178042394,1_623_6812_2724_005083,,Ab Rehman Lone,,,62,Male,Owner,Marginal  Farmer(Farmer having land <1 Hectare),PENDING,,,false,,OPERATOR,4ac1bfe3edd7babc694e7ddfee19bcb60900c463c1c91f2d3ae8c5dee859f33f,ODU0Mzc4MTQ0NzQ2,**** **** 4746,9682623842,,BANDIPORA,Tulail,Baduaab,623,6812,2724,25.0
94705882570,1_623_6812_2716_005057,,SARA BEGUM,,,71,Female,Owner,Marginal  Farmer(Farmer having land <1 Hectare),PENDING,,,false,,OPERATOR,0e3a0f57c603c070b7c7257514d68f3becbf4ebff4ae8e4bfcbc635b361258ec,NDYzMDA4ODAxNjkz,**** **** 1693,6006096623,,BANDIPORA,Tulail,Neeru,623,6812,2716,35.0
17840789737,1_623_6812_2716_005058,,AB SALAM MIR,,,48,Male,Owner,Marginal  Farmer(Farmer having land <1 Hectare),PENDING,,,false,,OPERATOR,005a244a0cbb870b8d572c7e11f9401a280d4d0f0a111a906ec0af7ee4ebbf4c,NzM0Njk4ODM1ODQ2,**** **** 5846,6005049170,,BANDIPORA,Tulail,Neeru,623,6812,2716,44.0
22441838995,1_623_40_2707_005048,,Javaid Ahmad Akhoon,,,30,Male,Owner,Marginal  Farmer(Farmer having land <1 Hectare),PENDING,,,false,,OPERATOR,efb0228225982709fc73fdc4165063e3cb02dfb45b10f2978e3d212e8a3e7c7a,NjIxMjcwNDgwNjg0,**** **** 0684,6005444458,,BANDIPORA,Gurez,Markoot,623,40,2707,56.0
50602929177,1_623_40_2707_005077,,ABDUL AZIZ LONE,,,61,Male,Owner,Marginal  Farmer(Farmer having land <1 Hectare),PENDING,,,false,,OPERATOR,d1c660251bd47b6b446dd91648c138127fa28bdf99bc90623f79b621935ef956,ODgwNzkwMjIzMDU3,**** **** 3057,9419506015,,BANDIPORA,Gurez,Markoot,623,40,2707,23.0
12085517544,1_623_41_2740_005003,,Mushtaq Ahmad Malik,,,54,Male,Owner,Marginal  Farmer(Farmer having land <1 Hectare),PENDING,,,false,,OPERATOR,73c70c826554d0d55bd62a26d95ed5bd444bcaec232cea80d6438104aded547c,Mjg0Mzc2OTE1MTE1,**** **** 5115,7006872045,,BANDIPORA,Bandipora,Khayar,623,41,2740,46.0
89607856433,1_623_6812_2724_005116,,NASEEMA BEGUM,,,38,Female,Owner,Marginal  Farmer(Farmer having land <1 Hectare),PENDING,,,false,,OPERATOR,c734fe29bba33a8788f99b87ce3a8aa6e74a3c4b58410c40e51321cbae5980e3,MzE4ODczNTE0NDI1,**** **** 4425,9596491177,,BANDIPORA,Tulail,Baduaab,623,6812,2724,50.0
12975014487,1_623_41_2768_005013,,Ikhlaq Un Nabi,,,45,Male,Owner,Marginal  Farmer(Farmer having land <1 Hectare),APPROVED,,,false,,OPERATOR,ce4c58dabb1ccd56ae7ecc5977108576f907f77e0c51fc3b95984109f59a9ad9,ODIyNDI5NjEzNDcw,**** **** 3470,7780804889,,BANDIPORA,Bandipora,Garoora,623,41,2768,90.0
12699997695,1_623_42_2794_005099,,MEHRAJ UD DIN PARRAY,,,42,Male,Owner,Marginal  Farmer(Farmer having land <1 Hectare),PENDING,,,false,,OPERATOR,a0a9c67ff5987f26cca4c28174508c055d5e1f7b31b00405baf1e21a91b3a850,NTE5OTIzMzI1NDEx,**** **** 5411,9797051327,,BANDIPORA,Sonawari,Asham,623,42,2794,65.0
13072390379,1_623_6812_2716_005072,,Jameela Begum,,,45,Female,Owner,Marginal  Farmer(Farmer having land <1 Hectare),PENDING,,,false,,OPERATOR,e0798a4ed21b4c4d59f3378b5a38fb7431c3be7a16fd6513e8c7b5082e7ba923,Mjc0NDAyMjE0NzUw,**** **** 4750,6006052735,,BANDIPORA,Tulail,Neeru,623,6812,2716,69.0
81914063246,1_623_40_2708_005059,,Khadmi Begum,,,71,Female,Owner,Marginal  Farmer(Farmer having land <1 Hectare),PENDING,,,false,,OPERATOR,3029205aeddbd35a47e761bf73fa40df19f38e3bee5adc016555b03602cd930b,OTU3NTk3NzU2MzQ1,**** **** 6345,9149955273,,BANDIPORA,Gurez,Shah Pora - Achoora (Churwan),623,40,2708,35.0
87350839723,1_623_6812_2724_005139,,Aushaq Hussain,,,41,Male,Owner,Marginal  Farmer(Farmer having land <1 Hectare),PENDING,,,false,,OPERATOR,f77dd45a596ba33a974090a0628fb7408332b118f2845fed246b2bf111cd76e8,OTIwMTU2ODMyMjA0,**** **** 2204,7780874793,,BANDIPORA,Tulail,Baduaab,623,6812,2724,0.0
79409310994,1_623_6812_2724_005145,,Aushaq Hassain Lone,,,52,Male,Owner,Marginal  Farmer(Farmer having land <1 Hectare),PENDING,,,false,,OPERATOR,e07230d6b38d0f28e64e577c16d8d5db1832aae6baef20b02540e498776fe74f,NDg1NDcxMTIzNzU3,**** **** 3757,9469369262,,BANDIPORA,Tulail,Baduaab,623,6812,2724,0.0
89084561061,1_623_6812_2724_005132,,Akhtar Hussain Lone,,,40,Male,Owner,Marginal  Farmer(Farmer having land <1 Hectare),PENDING,,,false,,OPERATOR,7681cf37104ad34fe677e2a620d13f3125595233a89f9cb711ce6e14cd8f4601,NzU1OTk3ODY3Mjc2,**** **** 7276,7006465759,,BANDIPORA,Tulail,Baduaab,623,6812,2724,66.0
26242583044,1_623_6811_2784_005003,,Abdul Rashid Sheikh,,,58,Male,Owner,Marginal  Farmer(Farmer having land <1 Hectare),PENDING,,,false,,OPERATOR,edaf46abd3eb5b1d3751e3086adb5d59f93923cb08eaaf681be397fee9745e83,Mjg2MDE2NzI4OTc4,**** **** 8978,6005602471,,BANDIPORA,Hajin,Gundi Boon,623,6811,2784,55.0
88243934237,1_623_40_2707_005065,,Ghulam Nabi Lone,,,54,Male,Owner,Marginal  Farmer(Farmer having land <1 Hectare),PENDING,,,false,,OPERATOR,032f42e555bb1012c41457ad95c038936c03435de2c36475cb5181239d2cecae,NTg4NzA4MzIyMjU0,**** **** 2254,9469086110,,BANDIPORA,Gurez,Markoot,623,40,2707,56.0
98045034552,1_623_40_2707_005076,,Mohammad Munawar Lone,,,53,Male,Owner,Marginal  Farmer(Farmer having land <1 Hectare),PENDING,,,false,,OPERATOR,ea4df87c7deb18114c9ce3bce2cea2ca471a0d34de89292f2a940efd390abdb3,NzM0NDY1NjI5NDg5,**** **** 9489,7889383356,,BANDIPORA,Gurez,Markoot,623,40,2707,40.0
49193697733,1_623_6811_2778_005026,,ZAHOOR AH DAR,,,53,Male,Owner,Marginal  Farmer(Farmer having land <1 Hectare),PENDING,,,false,,OPERATOR,b7e9edcbd2aa18c6d1177d8126825d3e33137a26d371075a09397a4ee9ccdef6,MjM3NDMzNzU3MTI5,**** **** 7129,9906749085,,BANDIPORA,Hajin,Gundi Saderkote,623,6811,2778,25.0
61616470586,1_623_42_2810_005033,,MOHAMMAD QASIM PARRAY,,,57,Male,Owner,Marginal  Farmer(Farmer having land <1 Hectare),PENDING,,,false,,OPERATOR,cbb07736041993b40281bac30ebae2747799f4441956510f8543cd7ea5653f4a,NTI4NjUzODMyMjYz,**** **** 2263,9797170324,,BANDIPORA,Sonawari,Odina,623,42,2810,0.0
81060440999,1_623_41_2740_005017,,NAZIR AHMAD MALIK,,,57,Male,Owner,Marginal  Farmer(Farmer having land <1 Hectare),PENDING,,,false,,OPERATOR,da957208964a2e88b42766e9146ad1f577e0a069f6430b909e637cfe082dee88,ODI3ODc2MTUxNDg5,**** **** 1489,9541304394,,BANDIPORA,Bandipora,Khayar,623,41,2740,49.0
96542247230,1_623_40_2707_005064,,Mohd Anwar Akhoon,,,68,Male,Owner,Marginal  Farmer(Farmer having land <1 Hectare),PENDING,,,false,,OPERATOR,b17d0645a8b89fdef82f01fbfd8b901d316850fcc17a706cb95f6650de7527fa,NTkwMDIwMjEwNDc4,**** **** 0478,9682315942,,BANDIPORA,Gurez,Markoot,623,40,2707,43.0
34602255476,1_623_40_2705_005003,,Mohd Shakoor Lone,,,70,Male,Owner,Marginal  Farmer(Farmer having land <1 Hectare),PENDING,,,false,,OPERATOR,44203509df7f0b51aebe361f9e0f14285498de6a5d40276b2cd43032d7e09a39,NTYwNTUwNDc4NTE0,**** **** 8514,7051651576,,BANDIPORA,Gurez,Badwan,623,40,2705,0.0
33061097730,1_623_6811_2700_005035,,Waseem Ahmad Dar,,,31,Male,Owner,Marginal  Farmer(Farmer having land <1 Hectare),PENDING,,,false,,OPERATOR,d63744e168198b06cde0fd22cdd2b1acbc51d3df158cd9544956ad7c26467d92,MzAxMjAwODUwOTA4,**** **** 0908,7006300062,,BANDIPORA,Hajin,Gulshanpora,623,6811,2700,45.0
28383446284,1_623_6811_2778_005025,,ALI MOHD DAR,,,62,Male,Owner,Marginal  Farmer(Farmer having land <1 Hectare),PENDING,,,false,,OPERATOR,14b76692298bb8698b52cf60dfb4497b59a2586f507a34bbe80d8372b7f967a9,NDQzMTg2OTgyNjcw,**** **** 2670,9797309964,,BANDIPORA,Hajin,Gundi Saderkote,623,6811,2778,43.0
91073723890,1_623_6811_2700_005036,,Mohd Shafi Dar,,,46,Male,Owner,Marginal  Farmer(Farmer having land <1 Hectare),PENDING,,,false,,OPERATOR,d41d03faddfed140294f273c022f00838a59b1474fc379a08a2f7a287e51fc76,OTUyNDA1MTg1Nzc3,**** **** 5777,9149823371,,BANDIPORA,Hajin,Gulshanpora,623,6811,2700,0.0
80934467240,1_623_6812_2724_005084,,Gh Nabi Lone,,,72,Male,Owner,Marginal  Farmer(Farmer having land <1 Hectare),PENDING,,,false,,OPERATOR,843a207b365e71799572d88110ab072e522a42882b8e17efb3ee7f9cef43e574,MjMwNDYyOTE4Njg3,**** **** 8687,6006327472,,BANDIPORA,Tulail,Baduaab,623,6812,2724,43.0
79951609342,1_623_6812_2724_005131,,Reyaz Ahmad Lone,,,37,Male,Owner,Marginal  Farmer(Farmer having land <1 Hectare),PENDING,,,false,,OPERATOR,bb8c223ec14d607c0209edd8f4500532b5bde847ce4dcbd0ca65308b7296da05,MjI0MjQ4NjY0NDk4,**** **** 4498,6006924382,,BANDIPORA,Tulail,Baduaab,623,6812,2724,45.0
35925320085,1_623_6812_2724_005117,,KULSOOMA BANO,,,26,Female,Owner,Marginal  Farmer(Farmer having land <1 Hectare),PENDING,,,false,,OPERATOR,7bd3a99f477bd9d8505262d6c84ecfe05b2c76fba911a19b65237ab8eb5d5c14,NzgzMDg4NjE0NjI3,**** **** 4627,9149515394,,BANDIPORA,Tulail,Baduaab,623,6812,2724,34.0
85305209586,1_623_40_2707_005066,,Juma Kawa,,,67,Male,Owner,Marginal  Farmer(Farmer having land <1 Hectare),PENDING,,,false,,OPERATOR,47737c073fb876738bdb39025b66459bd5f6ae39602014b0439c35739309c44e,NzA1MzY2MzEwMjQz,**** **** 0243,9469474768,,BANDIPORA,Gurez,Markoot,623,40,2707,49.0
35337132684,1_623_40_2708_005092,,MOHD YAQOOB KHAN,,,60,Male,Owner,Marginal  Farmer(Farmer having land <1 Hectare),PENDING,,,false,,OPERATOR,3482f0f36d0c016e96f451fdd0ac723efb75c994ef0a7e60cc3c35d2ae9dbf79,MzEwOTM4OTMyMjE5,**** **** 2219,9186181049,,BANDIPORA,Gurez,Shah Pora - Achoora (Churwan),623,40,2708,53.0
79372790733,1_623_40_2708_005084,,Abdul Rashid Lone,,,53,Male,Owner,Marginal  Farmer(Farmer having land <1 Hectare),PENDING,,,false,,OPERATOR,ee61f9caf7b5157ac6277c40d918e0376f87282d8cdf69a9424abbd175b61c57,OTM5ODkzMjM2MTk1,**** **** 6195,6006019725,,BANDIPORA,Gurez,Shah Pora - Achoora (Churwan),623,40,2708,65.0
17025223861,1_623_6811_2700_005039,,Asif Majeed Dar,,,37,Male,Owner,Marginal  Farmer(Farmer having land <1 Hectare),PENDING,,,false,,OPERATOR,212cd226c2ad7d2cbce4a90ab738c7698d3e870007326b2d940516b6f1b710ef,NjU2NjYwNTM5MDA3,**** **** 9007,9858439416,,BANDIPORA,Hajin,Gulshanpora,623,6811,2700,65.0
72194048455,1_623_6812_2724_005115,,Mohammad Niyaz Mapnoo,,,71,Male,Owner,Marginal  Farmer(Farmer having land <1 Hectare),PENDING,,,false,,OPERATOR,efad8355a6ebf051ec7ad5e2c8120a2a43766b5c2c08eb0ee7b1a25485a553bc,NjQ4OTg3NTk0NTE4,**** **** 4518,9906661817,,BANDIPORA,Tulail,Baduaab,623,6812,2724,0.0
36901289676,1_623_40_2708_005082,,Abdul Rahim Khan,,,74,Male,Owner,Marginal  Farmer(Farmer having land <1 Hectare),PENDING,,,false,,OPERATOR,9272422a308480c0961134835cecaaea6649388eb3b059bfecd8698d861a8e62,NzM2MTcxODM3ODA5,**** **** 7809,9103361637,,BANDIPORA,Gurez,Shah Pora - Achoora (Churwan),623,40,2708,45.0
92220511230,1_623_40_2708_005083,,Abdul Majid Lone,,,55,Male,Owner,Marginal  Farmer(Farmer having land <1 Hectare),PENDING,,,false,,OPERATOR,d1e18329592283cbbcbe4a7aa7d1d2c1783d90de8bc82137e0128f3c3a55bfbf,Mjc5Nzk2NTM1NDY1,**** **** 5465,6005751783,,BANDIPORA,Gurez,Shah Pora - Achoora (Churwan),623,40,2708,37.0
56990224247,1_623_41_2740_005004,,Shabir Ahmad Malik,,,53,Male,Owner,Marginal  Farmer(Farmer having land <1 Hectare),PENDING,,,false,,OPERATOR,aba4925babb7a066ae2dd498616b9b6f16a62577ec517c101943b1bb0f1387cd,NjY5MTUxNzc2MTY2,**** **** 6166,9541400377,,BANDIPORA,Bandipora,Khayar,623,41,2740,61.0
30078043365,1_623_40_936275_005039,,Raja Begum,,,70,Female,Owner,Marginal  Farmer(Farmer having land <1 Hectare),APPROVED,,,false,,OPERATOR,db7f766a63be41579a219ed8b75c7a428b03256d8f0aab5fd7acbc3db3991b3f,ODk1OTk5MjI3OTEz,**** **** 7913,9469733572,,BANDIPORA,Gurez,Gulshanpora,623,40,936275,90.0
27309640617,1_623_40_2708_005085,,GH RASOOL LONE,,,56,Male,Owner,Marginal  Farmer(Farmer having land <1 Hectare),PENDING,,,false,,OPERATOR,99f71ed6a6ca050db7570a9d2cb6ca7a7d319f9ad0232239825459f7b3ac74df,NDYxNDY2MjkyNTk5,**** **** 2599,9469315040,,BANDIPORA,Gurez,Shah Pora - Achoora (Churwan),623,40,2708,52.0
24480855368,1_623_6811_2772_005002,,SUNAULLAH DAR,,,76,Male,Owner,Marginal  Farmer(Farmer having land <1 Hectare),PENDING,,,false,,OPERATOR,e962d5620b31789482ec475376de27b06f74b4b1c1af8d427b4adb5781b1cad7,ODE2ODUyOTc0NDUx,**** **** 4451,6006449955,,BANDIPORA,Hajin,Sari Hari Karan Gund,623,6811,2772,0.0
85793884510,1_623_40_2707_005067,,Gh Mohd Akhoon,,,63,Male,Owner,Marginal  Farmer(Farmer having land <1 Hectare),PENDING,,,false,,OPERATOR,31d4a2c56075265659461f6fddf68d0946d2c0ee355a05bce90fd1527c1cbf33,MzM0MzU1NjI1ODYy,**** **** 5862,7006989037,,BANDIPORA,Gurez,Markoot,623,40,2707,55.0
73742359430,1_623_6812_2716_005073,,Mohd Amin Mir,,,60,Male,Owner,Marginal  Farmer(Farmer having land <1 Hectare),PENDING,,,false,,OPERATOR,1ec50d8e5e06257abc69d82df185ea5611289c091c8a9efa91ed0456965510af,NTY0NTY2NTIxNzA0,**** **** 1704,9419368276,,BANDIPORA,Tulail,Neeru,623,6812,2716,0.0
23050286141,1_623_6812_2724_005122,,Ab Wahid Khan,,,38,Male,Owner,Marginal  Farmer(Farmer having land <1 Hectare),PENDING,,,false,,OPERATOR,142bccc151895da5de9b41dd21469dd2200ecae55d854ddd5345933a729bf633,NDM2NDE2MjY0NTg5,**** **** 4589,6005748466,,BANDIPORA,Tulail,Baduaab,623,6812,2724,40.0
53488437824,1_623_6811_2784_005002,,Haleema Begum,,,36,Female,Owner,Marginal  Farmer(Farmer having land <1 Hectare),PENDING,,,false,,OPERATOR,1dcfbb6945aff1527f87907dcfe6dc748d0d3a9abace4c4582d0f192c963bb2d,Nzc3MDU3MzkxNzIz,**** **** 1723,6005898658,,BANDIPORA,Hajin,Gundi Boon,623,6811,2784,54.0
16441387476,1_623_41_2740_005019,,Fareeda Akhter,,,53,Female,Owner,Marginal  Farmer(Farmer having land <1 Hectare),PENDING,,,false,,OPERATOR,8486ec1ffb5cf8c0b414b9ed1d7be5c1417e30bd7e1aad3897d50813c94e9410,NDM0MDYzNzYyNzE1,**** **** 2715,7006930052,,BANDIPORA,Bandipora,Khayar,623,41,2740,50.0
17638087488,1_623_6812_2724_005085,,Akhtar Hussain Lone,,,38,Male,Owner,Marginal  Farmer(Farmer having land <1 Hectare),PENDING,,,false,,OPERATOR,fa93a355b0255a4c8b37d3f37216c1d0ba707ecc7b68a18bb0a3ddb70c89b8e3,NzE5MjQ0OTY4NTkx,**** **** 8591,9149831536,,BANDIPORA,Tulail,Baduaab,623,6812,2724,56.0
81947564128,1_623_6811_2700_005037,,Mushtaq Ahmad Dar,,,52,Male,Owner,Marginal  Farmer(Farmer having land <1 Hectare),PENDING,,,false,,OPERATOR,716e2a30bac28b985cc561673bc27fbe88204094c41f1a4032ac67430fe5edf8,OTM4MjQxMDU0OTcz,**** **** 4973,9419992203,,BANDIPORA,Hajin,Gulshanpora,623,6811,2700,56.0
81959235510,1_623_6812_2724_005086,,Mohd Khalil Lone,,,71,Male,Owner,Marginal  Farmer(Farmer having land <1 Hectare),PENDING,,,false,,OPERATOR,36a723f419d31b7e1d0465a2b2e1626689a428ccb22982c334f6953e39cc25e5,MzkxMTM0MjQ3Mzky,**** **** 7392,9103698503,,BANDIPORA,Tulail,Baduaab,623,6812,2724,53.0
13815566502,1_623_6812_2716_005059,,LALI BEGUM,,,46,Female,Owner,Marginal  Farmer(Farmer having land <1 Hectare),PENDING,,,false,,OPERATOR,ea3ece54d0f555bd4fe932cc9ccc51bb0addbdc68710b8f988316e6664e0bb0e,Mzg5OTY2NDA1OTMy,**** **** 5932,7889716761,,BANDIPORA,Tulail,Neeru,623,6812,2716,35.0
50384271255,1_623_41_2740_005018,,GH AHMAD MALIK,,,83,Male,Owner,Marginal  Farmer(Farmer having land <1 Hectare),PENDING,,,false,,OPERATOR,9c0c02126d7b950a789c7b8ebb9705555486842f0a910ccfa39b4c37b360b007,NTgzNzI0ODM1OTk4,**** **** 5998,9596554090,,BANDIPORA,Bandipora,Khayar,623,41,2740,43.0
37558327202,1_623_6812_2724_005143,,Gul Naza Banoo,,,20,Female,Owner,Marginal  Farmer(Farmer having land <1 Hectare),PENDING,,,false,,OPERATOR,d4eb6c6cbdab9957f02eb1262386369e595e937b16675893a55fd6eefd1c2981,NzIzODE1MzExMDg1,**** **** 1085,9103399098,,BANDIPORA,Tulail,Baduaab,623,6812,2724,46.0
11264941149,1_623_6811_2700_005038,,Abdul Hamid Dar,,,51,Male,Owner,Marginal  Farmer(Farmer having land <1 Hectare),PENDING,,,false,,OPERATOR,e08553c59e1d18bcc20f23fbd3e6d51532db37396302eeede1da02afc06ad092,OTM5NjI1Njg2NDU3,**** **** 6457,7006127990,,BANDIPORA,Hajin,Gulshanpora,623,6811,2700,55.0
91853590465,1_623_6811_2772_005001,,HABIB ULLAH KHANDY,,,49,Male,Owner,Marginal  Farmer(Farmer having land <1 Hectare),PENDING,,,false,,OPERATOR,7689ca35fd29f2ffae2de7d870d3129514904c86e3f0bffdbf433dc47a025118,MjE3NDI1MTA3MDYw,**** **** 7060,7006283465,,BANDIPORA,Hajin,Sari Hari Karan Gund,623,6811,2772,46.0
16824534684,1_623_40_2707_005049,,Ab Rahim Shiekh,,,58,Male,Owner,Marginal  Farmer(Farmer having land <1 Hectare),PENDING,,,false,,OPERATOR,c7690956e22db958be8c4c3c15a425532f8819ac4d0f0878b3cee0aa79fca564,Mzc4NjI0MzE0ODQ2,**** **** 4846,6005102184,,BANDIPORA,Gurez,Markoot,623,40,2707,0.0
29569210475,1_623_42_2794_005100,,Nazir Ahmad Ganaie,,,58,Male,Owner,Marginal  Farmer(Farmer having land <1 Hectare),PENDING,,,false,,OPERATOR,16e3b284d829a676070043df0db3b3ea360ed59d9d732319c4399b3824af200b,OTE1NzQzNTc4NzI0,**** **** 8724,6005491933,,BANDIPORA,Sonawari,Asham,623,42,2794,56.0
67046611122,1_623_42_2794_005101,,MOHD YOUSUF KHAN,,,72,Male,Owner,Marginal  Farmer(Farmer having land <1 Hectare),PENDING,,,false,,OPERATOR,de95492ffdc4e735bb2830429f5e27c105f3f32605bd9f4b0842ced906920132,NzU1MTA2MzA3NzI4,**** **** 7728,9419054934,,BANDIPORA,Sonawari,Asham,623,42,2794,53.0
23111125766,1_623_40_2707_005068,,Ab Majeed Akhoon,,,58,Male,Owner,Marginal  Farmer(Farmer having land <1 Hectare),PENDING,,,false,,OPERATOR,4a9c542ed3d3502cf360c5507d08aebfc30ac524bbdb74a7ddc12d2150429dfe,ODcyMTY1NDkyMzc0,**** **** 2374,6006303801,,BANDIPORA,Gurez,Markoot,623,40,2707,54.0
83348194336,1_623_6812_2724_005135,,Shaheed Nazir Bhat,,,25,Male,Owner,Marginal  Farmer(Farmer having land <1 Hectare),PENDING,,,false,,OPERATOR,efa7beac4f742b4264c3b526c559f6617ca7486bf352cba344606ed47aeccdc3,NzUyODk0NTUxODky,**** **** 1892,8825015388,,BANDIPORA,Tulail,Baduaab,623,6812,2724,60.0
61502246961,1_623_40_2707_005050,,AB WAHAB GANIE,,,58,Male,Owner,Marginal  Farmer(Farmer having land <1 Hectare),PENDING,,,false,,OPERATOR,2fe18320b38eae82433e454a5339e595555d164806fda2200d8d56c89354b1fb,NTMyNjkwMjk3Mjgy,**** **** 7282,9419518611,,BANDIPORA,Gurez,Markoot,623,40,2707,42.0
97480921248,1_623_6811_2778_005027,,Manzoor Ahmad Pahloo,,,49,Male,Owner,Marginal  Farmer(Farmer having land <1 Hectare),PENDING,,,false,,OPERATOR,4b30f287d7bd885220e8abd582a1393edc7feb210af7123bb35c00f0d2458210,NDEzMzU1NDIyNDk4,**** **** 2498,9541444724,,BANDIPORA,Hajin,Gundi Saderkote,623,6811,2778,0.0
93149533119,1_623_40_2707_005078,,GH RASOOL LONE,,,70,Male,Owner,Marginal  Farmer(Farmer having land <1 Hectare),PENDING,,,false,,OPERATOR,bf615838a4b1e0155eee04380277c064af702c30e41b6a8ba8cb9afa05391516,NzQ4ODk3NzQxOTU0,**** **** 1954,7006713432,,BANDIPORA,Gurez,Markoot,623,40,2707,53.0
31541014654,1_623_40_2708_005062,,NAZIR AHMAD LONE,,,49,Male,Owner,Marginal  Farmer(Farmer having land <1 Hectare),PENDING,,,false,,OPERATOR,81ee982ebffd462bc4dc9ae4ac293ad69c2599b768928c1cf232e9788d63bbb2,NDM0NDQwMzg2MTYw,**** **** 6160,6006128748,,BANDIPORA,Gurez,Shah Pora - Achoora (Churwan),623,40,2708,0.0
38225905420,1_623_6811_2789_005001,,Mohammad Sultan Rather,,,68,Male,Owner,Marginal  Farmer(Farmer having land <1 Hectare),PENDING,,,false,,OPERATOR,e104bfe6750710ba0bb6a74d8bf4cbfe5c313ad68833c40eb5f379fa00ca9dcf,ODM2NjE4NzY0ODY4,**** **** 4868,8899011032,,BANDIPORA,Hajin,Kani Pora,623,6811,2789,56.0
71131153430,1_623_41_936281_005003,,Parvaiz Ahmad Sheikh,,,57,Male,Owner,Marginal  Farmer(Farmer having land <1 Hectare),PENDING,,,false,,OPERATOR,40dceb41802e00c22749350c949d9bcb6e2dd5ed4ff521834480c8571689952f,MzEzMzk4MDI2Nzg0,**** **** 6784,9596194646,,BANDIPORA,Bandipora,Nass,623,41,936281,66.0
28561044849,1_623_6811_2784_005005,,Bashir Ahmad Sheikh,,,66,Male,Owner,Marginal  Farmer(Farmer having land <1 Hectare),PENDING,,,false,,OPERATOR,db71898f66a24cc017daada1d0e64feae81f83d3c8df82be4849ff39fb2cd59c,Nzk1ODA1MTg3OTU2,**** **** 7956,6006782787,,BANDIPORA,Hajin,Gundi Boon,623,6811,2784,56.0
80599738971,1_623_41_2740_005006,,Mohd Anwar Malik,,,58,Male,Owner,Marginal  Farmer(Farmer having land <1 Hectare),PENDING,,,false,,OPERATOR,790a3a65591160cd52d2be7a6b9154d0e874d1954689b10ffa699c14ff648eb7,NDE4NTIwOTM1MDYw,**** **** 5060,6005134817,,BANDIPORA,Bandipora,Khayar,623,41,2740,58.0
33690229123,1_623_40_2707_005051,,ZAHOORI BEGUM,,,63,Female,Owner,Marginal  Farmer(Farmer having land <1 Hectare),PENDING,,,false,,OPERATOR,f0a4290e1460a4d9da9f5fae857feaf286fba11583547dd16153f6bd64cb852e,NTg4MDQxMDUzOTAx,**** **** 3901,9149915499,,BANDIPORA,Gurez,Markoot,623,40,2707,0.0
70261674579,1_623_41_2740_005020,,Bashir Ahmad Malik,,,58,Male,Owner,Marginal  Farmer(Farmer having land <1 Hectare),PENDING,,,false,,OPERATOR,f1dc285c69b1988479ed52d69f80a78a9a35f5a01bf0c242e8c98bdb27b44ed6,NTgyNDI2NjUwMTYz,**** **** 0163,9149865532,,BANDIPORA,Bandipora,Khayar,623,41,2740,56.0
19463670528,1_623_6812_2724_005136,,Abdul Rahim Bhat,,,46,Male,Owner,Marginal  Farmer(Farmer having land <1 Hectare),PENDING,,,false,,OPERATOR,568d318b30f1887eebdcc712e5aa9d911d9560db99e6bb7a48d9e71bc118f26d,Mjg2OTExMTc1MDg4,**** **** 5088,6006901492,,BANDIPORA,Tulail,Baduaab,623,6812,2724,46.0
67171521002,1_623_40_2707_005079,,MANZOOR AHMAD AKHOON,,,51,Male,Owner,Marginal  Farmer(Farmer having land <1 Hectare),PENDING,,,false,,OPERATOR,a82ee9208508311a0d9e38d8b83840af5216b1e3611d9b4838d2b2e9d43fc504,NTQ2NDM4MTUxMDU2,**** **** 1056,6006073615,,BANDIPORA,Gurez,Markoot,623,40,2707,65.0
95198409224,1_623_6812_2716_005061,,ZAITON BANO,,,45,Female,Owner,Marginal  Farmer(Farmer having land <1 Hectare),PENDING,,,false,,OPERATOR,bd87a94bbc4fab1ae657974e96884d2e90c27189b59b466811ebe53abee1bb81,MjI2NDI1MTY2NjU3,**** **** 6657,7051662247,,BANDIPORA,Tulail,Neeru,623,6812,2716,24.0
47609172661,1_623_6812_2724_005133,,Gulbahar Bano,,,10,Female,Owner,Marginal  Farmer(Farmer having land <1 Hectare),APPROVED,,,false,,OPERATOR,ee7c39f1f0b89ca99db7ea6ff6bd492b539aaec199b70fc2e718a183862e4803,NTYzNzM2NTczNDgx,**** **** 3481,6006425487,,BANDIPORA,Tulail,Baduaab,623,6812,2724,25.0
68890862404,1_623_6812_2724_005134,,Nasir Husain Naik,,,15,Male,Owner,Marginal  Farmer(Farmer having land <1 Hectare),APPROVED,,,false,,OPERATOR,8e01d90825e8790e2469e2b55927c73a1030c240fc365d03969cd2d02580f341,ODEyODcyOTQzNzA2,**** **** 3706,6006425487,,BANDIPORA,Tulail,Baduaab,623,6812,2724,49.0
96767607780,1_623_40_2708_005060,,Tariq Ahmad Lone,,,48,Male,Owner,Marginal  Farmer(Farmer having land <1 Hectare),PENDING,,,false,,OPERATOR,dbb8610859c947cb6a05853592e509e27ebce7f6d92a612c7a8bedc27b268014,MjA5NzQxMTMwNTg2,**** **** 0586,7889502017,,BANDIPORA,Gurez,Shah Pora - Achoora (Churwan),623,40,2708,63.0
11956069887,1_623_40_2708_005061,,Mohammad Afzal Khan,,,56,Male,Owner,Marginal  Farmer(Farmer having land <1 Hectare),PENDING,,,false,,OPERATOR,0ec5b05420d2e7ae27d04b0d3a1af5493719daeb6a80de564c116dd6c217a51a,Njk0MjA4MDk3NDc1,**** **** 7475,9682566177,,BANDIPORA,Gurez,Shah Pora - Achoora (Churwan),623,40,2708,56.0
37379439194,1_623_6811_2772_005003,,Abdul Razaq Khanday,,,61,Male,Owner,Marginal  Farmer(Farmer having land <1 Hectare),PENDING,,,false,,OPERATOR,0dd8f7376a494ce796161117fbd43c9eb410bbe1089e54726fe40e35e50fd6c6,NzA0NDY4MjQzMjk0,**** **** 3294,9906133318,,BANDIPORA,Hajin,Sari Hari Karan Gund,623,6811,2772,55.0
20371022469,1_623_6812_2716_005060,,Mohd Anwar Mir,,,59,Male,Owner,Marginal  Farmer(Farmer having land <1 Hectare),PENDING,,,false,,OPERATOR,12d2c39190554592b292bd729fcc0921fc05c5b8ae034381935baa3fcbeb9011,MjkzNTA1MTY5MTYy,**** **** 9162,7889681125,,BANDIPORA,Tulail,Neeru,623,6812,2716,57.0
28034486806,1_623_6811_2700_005041,,BILAL AHMAD DAR,,,34,Male,Owner,Marginal  Farmer(Farmer having land <1 Hectare),PENDING,,,false,,OPERATOR,8db9d1783e8efc178648abf3df6a5779153b00970643b41c69dabd46d278e2dd,NjE1Njc2NDU4ODIw,**** **** 8820,9682112322,,BANDIPORA,Hajin,Gulshanpora,623,6811,2700,66.0
88270841391,1_623_6812_2724_005089,,AB RAHEEM LONE,,,64,Male,Owner,Marginal  Farmer(Farmer having land <1 Hectare),PENDING,,,false,,OPERATOR,538c1ed1b8a83ff5851fdfcd8515549b4350aa515b65517811ad47bb6c9c614c,Njc1OTIyNjI5OTc3,**** **** 9977,9149966842,,BANDIPORA,Tulail,Baduaab,623,6812,2724,0.0
87139593744,1_623_42_2810_005034,,Mohmmad Akbar Dar,,,67,Male,Owner,Marginal  Farmer(Farmer having land <1 Hectare),PENDING,,,false,,OPERATOR,09a390352f1c2e1a2b3202c5eda3d6d0ecca9a29029fa06b6ed294cd820c7f91,NDgzMDMxMzYwNjgy,**** **** 0682,9541198618,,BANDIPORA,Sonawari,Odina,623,42,2810,25.0
39767330419,1_623_6812_2724_005090,,Gulshan Begum,,,42,Female,Owner,Marginal  Farmer(Farmer having land <1 Hectare),PENDING,,,false,,OPERATOR,14e430636bfbefbcadf18a0646f80e510f59837001b028a473e0786266b5abf0,Nzc3Mzk2OTQ4MTcz,**** **** 8173,6005835688,,BANDIPORA,Tulail,Baduaab,623,6812,2724,73.0
96381853543,1_623_6812_2724_005088,,Mohd Sabir Lone,,,66,Male,Owner,Marginal  Farmer(Farmer having land <1 Hectare),APPROVED,,,false,,OPERATOR,62709dd4076a0a6b6bb7e4e8bf49c6e2d103e8cf2fa96f42652451abf4fbb4e7,NjM4Mjk2Mjk0MjQz,**** **** 4243,9103249091,,BANDIPORA,Tulail,Baduaab,623,6812,2724,23.0
29611648183,1_623_41_2740_005005,,Shabir Ahmad Malik,,,51,Male,Owner,Marginal  Farmer(Farmer having land <1 Hectare),PENDING,,,false,,OPERATOR,7a7c0e374545e987df12ab81d267686cc1832a0fbe47cc1d63645827b93eab5d,ODUyNzA5MjE0NjY3,**** **** 4667,7006422840,,BANDIPORA,Bandipora,Khayar,623,41,2740,56.0
82879873085,1_623_6812_2724_005087,,MOHD GULZAR LONE,,,65,Male,Owner,Marginal  Farmer(Farmer having land <1 Hectare),APPROVED,,,false,,OPERATOR,aae6d01970aca595246ee00a3795b3b6e952ef65c57011498f7e2e7879f76913,NDgyMzg5NTExNTQz,**** **** 1543,6005065243,,BANDIPORA,Tulail,Baduaab,623,6812,2724,23.0
81914061404,1_623_40_2708_005086,,Mohd Dilber Lone,,,55,Male,Owner,Marginal  Farmer(Farmer having land <1 Hectare),PENDING,,,false,,OPERATOR,fee7609a72ab0c794889458b9a6baaf189b5293a5ab718e7be7407743ebed7b1,MzM5MTY2MDg2MTU3,**** **** 6157,7889606552,,BANDIPORA,Gurez,Shah Pora - Achoora (Churwan),623,40,2708,25.0
40338088673,1_623_40_2707_005083,,Manzoor Ahmed Lone,,,47,Male,Owner,Marginal  Farmer(Farmer having land <1 Hectare),PENDING,,,false,,OPERATOR,f049f63cd97493be981788ae782480a369210f16f2178dd1e7ccc55029ee655d,NDY2MjczNDYyNTU3,**** **** 2557,8491855279,,BANDIPORA,Gurez,Markoot,623,40,2707,56.0
30626494776,1_623_40_2707_005052,,Saqib Sikandar Shiekh,,,25,Male,Owner,Marginal  Farmer(Farmer having land <1 Hectare),PENDING,,,false,,OPERATOR,dab5998f1b07144e5b4041ab4296f53e18a64ff17cef417b776bd33375c53aa3,ODIyNTA4MzI3MjU1,**** **** 7255,6005962336,,BANDIPORA,Gurez,Markoot,623,40,2707,56.0
20804950842,1_623_41_2768_005011,,Ather Mustafa,,,35,Male,Owner,Marginal  Farmer(Farmer having land <1 Hectare),PENDING,,,false,,OPERATOR,a87c4735d045dd156f0ae0ce19a881670f99543eeb5b3dd105427bfdf94066cd,NjE0Mjg2NDI4NTAy,**** **** 8502,9682517973,,BANDIPORA,Bandipora,Garoora,623,41,2768,35.0
89496407796,1_623_6812_2724_005142,,NOORANI BEGUM,,,60,Female,Owner,Marginal  Farmer(Farmer having land <1 Hectare),PENDING,,,false,,OPERATOR,f21ad3d4f49846e57fcda2454363d20070fc3eb33edf35d7b61e7ecafa07b431,MjY4OTA5MjA1NTg4,**** **** 5588,7780996259,,BANDIPORA,Tulail,Baduaab,623,6812,2724,70.0
36589181542,1_623_6812_2724_005119,,GULNOOR BANO,,,30,Female,Owner,Marginal  Farmer(Farmer having land <1 Hectare),PENDING,,,false,,OPERATOR,4d63e9d14d01f4e5746e0a238c1148ecb7ffbc6a4bfd426a817c4915c09cd0bc,NDQzNTMwMTMxMzY4,**** **** 1368,9103750447,,BANDIPORA,Tulail,Baduaab,623,6812,2724,44.0
32747146555,1_623_42_2810_005027,,Nisar Ahmad Parray,,,38,Male,Owner,Marginal  Farmer(Farmer having land <1 Hectare),PENDING,,,false,,OPERATOR,5bee5df6823f5207520a1a07bf9fb11252adc923d38583a6b5643f3c4734bafa,NDY5MjEwNjk5NTgw,**** **** 9580,9858637124,,BANDIPORA,Sonawari,Odina,623,42,2810,64.0
49060695820,1_623_40_2707_005080,,Tanveer Ahmad Shangroo,,,24,Male,Owner,Marginal  Farmer(Farmer having land <1 Hectare),PENDING,,,false,,OPERATOR,8ebd2ea2a85bc72ce4143962805931185837a745feede5b99d5a8432629962d0,MzE0ODkwNDE0NDQ0,**** **** 4444,8082041044,,BANDIPORA,Gurez,Markoot,623,40,2707,45.0
80921296732,1_623_6812_2724_005091,,MOHD ANWAR LONE,,,77,Male,Owner,Marginal  Farmer(Farmer having land <1 Hectare),PENDING,,,false,,OPERATOR,bd0b731ebf95fb58bc045a5672896f17c9183022eb563f457bc53f565c4a263c,ODk2NTk1OTQ0NTU0,**** **** 4554,9682318419,,BANDIPORA,Tulail,Baduaab,623,6812,2724,23.0
76066692060,1_623_42_2794_005079,,Feroz Ahmad Kaloo,,,45,Male,Owner,Marginal  Farmer(Farmer having land <1 Hectare),PENDING,,,false,,OPERATOR,03b2a20226b3c4183a73bbe63fcbbf0209f921ab5a9cf1e692053f1c47add478,ODQyMTA5NzQ4MDcx,**** **** 8071,6006049274,,BANDIPORA,Sonawari,Asham,623,42,2794,66.0
31137808527,1_623_41_2768_005012,,Zaina Begum,,,85,Female,Owner,Marginal  Farmer(Farmer having land <1 Hectare),PENDING,,,false,,OPERATOR,27ad631146a65b550bfb8b025cd0ec524cc204ad25ad98edfa7b0c714834b035,NzAzMzgxMzcyMTYz,**** **** 2163,7006416054,,BANDIPORA,Bandipora,Garoora,623,41,2768,35.0
64698795202,1_623_6811_2700_005042,,Bashir Ahmad Sheikh,,,60,Male,Owner,Marginal  Farmer(Farmer having land <1 Hectare),PENDING,,,false,,OPERATOR,df650cf9aa7b0c1b92a5bf06b784a42dca54e833c0094cfdb646ec5bce20e710,MzUwMzI1Mzc4MzY0,**** **** 8364,9906524654,,BANDIPORA,Hajin,Gulshanpora,623,6811,2700,0.0
78452673944,1_623_40_2707_005069,,Ghulam Mohmad Lone,,,62,Male,Owner,Marginal  Farmer(Farmer having land <1 Hectare),PENDING,,,false,,OPERATOR,e6c633d2e17db2684fba93f043c8df3d741e19716b89923a712488a78fe69a15,MzkxNzg2OTYwNzM0,**** **** 0734,7780806172,,BANDIPORA,Gurez,Markoot,623,40,2707,0.0
86715398229,1_623_40_2707_005070,,ZAHOOR AHMAD LONE,,,41,Male,Owner,Marginal  Farmer(Farmer having land <1 Hectare),PENDING,,,false,,OPERATOR,7d1be5dabd7a482743fd2d25dd6271cd2dc49323599296bd1d4e851ac59425e4,NzU5MjQ3NzM2NDM0,**** **** 6434,6005087664,,BANDIPORA,Gurez,Markoot,623,40,2707,46.0
71277714005,1_623_6811_2784_005000,,GHULAM MOHAMMAD BHAT,,,71,Male,Owner,Big Farmer(Farmer having land >=2 Hectare),PENDING,,,false,,OPERATOR,45880344c9c609cdf2a41c03198579418191be1e01271fae1e24df55cee79436,NDcwNDUwMDQ0MjU5,**** **** 4259,9622704474,,BANDIPORA,Hajin,Gundi Boon,623,6811,2784,56.0
36043547999,1_623_40_2707_005084,,Abdul Majeed Lone,,,58,Male,Owner,Marginal  Farmer(Farmer having land <1 Hectare),PENDING,,,false,,OPERATOR,c6aca20ad59a795b38138b065280ffb0ba910319a27272fdbfc81bd82e9e5179,NTI0NjEyMzk2MTE3,**** **** 6117,7889508964,,BANDIPORA,Gurez,Markoot,623,40,2707,56.0
22402537617,1_623_6812_2711_005030,,Ali Mohd Khan,,,61,Male,Owner,Marginal  Farmer(Farmer having land <1 Hectare),PENDING,,,false,,OPERATOR,fb344cca989eec725e6f4fbcd8ade050a6d23f758a37a76042aa3b77ea533495,NzA5NDkwMjY4MjU0,**** **** 8254,7889413706,,BANDIPORA,Tulail,Zedgey,623,6812,2711,43.0
23614652723,1_623_40_2708_005063,,KABEER LONE,,,56,Male,Owner,Marginal  Farmer(Farmer having land <1 Hectare),PENDING,,,false,,OPERATOR,5337b3b53f4beca11623f8c09fc9fb0c16b82e7253347adf8ad67b463a3fd82f,MjE3MzI3ODIyNjIx,**** **** 2621,9469554322,,BANDIPORA,Gurez,Shah Pora - Achoora (Churwan),623,40,2708,0.0
74868935914,1_623_40_2708_005064,,Nazir Ahmad Lone,,,54,Male,Owner,Marginal  Farmer(Farmer having land <1 Hectare),PENDING,,,false,,OPERATOR,793207e054d8c5e0c4b033176bc1178c4d5f98716ed234a8e5806989e8f52987,OTg1ODE3MjAwNzE3,**** **** 0717,9682144830,,BANDIPORA,Gurez,Shah Pora - Achoora (Churwan),623,40,2708,43.0
18904949120,1_623_41_2740_005021,,Amina Begum,,,84,Female,Owner,Marginal  Farmer(Farmer having land <1 Hectare),APPROVED,,,false,,OPERATOR,9b70ff7b0c1dd591856989a9a4d06b64db34253fee2c1c4819c91859394fe5d4,ODI2MjE1NjE3NDU3,**** **** 7457,7006930052,,BANDIPORA,Bandipora,Khayar,623,41,2740,89.0
82557781365,1_623_6812_2724_005144,,LASSEY BEGUM,,,36,Female,Owner,Marginal  Farmer(Farmer having land <1 Hectare),PENDING,,,false,,OPERATOR,a0f602206c95cd3628fad2e388f976537820569c557a5fb3a3d1742a3262fc41,NjYwNTc1NDkzNjgz,**** **** 3683,6006600378,,BANDIPORA,Tulail,Baduaab,623,6812,2724,69.0
35635988856,1_623_40_2707_005053,,Mohmad Shafi Shiekh,,,33,Male,Owner,Marginal  Farmer(Farmer having land <1 Hectare),PENDING,,,false,,OPERATOR,6fee21029d750e98e687de789577a10d82ffec048220bc1feb7cd6c17ad9766b,NzUwMDY3MjE1OTMw,**** **** 5930,7006901330,,BANDIPORA,Gurez,Markoot,623,40,2707,0.0
17987027979,1_623_40_2705_005004,,Bilal Hussain Lone,,,28,Male,Owner,Marginal  Farmer(Farmer having land <1 Hectare),PENDING,,,false,,OPERATOR,046cbd943c44766da940c438a688aba879c2ae5b6656da63891f6e5b9e31bbf5,NTA5NjgzMzM2MDQ3,**** **** 6047,7780926505,,BANDIPORA,Gurez,Badwan,623,40,2705,34.0
38097191881,1_623_40_2708_005066,,Parveez Ahmad Lone,,,47,Male,Owner,Marginal  Farmer(Farmer having land <1 Hectare),PENDING,,,false,,OPERATOR,764c7848d8315ccc11a5be08a772c4d87bc5c5c6fc5d38924b9ea1c52734a174,MzYxNjkwMDI4ODcy,**** **** 8872,6005649218,,BANDIPORA,Gurez,Shah Pora - Achoora (Churwan),623,40,2708,59.0
63703388219,1_623_6811_2789_005000,,GH HASSAN RATHER,,,57,Male,Owner,Marginal  Farmer(Farmer having land <1 Hectare),PENDING,,,false,,OPERATOR,c3fb11e5aabb2ebb28f22905b67bf0a7967f15170d72740ad47f5ca52b3c306f,NjcyMzcyOTYzNjQ2,**** **** 3646,9697468387,,BANDIPORA,Hajin,Kani Pora,623,6811,2789,53.0
61737527062,1_623_42_2810_005026,,Ghulam Mohammad Parray,,,47,Male,Owner,Marginal  Farmer(Farmer having land <1 Hectare),PENDING,,,false,,OPERATOR,8187ded5509d2e792139127fed7267e289592f4b599c277a6fc635d15e744c72,NTc5ODE3MTM3MjQx,**** **** 7241,8803047084,,BANDIPORA,Sonawari,Odina,623,42,2810,46.0
93531322963,1_623_6812_2724_005118,,Zahoor Ahmad Lone,,,53,Male,Owner,Marginal  Farmer(Farmer having land <1 Hectare),PENDING,,,false,,OPERATOR,1cd61e8cc91608eb4840fe19cfb15b0d390d260c739dc50701d6cae1d868c1bd,NTMyOTczODIwOTM3,**** **** 0937,9682564155,,BANDIPORA,Tulail,Baduaab,623,6812,2724,46.0
36388541629,1_623_41_2740_005007,,ZAHOOR AHMAD MALIK,,,46,Male,Owner,Marginal  Farmer(Farmer having land <1 Hectare),PENDING,,,false,,OPERATOR,94c5a680dd2835bd5cc8f7e3347b3a3afdd9f6949726527aa2274ffe4023a02a,NDkzNjg5OTUyNTQ1,**** **** 2545,8491808713,,BANDIPORA,Bandipora,Khayar,623,41,2740,56.0
56238285870,1_623_6812_2724_005120,,Sityara Begum,,,84,Female,Owner,Marginal  Farmer(Farmer having land <1 Hectare),PENDING,,,false,,OPERATOR,e0dced0df51ad2d46dd8a3bc41a1405c104dda32e9c57f8d2822f77f8b004e58,MzM0NDY3NDM4NDUx,**** **** 8451,7889751650,,BANDIPORA,Tulail,Baduaab,623,6812,2724,69.0
85462660507,1_623_42_2810_005028,,MOHD ZAMAN BHAT,,,51,Male,Owner,Marginal  Farmer(Farmer having land <1 Hectare),PENDING,,,false,,OPERATOR,6d49803307c8b0abb33f5a739906c0ad7a5d29c105fcad56b698939f6adbb83b,NDA2MjU4Nzk0MDUw,**** **** 4050,9906887479,,BANDIPORA,Sonawari,Odina,623,42,2810,23.0
41367269909,1_623_40_2707_005071,,ABDUL HAMEED AKHOON,,,76,Male,Owner,Marginal  Farmer(Farmer having land <1 Hectare),PENDING,,,false,,OPERATOR,ddad81e6ef190ed03ad7fbd8b2fe6e59d2eae4cde3e78e4a1108df9b1e4a5b96,NTM3NDAxMTc3NjEx,**** **** 7611,6005665213,,BANDIPORA,Gurez,Markoot,623,40,2707,0.0
82513879048,1_623_6812_2724_005121,,Latief Beigh,,,40,Male,Owner,Marginal  Farmer(Farmer having land <1 Hectare),PENDING,,,false,,OPERATOR,aeb5987b159cc962422d98eb3fc6f9183f5a62185e1ce0a23487884f0a09ce97,MjM4MzUyMzU2OTk3,**** **** 6997,8825030486,,BANDIPORA,Tulail,Baduaab,623,6812,2724,49.0
98399049291,1_623_40_2707_005054,,Sammar Skinder Shiekh,,,24,Male,Owner,Marginal  Farmer(Farmer having land <1 Hectare),PENDING,,,false,,OPERATOR,df1d8d62570583f3d5bce375bcc605f1cc5efc53576d18e61ed79ddfed2d6b2c,ODkyNDg3MjQyMzEx,**** **** 2311,7006392890,,BANDIPORA,Gurez,Markoot,623,40,2707,0.0
71510083316,1_623_40_2707_005072,,Mohd Iqbal Lone,,,46,Male,Owner,Marginal  Farmer(Farmer having land <1 Hectare),PENDING,,,false,,OPERATOR,7adedb19ce30b88d600bc64a4055ad3d3114f645e96e3a55d8e645af5a0ffa8e,OTEyNjUwMTQ2ODAx,**** **** 6801,9682696458,,BANDIPORA,Gurez,Markoot,623,40,2707,58.0
52295751540,1_623_41_2740_005008,,NAZIR AHMAD MALIK,,,60,Male,Owner,Marginal  Farmer(Farmer having land <1 Hectare),PENDING,,,false,,OPERATOR,0d5561ad83d4cbd05f6bde52d339573bea8e1db6c55eeaf1a459e421e06e1185,ODkwMjgxOTg3NTQ4,**** **** 7548,9906873127,,BANDIPORA,Bandipora,Khayar,623,41,2740,56.0
46943256010,1_623_6812_2724_005137,,Shareefa Begum,,,41,Female,Owner,Marginal  Farmer(Farmer having land <1 Hectare),PENDING,,,false,,OPERATOR,6fb1b521144e471aeef4e0e85bf7a98fc044f6d8f470187a7518d59a909f7f43,OTg3MTE5NjcwMzky,**** **** 0392,6005563921,,BANDIPORA,Tulail,Baduaab,623,6812,2724,49.0
66469159331,1_623_6812_2724_005095,,Doori Bagum,,,47,Female,Owner,Marginal  Farmer(Farmer having land <1 Hectare),PENDING,,,false,,OPERATOR,7657cfe3c27a2cc9ecd40ebc9d261fed532d13dadb6f5e7073570f129e41b9a6,OTYwNjA5NDQyNDk4,**** **** 2498,6005580499,,BANDIPORA,Tulail,Baduaab,623,6812,2724,24.0
35816007767,1_623_6812_2716_005062,,GULAB MIR,,,76,Male,Owner,Marginal  Farmer(Farmer having land <1 Hectare),PENDING,,,false,,OPERATOR,46ceceb52c0704136a00b9f9def7f84bc2e55390fba79a2881e970ed2d3b3296,Nzg0NDMzNjQ0MTIz,**** **** 4123,7006356679,,BANDIPORA,Tulail,Neeru,623,6812,2716,35.0
50997578966,1_623_6812_2724_005092,,Ab Aziz Lone,,,65,Male,Owner,Marginal  Farmer(Farmer having land <1 Hectare),PENDING,,,false,,OPERATOR,8a62a690959c4c8ab35a0ce72d2f48321b529990df6d40570798d73db04bcd24,NzYyOTcyODA5OTc5,**** **** 9979,6006597046,,BANDIPORA,Tulail,Baduaab,623,6812,2724,59.0
72523074808,1_623_6811_2772_005004,,ABDUL AHAD DAR,,,65,Male,Owner,Marginal  Farmer(Farmer having land <1 Hectare),PENDING,,,false,,OPERATOR,2d405d2ab88762b6e4936be20a89b2dd56100ce831429e34c4cd316def49e136,ODA2OTk5MTM1MjYz,**** **** 5263,7006059291,,BANDIPORA,Hajin,Sari Hari Karan Gund,623,6811,2772,46.0
56415552024,1_623_6812_2711_005031,,Jamil Ahmad Wani,,,45,Male,Owner,Marginal  Farmer(Farmer having land <1 Hectare),PENDING,,,false,,OPERATOR,e9f687ca64cf57e0b9338b9e52d5d04a1233a50352a0bda5de848ee34124a0df,ODYwODcyNTgxMjI3,**** **** 1227,6006618131,,BANDIPORA,Tulail,Zedgey,623,6812,2711,56.0
78154248266,1_623_6812_2724_005094,,Kamar Ud Din Lone,,,59,Male,Owner,Marginal  Farmer(Farmer having land <1 Hectare),PENDING,,,false,,OPERATOR,73b271b279404f655a8501c5f7dbef64d18e74642b27dcaaa330acbbab7ab043,MzM1OTI1NDcwODE1,**** **** 0815,9596574372,,BANDIPORA,Tulail,Baduaab,623,6812,2724,0.0
48748499740,1_623_6812_2724_005123,,Nani Begum,,,76,Female,Owner,Marginal  Farmer(Farmer having land <1 Hectare),APPROVED,,,false,,OPERATOR,e49be1ddebaee49263d06e3bf155bc45e11eea658094ddc2be3d1f62648a381d,OTE1MDA2OTc1MTUw,**** **** 5150,6005748466,,BANDIPORA,Tulail,Baduaab,623,6812,2724,35.0
67875625399,1_623_40_2707_005055,,Fiaz Ahmad Lone,,,47,Male,Owner,Marginal  Farmer(Farmer having land <1 Hectare),PENDING,,,false,,OPERATOR,067c4aebe8adc3296d4ddf566dece1a803649bc44af4b2e1b5123e095d3a69c5,NDk3NDg4MjY4MDI3,**** **** 8027,7006304109,,BANDIPORA,Gurez,Markoot,623,40,2707,48.0
31612913699,1_623_42_2794_005082,,Tahira Begum,,,38,Female,Owner,Marginal  Farmer(Farmer having land <1 Hectare),APPROVED,,,false,,OPERATOR,def5fbcbaf174480a539f8290427f00fc41a69af2d2be038a8955a8b55a1d0be,NDQwNzc5Mjk0NTM0,**** **** 4534,9622770315,,BANDIPORA,Sonawari,Asham,623,42,2794,90.0
66233748907,1_623_40_2705_005007,,Mudasir Ali,,,34,Male,Owner,Marginal  Farmer(Farmer having land <1 Hectare),PENDING,,,false,,OPERATOR,9fd103bcc3c8e0bf32eb92cfa3bd5d642e21ddc5a894b6d5c479e021c5a9a73c,NzY4MzI4MDM1ODUz,**** **** 5853,6005229535,,BANDIPORA,Gurez,Badwan,623,40,2705,32.0
25277169809,1_623_40_2708_005087,,Mohd Munwar Lone,,,58,Male,Owner,Marginal  Farmer(Farmer having land <1 Hectare),PENDING,,,false,,OPERATOR,44fd2476ef10737a873a57c60411d7eeddf60a0c1b6a35e478c55d73fd52fea0,NjkzMzA0NjI3ODIw,**** **** 7820,9149742299,,BANDIPORA,Gurez,Shah Pora - Achoora (Churwan),623,40,2708,36.0
77931284158,1_623_40_936275_005040,,Rayes Ahmad Lone,,,40,Male,Owner,Marginal  Farmer(Farmer having land <1 Hectare),PENDING,,,false,,OPERATOR,fea34176322349d033c6e26bdfd86509e919bfd0aac668860b7c88675ec5506e,OTYzNzMwOTk4ODc1,**** **** 8875,9469733572,,BANDIPORA,Gurez,Gulshanpora,623,40,936275,63.0
98723887757,1_623_6812_2724_005138,,Irfan Ahmad Bhat,,,30,Male,Owner,Marginal  Farmer(Farmer having land <1 Hectare),PENDING,,,false,,OPERATOR,3d7b12703e971beca071558ddd0e46106e2f7967d6edf8048e2f4d7b3e3878bd,OTQwMTczNjE5Mjg0,**** **** 9284,9149579593,,BANDIPORA,Tulail,Baduaab,623,6812,2724,55.0
31302106792,1_623_41_2768_005000,,Shabir Ahmad Lone,,,27,Male,Owner,Marginal  Farmer(Farmer having land <1 Hectare),PENDING,,,false,,OPERATOR,96bcb8673b350517eaa98a7726307b1d469beb8cccee6a8e6272d39760cb9a26,Mzg3Mjk0NjQwNzg2,**** **** 0786,6006840823,,BANDIPORA,Bandipora,Garoora,623,41,2768,64.0
47432891227,1_623_6812_2724_005124,,Gh Ahmad Khan,,,39,Male,Owner,Marginal  Farmer(Farmer having land <1 Hectare),PENDING,,,false,,OPERATOR,a7e859157db4409a330612bb7046c9eb801b8acfa14bb31bdeaacd622fa98208,Mjc0MDkxMzc1NjEy,**** **** 5612,6006818989,,BANDIPORA,Tulail,Baduaab,623,6812,2724,0.0
99515692018,1_623_40_2707_005038,,Shahjahan Shiekh,,,44,Male,Owner,Marginal  Farmer(Farmer having land <1 Hectare),PENDING,,,false,,OPERATOR,d26cff2ce7b78cc92114d50c42490a5b9fa1bf296091a40aa2b0d9603c48cfef,NDgyODg4MDY0ODQz,**** **** 4843,9419745933,,BANDIPORA,Gurez,Markoot,623,40,2707,46.0
42669178381,1_623_6811_2700_005044,,Ali Mohammad Malla,,,74,Male,Owner,Marginal  Farmer(Farmer having land <1 Hectare),PENDING,,,false,,OPERATOR,2ac6cc1889e5ab60953c9314c30d9bf8ffd8c9e95783379875498ba4395e3349,OTU4MjE2NzQ3OTcx,**** **** 7971,7889364907,,BANDIPORA,Hajin,Gulshanpora,623,6811,2700,32.0
86051010080,1_623_40_2707_005081,,Aisha Begum,,,63,Female,Owner,Marginal  Farmer(Farmer having land <1 Hectare),APPROVED,,,false,,OPERATOR,667de80a816c755fd1c54f4056bf60f7b62dcc1c2c73d4c446e1b8ad778d5a89,OTYwODE4NDA4NTI4,**** **** 8528,8899522208,,BANDIPORA,Gurez,Markoot,623,40,2707,80.0
69381471242,1_623_42_2794_005103,,Atiqa Begum,,,51,Female,Owner,Marginal  Farmer(Farmer having land <1 Hectare),APPROVED,,,false,,OPERATOR,155f2b31ca2c23bc721be0ce3162aaf5b72c5380a31deb8e1d94ea79e9fb8eb0,MjI3MTYxNjE4NTg2,**** **** 8586,8899905796,,BANDIPORA,Sonawari,Asham,623,42,2794,84.0
63676604311,1_623_6812_2716_005074,,Mohammad Abdullah Mir,,,68,Male,Owner,Marginal  Farmer(Farmer having land <1 Hectare),APPROVED,,,false,,OPERATOR,7ce1d34f212d0ffbff769363593c46a286b4415d0791642c23fe7e6cbe6cbca2,MjYzMjI0NDAxODU1,**** **** 1855,7006771875,,BANDIPORA,Tulail,Neeru,623,6812,2716,38.0
30811592949,1_623_40_2708_005088,,Farooq Ahmad Lone,,,52,Male,Owner,Marginal  Farmer(Farmer having land <1 Hectare),PENDING,,,false,,OPERATOR,e93e5a2058cee35331bf5d317d406b58160e7598114125230b1d7ed06a299882,NzQ2NDMwNjc1MDc1,**** **** 5075,9103749174,,BANDIPORA,Gurez,Shah Pora - Achoora (Churwan),623,40,2708,52.0
82853375598,1_623_6812_2724_005125,,Mohd Afzal Lone,,,44,Male,Owner,Marginal  Farmer(Farmer having land <1 Hectare),APPROVED,,,false,,OPERATOR,81e4109b7890055871360d9afeda29e445f0e6c7e75ecf5e1513daa5532f4d57,NDYwNTEwNTkwODI3,**** **** 0827,7889452718,,BANDIPORA,Tulail,Baduaab,623,6812,2724,53.0
10117336936,1_623_40_2708_005065,,Zahoor Ahmad Lone,,,49,Male,Owner,Marginal  Farmer(Farmer having land <1 Hectare),PENDING,,,false,,OPERATOR,da57a9a9b52e3d22e4f63aa1c37f997623930d8c29217bde598d8bcba685b15c,ODE1ODYxNTY5NDcz,**** **** 9473,6005446276,,BANDIPORA,Gurez,Shah Pora - Achoora (Churwan),623,40,2708,61.0
15935091519,1_623_42_2794_005080,,Javid Ahmad Kaloo,,,37,Male,Owner,Marginal  Farmer(Farmer having land <1 Hectare),PENDING,,,false,,OPERATOR,56fdf81a2d8c769605c030f5512d4095d73d8e880470c2aa409f59fa3a4ea0f7,NzA4Mjc5NTc4Mzcy,**** **** 8372,7780922214,,BANDIPORA,Sonawari,Asham,623,42,2794,65.0
89630711316,1_623_40_2705_005005,,Shoiab Malik Lone,,,23,Male,Owner,Marginal  Farmer(Farmer having land <1 Hectare),PENDING,,,false,,OPERATOR,9bd61766fcb7d9c19363cacdac1b00b446b1aa095328ee13cc3a65cd57808eb7,NjgzNDI5MzE3MDA4,**** **** 7008,9149817147,,BANDIPORA,Gurez,Badwan,623,40,2705,0.0
52360952496,1_623_6812_2716_005063,,Ab Rashid Mir,,,34,Male,Owner,Marginal  Farmer(Farmer having land <1 Hectare),PENDING,,,false,,OPERATOR,9723589ca72d81f5449d9874e4d9f0a4c4141454bdc4479a191ab512b9e72702,MjU3ODYyNjA4MTEx,**** **** 8111,6006966908,,BANDIPORA,Tulail,Neeru,623,6812,2716,43.0
38551871353,1_623_6811_2700_005043,,Ghulam Mohammad Ganaie,,,58,Male,Owner,Marginal  Farmer(Farmer having land <1 Hectare),PENDING,,,false,,OPERATOR,353425f72ab116a8cebd44a43cc34cc1c551bafb536d39a3893945dac809fd17,NzIwMzQ5NjMwOTAw,**** **** 0900,9906729343,,BANDIPORA,Hajin,Gulshanpora,623,6811,2700,51.0
98459263822,1_623_40_2705_005006,,AFROZA BANOO,,,30,Female,Owner,Marginal  Farmer(Farmer having land <1 Hectare),PENDING,,,false,,OPERATOR,e563cea42c3cb729d1a4d68472dd6e604eaa3fc0d84f997ab6f18fa36256a8bf,ODAzNTc5NDI3MjUx,**** **** 7251,7889785192,,BANDIPORA,Gurez,Badwan,623,40,2705,0.0
85437939044,1_623_42_2794_005081,,Ab Majeed Khan,,,71,Male,Owner,Marginal  Farmer(Farmer having land <1 Hectare),PENDING,,,false,,OPERATOR,7938b02fce7b1847585c205507af669208cdd5055b45686514c5da3dafe12c72,NjcwNjc2ODgxNDIw,**** **** 1420,9596558688,,BANDIPORA,Sonawari,Asham,623,42,2794,44.0
59821105841,1_623_40_2708_005089,,MOHD MUZAFFAR LONE,,,55,Male,Owner,Marginal  Farmer(Farmer having land <1 Hectare),PENDING,,,false,,OPERATOR,fda865634749255e994370fcb2b450fdd0f66f9a354bd865ada955a6600b5009,NzU4NDMzOTczNjc3,**** **** 3677,9541594546,,BANDIPORA,Gurez,Shah Pora - Achoora (Churwan),623,40,2708,33.0
61324161914,1_623_41_2768_005002,,Hamid Ul Islam,,,24,Male,Owner,Marginal  Farmer(Farmer having land <1 Hectare),APPROVED,,,false,,OPERATOR,3eaff2b69f14765b0e7f6a2b4dca5e474a3a8fae3f7eb86d35fdfffe12106966,NDM1OTY5Njk5MTk2,**** **** 9196,6006306754,,BANDIPORA,Bandipora,Garoora,623,41,2768,88.0
39000220736,1_623_6812_2716_005075,,Ghulam Mohammad Mir,,,60,Male,Owner,Marginal  Farmer(Farmer having land <1 Hectare),APPROVED,,,false,,OPERATOR,b88d5d62471432a719b6b688f3ffc75c395396fe618d900b788a4166bdd73721,MjUwMjQ2MzAwMzM2,**** **** 0336,6006804891,,BANDIPORA,Tulail,Neeru,623,6812,2716,46.0
83861298084,1_623_40_936275_005030,,Naseema Begum,,,40,Female,Owner,Marginal  Farmer(Farmer having land <1 Hectare),PENDING,,,false,,OPERATOR,321c12099680e43971b67640c1c7407bddd0dcacdae569f4d69707a5a833337a,ODc3MDc2MzIyMzc5,**** **** 2379,9149653739,,BANDIPORA,Gurez,Gulshanpora,623,40,936275,50.0
66123508071,1_623_42_2810_005029,,Ab. Rahim Parray,,,46,Male,Owner,Marginal  Farmer(Farmer having land <1 Hectare),PENDING,,,false,,OPERATOR,3a2cc8db95cda57f36eee370d84d88df473e4ebdc55d0b1e7470d54ad803ee67,MzEzMjI1NzU1ODcx,**** **** 5871,9469121047,,BANDIPORA,Sonawari,Odina,623,42,2810,0.0
29533662593,1_623_41_2768_005014,,Ghulam Nabi Ganie,,,74,Male,Owner,Marginal  Farmer(Farmer having land <1 Hectare),PENDING,,,false,,OPERATOR,776ee55ac2aa2cac73f65bdee4e1a92cb4982f332a8d054445473ebb58358055,MzM3NDE0NDM1ODc2,**** **** 5876,9906791894,,BANDIPORA,Bandipora,Garoora,623,41,2768,62.0
10090042605,1_623_42_2794_005058,,Mala Begum,,,66,Female,Owner,Marginal  Farmer(Farmer having land <1 Hectare),APPROVED,,,false,,OPERATOR,41a20305035687b2b4a3403391c1aa2d7cfd9c6f3b41c0b2f85a01e1d8da4f01,NTE4Nzc5ODQ0NDM0,**** **** 4434,7006249987,,BANDIPORA,Sonawari,Asham,623,42,2794,89.0
68206127891,1_623_40_936275_005004,,Sabi Begum,,,56,Female,Owner,Marginal  Farmer(Farmer having land <1 Hectare),APPROVED,,,false,,OPERATOR,60c024322a751f09a6704c8016c7f0cff65fec77c272a37f1a10d8c5405764d8,NDEzNjQ3MjQzNjE0,**** **** 3614,9469319359,,BANDIPORA,Gurez,Gulshanpora,623,40,936275,78.0
74484335400,1_623_6812_2716_005044,,FARZANI BEGUM,,,67,Female,Owner,Marginal  Farmer(Farmer having land <1 Hectare),APPROVED,,,false,,OPERATOR,284fc3b36a34590a1f1a7f6896c548cc72b18b7e77a84538933d27ad4fbe1795,MjE2MTQzNTU0NTI2,**** **** 4526,6005781357,,BANDIPORA,Tulail,Neeru,623,6812,2716,90.0
93998047131,1_623_6811_2700_005040,,Aadil Majeed,,,31,Male,Owner,Marginal  Farmer(Farmer having land <1 Hectare),APPROVED,,,false,,OPERATOR,633f1a1ad8755dd05ca97c8b13a37613f7fa786f9b603d8735aceb7ea33dc41c,NTI1Njc0OTg4MTgw,**** **** 8180,9149411194,,BANDIPORA,Hajin,Gulshanpora,623,6811,2700,90.0
45343039916,1_623_6812_2724_005096,,FATIMA BEGUM,,,29,Female,Owner,Marginal  Farmer(Farmer having land <1 Hectare),APPROVED,,,false,,OPERATOR,df6d3b95b057144b08a75d55d7d2737effd3db74fe2728762b4dc0db5cbf316e,NjA3NDU2NjYzNTQ5,**** **** 3549,6006036296,,BANDIPORA,Tulail,Baduaab,623,6812,2724,85.0
35311605765,1_623_41_2768_005005,,Wazir Un Nisa,,,30,Female,Owner,Marginal  Farmer(Farmer having land <1 Hectare),APPROVED,,,false,,OPERATOR,f7395c9c68e25a7066b472b655d46ac7cdb19bc18c924af57c737a645c4dffdb,NjA2NTgxMTI5NzU2,**** **** 9756,7006211286,,BANDIPORA,Bandipora,Garoora,623,41,2768,87.0
57897298874,1_623_41_2768_005008,,Naheeda Zaib,,,34,Female,Owner,Marginal  Farmer(Farmer having land <1 Hectare),APPROVED,,,false,,OPERATOR,6896190635cae3598712fbb6559db455330a91643c91796fb2d935bf9872ad07,ODE4Mjg3MTU4OTU0,**** **** 8954,7006908835,,BANDIPORA,Bandipora,Garoora,623,41,2768,87.0
57450508619,1_623_6810_2777_005027,,Mahtaba Begum,,,66,Female,Owner,Marginal  Farmer(Farmer having land <1 Hectare),APPROVED,,,false,,OPERATOR,15a846676a255d09311cb1c1b235d957ee02b3a0c1634de11db2231f06a4d26a,NTAwNDgxNjY1MjQ0,**** **** 5244,7051457642,,BANDIPORA,Ajas,Ajas,623,6810,2777,32.0
17974015922,1_623_6810_2777_005003,,Habla Begum,,,61,Female,Owner,Marginal  Farmer(Farmer having land <1 Hectare),APPROVED,,,false,,OPERATOR,f2143102d0e11c4d93e22702588f65488895fbaa7c5baeb4b42e1ece689be3ba,NTM0OTA3MjUyOTU0,**** **** 2954,9797166864,,BANDIPORA,Ajas,Ajas,623,6810,2777,55.0
62382626951,1_623_6810_2777_005004,,Muzaffar Ahmad Rahter,,,64,Male,Owner,Marginal  Farmer(Farmer having land <1 Hectare),APPROVED,,,false,,OPERATOR,e9c7e317739b2e3c3d2862b98d6ccd0d2d1177aed96901141efb1079311060b9,NjMzOTkzMDkyNzUw,**** **** 2750,8899063394,,BANDIPORA,Ajas,Ajas,623,6810,2777,46.0
51330178743,1_623_6810_2777_005000,,Nadeem Ahmad Rather,,,28,Male,Owner,Marginal  Farmer(Farmer having land <1 Hectare),APPROVED,,,false,,OPERATOR,27165eddbe4d7e629cc0f9f056f867122ad91dec848e4d5ade3e0b9ad9ca3c25,MzcyNjUyMzIzODUx,**** **** 3851,9797166864,,BANDIPORA,Ajas,Ajas,623,6810,2777,65.0
68668745755,1_623_6810_2777_005009,,Abdul Hamid Lone,,,66,Male,Owner,Marginal  Farmer(Farmer having land <1 Hectare),APPROVED,,,false,,OPERATOR,64098a3f5515cb6fb5836f9c659740c1760a0a536700295d69639b6aa9417a2d,MjM1MzM0MzQ0OTE1,**** **** 4915,9906504777,,BANDIPORA,Ajas,Ajas,623,6810,2777,44.0
67022173450,1_623_6810_2777_005011,,Zahoor Ahmad Dar,,,50,Male,Owner,Marginal  Farmer(Farmer having land <1 Hectare),APPROVED,,,false,,OPERATOR,dfbb51bd6fd9f04ee337044f1fff675edc68c3cf52e977974135abebcefbd080,NzA0MzkxMjg5MzA4,**** **** 9308,8082442792,,BANDIPORA,Ajas,Ajas,623,6810,2777,49.0
85562444359,1_623_6810_2777_005013,,Gh Ahmad Rather,,,60,Male,Owner,Small Farmer (Farmer having Land >=1 & <2 Hectare),APPROVED,,,false,,OPERATOR,3a1068ffac591a0c4242d9c5d22c5df203003483e2ddd878714705d2bccc9d9e,MzI0MTc1NDk5NzIy,**** **** 9722,8803321553,,BANDIPORA,Ajas,Ajas,623,6810,2777,48.0
89707916800,1_623_6810_2777_005026,,Riyaz Ahmad Rather,,,46,Male,Owner,Marginal  Farmer(Farmer having land <1 Hectare),APPROVED,,,false,,OPERATOR,600bde93be006ac5a1aee84c23858b7c6e1f4bd86fab5d471dcd9125320d5cf6,NDg5MDY0Nzk0OTcx,**** **** 4971,6006186190,,BANDIPORA,Ajas,Ajas,623,6810,2777,52.0
99984896660,1_623_6810_2777_005017,,Abdul Ahad Rather,,,66,Male,Owner,Marginal  Farmer(Farmer having land <1 Hectare),APPROVED,,,false,,OPERATOR,de5a5ffc59253d119f4af9220fcb3a50876be35a12f55d5baa31b06313b70a08,NDY0NzE1OTA5MDgz,**** **** 9083,7051178874,,BANDIPORA,Ajas,Ajas,623,6810,2777,63.0
48319483727,1_623_6810_2777_005023,,Habib Ullah Rather,,,70,Male,Owner,Marginal  Farmer(Farmer having land <1 Hectare),APPROVED,,,false,,OPERATOR,ca79236316695116b7c7a18d511c0136e38367bc6d06fcab225fd27d35d7318f,MzQxMjM2NDAzMjYx,**** **** 3261,9906423546,,BANDIPORA,Ajas,Ajas,623,6810,2777,61.0
41196759839,1_623_6810_2777_005014,,Sarwa Begum,,,73,Female,Owner,Marginal  Farmer(Farmer having land <1 Hectare),APPROVED,,,false,,OPERATOR,13eebdec0adb9f7585201ff368df31d15ee428357709b433e8e63b0382947e46,MjA3NjQ5NTg4MDA2,**** **** 8006,7006482868,,BANDIPORA,Ajas,Ajas,623,6810,2777,50.0
65267147276,1_623_6810_2777_005016,,Ghulam Mohi Ud Din Rather,,,76,Male,Owner,Marginal  Farmer(Farmer having land <1 Hectare),APPROVED,,,false,,OPERATOR,4cedd92ea01497e7c80625fe7b9a5e919d8f7843bbbf47dd49da34519c9870ae,NjI4ODM0MTgxNjMy,**** **** 1632,9622774167,,BANDIPORA,Ajas,Ajas,623,6810,2777,52.0
53510126610,1_623_6810_2777_005021,,Manzoor Ahmad Rather,,,45,Male,Owner,Marginal  Farmer(Farmer having land <1 Hectare),APPROVED,,,false,,OPERATOR,ed13d92ac5fd27dca99448453fbb007c91adadbb5d974da48278155abbc89a22,OTI2MjczNTc4NzEx,**** **** 8711,9906708094,,BANDIPORA,Ajas,Ajas,623,6810,2777,43.0
79193568380,1_623_6810_2777_005025,,Ishfaq Ahmad Rather,,,32,Male,Owner,Marginal  Farmer(Farmer having land <1 Hectare),APPROVED,,,false,,OPERATOR,a84a6127cfec2b5329dc2de07a9af4ebfcfe2da3e157a2711b7ed576a6509d99,NTY1NTA3OTAxODcz,**** **** 1873,9541082139,,BANDIPORA,Ajas,Ajas,623,6810,2777,56.0
52345368516,1_623_6810_2777_005032,,Mohd Ashraf Rather,,,46,Male,Owner,Marginal  Farmer(Farmer having land <1 Hectare),APPROVED,,,false,,OPERATOR,8564c237d0b381328ac333b58cdfe9f83e2737af024317f5e2c642f3723997e7,ODg2Mjc1MDgwNTA3,**** **** 0507,9697387464,,BANDIPORA,Ajas,Ajas,623,6810,2777,63.0
86904785456,1_623_6810_2777_005033,,Gh Mohammad Bhat,,,71,Male,Owner,Marginal  Farmer(Farmer having land <1 Hectare),APPROVED,,,false,,OPERATOR,590027c7a36eeef66b9418043cb7cac1b1e0f8bb653d8df81e160f2b3295236c,NDAyNTI5MjkxMDEx,**** **** 1011,9596356938,,BANDIPORA,Ajas,Ajas,623,6810,2777,23.0
76308097607,1_623_42_2794_005076,,Firdous Ahmad Ahanger,,,38,Male,Owner,Marginal  Farmer(Farmer having land <1 Hectare),APPROVED,,,false,,OPERATOR,5abf3aa98675fd535756c309f568e0f19b14945a8fbe40bb2c6aaed87f1e1931,Mjg5OTU4ODA5ODIy,**** **** 9822,7051889742,,BANDIPORA,Sonawari,Asham,623,42,2794,65.0
21333393509,1_623_42_2794_005077,,Ghulam Mohammad Khan,,,81,Male,Owner,Marginal  Farmer(Farmer having land <1 Hectare),APPROVED,,,false,,OPERATOR,ff5eb1a0afaa47d4d87339d6b7898610ca67ba6c41eba4126258765cbbebfe2d,NjAxNTkxNzI2MDkx,**** **** 6091,9596275743,,BANDIPORA,Sonawari,Asham,623,42,2794,46.0
15870508501,1_623_42_2794_005085,,Sarwa Begum,,,78,Female,Owner,Marginal  Farmer(Farmer having land <1 Hectare),APPROVED,,,false,,OPERATOR,e6b3e77711ad53cc814d8d3b45e850bf77d375dde146645a2c2eecaa99c35b39,NDgxNTc4NzAwMzY3,**** **** 0367,9149654471,,BANDIPORA,Sonawari,Asham,623,42,2794,45.0
96566543067,1_623_42_2794_005086,,Mohammad Shaban Khan,,,65,Male,Owner,Marginal  Farmer(Farmer having land <1 Hectare),APPROVED,,,false,,OPERATOR,ef2336b0389addcac101857f6a4a16fd6656b2eac8922fa7131aae8fee41f78a,OTE5OTc5MjA1Nzg5,**** **** 5789,9622748365,,BANDIPORA,Sonawari,Asham,623,42,2794,46.0
83654209792,1_623_42_2794_005089,,Hajra Begum,,,64,Female,Owner,Marginal  Farmer(Farmer having land <1 Hectare),APPROVED,,,false,,OPERATOR,ee9ab763333a2a0a763df61bb8137d9dc03c47379754ad70e8f319ffc2ee55b0,NTg5MTc0MTA5MTE1,**** **** 9115,9906833193,,BANDIPORA,Sonawari,Asham,623,42,2794,55.0
53224323287,1_623_42_2794_005090,,Imtiyaz Hassan Wani,,,34,Male,Owner,Marginal  Farmer(Farmer having land <1 Hectare),APPROVED,,,false,6006962485,OPERATOR,ccc09de9e473c3fd9e26730ea5017b23187feed5d0344f0afcd7856d1de4f62a,OTM3MTIwOTgyNzg4,**** **** 2788,6006962485,,BANDIPORA,Sonawari,Asham,623,42,2794,64.0
59697983504,1_623_42_2794_005091,,Ghulam Hassan Rather,,,52,Male,Owner,Marginal  Farmer(Farmer having land <1 Hectare),APPROVED,,,false,,OPERATOR,4d8f131dac3b30adf782c3fa528b986260e24e871734af1fe6c3f8995b2de806,MjE2NDkxMzc4NjE2,**** **** 8616,9906704299,,BANDIPORA,Sonawari,Asham,623,42,2794,56.0
90308801811,1_623_42_2794_005093,,AB MAJID DAR,,,67,Male,Owner,Marginal  Farmer(Farmer having land <1 Hectare),APPROVED,,,false,,OPERATOR,fa4acdf3a8523647b10897dfb52ec929b4e3f43de2f1617f7f37f9341b93ad2f,OTQ5MDk3NzYzMjkw,**** **** 3290,9541261928,,BANDIPORA,Sonawari,Asham,623,42,2794,43.0
53738111881,1_623_42_2794_005094,,Doost Mohd Dar,,,54,Male,Owner,Marginal  Farmer(Farmer having land <1 Hectare),APPROVED,,,false,,OPERATOR,e749298c75ca865270853eae622d98f831b11d0528a595b8a6a04258d208b010,NzM1OTIyNjMxMjc3,**** **** 1277,8493068384,,BANDIPORA,Sonawari,Asham,623,42,2794,62.0
97853579131,1_623_42_2794_005096,,GH RASOOL RATHER,,,66,Male,Owner,Marginal  Farmer(Farmer having land <1 Hectare),APPROVED,,,false,,OPERATOR,c093804d3743f465354a11e55d6e5f1381487b708bdac9bea039a3d68f125fc8,NDc4NjA0MzA5ODc5,**** **** 9879,7889468491,,BANDIPORA,Sonawari,Asham,623,42,2794,43.0
21278212414,1_623_42_2794_005095,,MUSHTAQ AH GANIE,,,47,Male,Owner,Marginal  Farmer(Farmer having land <1 Hectare),APPROVED,,,false,,OPERATOR,7bb181355786554ecc8d6eb95aa355aa174d8a9ad0858df31c06d914601a4000,NjgyNjkxNDk5Nzg2,**** **** 9786,9797154215,,BANDIPORA,Sonawari,Asham,623,42,2794,25.0
91765965277,1_623_42_2794_005102,,BASHIR AHMAD KHAN,,,45,Male,Owner,Marginal  Farmer(Farmer having land <1 Hectare),APPROVED,,,false,,OPERATOR,0c1cd53ceee565db1a5a6f14a72259b1bdd075449b0bacabba81344eb43b4828,NjE4MjA1NTAwMzcy,**** **** 0372,6005119080,,BANDIPORA,Sonawari,Asham,623,42,2794,56.0
64121486095,1_623_6812_2724_005093,,Jalal Ud Din Lone,,,38,Male,Owner,Marginal  Farmer(Farmer having land <1 Hectare),PENDING,,,false,6005581770,OPERATOR,fce7faf10c09965df62bc7eb3683b11a2b1086cf87116be530d3c574e42f4d79,NjU2MTQyMDMxNTMx,**** **** 1531,6005581770,,BANDIPORA,Tulail,Baduaab,623,6812,2724,0.0
