centralId,enrollmentNumber,enrollmentDate,frNameEn,frNameLL,dob,age,gender,farmerType,category,approvalStatus,finalVerificationDate,modifiedOn,isSfdbData,userName,insertedBy,aadhaarHash,aadhaarBase64,farmerAadhaarMask,farmerMobileNumber,farmerLastDraftedDate,districtName,subDistrictName,villageName,districtLgdCode,subDistrictLgdCode,villageLgdCode,lowestNameMatchScore
28712809504,1_623_40_2708_005040,,Tuseef Ahmad Lone,,,40,Male,Owner,Marginal  Farmer(Farmer having land <1 Hectare),PENDING,,,false,,OPERATOR,dc197504eb5715b2e52a433e2eca53717c591b14a09658b0083dfe49e11e8607,NzA3NzMwODM4NjUy,**** **** 8652,6005758476,,BANDIPORA,Gurez,Shah Pora - Achoora (Churwan),623,40,2708,0.0
27725853943,1_623_6812_2711_005025,,Juma Wani,,,45,Male,Owner,Marginal  Farmer(Farmer having land <1 Hectare),PENDING,,,false,,OPERATOR,bf3eec846c7186b5cb05dcf600e26f6e906c72d2ca401314b5e692ea11e21aea,NzcyOTk0MDk1NzU0,**** **** 5754,9149756598,,BANDIPORA,Tulail,Zedgey,623,6812,2711,35.0
89883986777,1_623_6812_2724_005033,,Mehraj Udian Khan,,,37,Male,Owner,Marginal  Farmer(Farmer having land <1 Hectare),PENDING,,,false,,OPERATOR,54cf507048e0e36b20baf252b6ce4eefd99dac3c6bc718f1ed30aefc0d7509f3,MjAzMzI4NjYzMDA4,**** **** 3008,7889926024,,BANDIPORA,Tulail,Baduaab,623,6812,2724,0.0
17737611521,1_623_6812_2716_005008,,Ab Rehman Mir,,,66,Male,Owner,Marginal  Farmer(Farmer having land <1 Hectare),APPROVED,,,false,,OPERATOR,d5c0c99553911e269c584030a550f3eb3fc9334d2c3a98e0c90b14fa4d165563,NDM0NzgyNzM2OTQy,**** **** 6942,7889759140,,BANDIPORA,Tulail,Neeru,623,6812,2716,44.0
71372107553,1_623_40_936275_005003,,Shajehan Ahmad Bhat,,,36,Male,Owner,Marginal  Farmer(Farmer having land <1 Hectare),PENDING,,,false,,OPERATOR,58eef0d8c0f39ea411ec4a73d1ad68ced57d671291a09109a99d457d050c3e05,NTYxNDQxOTczNzkx,**** **** 3791,6006101432,,BANDIPORA,Gurez,Gulshanpora,623,40,936275,62.0
33318901590,1_623_40_936275_005041,,NAZIR AHMAD LONE,,,58,Male,Owner,Marginal  Farmer(Farmer having land <1 Hectare),PENDING,,,false,,OPERATOR,e52f13288a0c735e0efa6bf053af5a1a13abda1186520b73b3fb6d547acd0831,OTQwNjYwMTQ4NzQ4,**** **** 8748,7780956213,,BANDIPORA,Gurez,Gulshanpora,623,40,936275,46.0
25807627057,1_623_42_2797_005000,,Jahangir Ahmad Bhat,,,38,Male,Owner,Marginal  Farmer(Farmer having land <1 Hectare),PENDING,,,false,,OPERATOR,3459277dbecbf72d8e0877d674a169b5033a06d976329ea7111790019c011476,OTQ5MDM1NDk4NjI0,**** **** 8624,7889826080,,BANDIPORA,Sonawari,Hilalabad,623,42,2797,46.0
23819371942,1_623_6811_2700_005004,,Shabir Ahmad Malla,,,47,Male,Owner,Marginal  Farmer(Farmer having land <1 Hectare),PENDING,,,false,,OPERATOR,f3887f2224dd320776418a9db7e6e0105c48b170c7b1bc18cc31e6f2cb31fa1f,OTMwNTA4ODg0MDEy,**** **** 4012,9906576392,,BANDIPORA,Hajin,Gulshanpora,623,6811,2700,43.0
41382892532,1_623_6812_2716_005011,,Jabbar Mir,,,45,Male,Owner,Marginal  Farmer(Farmer having land <1 Hectare),APPROVED,,,false,,OPERATOR,e555b11f2786f5c2b815d1ef2c431aa8688ed40364eba7731902ec208a42cf9e,Njc0ODYyNjI5OTE5,**** **** 9919,9541243323,,BANDIPORA,Tulail,Neeru,623,6812,2716,35.0
22974706998,1_623_40_2707_005039,,Mohd Ismail Shiekh,,,52,Male,Owner,Marginal  Farmer(Farmer having land <1 Hectare),PENDING,,,false,,OPERATOR,28c280a0000d2dc6f5024adb04f892fc790cea9fd59234b834cc4a3b334c4366,NjYxMTE3MDMwODMy,**** **** 0832,7780826340,,BANDIPORA,Gurez,Markoot,623,40,2707,58.0
27679881478,1_623_41_2768_005004,,Abdul Majid Ganie,,,66,Male,Owner,Marginal  Farmer(Farmer having land <1 Hectare),PENDING,,,false,,OPERATOR,de23d9a916471c0fcbb7543e63e6816f658e513f2f7789d636440c63c97ec1ee,NzI2NTA2MzY2Nzcw,**** **** 6770,8491026101,,BANDIPORA,Bandipora,Garoora,623,41,2768,56.0
98681189147,1_623_40_936275_005032,,MOHD MUNWAR BHAT,,,66,Male,Owner,Marginal  Farmer(Farmer having land <1 Hectare),PENDING,,,false,,OPERATOR,1b698e5dbdb9bce5fcb757c0af670a62a141ff4b13a9e2bf33dca009c96fbf07,MzgyNjAzNzQ2OTE0,**** **** 6914,9103575806,,BANDIPORA,Gurez,Gulshanpora,623,40,936275,53.0
16786177476,1_623_41_2740_005043,,Fehmeeda Begum,,,49,Female,Owner,Marginal  Farmer(Farmer having land <1 Hectare),APPROVED,,,false,,OPERATOR,6ae1506285a29b606658e88eb1faf386214e17ed0dd34fd2272cd33e9a9e7b02,NTM5ODcwMTc5ODY5,**** **** 9869,8803854547,,BANDIPORA,Bandipora,Khayar,623,41,2740,89.0
20901447518,1_623_40_2707_005086,,Gh Mohd Nasroo,,,64,Male,Owner,Marginal  Farmer(Farmer having land <1 Hectare),PENDING,,,false,,OPERATOR,61e838aa4581347a527f682b66fd51d6a467d32720f5d96303ec9314640c376a,ODIzNTI0MTM1MDkz,**** **** 5093,9682122529,,BANDIPORA,Gurez,Markoot,623,40,2707,61.0
30763328626,1_623_6811_2783_005008,,Mohd Shaban Parry,,,68,Male,Owner,Marginal  Farmer(Farmer having land <1 Hectare),PENDING,,,false,,OPERATOR,f2f15dbd996b0200791bda5de8b7fc858a9117acb3b119e1c9f119507aaaff2a,NTQ5ODgyNDI0NjQ4,**** **** 4648,9149441657,,BANDIPORA,Hajin,Vijipara,623,6811,2783,58.0
59825651642,1_623_42_2794_005037,,MOHD AYOUB RATHER,,,58,Male,Owner,Marginal  Farmer(Farmer having land <1 Hectare),PENDING,,,false,,OPERATOR,70e02d39a8ef7f0867eab74b788f679597ebc26bec19ad2b65060782528efa5c,ODI1NjI2MDg3NTkx,**** **** 7591,7051157231,,BANDIPORA,Sonawari,Asham,623,42,2794,43.0
17304660637,1_623_42_2797_005034,,Irshad Ahmad Ahengar,,,32,Male,Owner,Marginal  Farmer(Farmer having land <1 Hectare),PENDING,,,false,,OPERATOR,c49fde6bde8c6e803bb164a38fe2534b2929956f98fa0cfcefb223757a0fefc2,OTg0MTY5MTM4MTIx,**** **** 8121,7889986858,,BANDIPORA,Sonawari,Hilalabad,623,42,2797,65.0
31408312401,1_623_6811_2700_005021,,Shabir Ahmad Dar,,,36,Male,Owner,Marginal  Farmer(Farmer having land <1 Hectare),PENDING,,,false,,OPERATOR,074295a3a0e50b5044d64de178f06ca930c8a0483da60ab0087b353c399bcc0c,OTU3NDMwMzM3NTkw,**** **** 7590,9906007354,,BANDIPORA,Hajin,Gulshanpora,623,6811,2700,56.0
98604802528,1_623_6812_2724_005031,,Javid Ahmad Lone,,,29,Male,Owner,Marginal  Farmer(Farmer having land <1 Hectare),PENDING,,,false,,OPERATOR,81929611f29e7eb6c1299652eed33a2b742ff13bdef45983ee0f9d150f6d282c,MzE3MTA2NjA4MDM3,**** **** 8037,6006143759,,BANDIPORA,Tulail,Baduaab,623,6812,2724,46.0
85019903575,1_623_42_2794_005038,,Ali Mohd Rather,,,70,Male,Owner,Marginal  Farmer(Farmer having land <1 Hectare),PENDING,,,false,,OPERATOR,b25541c5ec719cae206cd5ac1127377dbf0fa3a53fce51a5eb43f2f839415b14,MzM2ODY5OTU0MDc0,**** **** 4074,9541283031,,BANDIPORA,Sonawari,Asham,623,42,2794,43.0
72054356027,1_623_40_2707_005020,,Rashida Begum,,,53,Female,Owner,Marginal  Farmer(Farmer having land <1 Hectare),PENDING,,,false,,OPERATOR,6177c052fa60c85ab4277c0c8977fe584ecaecac2f1baf9e016e3a1b000e9b3d,MzA5MTk1Njk1NjYy,**** **** 5662,7889798814,,BANDIPORA,Gurez,Markoot,623,40,2707,69.0
66968246324,1_623_42_2797_005036,,Arsheed Ahmad Ahanger,,,29,Male,Owner,Marginal  Farmer(Farmer having land <1 Hectare),PENDING,,,false,,OPERATOR,c0449da5bf23ead80e74a39ffd2b8f144696674b13783ad58a0e8540dc6a85d9,ODQ5MzE3NzM0NTMy,**** **** 4532,7889303759,,BANDIPORA,Sonawari,Hilalabad,623,42,2797,45.0
36171627691,1_623_42_2797_005035,,Mohd Maqbool Ahanger,,,81,Male,Owner,Marginal  Farmer(Farmer having land <1 Hectare),PENDING,,,false,,OPERATOR,f4ed076125c28a9f48b7df36ab92788abf7b2d3f58904bc07999273baa3928d2,Njc5NDE4NDUyODQ2,**** **** 2846,9682303337,,BANDIPORA,Sonawari,Hilalabad,623,42,2797,43.0
83141009733,1_623_6811_2700_005022,,Ghulam Nabi Ganai,,,64,Male,Owner,Marginal  Farmer(Farmer having land <1 Hectare),PENDING,,,false,,OPERATOR,ac0b5fa598434439c046586e303c4823e63c28abbb17742666649746ea69056b,ODgyNDc4MDU1NTYx,**** **** 5561,9149838337,,BANDIPORA,Hajin,Gulshanpora,623,6811,2700,0.0
17552990699,1_623_6812_2724_005062,,Mohammad Afzal Anghar,,,53,Male,Owner,Marginal  Farmer(Farmer having land <1 Hectare),PENDING,,,false,,OPERATOR,1109578de27bd6c040ea7b6d9c5fe8c63dff744ba164d4e33e79f4ca028a8c2f,NTQxNTEwOTk4NTAz,**** **** 8503,6006761431,,BANDIPORA,Tulail,Baduaab,623,6812,2724,46.0
46615085834,1_623_42_2810_005058,,Mohd Akbar Bhat,,,75,Male,Owner,Marginal  Farmer(Farmer having land <1 Hectare),PENDING,,,false,,OPERATOR,f3bb13d5ab34881dbbdcb77520cc0623f2b4fec6e04fdb183032243eef519c1b,NzI4OTY5MjQ5NjY5,**** **** 9669,6005579592,,BANDIPORA,Sonawari,Odina,623,42,2810,0.0
58456349538,1_623_42_2804_005010,,Zoona,,,53,Female,Owner,Marginal  Farmer(Farmer having land <1 Hectare),PENDING,,,false,,OPERATOR,e519a4bb59dcc247fb864849eaedc63ca5b157aefd7d40d3654d8a646af002ce,MjY5NzI0Mzk3NzI0,**** **** 7724,9596220090,,BANDIPORA,Sonawari,Rakh Sultan Pora,623,42,2804,50.0
28400329174,1_623_6812_2725_005024,,Ab Rehman Lone,,,46,Male,Owner,Marginal  Farmer(Farmer having land <1 Hectare),PENDING,,,false,,OPERATOR,65eb81546c5403871772497f5baffad1314a557188d0efe8e23328cf7cae500e,NjM4NTg1OTI0MjAz,**** **** 4203,9320609119,,BANDIPORA,Tulail,Gujran,623,6812,2725,44.0
87321830631,1_623_42_2807_005002,,Muneera Begum,,,69,Female,Owner,Marginal  Farmer(Farmer having land <1 Hectare),APPROVED,,,false,,OPERATOR,0c8d7eb87d0734127bd7217fa9bf09764935b291cc47a7b1093538bae2dfd0c7,MzA3MDg5NTY0MTgx,**** **** 4181,6005849485,,BANDIPORA,Sonawari,Ganastan,623,42,2807,90.0
44588551730,1_623_6812_2711_005017,,Mohd Afzal Khan,,,62,Male,Owner,Marginal  Farmer(Farmer having land <1 Hectare),PENDING,,,false,,OPERATOR,f7212e0df296e9a231ad4d98872116413875df3b7421d0db057b716d55a761ef,NTM4NTE5ODg2NTQ4,**** **** 6548,6005852310,,BANDIPORA,Tulail,Zedgey,623,6812,2711,58.0
40596050882,1_623_6811_2700_005052,,Ab Jabbar Dar,,,76,Male,Owner,Marginal  Farmer(Farmer having land <1 Hectare),PENDING,,,false,,OPERATOR,69ff291aceec24a8805186c54aded9453104690fcef30ae7204eccfd810ae7c7,OTcxNDI2NjQzMjkw,**** **** 3290,7006145172,,BANDIPORA,Hajin,Gulshanpora,623,6811,2700,33.0
78078307274,1_623_41_2764_005007,,ZAHOOR AHMAD WANI,,,50,Male,Owner,Marginal  Farmer(Farmer having land <1 Hectare),PENDING,,,false,,OPERATOR,e0fe1702e26ff2c6a2403c28772e7b44e098f554f716f39f0b5be2dd4ad7fc07,ODUyNjM1NTQzMTgx,**** **** 3181,9596112667,,BANDIPORA,Bandipora,Gund Dachina,623,41,2764,66.0
96561884655,1_623_6812_2712_005019,,MOHAMMAD ANWAR LONE,,,61,Male,Owner,Marginal  Farmer(Farmer having land <1 Hectare),PENDING,,,false,,OPERATOR,04ac79bc9e6eecf184585784d261fd64483f8401f0d713979de7527914fa8f2e,NjU0NzI3NTc3MTU3,**** **** 7157,9149500338,,BANDIPORA,Tulail,Dengithal,623,6812,2712,56.0
98375820043,1_623_41_936281_005012,,Bashir Ahmad Sheikh,,,59,Male,Owner,Marginal  Farmer(Farmer having land <1 Hectare),PENDING,,,false,,OPERATOR,eea7401c614261ca0c73a5d416015ecebf805a7af5ea6597fc4372a583c241aa,OTYzMzM2MTc0MDUx,**** **** 4051,9419260350,,BANDIPORA,Bandipora,Nass,623,41,936281,66.0
54624006829,1_623_40_2707_005004,,MOHMAD MUNAWAR SHEIKH,,,62,Male,Owner,Marginal  Farmer(Farmer having land <1 Hectare),PENDING,,,false,,OPERATOR,36979f4836ee37cc9c54bf070eb294adda19927d4672ff98a928cc8421e0cf1b,MzAxODYxODk5ODQ0,**** **** 9844,9682562548,,BANDIPORA,Gurez,Markoot,623,40,2707,0.0
10370893109,1_623_42_2812_005052,,Mohd Yaseen Bhat,,,47,Male,Owner,Marginal  Farmer(Farmer having land <1 Hectare),PENDING,,,false,,OPERATOR,45cf1382eda83d802cfd8807a05fc399d7f0dce9f4845f38a833beb6eecd9941,OTU5NjU4MzExMjUz,**** **** 1253,9622652466,,BANDIPORA,Sonawari,Sarai Dangarpora,623,42,2812,0.0
37517555549,1_623_6810_2777_005010,,Habib Ullah Najar,,,76,Male,Owner,Marginal  Farmer(Farmer having land <1 Hectare),APPROVED,,,false,,OPERATOR,8719f6dee384906db00495724547ea50525eccdcb41609be8ebfaec056419a50,ODk4NzE4NTQ1ODY2,**** **** 5866,7051866990,,BANDIPORA,Ajas,Ajas,623,6810,2777,56.0
15425046344,1_623_42_2810_005001,,MOHD IBRAHIM DAR,,,71,Male,Owner,Marginal  Farmer(Farmer having land <1 Hectare),PENDING,,,false,,OPERATOR,80fff37439fcf8ab4a99ca4886d874982f59713b5171fff1c3a91dffa1511f76,MzY0MjE1MjQyMzIy,**** **** 2322,9797048733,,BANDIPORA,Sonawari,Odina,623,42,2810,53.0
37945371747,1_623_6812_2716_005000,,REYAZ AHMAD MIR,,,45,Male,Owner,Marginal  Farmer(Farmer having land <1 Hectare),PENDING,,,false,,OPERATOR,d0f668a3d1a5e568d7ed9c3067cde8dbd118e90efc2c01f391ac94d3d7acca96,NTM2NzI0MzY4Nzkx,**** **** 8791,7006135337,,BANDIPORA,Tulail,Neeru,623,6812,2716,63.0
55008484173,1_623_42_2810_005002,,NAZIR AHMAD DAR,,,59,Male,Owner,Marginal  Farmer(Farmer having land <1 Hectare),PENDING,,,false,,OPERATOR,be717582334ceaf7d8eb0b9cbc9979c976391c0ee3af9708ca64a8f80a24ae64,NTc3MDE3MjEwMjQz,**** **** 0243,7780923271,,BANDIPORA,Sonawari,Odina,623,42,2810,0.0
42953550998,1_623_40_2708_005105,,Mohd Muzaffar Lone,,,48,Male,Owner,Marginal  Farmer(Farmer having land <1 Hectare),PENDING,,,false,,OPERATOR,0cc72b822844beec4b2235b0968c32442384a631fb91671f441df09e51e90b21,NDM0MjM0MTk4MTk5,**** **** 8199,7780979612,,BANDIPORA,Gurez,Shah Pora - Achoora (Churwan),623,40,2708,43.0
40861533487,1_623_6812_2716_005064,,Mohammad Akbar Mir,,,73,Male,Owner,Marginal  Farmer(Farmer having land <1 Hectare),PENDING,,,false,,OPERATOR,8cc5120e56cab968bb233bf11eea67621a32fdb49035dc73be8fd8a9c4888cf2,NzM1MzQxMjQ0MDU2,**** **** 4056,7889929323,,BANDIPORA,Tulail,Neeru,623,6812,2716,61.0
21809232044,1_623_40_2705_005008,,Jemshida Begum,,,52,Female,Owner,Marginal  Farmer(Farmer having land <1 Hectare),PENDING,,,false,,OPERATOR,f8edea372308ff48cb9982b7027a7c87304ef8a0f4476490875163915d3e483a,NTc2Nzg3Nzk3NTg0,**** **** 7584,7889383595,,BANDIPORA,Gurez,Badwan,623,40,2705,0.0
47877659912,1_623_6811_2789_005010,,Saif Ud Din Rather,,,61,Male,Owner,Marginal  Farmer(Farmer having land <1 Hectare),PENDING,,,false,,OPERATOR,69af87c2a8f6513d9f96c867a1f6d6fe2c455ce27b0cacb1e9e810a92c93a57c,NjM0MjY5MzM2NDc3,**** **** 6477,7006405829,,BANDIPORA,Hajin,Kani Pora,623,6811,2789,73.0
91678211238,1_623_6811_2772_005005,,ABDUL RAZAQ DAR,,,63,Male,Owner,Marginal  Farmer(Farmer having land <1 Hectare),PENDING,,,false,,OPERATOR,bcc4385db7159eef7b7017d57086f7fb17b391a5fd9d6cf76bb2e9d3623018c6,ODk5NzI1MTk2MTU4,**** **** 6158,9186183497,,BANDIPORA,Hajin,Sari Hari Karan Gund,623,6811,2772,22.0
76272970951,1_623_42_2800_005018,,Gh Rasool Dar,,,64,Male,Owner,Marginal  Farmer(Farmer having land <1 Hectare),PENDING,,,false,,OPERATOR,c7ad719973fc7e04eda0fb3f186ff20827e9554d68c20c1c3a177ce59c0da227,MzAyMjg4NjQxMDI2,**** **** 1026,9797854826,,BANDIPORA,Sonawari,Rakh Shilvat,623,42,2800,32.0
74068471515,1_623_40_2708_005067,,Abdul Rashid Khan,,,66,Male,Owner,Marginal  Farmer(Farmer having land <1 Hectare),PENDING,,,false,,OPERATOR,d9e0f179ad50fbb9082b8d708bd58832c3204d477606a5bac247ac77014f9dc4,NDQyNjIyNjI1NjI4,**** **** 5628,9469408138,,BANDIPORA,Gurez,Shah Pora - Achoora (Churwan),623,40,2708,56.0
56750220705,1_623_42_2794_005083,,Mohammad Ashraf Kaloo,,,35,Male,Owner,Marginal  Farmer(Farmer having land <1 Hectare),PENDING,,,false,,OPERATOR,b965ec5d8c9482bfd012c98eb173d0c1def0c5bad355dd92b03a92882a874a60,OTEzNDk5NDkzMTU3,**** **** 3157,7006262930,,BANDIPORA,Sonawari,Asham,623,42,2794,56.0
39977454743,1_623_42_2815_005000,,Ghulam Qadir Mir,,,60,Male,Owner,Marginal  Farmer(Farmer having land <1 Hectare),PENDING,,,false,,OPERATOR,dc980cff56fd25f6bcd36b9624da5b439cf959b9d47bba3681a245248ab6a3c9,NjcwMTc0MDc3MzE0,**** **** 7314,7780847083,,BANDIPORA,Sonawari,Wahid pora,623,42,2815,43.0
21765332805,1_623_42_2820_005005,,Mohd Maqbool Baba,,,70,Male,Owner,Marginal  Farmer(Farmer having land <1 Hectare),PENDING,,,false,,OPERATOR,ab520119bf8b3f54e75144d47854e628a76712f9e3d49c2d934885a59ed2b200,NzUwNTAxNjg3MzUx,**** **** 7351,7780903910,,BANDIPORA,Sonawari,Sumbal Inderkote,623,42,2820,62.0
31584553771,1_623_42_2794_005084,,Fayaz Ahmad Kaloo,,,48,Male,Owner,Marginal  Farmer(Farmer having land <1 Hectare),PENDING,,,false,,OPERATOR,f73bbbeed3159d7b5e2f927e5041442d8771ad24c87747a96ad1346dcc56f6ce,NDM1OTU2MDI0ODI4,**** **** 4828,7780881488,,BANDIPORA,Sonawari,Asham,623,42,2794,65.0
94736609417,1_623_40_936275_005029,,SHAHNAWAZ AHMAD LONE,,,41,Male,Owner,Marginal  Farmer(Farmer having land <1 Hectare),PENDING,,,false,,OPERATOR,1ec5fb98cb38dccfe937a099446a3a84126521ab19bba037bb76e9f6627264c3,OTA0NTI4NzYxNTY1,**** **** 1565,6005755674,,BANDIPORA,Gurez,Gulshanpora,623,40,936275,56.0
35845891524,1_623_42_2812_005037,,Ali Mohammad Rather,,,66,Male,Owner,Marginal  Farmer(Farmer having land <1 Hectare),PENDING,,,false,,OPERATOR,c14de024fa020a0136f8b9bc98cf1deac16fe75ce2ac89b043288e1f20c144f9,MjQzMzkxMzg2MTU0,**** **** 6154,6005023947,,BANDIPORA,Sonawari,Sarai Dangarpora,623,42,2812,0.0
91849030965,1_623_41_2768_005015,,Usman Abdul Majid,,,66,Male,Owner,Marginal  Farmer(Farmer having land <1 Hectare),PENDING,,,false,,OPERATOR,d3dd8fd55a61f362464211a47832763fafaf2f4a658e0bab6d74df10c4094ded,NTg5OTgyMTYwNjkw,**** **** 0690,9419000837,,BANDIPORA,Bandipora,Garoora,623,41,2768,70.0
19864061796,1_623_40_2708_005068,,Ab Rahim Lone,,,45,Male,Owner,Marginal  Farmer(Farmer having land <1 Hectare),PENDING,,,false,,OPERATOR,f5c51e360c77b846ee78b33cb9a0cec3eb11680d5f396f38cf7bf96cd97941a6,Nzg4MTY1MzI1ODg4,**** **** 5888,7780960325,,BANDIPORA,Gurez,Shah Pora - Achoora (Churwan),623,40,2708,61.0
70299004813,1_623_6812_2724_005035,,AB GANI LONE,,,77,Male,Owner,Marginal  Farmer(Farmer having land <1 Hectare),PENDING,,,false,,OPERATOR,d4cb2ec0d4e5956eef9c91af9410c5b0f73f146edf2a5b40c1154f41d9525eab,NDgwODMwNjc4OTA1,**** **** 8905,8899528068,,BANDIPORA,Tulail,Baduaab,623,6812,2724,0.0
18207417251,1_623_6812_2724_005097,,Azhar Ud Din Lone,,,41,Male,Owner,Marginal  Farmer(Farmer having land <1 Hectare),PENDING,,,false,,OPERATOR,55c68e755590900434874f73b718933fa746a62f7623ed6e5405692b415250b9,NTYxNjM4MzYxMzIx,**** **** 1321,7006917615,,BANDIPORA,Tulail,Baduaab,623,6812,2724,0.0
36729015084,1_623_6812_2725_005003,,Mohd Hussain Lone,,,63,Male,Owner,Marginal  Farmer(Farmer having land <1 Hectare),PENDING,,,false,,OPERATOR,96f122058194f4d4f83ecf295cca6a3dbd37e228539ae43aa78679fb855682e9,MjA4OTAwOTQyMjU1,**** **** 2255,9015416646,,BANDIPORA,Tulail,Gujran,623,6812,2725,43.0
43096786077,1_623_40_2705_005009,,MOHD KHALIL MAPNOO,,,71,Male,Owner,Marginal  Farmer(Farmer having land <1 Hectare),PENDING,,,false,,OPERATOR,33f40da660a383222eec3749a965c4238d1996ca654cb5187f6a02cfb5b1a0c4,NjI4NDkxMjcyMTE3,**** **** 2117,6005623267,,BANDIPORA,Gurez,Badwan,623,40,2705,61.0
69671334956,1_623_6811_2772_005006,,MOHAMMAD AKBAR KAWA,,,72,Male,Owner,Marginal  Farmer(Farmer having land <1 Hectare),PENDING,,,false,,OPERATOR,2333d1273f0aa771c6714c4308e20272e2211726386800eeeb7fc62838c2b8be,OTA2MjQzNjE0MjQ4,**** **** 4248,9622886755,,BANDIPORA,Hajin,Sari Hari Karan Gund,623,6811,2772,0.0
36422587682,1_623_42_2815_005001,,Gulla Mir,,,76,Male,Owner,Marginal  Farmer(Farmer having land <1 Hectare),PENDING,,,false,,OPERATOR,897ec0ad1265e2a9489409dcdfb26f127954ff192012cb3352d24a41fef5d942,MjQ3NDUxNzU4NDQz,**** **** 8443,7889988210,,BANDIPORA,Sonawari,Wahid pora,623,42,2815,44.0
72321295002,1_623_6812_2724_005023,,FAROOQ AHMAD LONE,,,51,Male,Owner,Marginal  Farmer(Farmer having land <1 Hectare),APPROVED,,,false,,OPERATOR,e435951a6c827cb820ea86a65290aa6b32b6accf7373571c5474008ab1fcd503,NDUyNzkwMjU4NTE3,**** **** 8517,6005029742,,BANDIPORA,Tulail,Baduaab,623,6812,2724,46.0
29921883992,1_623_40_2708_005069,,Jameed Ahmad Akhoon,,,49,Male,Owner,Marginal  Farmer(Farmer having land <1 Hectare),PENDING,,,false,,OPERATOR,c8725d86c0680ee24d89270dfde2ec2921ecfdb1d68b71bc537a22ba5a3d7b20,OTk3Njk2NDIzODQ3,**** **** 3847,7780949261,,BANDIPORA,Gurez,Shah Pora - Achoora (Churwan),623,40,2708,56.0
67145856045,1_623_6812_2716_005065,,AB GANI MIR,,,59,Male,Owner,Marginal  Farmer(Farmer having land <1 Hectare),PENDING,,,false,,OPERATOR,b9e37ed66da20b7dc75effac89f14f30342bb7cef28a596d033a03e38708679a,Mjg1ODAwMTc5NTky,**** **** 9592,6005380406,,BANDIPORA,Tulail,Neeru,623,6812,2716,44.0
79441031101,1_623_6811_2778_005000,,Saif Uddin Rather,,,55,Male,Owner,Marginal  Farmer(Farmer having land <1 Hectare),PENDING,,,false,,OPERATOR,42fc3097e50a10445cd4fe4c6fc1860ffc8fcab37af03fe89525956c8843ac0d,OTU1NDcxNzA5Nzc4,**** **** 9778,9697524466,,BANDIPORA,Hajin,Gundi Saderkote,623,6811,2778,47.0
54097353069,1_623_40_2705_005010,,M Saifullah Mapnoo,,,37,Male,Owner,Marginal  Farmer(Farmer having land <1 Hectare),PENDING,,,false,,OPERATOR,088dc92c017ba3190abbe5ff6ab61eb5406f860d02bb02789e047f085ba601ac,ODQ2NTAyMjYyNTc2,**** **** 2576,9149845731,,BANDIPORA,Gurez,Badwan,623,40,2705,65.0
27544123692,1_623_6812_2716_005010,,SULTAN MIR,,,42,Male,Owner,Marginal  Farmer(Farmer having land <1 Hectare),APPROVED,,,false,,OPERATOR,10aff6dda544bed42b1ef2a09a7ec32cd4b931c9dfc7cb0b6d236d3cbf84df93,OTk3ODY1MDMwMzMx,**** **** 0331,7889695268,,BANDIPORA,Tulail,Neeru,623,6812,2716,35.0
44685523355,1_623_42_2809_005017,,MOHD SULTAN PARAY,,,66,Male,Owner,Marginal  Farmer(Farmer having land <1 Hectare),PENDING,,,false,,OPERATOR,a870aa22474f7ec9f8cd8a474d54d71b223574b5733b13620f44ef39d5c56b7a,NDc4MTQ4MTgzNjk4,**** **** 3698,9622749447,,BANDIPORA,Sonawari,Trigam,623,42,2809,0.0
95676927635,1_623_42_2808_005000,,Arshad Ahmad Hamal,,,34,Male,Owner,Marginal  Farmer(Farmer having land <1 Hectare),PENDING,,,false,,OPERATOR,cd310508a81437701d056b79f95c3a70ed5e46e4239cbff267d56317cf0ae00f,Njk0MzYyNDc0NzUy,**** **** 4752,9622547537,,BANDIPORA,Sonawari,Gund i Khalil,623,42,2808,49.0
65556487118,1_623_42_2794_005002,,Gh Hassan Ganie,,,65,Male,Owner,Marginal  Farmer(Farmer having land <1 Hectare),PENDING,,,false,,OPERATOR,0c94991c440db19ead1c19db92ce9fcbcc1efd5a40c364998ab6961d78fbf14f,ODIxNTQ1MzE4Njc2,**** **** 8676,7051038070,,BANDIPORA,Sonawari,Asham,623,42,2794,53.0
45783799567,1_623_6812_2724_005000,,MOHD AFZAL BAIGH,,,66,Male,Owner,Marginal  Farmer(Farmer having land <1 Hectare),PENDING,,,false,,OPERATOR,48c8971f501699478df663df32b8758555eddf084b3018cfc2f3593201d1bc83,MzM0NjA2ODE4NDEy,**** **** 8412,9103069584,,BANDIPORA,Tulail,Baduaab,623,6812,2724,57.0
75731904188,1_623_42_2815_005027,,Mohmmmad Altafdar,,,43,Male,Owner,Marginal  Farmer(Farmer having land <1 Hectare),APPROVED,,,false,,OPERATOR,e0019caa0c703766a663391f7707786e3f969b5eb577852485c032eb9289915d,Mjk3NTA3OTg1NjM2,**** **** 5636,9906454525,,BANDIPORA,Sonawari,Wahid pora,623,42,2815,84.0
68708488595,1_623_40_2705_005031,,Qamar Ud Din Lone,,,52,Male,Owner,Marginal  Farmer(Farmer having land <1 Hectare),PENDING,,,false,,OPERATOR,84425b1ef9c109f2099cff8b300ea985d880646e988106dd2eaaced681ba44c3,NjA4MjgzODI5NDkw,**** **** 9490,9149728843,,BANDIPORA,Gurez,Badwan,623,40,2705,52.0
60669541159,1_623_42_2812_005000,,Ajaz Ahmad Dar,,,49,Male,Owner,Marginal  Farmer(Farmer having land <1 Hectare),PENDING,,,false,,OPERATOR,f3a9e7d70193f3366622a02455e8a2be43a68e6e41036a981e27a7b7a03132c4,NDYxNzUzMzkwMjgw,**** **** 0280,7006903518,,BANDIPORA,Sonawari,Sarai Dangarpora,623,42,2812,40.0
84720820473,1_623_42_2804_005001,,GH MOHMMAD HAJAM,,,71,Male,Owner,Marginal  Farmer(Farmer having land <1 Hectare),PENDING,,,false,,OPERATOR,3f1e7298f65f5d799a92dc77229f97289196bd5274a2e0559f43ec66179048b0,ODM1NDM2NTUzNTA0,**** **** 3504,7889965245,,BANDIPORA,Sonawari,Rakh Sultan Pora,623,42,2804,43.0
17811017579,1_623_6812_2716_005043,,Ab Gani Lone,,,62,Male,Owner,Marginal  Farmer(Farmer having land <1 Hectare),PENDING,,,false,,OPERATOR,b3da65b5f348478e03daff18cf574546b162fd96734de92372d0e8fe48086a18,NjA3NDU1ODUzMTMw,**** **** 3130,6006257194,,BANDIPORA,Tulail,Neeru,623,6812,2716,44.0
78125241798,1_623_40_2708_005106,,Fameeda Parveen,,,41,Female,Owner,Marginal  Farmer(Farmer having land <1 Hectare),PENDING,,,false,,OPERATOR,5b1979f6d4055ba4bb2c7e773785ebdf3695d4acc5a50c1ecc2ad253643b56d0,NjgyODU4NjA3NzYy,**** **** 7762,7780828167,,BANDIPORA,Gurez,Shah Pora - Achoora (Churwan),623,40,2708,0.0
98878049601,1_623_6812_2724_005002,,Habib Ullah Bagh,,,45,Male,Owner,Marginal  Farmer(Farmer having land <1 Hectare),PENDING,,,false,,OPERATOR,67f641aa56972ae00719a9732950a68b730bd0ad3e4fd8482bdb14bbfa23ef90,NjY0OTE3NjQ4MzYw,**** **** 8360,7006141077,,BANDIPORA,Tulail,Baduaab,623,6812,2724,46.0
41410576175,1_623_42_2808_005008,,Mohd Ashraf Paray,,,46,Male,Owner,Marginal  Farmer(Farmer having land <1 Hectare),PENDING,,,false,,OPERATOR,1d24f465f08afd5a96a7908e07177f265f5e876850680e58cf11fa5ccc2bf36d,MjQ0MjY2NzQ4NzY4,**** **** 8768,9596588028,,BANDIPORA,Sonawari,Gund i Khalil,623,42,2808,62.0
60644336813,1_623_41_2761_005014,,Ghulam Rasool Bhat,,,70,Male,Owner,Marginal  Farmer(Farmer having land <1 Hectare),PENDING,,,false,,OPERATOR,03266c3461c30e2fb503ea7ca785526c3889d6349a3341947f602f7ce674e09a,OTk4OTA4NjEzNTE2,**** **** 3516,9149771299,,BANDIPORA,Bandipora,Gamroo,623,41,2761,65.0
64176049174,1_623_6812_2711_005016,,Nazir Ahmad Wani,,,48,Male,Owner,Marginal  Farmer(Farmer having land <1 Hectare),PENDING,,,false,,OPERATOR,7d2518d81e30898efb9ac79dc6173ce9b824033d62672c16a6592cf5e153ae1f,NTY1MzI5MjU1NDIz,**** **** 5423,9103647089,,BANDIPORA,Tulail,Zedgey,623,6812,2711,61.0
83133673764,1_623_42_2812_005029,,Gh Mohmmad Rather,,,56,Male,Owner,Marginal  Farmer(Farmer having land <1 Hectare),PENDING,,,false,,OPERATOR,6fb135d2bf2dcefca02238dc142e1727e5b47318f1a8d6b0469d16539f588d74,OTAyOTIzMTM4MDEx,**** **** 8011,9541205917,,BANDIPORA,Sonawari,Sarai Dangarpora,623,42,2812,46.0
41221809783,1_623_40_936275_005057,,PARVAIZ AHMAD LONE,,,44,Male,Owner,Marginal  Farmer(Farmer having land <1 Hectare),PENDING,,,false,,OPERATOR,53043649562f39e71b014934524fc280b0fa27dbf9e44c9108f490e006dea19d,NDE0MDY2ODIxNDA2,**** **** 1406,9419307455,,BANDIPORA,Gurez,Gulshanpora,623,40,936275,55.0
24032133691,1_623_42_2794_005040,,Ghulam Mohammad Rather,,,76,Male,Owner,Marginal  Farmer(Farmer having land <1 Hectare),PENDING,,,false,,OPERATOR,ddd5d6c2431a7bf0ccce7c3959499485522fbaaceaa6df50d3f2a31ad99f7c15,NzA5NzYyNDQ2NjYy,**** **** 6662,8492857193,,BANDIPORA,Sonawari,Asham,623,42,2794,66.0
36788767170,1_623_6812_2724_005034,,Ishaq Khan,,,34,Male,Owner,Marginal  Farmer(Farmer having land <1 Hectare),PENDING,,,false,,OPERATOR,dc33c3748d8f0049acf6073d652b25d38554bd742d43317207e3c716e41738d9,MjAwMzE5NTg4MDk1,**** **** 8095,6005769241,,BANDIPORA,Tulail,Baduaab,623,6812,2724,0.0
24249141351,1_623_42_2797_005038,,Gh Mohd Reshi,,,71,Male,Owner,Marginal  Farmer(Farmer having land <1 Hectare),PENDING,,,false,,OPERATOR,dd023370db9e73e743887eb285a7f0ed27d050c0fded0d8368888c4a0e4d50c9,NzgwMTE5ODU4MjQw,**** **** 8240,7051921929,,BANDIPORA,Sonawari,Hilalabad,623,42,2797,56.0
13037656138,1_623_42_2812_005031,,Mohammad Maqbool Rather,,,55,Male,Owner,Marginal  Farmer(Farmer having land <1 Hectare),PENDING,,,false,,OPERATOR,0bc47e39d1770e1eaf37ee7f37db20ec2c65bf03a4dc3413762c7455f1905cdd,NDcwNjMxMzQ0MzA0,**** **** 4304,7006263815,,BANDIPORA,Sonawari,Sarai Dangarpora,623,42,2812,75.0
41078191187,1_623_42_2812_005030,,BASHIR AHMAD RATHER,,,51,Male,Owner,Marginal  Farmer(Farmer having land <1 Hectare),PENDING,,,false,,OPERATOR,0c43c3fd5a0bcdd4329d4aacdf565712e4cf458c58d2c19736e7a9a2fe4c6e91,NTA4NzI2Mzg3ODY4,**** **** 7868,9797171384,,BANDIPORA,Sonawari,Sarai Dangarpora,623,42,2812,65.0
54366987077,1_623_6811_2783_005009,,Nayeem Ahmad Bhat,,,41,Male,Owner,Marginal  Farmer(Farmer having land <1 Hectare),PENDING,,,false,,OPERATOR,71f1499974f915d5a61370353e28beaf5dc603a782f3554bd42c1a49f7aa5560,OTU3MjM5Njc0OTc5,**** **** 4979,9622494111,,BANDIPORA,Hajin,Vijipara,623,6811,2783,0.0
45019866236,1_623_6809_2744_005042,,AB RASHID MIR,,,50,Male,Owner,Marginal  Farmer(Farmer having land <1 Hectare),PENDING,,,false,,OPERATOR,8d3ee59b2460e81badd7eefcb28097aad509f213cc64ae135f83bb1af315755c,ODY5MDU2Njg0NDE1,**** **** 4415,9622944515,,BANDIPORA,Aloosa,Mangnipora,623,6809,2744,55.0
24785047795,1_623_6811_2778_005010,,Mohammad Maqbool Dar,,,76,Male,Owner,Marginal  Farmer(Farmer having land <1 Hectare),PENDING,,,false,,OPERATOR,7e954635515c6abc34491d70af64335d50213ca6d11ee04f494236feda5fa7be,OTkyNjA1MTE4MTUz,**** **** 8153,7051313169,,BANDIPORA,Hajin,Gundi Saderkote,623,6811,2778,0.0
75488732672,1_623_40_2708_005115,,RAFIQ AHMAD LONE,,,41,Male,Owner,Marginal  Farmer(Farmer having land <1 Hectare),PENDING,,,false,,OPERATOR,17b75047f4153e9fcfaa173a677224292e32a65be6ff535c28e989a5f84d4e23,NjQ0NTY0MDY4NDQ2,**** **** 8446,7006832984,,BANDIPORA,Gurez,Shah Pora - Achoora (Churwan),623,40,2708,52.0
72132783255,1_623_42_2797_005080,,NAZIR AH RESHI,,,46,Male,Owner,Marginal  Farmer(Farmer having land <1 Hectare),PENDING,,,false,,OPERATOR,1bea7a2c194e719f298da626f69a474a1f6b005fb7cf32f05d7d1e589fcf0ba8,MjM1OTU2MTIyMTE0,**** **** 2114,6005724020,,BANDIPORA,Sonawari,Hilalabad,623,42,2797,0.0
27122799265,1_623_6811_2700_005023,,SHABIR AHMAD DAR,,,52,Male,Owner,Marginal  Farmer(Farmer having land <1 Hectare),PENDING,,,false,,OPERATOR,404a7ebaa14b52f89b3be215e10141ab24666e97fe76466adaf215797d9f2fe7,ODA2MDc0NzU5NDc2,**** **** 9476,7889664688,,BANDIPORA,Hajin,Gulshanpora,623,6811,2700,66.0
13057299680,1_623_6809_2744_005006,,Imtiyaz Ahmad Chopan,,,27,Male,Owner,Marginal  Farmer(Farmer having land <1 Hectare),PENDING,,,false,,OPERATOR,9d7b78dcb4aa045d0785742c37780fc7d338a496739d5f0cec33fed5ea9ce8fe,ODMzMjUyNzIwNjcx,**** **** 0671,9797154700,,BANDIPORA,Aloosa,Mangnipora,623,6809,2744,66.0
78844561966,1_623_40_2705_005043,,MOHD SHAFI MAPNOO,,,41,Male,Owner,Marginal  Farmer(Farmer having land <1 Hectare),PENDING,,,false,,OPERATOR,420594037dfa7abdc5e4bfc0a33a6ba97d4193be579107aeb3cf8bcb93c58a54,MzAzNjk1OTU0MTU3,**** **** 4157,7889596378,,BANDIPORA,Gurez,Badwan,623,40,2705,62.0
83823619190,1_623_40_936275_005058,,Mohd Farooq Lone,,,65,Male,Owner,Marginal  Farmer(Farmer having land <1 Hectare),PENDING,,,false,,OPERATOR,c66506cddf9bac193f2c23b8b65ee4d0534eff92dcced21d3c29c6458c4e8585,NDc4MzAwNDY4OTAx,**** **** 8901,9419378410,,BANDIPORA,Gurez,Gulshanpora,623,40,936275,53.0
80390720412,1_623_42_2794_005041,,Mohd Ashaq Rather,,,40,Male,Owner,Marginal  Farmer(Farmer having land <1 Hectare),PENDING,,,false,,OPERATOR,18953938c04121bba1ae1ec0759571848a499f11013e3254b4697e25ddf0d36d,NTcxNjEwODcwNzAw,**** **** 0700,9622040512,,BANDIPORA,Sonawari,Asham,623,42,2794,0.0
43469629061,1_623_6811_2772_005010,,Ghulam Hassan Kawa,,,66,Male,Owner,Marginal  Farmer(Farmer having land <1 Hectare),PENDING,,,false,,OPERATOR,184b25541d2d856a19840cb14b608e711e0bc427a7b5358a19aebb2045f22a58,ODk3MjAzNDc0Njcx,**** **** 4671,7889418661,,BANDIPORA,Hajin,Sari Hari Karan Gund,623,6811,2772,55.0
49532505860,1_623_42_2801_005468,,HAJIRA BEGUM,,,77,Female,Owner,Marginal  Farmer(Farmer having land <1 Hectare),PENDING,,,false,,OPERATOR,80715ad05281334c833cc581c4189cbd2a9c8cd64a6539125bdcbf3f04ba84cb,NzgzMzY4MTIyNDcz,**** **** 2473,9906455320,,BANDIPORA,Sonawari,Gund i Nowgam,623,42,2801,50.0
85248747727,1_623_6812_2711_005018,,Manzoor Ahmad Wani,,,47,Male,Owner,Marginal  Farmer(Farmer having land <1 Hectare),PENDING,,,false,,OPERATOR,1d95d84f7b7987d10a7b9e73be5cf3a18707f29818471d21a46c2a0d4d9f8f49,NDM4NzEwMDczODYz,**** **** 3863,9103041224,,BANDIPORA,Tulail,Zedgey,623,6812,2711,46.0
56733361243,1_623_42_2797_005039,,Gh Mohammad Bhat,,,66,Male,Owner,Marginal  Farmer(Farmer having land <1 Hectare),PENDING,,,false,,OPERATOR,3f5c77cff60b9ca8291dc50f7187a506e62ace3d469fdeb0c694d2fa875f2c9b,NDMxNjAwNDQ5Nzk2,**** **** 9796,9622808493,,BANDIPORA,Sonawari,Hilalabad,623,42,2797,43.0
71270751330,1_623_6811_2783_005010,,Muneer Ahmad Bhat,,,42,Male,Owner,Marginal  Farmer(Farmer having land <1 Hectare),PENDING,,,false,,OPERATOR,abfe4e21b9c511bd7f36ebec69701169bdad343af470d42391a20ebdda7d03b0,NDIzODAwMDE4MTg4,**** **** 8188,9622549890,,BANDIPORA,Hajin,Vijipara,623,6811,2783,64.0
37459336420,1_623_42_2815_005025,,Mushtaq Ahmad Mir,,,51,Male,Owner,Marginal  Farmer(Farmer having land <1 Hectare),PENDING,,,false,,OPERATOR,b94e50ff3c1dd0d4e7e98eaa5d969f114c3d3fa8da612ce286c733f4a9ad944d,NjkwNzkzMjY2NTIx,**** **** 6521,9858371831,,BANDIPORA,Sonawari,Wahid pora,623,42,2815,0.0
86842944324,1_623_6812_2712_005000,,Muhammad Sarwar Lone,,,71,Male,Owner,Marginal  Farmer(Farmer having land <1 Hectare),PENDING,,,false,,OPERATOR,25340322913b1fe6a073fd0a938b8577ce23f3f7c0e752deddd26201e750c270,ODQyNjU2Njk0NzM2,**** **** 4736,9622415804,,BANDIPORA,Tulail,Dengithal,623,6812,2712,0.0
18307361857,1_623_42_2800_005006,,Tariq Ahmad Dar,,,48,Male,Owner,Marginal  Farmer(Farmer having land <1 Hectare),PENDING,,,false,,OPERATOR,5e9f490c4ffaed6bfe00612c16477e61524e442fb929fa6ca172451ae4b481d5,MjU3MDU1MTc5NzUz,**** **** 9753,9797795532,,BANDIPORA,Sonawari,Rakh Shilvat,623,42,2800,46.0
20223168380,1_623_41_2761_005021,,FAYAZ AHMAD LONE,,,48,Male,Owner,Marginal  Farmer(Farmer having land <1 Hectare),PENDING,,,false,,OPERATOR,e2b29d4b0d6237556182d115a99e0e9577f7c2f6b78c4c9d5bea48583ef7a099,MjI5MTAzNjE2NzY4,**** **** 6768,7889350818,,BANDIPORA,Bandipora,Gamroo,623,41,2761,56.0
72352222447,1_623_6812_2724_005036,,Shakeel Ahmad Khan,,,33,Male,Owner,Marginal  Farmer(Farmer having land <1 Hectare),PENDING,,,false,,OPERATOR,b055033794d5c61a2aebd9b411e7a2c8bfe7e9969d68289f2abd4ba9106e8678,Nzg5NDQ0NzcxMjU5,**** **** 1259,6006937919,,BANDIPORA,Tulail,Baduaab,623,6812,2724,61.0
85008387661,1_623_41_2764_005020,,Mohd Shafi Wani,,,49,Male,Owner,Marginal  Farmer(Farmer having land <1 Hectare),PENDING,,,false,,OPERATOR,5b28dd96bdf9c83a0055f242811b7a3ba444a51672c4f1ab3ab31cb51c7a084e,ODYxNTkzNDMzMzY0,**** **** 3364,6005121707,,BANDIPORA,Bandipora,Gund Dachina,623,41,2764,56.0
83307451020,1_623_6812_2716_005093,,BASHIR AHMAD LONE,,,51,Male,Owner,Marginal  Farmer(Farmer having land <1 Hectare),PENDING,,,false,,OPERATOR,b287a34eef54dfc0400472b07b59f4df3a6de348132a0b3a44f861da495c9cc8,ODM5MjY1MDU0Nzkw,**** **** 4790,9103101109,,BANDIPORA,Tulail,Neeru,623,6812,2716,56.0
42248806838,1_623_42_2797_005040,,GH NABI RESHI,,,86,Male,Owner,Marginal  Farmer(Farmer having land <1 Hectare),PENDING,,,false,,OPERATOR,bfbcec73269f852f1c292037d06594df5c7a1bbf919be3b6c4fd16c55c7c3a00,NTA4NTMxNzM0OTQy,**** **** 4942,9419740618,,BANDIPORA,Sonawari,Hilalabad,623,42,2797,0.0
56903419708,1_623_40_2705_005012,,Mehraj Ud Din Mapnoo,,,34,Male,Owner,Marginal  Farmer(Farmer having land <1 Hectare),PENDING,,,false,,OPERATOR,e31c1c93648ac27bdcbfb6146839179f9868be028e63fe127bfce8d84997ea20,NzkyMjk4MDI5NzE0,**** **** 9714,6006847702,,BANDIPORA,Gurez,Badwan,623,40,2705,55.0
33209971776,1_623_6812_2716_005013,,Ghulam Mohammad Mir,,,64,Male,Owner,Marginal  Farmer(Farmer having land <1 Hectare),APPROVED,,,false,,OPERATOR,f24cdb30a743cbf0ebcdfd5bf512b9c884b68961044d2a500e382c6466ca45a1,ODUxNzQ2OTM2MjIx,**** **** 6221,7006130198,,BANDIPORA,Tulail,Neeru,623,6812,2716,56.0
59841466406,1_623_6812_2716_005014,,GULAB MIR,,,55,Male,Owner,Marginal  Farmer(Farmer having land <1 Hectare),APPROVED,,,false,,OPERATOR,7c3366eb087cb26b65ca6a1c11c1b1f7298fb44aa813585ff994ce8513c26849,NTIzNjIyNDkyOTcz,**** **** 2973,7006532707,,BANDIPORA,Tulail,Neeru,623,6812,2716,35.0
46957829177,1_623_42_2797_005001,,Abdul Ahad Mir,,,74,Male,Owner,Marginal  Farmer(Farmer having land <1 Hectare),PENDING,,,false,,OPERATOR,7379e6377d2a22befcb260c944e4a4a5672d0d5902491a1bf71b52992c1288af,MjM0NjM3MDAxMzI1,**** **** 1325,6005050441,,BANDIPORA,Sonawari,Hilalabad,623,42,2797,0.0
37282115292,1_623_6812_2716_005016,,Ab Gani Mir,,,54,Male,Owner,Marginal  Farmer(Farmer having land <1 Hectare),APPROVED,,,false,,OPERATOR,3ed20494194a238a253fb3308e536fd6f0b72fd3d7c72df44b5c61a3e9d2dc27,NzE2Nzc3NzIwMjE1,**** **** 0215,7006135337,,BANDIPORA,Tulail,Neeru,623,6812,2716,58.0
47822483068,1_623_6812_2716_005017,,Mohammad Sidiq Mir,,,65,Male,Owner,Marginal  Farmer(Farmer having land <1 Hectare),APPROVED,,,false,,OPERATOR,1a22886a0979de8644bf9abcfb771f938fc46af52f59ae503276e1cccb513c4c,Njg4NDU3MTIwMDE2,**** **** 0016,7889511551,,BANDIPORA,Tulail,Neeru,623,6812,2716,45.0
97200365308,1_623_6810_2777_005012,,Aisha Begum,,,76,Female,Owner,Marginal  Farmer(Farmer having land <1 Hectare),PENDING,,,false,,OPERATOR,8802a22ac2757303157bd434a9996e4bf530d90c330b90cbd1fe8fd4e2b6f9d9,NzkwMjQxNDA3Mzc0,**** **** 7374,9103646012,,BANDIPORA,Ajas,Ajas,623,6810,2777,0.0
75094317659,1_623_6812_2716_005018,,Mohammad Afzal Mir,,,48,Male,Owner,Marginal  Farmer(Farmer having land <1 Hectare),APPROVED,,,false,,OPERATOR,1b97c337f83cb7517cfc318e0ee883d647aaa41a3a756639507f500de737722a,ODM2MzQ4ODk1MjMy,**** **** 5232,9149413589,,BANDIPORA,Tulail,Neeru,623,6812,2716,56.0
20593334208,1_623_42_2794_005003,,FAROOQ AHMAD PARRAY,,,58,Male,Owner,Marginal  Farmer(Farmer having land <1 Hectare),PENDING,,,false,,OPERATOR,55b2e13439b50fc52ef644d95e2f8a6538b79567c2a83eef2ab5a8a37ea7d163,MjMzNzYwMzUxOTAx,**** **** 1901,9797004610,,BANDIPORA,Sonawari,Asham,623,42,2794,0.0
92795782748,1_623_41_2740_005053,,Refath Aara,,,38,Female,Owner,Marginal  Farmer(Farmer having land <1 Hectare),APPROVED,,,false,,OPERATOR,36ad65f2a46f597f6c477839ce929f6d80bed85a5a7be547d06120ee63bc1d26,MjYwMDMyNzc4NDg3,**** **** 8487,9622782871,,BANDIPORA,Bandipora,Khayar,623,41,2740,88.0
32506325728,1_623_6812_2716_005019,,AB RASHID LONE,,,47,Male,Owner,Marginal  Farmer(Farmer having land <1 Hectare),APPROVED,,,false,,OPERATOR,93a61a3db94886316d452b32dabbe097be679fef24b625708cdc2057d337f69c,NTI4NTAyOTk3NDM2,**** **** 7436,9149413589,,BANDIPORA,Tulail,Neeru,623,6812,2716,43.0
24125586939,1_623_6812_2724_005001,,Gh Mohmmad Beigh,,,85,Male,Owner,Marginal  Farmer(Farmer having land <1 Hectare),PENDING,,,false,,OPERATOR,60ba8f0766a2325651482f7e36debcff7acabee1ec2e2200b8b24d17c0a5cc71,NTA4ODE5MTkzMTI4,**** **** 3128,9149932460,,BANDIPORA,Tulail,Baduaab,623,6812,2724,22.0
29616221767,1_623_42_2794_005004,,GH HASSAN BHAT,,,48,Male,Owner,Marginal  Farmer(Farmer having land <1 Hectare),PENDING,,,false,,OPERATOR,245adb48e1bfb1389f93c1ac2dabcefd3a375c9f0cda21def8317798100dcc47,NDAzMDQyMzMzOTQz,**** **** 3943,9858452121,,BANDIPORA,Sonawari,Asham,623,42,2794,62.0
43399613983,1_623_42_2812_005001,,Shabir Ah Mir,,,45,Male,Owner,Marginal  Farmer(Farmer having land <1 Hectare),PENDING,,,false,,OPERATOR,0bf0f8f6110499374d1445d440bed600f669c1fc9e2cdf74b32d6712783f21e2,NDE2NDc3MzIwMDA4,**** **** 0008,9622823416,,BANDIPORA,Sonawari,Sarai Dangarpora,623,42,2812,25.0
20514710988,1_623_6812_2724_005098,,Mohammad Najam U Din Lone,,,67,Male,Owner,Marginal  Farmer(Farmer having land <1 Hectare),PENDING,,,false,,OPERATOR,22205dc4beae48ce46054b7cb7ee1fad42765320c291750a0aa5bbfa6b921607,NjE2NDQzNDkwNzI4,**** **** 0728,9541414950,,BANDIPORA,Tulail,Baduaab,623,6812,2724,36.0
84742510297,1_623_42_2797_005002,,Naseer Ahmad Reshi,,,39,Male,Owner,Marginal  Farmer(Farmer having land <1 Hectare),PENDING,,,false,,OPERATOR,8e0cb99d419a8d64bbcc67a38c031f1e482b5597930dba916f25b753b993241d,Nzc2MjUyNDQwNTY4,**** **** 0568,8899774489,,BANDIPORA,Sonawari,Hilalabad,623,42,2797,66.0
98232204722,1_623_42_2810_005044,,GHULAM AHMAD DAR,,,47,Male,Owner,Marginal  Farmer(Farmer having land <1 Hectare),PENDING,,,false,,OPERATOR,1d246bb23a88bcf6e7ed31c23e5ace8c761522a98712c20b529dbaa0794ee46c,NTM5MzQyNjQ2MDY3,**** **** 6067,7006356458,,BANDIPORA,Sonawari,Odina,623,42,2810,61.0
32532054034,1_623_41_2761_005000,,MUMTAZ AHMAD DAR,,,43,Male,Owner,Marginal  Farmer(Farmer having land <1 Hectare),PENDING,,,false,,OPERATOR,e58060bb89b21626c237ad12f83caa188bbc2717dae1de4125810e133db71247,NTY3MDczOTcwMjEz,**** **** 0213,9797379076,,BANDIPORA,Bandipora,Gamroo,623,41,2761,66.0
95426058099,1_623_40_2707_005005,,GH RASOOL MIR,,,66,Male,Owner,Marginal  Farmer(Farmer having land <1 Hectare),PENDING,,,false,,OPERATOR,a1dd778c072bf21e38f65cd43234a1e5b09272fd8ae1159b9453672328c3b4bc,Mzc4NzU2OTAxNTIx,**** **** 1521,9149820191,,BANDIPORA,Gurez,Markoot,623,40,2707,0.0
14882376481,1_623_42_2808_005001,,Bashir Ahmad Ganie,,,51,Male,Owner,Marginal  Farmer(Farmer having land <1 Hectare),PENDING,,,false,,OPERATOR,aa5a0cfb754e817eca3097e182e2982d8740ba5930ed059c9619cae1a016ed8d,NzA1MTg2MTYzNzEz,**** **** 3713,9622905616,,BANDIPORA,Sonawari,Gund i Khalil,623,42,2808,66.0
11344108473,1_623_42_2794_005005,,Mushtaq Ahmad Ambar,,,45,Male,Owner,Marginal  Farmer(Farmer having land <1 Hectare),PENDING,,,false,,OPERATOR,f25ec25d22a70b028420254e9094216209afb4e4b8f7d9f2ad1b609405a2b87d,MzEzMjc1OTk2NzA5,**** **** 6709,7889898209,,BANDIPORA,Sonawari,Asham,623,42,2794,0.0
67750769419,1_623_40_2707_005106,,Talib Hussain Nasir,,,29,Male,Owner,Marginal  Farmer(Farmer having land <1 Hectare),PENDING,,,false,,OPERATOR,10b033885be724c62eb456be20aa2e2a7666da8a54c4bfed07f92bc032ec806e,NzY1NTEwMjA5NzY1,**** **** 9765,6005403152,,BANDIPORA,Gurez,Markoot,623,40,2707,63.0
96930356231,1_623_40_936275_005042,,Gh Mohd Bhat,,,56,Male,Owner,Marginal  Farmer(Farmer having land <1 Hectare),PENDING,,,false,,OPERATOR,fdf6b2a6d44cfda8b1a2dd5ad0441ee03049265a31f741f3d750afb34786243e,OTM4NDA5OTg0NzQ4,**** **** 4748,7006235218,,BANDIPORA,Gurez,Gulshanpora,623,40,936275,60.0
31554441882,1_623_6812_2716_005001,,Gh Nabi Mir,,,74,Male,Owner,Marginal  Farmer(Farmer having land <1 Hectare),PENDING,,,false,,OPERATOR,ea0fca62cfed688aa0d57251a332535ff2db987e029a8a3976413a9c8f91b17b,OTQxNTcyNzQ4NTk4,**** **** 8598,6006266276,,BANDIPORA,Tulail,Neeru,623,6812,2716,43.0
34247374143,1_623_40_2708_005070,,Ghulam Rasool Khan,,,73,Male,Owner,Marginal  Farmer(Farmer having land <1 Hectare),PENDING,,,false,,OPERATOR,47e24076fd70c6d2dccd6b3757af9350e2068854c568b3e746cfb57fff435a33,NDY5OTQ2NTYyMDMz,**** **** 2033,7006918498,,BANDIPORA,Gurez,Shah Pora - Achoora (Churwan),623,40,2708,56.0
69601819310,1_623_42_2797_005003,,Mohd Yousuf Reshi,,,66,Male,Owner,Marginal  Farmer(Farmer having land <1 Hectare),PENDING,,,false,,OPERATOR,cc57c0cbb28a0d7c3c8e1fbc151cabc694746c8dd70ea0b13e10722ee77e5092,MzI3NTgwODQ1NDQ0,**** **** 5444,9622505662,,BANDIPORA,Sonawari,Hilalabad,623,42,2797,43.0
31371823261,1_623_6812_2724_005063,,Gh Ahmad Naik,,,54,Male,Owner,Marginal  Farmer(Farmer having land <1 Hectare),PENDING,,,false,,OPERATOR,eef223ed92f19db335c9fbdad385f62e1cb78e03c77588e17da806866a3e8c2e,NDgyOTQxMDkwMTE3,**** **** 0117,7889741426,,BANDIPORA,Tulail,Baduaab,623,6812,2724,46.0
49322094431,1_623_41_2740_005000,,Naseer Ahmad Malik,,,52,Male,Owner,Marginal  Farmer(Farmer having land <1 Hectare),PENDING,,,false,7006036681,OPERATOR,f89877a748eca726d1d71b775c01228db27c495f25ee59bed488a62c0060b721,MjI0NTI0NDg2Nzg2,**** **** 6786,7006036681,,BANDIPORA,Bandipora,Khayar,623,41,2740,46.0
93266126159,1_623_42_2794_005113,,Bashir Ahmad Wani,,,67,Male,Owner,Marginal  Farmer(Farmer having land <1 Hectare),PENDING,,,false,,OPERATOR,68c7e066e69f36f8edd68d033ba0fb64a57e2e5c4625b0460561307c178beb5f,NTEzNzY0MTUxMzg0,**** **** 1384,9622725519,,BANDIPORA,Sonawari,Asham,623,42,2794,46.0
97106879359,1_623_40_2705_005019,,GH NABI LONE,,,55,Male,Owner,Marginal  Farmer(Farmer having land <1 Hectare),PENDING,,,false,,OPERATOR,e4b7cfb955827ee1d8562ea90d7f754653237ffbcf10e637d044e44bd65df3ca,OTI4ODI1ODA4NDUz,**** **** 8453,9469708096,,BANDIPORA,Gurez,Badwan,623,40,2705,43.0
96630090443,1_623_42_2812_005038,,Altaf Hussain Rather,,,48,Male,Owner,Marginal  Farmer(Farmer having land <1 Hectare),PENDING,,,false,,OPERATOR,40edd2964feddfe18e60260fa53f034dd42d257ddd039f9d15b4c1f5e9aab499,NzAwNDEwNjIzNDUz,**** **** 3453,7006701490,,BANDIPORA,Sonawari,Sarai Dangarpora,623,42,2812,66.0
68907499294,1_623_40_2707_005023,,Ishfaq Anwar,,,32,Male,Owner,Marginal  Farmer(Farmer having land <1 Hectare),PENDING,,,false,,OPERATOR,2a096316e5da4a5e2b3a061ac00c673caadc1eefa603906c478432e6b2b7fb5d,NTgxOTM2NzI5MDg4,**** **** 9088,7006871301,,BANDIPORA,Gurez,Markoot,623,40,2707,0.0
59285246443,1_623_6812_2724_005064,,Shamas Ud Din Mapnoo,,,61,Male,Owner,Marginal  Farmer(Farmer having land <1 Hectare),PENDING,,,false,,OPERATOR,b5d11b820195100cd967e30aa48e32d7e5c1f255c830931a360f0b1ff0076996,NTI3NDE5NjM3OTQ0,**** **** 7944,9682174244,,BANDIPORA,Tulail,Baduaab,623,6812,2724,49.0
68225434042,1_623_6812_2725_005004,,Abdul Rehman Lone,,,50,Male,Owner,Marginal  Farmer(Farmer having land <1 Hectare),PENDING,,,false,,OPERATOR,d3bb79957997b10d0f875afb516a2f183a837007191c491b39d82877fd27d6d8,MzE5Nzc3NDk5NDM4,**** **** 9438,9149443771,,BANDIPORA,Tulail,Gujran,623,6812,2725,46.0
15064124744,1_623_42_2812_005039,,BASHIR AHMAD KAWA,,,46,Male,Owner,Marginal  Farmer(Farmer having land <1 Hectare),PENDING,,,false,,OPERATOR,be83e6e557a9fdcf90f8a5034b8e8980a09c960a7d8883211d31b5321841b23c,ODcyMzUxNzM5OTYx,**** **** 9961,9622451205,,BANDIPORA,Sonawari,Sarai Dangarpora,623,42,2812,46.0
40191682452,1_623_40_2707_005006,,Mohd Amin Akhoon,,,61,Male,Owner,Marginal  Farmer(Farmer having land <1 Hectare),PENDING,,,false,,OPERATOR,1b1ea22af8035557ef88616d886ce8035071f5760e5dc79c992cf008d406371c,NTg0MDg5ODk5MDE3,**** **** 9017,9149988076,,BANDIPORA,Gurez,Markoot,623,40,2707,43.0
38855363209,1_623_40_936275_005005,,Mohd Sultan Ahanger,,,65,Male,Owner,Marginal  Farmer(Farmer having land <1 Hectare),PENDING,,,false,,OPERATOR,6f71d84074aa9d47146dd5a3df1a0f11223f14b2f9210f9793bfdbeab084d663,NTI1OTYzNzc5NTcz,**** **** 9573,9419317210,,BANDIPORA,Gurez,Gulshanpora,623,40,936275,53.0
53584312109,1_623_6812_2724_005065,,Gh Mohmad Khan,,,58,Male,Owner,Marginal  Farmer(Farmer having land <1 Hectare),PENDING,,,false,,OPERATOR,678561f8ffe0baff9023839adb9f4d22dd640bf58bb3811cdb497f52da816652,NjE0NTUzMDE4NDEw,**** **** 8410,9797779085,,BANDIPORA,Tulail,Baduaab,623,6812,2724,0.0
80050590076,1_623_42_2808_005003,,Farooq Ahmad Rather,,,58,Male,Owner,Marginal  Farmer(Farmer having land <1 Hectare),PENDING,,,false,,OPERATOR,588855c8562f36a2b2fc1a871be970f1ffed3bccc5421ef738fcbdc39fa21f41,NTg0NzAwNDM2Mzc3,**** **** 6377,7006466521,,BANDIPORA,Sonawari,Gund i Khalil,623,42,2808,66.0
15379205138,1_623_6810_2777_005015,,Mala Begum,,,67,Female,Owner,Marginal  Farmer(Farmer having land <1 Hectare),PENDING,,,false,,OPERATOR,2b1e736ba85a6ea429cffacf178f5e2d07cfd25eb87e0810951931412190ed2b,NDc3MDI1ODE0MTk4,**** **** 4198,9906735811,,BANDIPORA,Ajas,Ajas,623,6810,2777,0.0
24645152454,1_623_41_2768_005016,,Khursheed Ahmad Ganie,,,63,Male,Owner,Marginal  Farmer(Farmer having land <1 Hectare),PENDING,,,false,,OPERATOR,9d559681dd4fc4a4958d9c9c932efd82658d38867bdb1e69ae52ab024be59c2e,MzAwNjg4MDY2ODQ2,**** **** 6846,7006873398,,BANDIPORA,Bandipora,Garoora,623,41,2768,65.0
36052268685,1_623_6812_2711_005002,,Mohd Aslam Khan,,,50,Male,Owner,Marginal  Farmer(Farmer having land <1 Hectare),PENDING,,,false,,OPERATOR,c6ec308f36d3c34a371dede1a4d7fd31dbd5ed31f7fbca93dec9884816014317,MjI0OTkzODQ0Nzg3,**** **** 4787,9149627738,,BANDIPORA,Tulail,Zedgey,623,6812,2711,43.0
12959780442,1_623_6812_2724_005066,,Kamal Din Naik,,,44,Male,Owner,Marginal  Farmer(Farmer having land <1 Hectare),PENDING,,,false,,OPERATOR,8a8d63fd4b460c49f42cee00273c4d0271713db61cc60c912f35f74ee981a4d0,MjM0MTY5Mjc2MzQ4,**** **** 6348,7006124943,,BANDIPORA,Tulail,Baduaab,623,6812,2724,22.0
64188223126,1_623_41_2740_005001,,Gh Mohi Ud Din Malik,,,59,Male,Owner,Marginal  Farmer(Farmer having land <1 Hectare),PENDING,,,false,,OPERATOR,36e8ef6fcfdcdf1974996e36dc0170151cfdc6d8505ed1ebe663faa03c4c5b22,NjE0MzE3OTM2OTQ1,**** **** 6945,9682600440,,BANDIPORA,Bandipora,Khayar,623,41,2740,52.0
62700292248,1_623_42_2794_005064,,Sharif Ud Din Kaloo,,,42,Male,Owner,Marginal  Farmer(Farmer having land <1 Hectare),PENDING,,,false,,OPERATOR,ff21270c88df401d2ab282ef572095b9a1043d116da0da98b4f85128a5d7b97a,Mjk1NTA2MTU5NzEw,**** **** 9710,9797288454,,BANDIPORA,Sonawari,Asham,623,42,2794,69.0
55068499735,1_623_40_936275_005043,,Gh Hussan Bhat,,,60,Male,Owner,Marginal  Farmer(Farmer having land <1 Hectare),PENDING,,,false,,OPERATOR,f346ccb9f054dd4ba0d4f36f78a61b4dbb98aacb948d565c8c73b0b0d0fef9b3,NzI5MzE1NTQyMjk0,**** **** 2294,9469081066,,BANDIPORA,Gurez,Gulshanpora,623,40,936275,53.0
33352866980,1_623_6811_2700_005031,,Manzoor Ahmad Malla,,,47,Male,Owner,Marginal  Farmer(Farmer having land <1 Hectare),PENDING,,,false,,OPERATOR,7735bcba216d93aaab2f98442a81d87c08585f8d242e013da2f7427e38fe36cb,NDc4NDc1NTE5OTEy,**** **** 9912,7006523725,,BANDIPORA,Hajin,Gulshanpora,623,6811,2700,0.0
63816615445,1_623_42_2794_005114,,Sarfraz Rashid Bhat,,,40,Male,Owner,Marginal  Farmer(Farmer having land <1 Hectare),PENDING,,,false,,OPERATOR,aacef10e082862395bae312fc768ccf502376832bdeeabef341f96b0ba069751,Nzg0NzAzODMwODI3,**** **** 0827,9622418875,,BANDIPORA,Sonawari,Asham,623,42,2794,44.0
58587524009,1_623_6809_2744_005007,,Mohd Hussain Shaer Gojri,,,46,Male,Owner,Marginal  Farmer(Farmer having land <1 Hectare),PENDING,,,false,,OPERATOR,45144ea593ff2f31b49cc8505772cf4e8cff0926232e8820d3b53b9b0c60f7f7,MzE5MDk3MTI0NTY1,**** **** 4565,6005399248,,BANDIPORA,Aloosa,Mangnipora,623,6809,2744,32.0
17238168543,1_623_42_2800_005007,,MOHD AMIN MIR,,,53,Male,Owner,Marginal  Farmer(Farmer having land <1 Hectare),PENDING,,,false,,OPERATOR,ecbfddb144eff4f00bca1d3a5f5d38af5647c6fb19c38cb1a423dab32c2585ca,MzIzMDEyNjkzMDA3,**** **** 3007,7051887412,,BANDIPORA,Sonawari,Rakh Shilvat,623,42,2800,56.0
90932972421,1_623_6812_2725_005005,,Gh Mohd Lone,,,51,Male,Owner,Marginal  Farmer(Farmer having land <1 Hectare),PENDING,,,false,,OPERATOR,088c3da876c95f3e409c30ce35598b28032219e64f9f5303446ee2d63d09d5c3,NjE4MjU4MzM3OTAz,**** **** 7903,7006580701,,BANDIPORA,Tulail,Gujran,623,6812,2725,56.0
30125864922,1_623_40_2707_005040,,Mohammad Abdullah Sheikh,,,58,Male,Owner,Marginal  Farmer(Farmer having land <1 Hectare),PENDING,,,false,,OPERATOR,8cfcca39f7560ce44ddc0ecd2bdbe5b07733290ddd829e7745c6d1080ad15189,MjAxNjgzOTEzMzk1,**** **** 3395,9682148537,,BANDIPORA,Gurez,Markoot,623,40,2707,38.0
96607218589,1_623_42_2794_005007,,Majid Ahmad Ganie,,,40,Male,Owner,Marginal  Farmer(Farmer having land <1 Hectare),PENDING,,,false,,OPERATOR,b2c551d44c004d41f70f01ee04e4f1d2127ca4cf46ad8205160e08e37bfdc5af,NzgwMTMxMTE2NzA4,**** **** 6708,7006077113,,BANDIPORA,Sonawari,Asham,623,42,2794,65.0
34237781553,1_623_42_2797_005005,,Kulsum Mehraj,,,26,Female,Owner,Marginal  Farmer(Farmer having land <1 Hectare),PENDING,,,false,,OPERATOR,c0c5c70f9be1adcd6e94b2ef714b69e38c0310eceb072608e5cdb9bbf5feab25,NTkzMjUxNzg0OTAw,**** **** 4900,9797073701,,BANDIPORA,Sonawari,Hilalabad,623,42,2797,0.0
18466706187,1_623_42_2810_005011,,GHULAM MOHD BHAT,,,71,Male,Owner,Marginal  Farmer(Farmer having land <1 Hectare),PENDING,,,false,,OPERATOR,0991782e68912de32080fb4f5bae8b7ec0023e585dd68ae409b25275db6f8178,OTY0MDQ5NTQwMDk3,**** **** 0097,9541886528,,BANDIPORA,Sonawari,Odina,623,42,2810,30.0
66229586480,1_623_6812_2724_005003,,Mohd Maqbool Lone,,,71,Male,Owner,Marginal  Farmer(Farmer having land <1 Hectare),PENDING,,,false,,OPERATOR,6f8f4c70a7c0486193abfae6c11f8449fb6c003112818000c223e910a1a8ed49,ODgwMzEyNzAyOTY1,**** **** 2965,6005115834,,BANDIPORA,Tulail,Baduaab,623,6812,2724,22.0
51692605450,1_623_40_2705_005011,,Nusrath Jaha,,,44,Female,Owner,Marginal  Farmer(Farmer having land <1 Hectare),PENDING,,,false,,OPERATOR,be3f307c18a7355c4caaa956e316df48afdb7508d7b064c6ae0d2338086baa77,ODczMTgxNDc3NTIx,**** **** 7521,6005434019,,BANDIPORA,Gurez,Badwan,623,40,2705,69.0
67388670166,1_623_42_2794_005042,,Mansoor Ayoub,,,27,Male,Owner,Marginal  Farmer(Farmer having land <1 Hectare),PENDING,,,false,,OPERATOR,f218cb3b1aeba83528cf2d5447486124ebde96d1b674ce08fb67a4ef2c04eb2e,OTM2MDAzMTc0NTE1,**** **** 4515,7006796459,,BANDIPORA,Sonawari,Asham,623,42,2794,32.0
93929248034,1_623_40_2705_005033,,Mohd Khalil Mapnoo,,,65,Male,Owner,Marginal  Farmer(Farmer having land <1 Hectare),PENDING,,,false,,OPERATOR,514ceab81cf21ab174ef0f9d61a82022391b2f581880d8f7d345f5395da24240,MjM4NTgzNTMyODk0,**** **** 2894,7780882040,,BANDIPORA,Gurez,Badwan,623,40,2705,37.0
72620346401,1_623_6811_2700_005024,,Javid Ahmad Dar,,,34,Male,Owner,Marginal  Farmer(Farmer having land <1 Hectare),PENDING,,,false,,OPERATOR,239d7a41057e1bae715324d887f2e85a07445d81ec85ba5bff5de8a2f835d874,MjcyNTA1NTQ3NTQz,**** **** 7543,6006889551,,BANDIPORA,Hajin,Gulshanpora,623,6811,2700,65.0
92979327260,1_623_6812_2724_005099,,Gulzar Ahmad Lone,,,34,Male,Owner,Marginal  Farmer(Farmer having land <1 Hectare),PENDING,,,false,,OPERATOR,704c45b9f1b8fd9ac8618a1ed26df8ad55e002900e533810bfdf92500fdc6462,OTM3OTMzNzM2NTc5,**** **** 6579,7006185361,,BANDIPORA,Tulail,Baduaab,623,6812,2724,56.0
47124196022,1_623_6812_2724_005037,,Rahim Lone,,,42,Male,Owner,Marginal  Farmer(Farmer having land <1 Hectare),PENDING,,,false,,OPERATOR,7b9aaf6aeb91203189d2df4cfee82f0f2417e7a8f39cf01d8771a81d89fae283,Mjg3Njc5ODI1NTg3,**** **** 5587,9149756312,,BANDIPORA,Tulail,Baduaab,623,6812,2724,0.0
87623788377,1_623_6811_2700_005005,,Hilal Ahmad Bhat,,,43,Male,Owner,Marginal  Farmer(Farmer having land <1 Hectare),PENDING,,,false,,OPERATOR,b109268bfb596ddfe57c47033e22f4b6e3724692d555aa08cbec944e61549dad,NTQwODg1MTA1NTY3,**** **** 5567,6005009002,,BANDIPORA,Hajin,Gulshanpora,623,6811,2700,66.0
17876631770,1_623_42_2808_005002,,Ghulam Nabi Parray,,,61,Male,Owner,Marginal  Farmer(Farmer having land <1 Hectare),PENDING,,,false,,OPERATOR,327ab17652e8ad7fa05083e48589d2c5665fd21eda3b2fce80296af3ac7ae9bd,NTg0MjkxMjczNzEx,**** **** 3711,9797047251,,BANDIPORA,Sonawari,Gund i Khalil,623,42,2808,56.0
40534523982,1_623_40_2708_005000,,Mohd Azad Lone,,,34,Male,Owner,Marginal  Farmer(Farmer having land <1 Hectare),PENDING,,,false,7780893108,OPERATOR,0ebcc75a8473b7eb19cf5d989949ebe0b17f7879db73e43ef5cd621bc7e191c3,MzQ3OTA0NzExNTU5,**** **** 1559,7780893108,,BANDIPORA,Gurez,Shah Pora - Achoora (Churwan),623,40,2708,0.0
35550175797,1_623_42_2812_005002,,MOHAMMAD MAQBOOL RATHER,,,56,Male,Owner,Marginal  Farmer(Farmer having land <1 Hectare),PENDING,,,false,,OPERATOR,336108cafd3b39ed996b349ca09ef82c6fed81e0977744c9079e42ac6db36d3a,MjMxMTQwMDQ5MzA3,**** **** 9307,6006284042,,BANDIPORA,Sonawari,Sarai Dangarpora,623,42,2812,27.0
46408645032,1_623_42_2810_005003,,ALI MOHAMMAD BHAT,,,56,Male,Owner,Marginal  Farmer(Farmer having land <1 Hectare),PENDING,,,false,,OPERATOR,fcced28f3094e3e7a932dd428837864b023af5214581e8eaea0023e459e4943a,NzUyNDEzNDk5NjYz,**** **** 9663,9906565364,,BANDIPORA,Sonawari,Odina,623,42,2810,56.0
92762389343,1_623_6811_2783_005001,,Ab Majid Paray,,,51,Male,Owner,Marginal  Farmer(Farmer having land <1 Hectare),PENDING,,,false,,OPERATOR,fb58e7a681b7baff16f357cd5abcf4969f9774eccbd935435c9d4d3b1efb0525,NzM0Mzg3NDM4MTYz,**** **** 8163,9797782513,,BANDIPORA,Hajin,Vijipara,623,6811,2783,55.0
44769641219,1_623_6811_2778_005001,,Mohd Shafi Dar,,,61,Male,Owner,Marginal  Farmer(Farmer having land <1 Hectare),PENDING,,,false,,OPERATOR,98f542216ced59394b4d6f4bb8970ed0b0037655576e0aff98ee335fc469b790,NTY2OTE4ODU0NjE0,**** **** 4614,9596452976,,BANDIPORA,Hajin,Gundi Saderkote,623,6811,2778,43.0
27643342848,1_623_42_2794_005006,,Mohammad Maqbool Dar,,,56,Male,Owner,Marginal  Farmer(Farmer having land <1 Hectare),PENDING,,,false,,OPERATOR,63da6e30519a0f6dfee5c22a0d1178653fe23c75f357b6cf9be1b55c355575f8,NTAwNjM4MjMwMDE1,**** **** 0015,9906530779,,BANDIPORA,Sonawari,Asham,623,42,2794,66.0
77957612670,1_623_42_2812_005003,,MOHD MAQBOOL DAR,,,46,Male,Owner,Marginal  Farmer(Farmer having land <1 Hectare),PENDING,,,false,,OPERATOR,930401b27492f54af773f30dd494f0e20e1943d2588693514380d028f0bf93b4,NjU4NzU1NzQzMjI0,**** **** 3224,9682684490,,BANDIPORA,Sonawari,Sarai Dangarpora,623,42,2812,58.0
24120890440,1_623_42_2797_005004,,Bilal Ahmad Rishi,,,54,Male,Owner,Marginal  Farmer(Farmer having land <1 Hectare),PENDING,,,false,,OPERATOR,f74fd62c862f49019da876f493baf6f53ca44535a73f41b081ea93e216310d0c,NDk1ODM5MTMxMzY5,**** **** 1369,9149475466,,BANDIPORA,Sonawari,Hilalabad,623,42,2797,65.0
63422409857,1_623_6812_2716_005002,,JAMEEL AHMAD MIR,,,44,Male,Owner,Marginal  Farmer(Farmer having land <1 Hectare),PENDING,,,false,,OPERATOR,ae6b9069a84071e6404781182f29b2a38dc4dd7fee5014299e95fa997f3a9210,MjExNDI0ODgxMzMx,**** **** 1331,6005938827,,BANDIPORA,Tulail,Neeru,623,6812,2716,46.0
95516550461,1_623_42_2810_005004,,SAJAD HUSSAIN BHAT,,,45,Male,Owner,Marginal  Farmer(Farmer having land <1 Hectare),PENDING,,,false,,OPERATOR,da4745a94a84f6739a55b634c22a9c79e331050055f4e3ccca2f3cfd5378d6b7,MjY2MDI4MTAwMzk2,**** **** 0396,7006096489,,BANDIPORA,Sonawari,Odina,623,42,2810,64.0
87972456831,1_623_42_2812_005032,,Bashir Ahmad Rather,,,43,Male,Owner,Marginal  Farmer(Farmer having land <1 Hectare),PENDING,,,false,,OPERATOR,074c3ae8ccc62990caa4f5452ac16d522ce5c54b652d4b9781b196936df290bb,MjI0NzgzMjcxNTAw,**** **** 1500,9149572957,,BANDIPORA,Sonawari,Sarai Dangarpora,623,42,2812,0.0
34198180765,1_623_42_2797_005041,,Ali Mohd Bhat,,,57,Male,Owner,Marginal  Farmer(Farmer having land <1 Hectare),PENDING,,,false,,OPERATOR,d51dbe490d69d34a728c3c59c33e585a05c317e9f6027c84f8823ff88b2e7152,ODU5NjI3NTA1NTk5,**** **** 5599,9149710223,,BANDIPORA,Sonawari,Hilalabad,623,42,2797,43.0
56492229303,1_623_6811_2700_005025,,Sajad Ahmad Dar,,,34,Male,Owner,Marginal  Farmer(Farmer having land <1 Hectare),PENDING,,,false,,OPERATOR,c92cfe36c106b22c5fbfd0bba3b281621c839995d5436bd757ab25918f6299b0,OTM0MzcxOTQxNTI1,**** **** 1525,7006353711,,BANDIPORA,Hajin,Gulshanpora,623,6811,2700,65.0
40544573924,1_623_6811_2778_005011,,Ab Rashid Rather,,,58,Male,Owner,Marginal  Farmer(Farmer having land <1 Hectare),PENDING,,,false,,OPERATOR,6646490c2d5347022738fbd9ba88dd8aa16cb922ee9944c5e9fc5b76009661d8,NzM1MDE5MzAyNDI5,**** **** 2429,7006601307,,BANDIPORA,Hajin,Gundi Saderkote,623,6811,2778,43.0
78047212733,1_623_42_2794_005008,,Nazir Ah Ganie,,,50,Male,Owner,Marginal  Farmer(Farmer having land <1 Hectare),PENDING,,,false,,OPERATOR,e7b8f846e1ebe98c9b980cc5891bb95bd79184c293b7185b2c57770698754b18,NTI3MDQ2NTgwODEx,**** **** 0811,7889448922,,BANDIPORA,Sonawari,Asham,623,42,2794,44.0
88878641354,1_623_40_2708_005109,,Akhtar Hussain Lone,,,56,Male,Owner,Marginal  Farmer(Farmer having land <1 Hectare),PENDING,,,false,,OPERATOR,83b16bc66e85f53452f06eb8c15a7519d464a000ae19bd2deadcefafcc2312f1,MzMzMjcwOTY1MTQx,**** **** 5141,9622699291,,BANDIPORA,Gurez,Shah Pora - Achoora (Churwan),623,40,2708,44.0
20142244594,1_623_42_2794_005043,,Irshad Ahmad Ganaie,,,56,Male,Owner,Marginal  Farmer(Farmer having land <1 Hectare),PENDING,,,false,,OPERATOR,7e49ba4363b39dfe8e24e9cfbd9e9c36c4dc5c27590b5bb3e34c371aabf51df9,MzczMTI3NTkwMjU5,**** **** 0259,9797974497,,BANDIPORA,Sonawari,Asham,623,42,2794,56.0
37436416996,1_623_42_2794_005065,,Mohmad Yousuf Kaloo,,,55,Male,Owner,Marginal  Farmer(Farmer having land <1 Hectare),PENDING,,,false,,OPERATOR,11bdc459565ed66953044211d7152e089fad653abb6bb559583158b6cf9de75d,MzkyNTc1MzE4MzI1,**** **** 8325,9541068582,,BANDIPORA,Sonawari,Asham,623,42,2794,55.0
72767740986,1_623_42_2794_005066,,MOHD SHAFIQ KALOO,,,48,Male,Owner,Marginal  Farmer(Farmer having land <1 Hectare),PENDING,,,false,,OPERATOR,7d720e635bb46dee570f88bda9fb749bfb262dce008928368aaa596f540443d9,NzkzMDc0MDQ5MjE1,**** **** 9215,9541997216,,BANDIPORA,Sonawari,Asham,623,42,2794,52.0
92328859389,1_623_40_936275_005007,,Nazir Ahmad Harey,,,78,Male,Owner,Marginal  Farmer(Farmer having land <1 Hectare),PENDING,,,false,,OPERATOR,ae30848584e506ceaf124017bff0defc48fe8d56a002ee7a80b46c21a15a49b6,NTQwMzAzNDUzNjQ2,**** **** 3646,9419703854,,BANDIPORA,Gurez,Gulshanpora,623,40,936275,56.0
26196595074,1_623_6812_2724_005067,,Bashir Ahmad Naik,,,41,Male,Owner,Marginal  Farmer(Farmer having land <1 Hectare),PENDING,,,false,,OPERATOR,c1c323128469a2d32764e14521209e1e508c5bef89b35475b5bbaa248da7e507,Njc0MTM5NDM3MzAz,**** **** 7303,6005674272,,BANDIPORA,Tulail,Baduaab,623,6812,2724,61.0
27265515585,1_623_40_2708_005041,,BASHIR AHMAD LONE,,,47,Male,Owner,Marginal  Farmer(Farmer having land <1 Hectare),PENDING,,,false,,OPERATOR,75357450824a21f63487d1a8eee138437d6ed95527537eab1ef91e611f1a9f2a,MjI4NjgwNjY3Njkx,**** **** 7691,9682651554,,BANDIPORA,Gurez,Shah Pora - Achoora (Churwan),623,40,2708,56.0
99957496178,1_623_42_2794_005067,,Ghulam Jeelani Kaloo,,,34,Male,Owner,Marginal  Farmer(Farmer having land <1 Hectare),PENDING,,,false,,OPERATOR,d7628a018ea8e54fad3410647a8fb39a367da787167efd9a6ef2b70c78458914,NDE2NDA5ODI1NDUz,**** **** 5453,9541886013,,BANDIPORA,Sonawari,Asham,623,42,2794,63.0
58447279716,1_623_6812_2724_005068,,Ali Mohmad Naik,,,46,Male,Owner,Marginal  Farmer(Farmer having land <1 Hectare),PENDING,,,false,,OPERATOR,54f30c5c03b602b747ccc43504568ccbd30815d0aa8dbba81a6557b872af3929,OTYyMTk2MzM4MTQ2,**** **** 8146,7889958403,,BANDIPORA,Tulail,Baduaab,623,6812,2724,48.0
27674824164,1_623_6811_2771_005197,,Gh Nabi Tailor,,,76,Male,Owner,Marginal  Farmer(Farmer having land <1 Hectare),PENDING,,,false,,OPERATOR,e2d76018b47a94fcf45ae68d809fcaad926854a664be64e5c2dc439822719b3b,NzU2OTI0MDgyNjM3,**** **** 2637,9797131412,,BANDIPORA,Hajin,Madwan,623,6811,2771,52.0
53766773279,1_623_40_2708_005042,,SALIME BAGUM,,,74,Female,Owner,Marginal  Farmer(Farmer having land <1 Hectare),PENDING,,,false,,OPERATOR,708831f7fe9bccd3e10a7e7d110189cf3b4e4d631bd8ed167e37026f863e609e,OTUxOTM3NzA3NzAy,**** **** 7702,6006019725,,BANDIPORA,Gurez,Shah Pora - Achoora (Churwan),623,40,2708,34.0
82462976712,1_623_42_2810_005068,,Zubaida Begum,,,79,Female,Owner,Marginal  Farmer(Farmer having land <1 Hectare),PENDING,,,false,,OPERATOR,31fb047a298fff4a8c8847474b06713b45b5f27d34330c69827d2ab3f4ad7bfc,ODM5OTE2OTc4NTU3,**** **** 8557,9682511416,,BANDIPORA,Sonawari,Odina,623,42,2810,0.0
18899622048,1_623_6812_2711_005003,,AB AHAD,,,63,Male,Owner,Marginal  Farmer(Farmer having land <1 Hectare),PENDING,,,false,,OPERATOR,e6e8c468b3fa5ec2f53024b6ba007b076fc0634ed6ab48eb2709b2852e7796bb,NjUwNzI4MDk4OTY0,**** **** 8964,9541637808,,BANDIPORA,Tulail,Zedgey,623,6812,2711,0.0
73417462920,1_623_42_2804_005000,,Mumtaza,,,59,Female,Owner,Marginal  Farmer(Farmer having land <1 Hectare),PENDING,,,false,,OPERATOR,d9027436015d2140efb9052abf23d73b425b664e2209d4785313537591c0038d,NTUxNTU1Nzg3MzM3,**** **** 7337,9797283928,,BANDIPORA,Sonawari,Rakh Sultan Pora,623,42,2804,50.0
31565969728,1_623_42_2797_005007,,Hilal Ahmad Reshi,,,50,Male,Owner,Marginal  Farmer(Farmer having land <1 Hectare),PENDING,,,false,,OPERATOR,d88e63c848b6e369cc9ad8d97d3a1247def125f6a35fe04fc2748ea2db886298,NTg4NDExNDY2NDMw,**** **** 6430,9906647944,,BANDIPORA,Sonawari,Hilalabad,623,42,2797,65.0
44797637719,1_623_40_2708_005002,,GHULAM QADIR LONE,,,71,Male,Owner,Marginal  Farmer(Farmer having land <1 Hectare),PENDING,,,false,,OPERATOR,a348d9f3d95fe1b93cbf81395ad96ba296df0d47ff3c958645362af68c1be95a,NTY4NjQxMzg0NTAz,**** **** 4503,9419581367,,BANDIPORA,Gurez,Shah Pora - Achoora (Churwan),623,40,2708,55.0
35837709215,1_623_6812_2724_005054,,Mohammad Shahim Lone,,,57,Male,Owner,Marginal  Farmer(Farmer having land <1 Hectare),PENDING,,,false,,OPERATOR,938b67ba9fda97fb2892be4639cd5a7462405e609b11e08ac0762b1f1120c4b1,NjI4MjgyNTMzMjA5,**** **** 3209,6005604272,,BANDIPORA,Tulail,Baduaab,623,6812,2724,21.0
10759294475,1_623_6809_2744_005008,,Ajaz Ahmad Wani,,,37,Male,Owner,Marginal  Farmer(Farmer having land <1 Hectare),PENDING,,,false,,OPERATOR,0bb3bbbf34574fe01e079ba02e164032620f826fe8a4449ca9b402755a7241f3,NTA4OTI5Mzk5Njc1,**** **** 9675,9541139140,,BANDIPORA,Aloosa,Mangnipora,623,6809,2744,0.0
24969742852,1_623_6809_2744_005000,,Mohammad Shafi Najar,,,59,Male,Owner,Marginal  Farmer(Farmer having land <1 Hectare),PENDING,,,false,,OPERATOR,093d27195c3e9f782f5d2abfb86dad2dbc402078f9639c10382d953ad6e30b81,MjEyNTczMzA0NTg4,**** **** 4588,7006821578,,BANDIPORA,Aloosa,Mangnipora,623,6809,2744,46.0
74097582908,1_623_42_2808_005004,,MOHD AMIN GANIE,,,50,Male,Owner,Marginal  Farmer(Farmer having land <1 Hectare),PENDING,,,false,,OPERATOR,984d9f0e2836d335f70f680354c53892e7b51a73567a137f7705d60f1017123c,NzU0NTA5OTc0Njgy,**** **** 4682,9906544504,,BANDIPORA,Sonawari,Gund i Khalil,623,42,2808,0.0
73504281907,1_623_6812_2724_005055,,AB QAYOOM LONE,,,53,Male,Owner,Marginal  Farmer(Farmer having land <1 Hectare),PENDING,,,false,,OPERATOR,8176e834433339627d143010bc9afd509792f7bc61647ff193ee378e6119ad18,NTA4Mjk5NTAxNTcx,**** **** 1571,7006987162,,BANDIPORA,Tulail,Baduaab,623,6812,2724,23.0
21886210790,1_623_6809_2744_005024,,Mohammad Nasurullah Khan,,,57,Male,Owner,Marginal  Farmer(Farmer having land <1 Hectare),PENDING,,,false,,OPERATOR,8f44e1c8dfd44cc1430bf04fd88efbc7e4808c1099fb7ecb625b5fbb03f62ec0,NjQxODY5MjUxMTMz,**** **** 1133,9541817121,,BANDIPORA,Aloosa,Mangnipora,623,6809,2744,0.0
84564439338,1_623_40_2708_005001,,SULTANI BEGUM,,,66,Female,Owner,Marginal  Farmer(Farmer having land <1 Hectare),PENDING,,,false,,OPERATOR,55b39645c5a2aabb8a566b66d2b0a72ff7f4e2135a5a46ee278672846ad867c3,NzEwNjU2MDQ3MTAz,**** **** 7103,9419581367,,BANDIPORA,Gurez,Shah Pora - Achoora (Churwan),623,40,2708,25.0
56578739469,1_623_42_2802_005000,,Mohammad Qasim Malla,,,57,Male,Owner,Marginal  Farmer(Farmer having land <1 Hectare),PENDING,,,false,,OPERATOR,972a6f94a5d4b46efb5a1aaab212a81e956e12c2a49799fdf88c38a110504bac,ODkzMDg1Njc5NTk4,**** **** 9598,8899480820,,BANDIPORA,Sonawari,NOWGAM,623,42,2802,0.0
45144334060,1_623_6811_2783_005002,,Ab Rashid Parray,,,54,Male,Owner,Marginal  Farmer(Farmer having land <1 Hectare),PENDING,,,false,,OPERATOR,388cdd80e20f3d900e826d43de93870c04e2f5945c34ffc4b429f2db16b9b007,MzAzNzkzMzQ0NzE4,**** **** 4718,7006257216,,BANDIPORA,Hajin,Vijipara,623,6811,2783,56.0
35260059228,1_623_6812_2716_005003,,Mohd Ismail Mir,,,29,Male,Owner,Marginal  Farmer(Farmer having land <1 Hectare),PENDING,,,false,,OPERATOR,ba6477aa068322807032bd73a052bae380b7be49172194cfc7db3e9e2ae0eda6,ODU1OTYyMTk3MDcw,**** **** 7070,6005815615,,BANDIPORA,Tulail,Neeru,623,6812,2716,53.0
74456144913,1_623_6811_2778_005002,,RAZIA RASHID,,,36,Female,Owner,Marginal  Farmer(Farmer having land <1 Hectare),PENDING,,,false,,OPERATOR,d725376a3ad876e0867689e68cb1d01179398d512de3913c6118fff27bb9d29c,OTAwMzE1NzIxMzUx,**** **** 1351,8899932644,,BANDIPORA,Hajin,Gundi Saderkote,623,6811,2778,0.0
66204425881,1_623_42_2812_005004,,Ateeqa Begum,,,46,Female,Owner,Marginal  Farmer(Farmer having land <1 Hectare),PENDING,,,false,,OPERATOR,d0fd4e0ca58df820aaed1edee58ecbeb27d7f9ec3d45d9fc429c676779230bf7,OTA0NDk3MDE0NDU3,**** **** 4457,6006861683,,BANDIPORA,Sonawari,Sarai Dangarpora,623,42,2812,50.0
81173457439,1_623_6811_2700_005006,,SHABIR AHMAD BHAT,,,47,Male,Owner,Marginal  Farmer(Farmer having land <1 Hectare),PENDING,,,false,,OPERATOR,fcc1e17f705ef1699f173b2c958cb2cc66fccc8568d8c16bac009039a1a7d7d2,MjQ2NDEzNTA3NDgx,**** **** 7481,7780999019,,BANDIPORA,Hajin,Gulshanpora,623,6811,2700,44.0
64368476555,1_623_42_2797_005066,,Ab Rahman Bhat,,,76,Male,Owner,Marginal  Farmer(Farmer having land <1 Hectare),PENDING,,,false,,OPERATOR,096e52b131b09c850d23fb2fd8bc6c9944511b27fa6ec1da873b4485c25df5c9,NDM5NzE1MzI5Mjkz,**** **** 9293,7006619224,,BANDIPORA,Sonawari,Hilalabad,623,42,2797,53.0
41142146420,1_623_6812_2716_005004,,Gh Mustafa Mir,,,26,Male,Owner,Marginal  Farmer(Farmer having land <1 Hectare),PENDING,,,false,,OPERATOR,22e063e1b184d1901c229588f20d40835b48b39aa88c60a4ce2e37ec36762bf7,NjI5NDcyNzA3MDA3,**** **** 7007,9149784196,,BANDIPORA,Tulail,Neeru,623,6812,2716,53.0
38610507783,1_623_42_2794_005045,,Gulzar Ahmad Bhat,,,42,Male,Owner,Marginal  Farmer(Farmer having land <1 Hectare),PENDING,,,false,,OPERATOR,0b36cc9c39aed4bb3ee20efbf37216cb20ac52e283e9b78eeea875222f5cf1dd,NzAyNDAxMjM2MTEw,**** **** 6110,9541222662,,BANDIPORA,Sonawari,Asham,623,42,2794,66.0
64212349478,1_623_42_2794_005010,,Bashir Ahmed Parray,,,69,Male,Owner,Marginal  Farmer(Farmer having land <1 Hectare),PENDING,,,false,,OPERATOR,96378674c6d7b003719a852711ed0d554f146da47c763f94c8940e0bb4990a59,NzA5NDE5NjY1NDgz,**** **** 5483,9906799864,,BANDIPORA,Sonawari,Asham,623,42,2794,56.0
25781081888,1_623_6811_2784_005017,,Nazir Ahmad Dar,,,46,Male,Owner,Marginal  Farmer(Farmer having land <1 Hectare),PENDING,,,false,,OPERATOR,218aeb4e8a224da6fd243be4c5195f1d9cdeaea46bffebf8f685025503111091,NTIyODcwNTE5ODQ0,**** **** 9844,9622759671,,BANDIPORA,Hajin,Gundi Boon,623,6811,2784,56.0
68550522504,1_623_6811_2700_005007,,Samad Parray,,,81,Male,Owner,Marginal  Farmer(Farmer having land <1 Hectare),PENDING,,,false,,OPERATOR,b56074bd7d84c6ecef57686db16d95daa8df0c78f2026b26a9ab7367b1e31fad,NzIwNjQxNjY0ODQ2,**** **** 4846,9906231120,,BANDIPORA,Hajin,Gulshanpora,623,6811,2700,0.0
85345429748,1_623_6812_2711_005004,,MOHD ASHRAF WANI,,,35,Male,Owner,Marginal  Farmer(Farmer having land <1 Hectare),PENDING,,,false,,OPERATOR,d7f6a1842e0fb453211bfb46128a5af82317469155d9b6ab621d8b9dbc9fb9fa,NTY4NzY5MDk0MjE5,**** **** 4219,7006981659,,BANDIPORA,Tulail,Zedgey,623,6812,2711,58.0
56864332675,1_623_6812_2716_005020,,AB GANI LONE,,,30,Male,Owner,Marginal  Farmer(Farmer having land <1 Hectare),APPROVED,,,false,,OPERATOR,f1c09b846958cb9549dce359ae3c10c800438d5f5cbd91dcbb65717d19ed732f,NTEyNjI4ODA2OTAz,**** **** 6903,6006902278,,BANDIPORA,Tulail,Neeru,623,6812,2716,59.0
69154547303,1_623_40_936275_005010,,Mohd Abdullah Harrey,,,74,Male,Owner,Marginal  Farmer(Farmer having land <1 Hectare),PENDING,,,false,,OPERATOR,20d11553ebfca29a7a60ecac7184e4a0b64bca4e8535d6820640485cc8080d14,NDcxMjc2Mzk0MDU2,**** **** 4056,7006786252,,BANDIPORA,Gurez,Gulshanpora,623,40,936275,33.0
22780509958,1_623_42_2794_005011,,Nasir Ahmad Khan,,,47,Male,Owner,Marginal  Farmer(Farmer having land <1 Hectare),PENDING,,,false,,OPERATOR,5595afae965df14516768d1e9cbdc0515364c759fe3bae69040c372034567ecc,NDY0Mzk3NzUzMTc3,**** **** 3177,9149851486,,BANDIPORA,Sonawari,Asham,623,42,2794,63.0
73725046581,1_623_42_2797_005013,,Riyaz Ah Bhat,,,54,Male,Owner,Marginal  Farmer(Farmer having land <1 Hectare),PENDING,,,false,,OPERATOR,c7a7031334f7e6aa28bbaac84e0491e49f6f4316d1e28074e79031c2efdedfca,NjU3MzI0Mzg1MzQw,**** **** 5340,9906804421,,BANDIPORA,Sonawari,Hilalabad,623,42,2797,25.0
35968711409,1_623_6812_2716_005030,,JUMMA MIR,,,71,Male,Owner,Marginal  Farmer(Farmer having land <1 Hectare),APPROVED,,,false,,OPERATOR,3c8a5c5739eb8e0ae6a43614544fb47e7982861f4a4dea34b3103c98b82195e7,Mzc1MTQxODY4NTg4,**** **** 8588,7889755035,,BANDIPORA,Tulail,Neeru,623,6812,2716,35.0
65594905146,1_623_42_2810_005007,,SHER ALI BHAT,,,58,Male,Owner,Marginal  Farmer(Farmer having land <1 Hectare),PENDING,,,false,,OPERATOR,b71deb928fd2391be3e75fa0fc5079741b9ee7c9ba949ebd07e0ae9bfe0701e7,ODEzMzUwMjg4MjM5,**** **** 8239,9107917421,,BANDIPORA,Sonawari,Odina,623,42,2810,46.0
43369157014,1_623_42_2808_005014,,Adil Ahmad Wagay,,,39,Male,Owner,Marginal  Farmer(Farmer having land <1 Hectare),PENDING,,,false,,OPERATOR,af601ee435f6255e0cb9f2bf1562f34a9df5b4cd1e98b02c776e4be8fb84d1b4,NTYyOTQ0NzYwNjc4,**** **** 0678,9596248651,,BANDIPORA,Sonawari,Gund i Khalil,623,42,2808,65.0
87497213492,1_623_42_2815_005015,,ABDUL AHAD DAR,,,61,Male,Owner,Marginal  Farmer(Farmer having land <1 Hectare),PENDING,,,false,,OPERATOR,db8cb49b11b033ec68930b67bb3a1130ca659eb309a3cf5203190d8c3819dd5d,ODk5MDYzNjIwMzkz,**** **** 0393,9055002510,,BANDIPORA,Sonawari,Wahid pora,623,42,2815,44.0
76084662587,1_623_6812_2716_005022,,Mohd Sarwar Lone,,,51,Male,Owner,Marginal  Farmer(Farmer having land <1 Hectare),APPROVED,,,false,,OPERATOR,db0c8d58cbefa6354ba187af49b1636f60cb2af63a061c0b3c8a80884dad08d9,ODg3ODIxNzU1Nzk5,**** **** 5799,6006902278,,BANDIPORA,Tulail,Neeru,623,6812,2716,23.0
28168899802,1_623_6812_2716_005005,,Afroza Banoo,,,23,Female,Owner,Marginal  Farmer(Farmer having land <1 Hectare),PENDING,,,false,,OPERATOR,7901de0c5df7ce6d3df3fefaea44d14b187b9368c81e796b46ecb1d9eb82db93,OTMyMzkyOTEyNjk4,**** **** 2698,7889658793,,BANDIPORA,Tulail,Neeru,623,6812,2716,49.0
89026785643,1_623_6812_2716_005021,,Abdul Majeed Lone,,,42,Male,Owner,Marginal  Farmer(Farmer having land <1 Hectare),APPROVED,,,false,,OPERATOR,f2d83dc988249b7d233c23cdf9a137213ae304fb5309a3f6bc6f2d0ba2fa7bba,OTM0OTEyMTAxMzMx,**** **** 1331,9149805448,,BANDIPORA,Tulail,Neeru,623,6812,2716,61.0
23370235772,1_623_42_2812_005012,,Latef Ahmad Malik,,,45,Male,Owner,Marginal  Farmer(Farmer having land <1 Hectare),PENDING,,,false,,OPERATOR,896a3237978d4e32a3753ff2687237e2e76fecec0be131a77add8067ddd8c02c,MzUxMTcwMTYwMjA3,**** **** 0207,7006529152,,BANDIPORA,Sonawari,Sarai Dangarpora,623,42,2812,64.0
25557493825,1_623_42_2812_005033,,Nazir Ahmad Kawa,,,48,Male,Owner,Marginal  Farmer(Farmer having land <1 Hectare),PENDING,,,false,,OPERATOR,c88de38e8dbc85a563301143823c3ba5b3b3fddfb17fb7e6d7ae4efd92f01c7d,NDIxMDU5MjQ0MTAx,**** **** 4101,7889709174,,BANDIPORA,Sonawari,Sarai Dangarpora,623,42,2812,0.0
75654841023,1_623_42_2794_005017,,Mehraj Ud Din Rather,,,52,Male,Owner,Marginal  Farmer(Farmer having land <1 Hectare),PENDING,,,false,,OPERATOR,2d158dbce884a82152bee42d3f8493df89d9d843e288c4f3bac7c67a2ee28c8b,NjIxNDk1MzY3NDU5,**** **** 7459,7006584755,,BANDIPORA,Sonawari,Asham,623,42,2794,70.0
59002940337,1_623_40_2707_005009,,MOHD MUNWAR AKHOON,,,66,Male,Owner,Marginal  Farmer(Farmer having land <1 Hectare),PENDING,,,false,,OPERATOR,5ecba64e291f983bf80b7367d068f330082d449c6528d12bf38831f135c3d3c8,NTUwMzM2MjY1OTUw,**** **** 5950,6005290105,,BANDIPORA,Gurez,Markoot,623,40,2707,52.0
42871913589,1_623_40_2707_005010,,GH MOHD LONE,,,50,Male,Owner,Marginal  Farmer(Farmer having land <1 Hectare),PENDING,,,false,,OPERATOR,9e3ce8ddd5bed0421086a921338c39602c053b41a1f342f8ff36a0a2d28e3d9f,ODUxNDkxNTcyOTkx,**** **** 2991,7889425512,,BANDIPORA,Gurez,Markoot,623,40,2707,56.0
94488355105,1_623_6812_2724_005010,,ABDULLAH KHAN,,,65,Male,Owner,Marginal  Farmer(Farmer having land <1 Hectare),PENDING,,,false,,OPERATOR,05794470a68d2dc5a904c3ebd958084ddc20683cc5f928158e2c3055fd721fbc,NzA2MTk5NTMyNzk1,**** **** 2795,9103032035,,BANDIPORA,Tulail,Baduaab,623,6812,2724,0.0
16995257965,1_623_6810_2777_005020,,Tariq Ahmad Rather,,,57,Male,Owner,Marginal  Farmer(Farmer having land <1 Hectare),APPROVED,,,false,,OPERATOR,235106885f7447c933fe90aa612d9eaab48ab9762915d0d647181d585e5dc158,ODE5OTgxMjg1MzM5,**** **** 5339,9906513003,,BANDIPORA,Ajas,Ajas,623,6810,2777,65.0
97470006060,1_623_6812_2711_005007,,Abdul Rahim Khan,,,71,Male,Owner,Marginal  Farmer(Farmer having land <1 Hectare),PENDING,,,false,,OPERATOR,d3926eec2b3cc469e9b4c237a5379528bbdc46b6b48db02bc9053e751a384b8e,Nzc4NTEzODEzMDk3,**** **** 3097,6006807745,,BANDIPORA,Tulail,Zedgey,623,6812,2711,22.0
42864585760,1_623_6812_2716_005009,,Kadir Mir,,,55,Male,Owner,Marginal  Farmer(Farmer having land <1 Hectare),PENDING,,,false,,OPERATOR,a52ee2e38a896607e1659d467e21763b6247ed1f3654dfddaecb9d7d8bb78b09,ODY1Mzk0NjgwNDMw,**** **** 0430,6005597458,,BANDIPORA,Tulail,Neeru,623,6812,2716,0.0
28804276511,1_623_40_2707_005024,,MOHD FAROOQ LONE,,,55,Male,Owner,Marginal  Farmer(Farmer having land <1 Hectare),PENDING,,,false,,OPERATOR,5301b048e4639c34cb48327055834e611ec97df9f561efa6471dfba0681c09b9,MzA1Nzc5MjAwMTk1,**** **** 0195,9682328285,,BANDIPORA,Gurez,Markoot,623,40,2707,53.0
99121084900,1_623_40_2707_005011,,Zamir Ahmad Lone,,,27,Male,Owner,Marginal  Farmer(Farmer having land <1 Hectare),PENDING,,,false,,OPERATOR,eb584ce9dd25639fa38e1e717f9db0edf57cf0648d3a1d4ed319bf9808592031,ODIyNzIwMzcwODk2,**** **** 0896,6005784408,,BANDIPORA,Gurez,Markoot,623,40,2707,54.0
21402046320,1_623_6812_2724_005011,,MOHD SHAREEF NAIK,,,51,Male,Owner,Marginal  Farmer(Farmer having land <1 Hectare),PENDING,,,false,,OPERATOR,6d159b65549a0f73f4b844ddec29ddba2f6e7132480f05594867d2b1d4a87d56,NTY0NTQ4MjAzMTEy,**** **** 3112,6006246975,,BANDIPORA,Tulail,Baduaab,623,6812,2724,42.0
48715709148,1_623_6811_2700_005026,,Shagufta Begum,,,35,Female,Owner,Marginal  Farmer(Farmer having land <1 Hectare),PENDING,,,false,,OPERATOR,141e293fbcc28a21a2dfebf15e3f31778f672c6a2d2c1b4d2823a16899e96642,NzU5MzUxNjk3NDUy,**** **** 7452,6005080087,,BANDIPORA,Hajin,Gulshanpora,623,6811,2700,50.0
14909044148,1_623_42_2794_005044,,Irshad Ahmad Ganie,,,57,Male,Owner,Marginal  Farmer(Farmer having land <1 Hectare),PENDING,,,false,,OPERATOR,25902f81301040c7f3ebb6c5ab18a6730a9af521ed0003abe09c0c2a1fb9a688,NzAzNzI5NDA0NzM0,**** **** 4734,7006481524,,BANDIPORA,Sonawari,Asham,623,42,2794,66.0
13566501346,1_623_42_2800_005000,,Ab Majeed Parray,,,66,Male,Owner,Marginal  Farmer(Farmer having land <1 Hectare),PENDING,,,false,,OPERATOR,a5df8a78c3ded880f1727f23b35dbeefe8a439472879694f08b36509216c1384,NTUwNjU1NjgwNDEy,**** **** 0412,9541647754,,BANDIPORA,Sonawari,Rakh Shilvat,623,42,2800,0.0
78440857813,1_623_42_2810_005005,,Mohammad Akbar Butt,,,61,Male,Owner,Marginal  Farmer(Farmer having land <1 Hectare),PENDING,,,false,,OPERATOR,65563fa8edf9c026d9e329d9171decedd7453c267d083744fed768a20fddade2,NTg4MzI1NTY3NDgw,**** **** 7480,9541836459,,BANDIPORA,Sonawari,Odina,623,42,2810,56.0
10819638320,1_623_6810_2777_005018,,Mohmad Afzal Najar,,,50,Male,Owner,Marginal  Farmer(Farmer having land <1 Hectare),PENDING,,,false,,OPERATOR,6e4476e10476e33c9fd362bde88db40b37143ccecd54e205cc3213ba347571ef,NjQzNzM1MzU0ODY5,**** **** 4869,9797017420,,BANDIPORA,Ajas,Ajas,623,6810,2777,0.0
71090979482,1_623_42_2794_005009,,Javid Ahmad Ganaie,,,41,Male,Owner,Marginal  Farmer(Farmer having land <1 Hectare),PENDING,,,false,,OPERATOR,cc878f3cdc8d028c8397d5163b06700cc64b6e925ee6491971ecfa13cc902088,ODI3Mjg0OTY1MDkz,**** **** 5093,7780997476,,BANDIPORA,Sonawari,Asham,623,42,2794,65.0
42795115681,1_623_42_2794_005136,,Shama Bano,,,58,Female,Owner,Marginal  Farmer(Farmer having land <1 Hectare),PENDING,,,false,,OPERATOR,e5e1e63d865139c5d1138450e1c95b89eee581016e6401bbd19d0207a5f416fd,OTYxMDM3OTcwMTMy,**** **** 0132,7889716203,,BANDIPORA,Sonawari,Asham,623,42,2794,0.0
69655098390,1_623_42_2797_005006,,Habibullah Mir,,,81,Male,Owner,Marginal  Farmer(Farmer having land <1 Hectare),PENDING,,,false,,OPERATOR,5ed66632fdb713cbafc6ed1f418ba6ae5b044911ffe440eb367ee4ceff046690,NzQ4ODk1NTQ0OTkz,**** **** 4993,9906014448,,BANDIPORA,Sonawari,Hilalabad,623,42,2797,46.0
21657394983,1_623_6812_2724_005004,,Mohd Shareef Lone,,,47,Male,Owner,Marginal  Farmer(Farmer having land <1 Hectare),PENDING,,,false,,OPERATOR,1e3e2338e62cabe63a2eda4c31626d342198d7f5fcdb17ed835e4e41c271205f,NTA2NDU0MjE4NzA3,**** **** 8707,9682378531,,BANDIPORA,Tulail,Baduaab,623,6812,2724,56.0
17106918619,1_623_40_2707_005008,,Nazir Ahmad Chakat,,,58,Male,Owner,Marginal  Farmer(Farmer having land <1 Hectare),PENDING,,,false,,OPERATOR,93c04e4241b12192267fda9f9fb9b36525793166c2b3490392dc9979cc87a870,OTk4MTAyNzQ5ODM3,**** **** 9837,6005440628,,BANDIPORA,Gurez,Markoot,623,40,2707,0.0
36424113917,1_623_6810_2777_005019,,Farooq Ahmed Najar,,,62,Male,Owner,Marginal  Farmer(Farmer having land <1 Hectare),PENDING,,,false,,OPERATOR,8502336211b9b580e6bccc2ea27a6d27471a7cb272a3099c68c156f7dc62e903,NDA5NzA3ODExMzA0,**** **** 1304,9596522826,,BANDIPORA,Ajas,Ajas,623,6810,2777,0.0
32959653646,1_623_6811_2774_005004,,Farooq Ahmad Bhat,,,56,Male,Owner,Marginal  Farmer(Farmer having land <1 Hectare),PENDING,,,false,,OPERATOR,20c77e754124c3a6b8b4dfa3493400f9489b3a080afeb85983b87b637315024f,MzY4NzExNjUzNTc3,**** **** 3577,7889533005,,BANDIPORA,Hajin,Rakh i Hajin,623,6811,2774,65.0
59869067879,1_623_42_2797_005008,,AB RASHID RESHI,,,80,Male,Owner,Marginal  Farmer(Farmer having land <1 Hectare),PENDING,,,false,,OPERATOR,285d5f691de9cddfcc41699af5163083294a493e65cd2ef238e705c140ef4825,OTY0NTYzMzYyOTg0,**** **** 2984,9906619219,,BANDIPORA,Sonawari,Hilalabad,623,42,2797,44.0
26647977737,1_623_6812_2724_005013,,REHMATULLAH LONE,,,49,Male,Owner,Marginal  Farmer(Farmer having land <1 Hectare),PENDING,,,false,,OPERATOR,0a72d07d09b77db7ecfb9b1f24d86b6811714dee910a0852f25a63472a4ce1e1,NDc4MTEwMjA4MjQ2,**** **** 8246,9682152753,,BANDIPORA,Tulail,Baduaab,623,6812,2724,46.0
46679904183,1_623_6812_2716_005082,,Mohammad Sabir Khan,,,46,Male,Owner,Marginal  Farmer(Farmer having land <1 Hectare),PENDING,,,false,,OPERATOR,058c47622ffe824b47decb7e0b7091fafde2338e2afe8c43f8a2fdaabffdae8b,NjEyNDI0MjE1MTc1,**** **** 5175,7889336056,,BANDIPORA,Tulail,Neeru,623,6812,2716,0.0
42120138758,1_623_40_2708_005003,,MOHD SULTAN LONE,,,62,Male,Owner,Marginal  Farmer(Farmer having land <1 Hectare),PENDING,,,false,,OPERATOR,34a9678a64d8d8cec829206f62f9049da0e780d93827c68d76f41458bb17f8b0,ODA4NjMwODcxMjE2,**** **** 1216,9149797732,,BANDIPORA,Gurez,Shah Pora - Achoora (Churwan),623,40,2708,43.0
47837640669,1_623_6811_2700_005010,,Ghulam Rasool Dar,,,61,Male,Owner,Marginal  Farmer(Farmer having land <1 Hectare),PENDING,,,false,,OPERATOR,205c974444fd4e4fce9f31feaa1efb1fee12b4ddbc3e6f971f66b6de12c83f68,NzQwNTA4NTMxNzM1,**** **** 1735,9906186161,,BANDIPORA,Hajin,Gulshanpora,623,6811,2700,55.0
67421302124,1_623_6809_2744_005003,,Noor Mohammad Wani,,,73,Male,Owner,Marginal  Farmer(Farmer having land <1 Hectare),PENDING,,,false,,OPERATOR,45384464eb0493cf21f91806a22a5ac0c211cae20c456bbc863135bb2bf98fef,NTM5ODkwMzk5MTk4,**** **** 9198,9906544072,,BANDIPORA,Aloosa,Mangnipora,623,6809,2744,32.0
44273727054,1_623_40_936275_005034,,GH NABI LONE,,,58,Male,Owner,Marginal  Farmer(Farmer having land <1 Hectare),PENDING,,,false,,OPERATOR,afb502f43df37e6d77559844e18867cae103ac489cbbc312790661f7395903d5,MzA4MjM2NDc0NTM3,**** **** 4537,9419313376,,BANDIPORA,Gurez,Gulshanpora,623,40,936275,53.0
88844550430,1_623_42_2802_005002,,Syed Zafar Shah,,,56,Male,Owner,Marginal  Farmer(Farmer having land <1 Hectare),PENDING,,,false,,OPERATOR,2c9cbe846a57c87505747bb153eee3e59504b684911203b5eac2a0bffb88aecd,MjQwMDQ4NzM3NDMw,**** **** 7430,9541476474,,BANDIPORA,Sonawari,NOWGAM,623,42,2802,0.0
86257818676,1_623_40_2707_005013,,Gulam Nabi Shangroo,,,60,Male,Owner,Marginal  Farmer(Farmer having land <1 Hectare),PENDING,,,false,,OPERATOR,b48ac24a5102e3c85d9f79b947e9cf27b3cae834a3cbdd5713083adc1d3bb669,Nzg5NDI3NDE5MTcw,**** **** 9170,9103104092,,BANDIPORA,Gurez,Markoot,623,40,2707,56.0
68394201616,1_623_42_2809_005001,,FAROOQ AHMAD MIR,,,52,Male,Owner,Marginal  Farmer(Farmer having land <1 Hectare),PENDING,,,false,,OPERATOR,25005f0caf0b38b83d64a6110bf7118cccedea3143ecef15de1cee7803c6dce5,ODY4NzYxNTE2NzIx,**** **** 6721,9149418641,,BANDIPORA,Sonawari,Trigam,623,42,2809,0.0
47566763341,1_623_6812_2724_005007,,Mohd Hussain Naik,,,36,Male,Owner,Marginal  Farmer(Farmer having land <1 Hectare),PENDING,,,false,,OPERATOR,e2e428a443e94556cd1f7fc795594e70147f9b783a4a16eb212d2bf408aadb3e,NDM4NzI1NzUwNTQ5,**** **** 0549,6006980531,,BANDIPORA,Tulail,Baduaab,623,6812,2724,0.0
79012089672,1_623_6809_2744_005001,,Ab Majid Khan,,,54,Male,Owner,Marginal  Farmer(Farmer having land <1 Hectare),PENDING,,,false,,OPERATOR,78ca9ced0f1097bb6a0f49bfd47cbe0fa526538602ee5978c770710a77dfff99,OTc2NTUzNTQwOTE1,**** **** 0915,9596599341,,BANDIPORA,Aloosa,Mangnipora,623,6809,2744,55.0
24730082488,1_623_40_2708_005006,,Gulam Rasool Lone,,,55,Male,Owner,Marginal  Farmer(Farmer having land <1 Hectare),PENDING,,,false,,OPERATOR,dce8d87fb09f40a92fadd9bde993f289693b8bf5e06fac57e57cbf2b60af85d4,MzUwNjczMTgxNTcy,**** **** 1572,9622869515,,BANDIPORA,Gurez,Shah Pora - Achoora (Churwan),623,40,2708,61.0
33730604239,1_623_41_2742_005009,,Gulzar Hassan Khan,,,64,Male,Owner,Marginal  Farmer(Farmer having land <1 Hectare),PENDING,,,false,,OPERATOR,863ef015a81d8fc6c70ea4dcf708207ac9075805a3c94901607a903d8a252404,NDIwMjQzMTgyMjAy,**** **** 2202,6005276085,,BANDIPORA,Bandipora,Panjigam,623,41,2742,45.0
22647410221,1_623_6809_2744_005009,,Gh Mohi Ud Din Wani,,,77,Male,Owner,Marginal  Farmer(Farmer having land <1 Hectare),PENDING,,,false,,OPERATOR,8ab00b44de63db7bd053795a3d0785093f09f98668ed79e9581b2ae3a69a452d,NjQ0NzgwNDIyOTIy,**** **** 2922,9622796133,,BANDIPORA,Aloosa,Mangnipora,623,6809,2744,61.0
67496220511,1_623_6811_2778_005004,,Bashir Ahmad Rather,,,63,Male,Owner,Marginal  Farmer(Farmer having land <1 Hectare),PENDING,,,false,,OPERATOR,ab4bc83f60a7eb6925201580af40a0f3386dea393e79eaa8cd3648fd04fd69a1,Nzg1MjM2OTA0MTE5,**** **** 4119,9906445083,,BANDIPORA,Hajin,Gundi Saderkote,623,6811,2778,60.0
18975440029,1_623_42_2802_005001,,Ghulam Rasool Chakaan,,,66,Male,Owner,Marginal  Farmer(Farmer having land <1 Hectare),PENDING,,,false,,OPERATOR,c86cb666ff9ea6243760cebfdea46fb9c3d62bd58c17b00fa83da4b5fa3eebd2,MzkxMDA1NjM3ODkz,**** **** 7893,9906885511,,BANDIPORA,Sonawari,NOWGAM,623,42,2802,0.0
44531209003,1_623_42_2794_005014,,Abdul Majid Khan,,,67,Male,Owner,Marginal  Farmer(Farmer having land <1 Hectare),PENDING,,,false,,OPERATOR,4e4ea13c4cfaece5030d705380072a39c67e8a4aa54f67f6b080a9b86b320177,NTIzMjgzMzMyMzc5,**** **** 2379,7006067001,,BANDIPORA,Sonawari,Asham,623,42,2794,65.0
58325178322,1_623_6812_2712_005020,,Mohd Munwar Lone,,,69,Male,Owner,Marginal  Farmer(Farmer having land <1 Hectare),PENDING,,,false,,OPERATOR,6d049a554a9aefc2d8b6c43002a756333d4b637b101bb9ff86a044c330af43f0,NDU5NzUzMjc2NzI1,**** **** 6725,6005349633,,BANDIPORA,Tulail,Dengithal,623,6812,2712,53.0
19423670173,1_623_6812_2711_005009,,Abdul Majeed Wani,,,39,Male,Owner,Marginal  Farmer(Farmer having land <1 Hectare),PENDING,,,false,,OPERATOR,b1f5dc390579b7930bf3618c8a89a4d5e8017acb5aa69026012f1b16d109aaab,OTQwNjM4MDQ2ODYz,**** **** 6863,9682318057,,BANDIPORA,Tulail,Zedgey,623,6812,2711,0.0
92301931583,1_623_42_2794_005018,,Ab Rashid Tantray,,,72,Male,Owner,Marginal  Farmer(Farmer having land <1 Hectare),PENDING,,,false,,OPERATOR,428a5fe5e11671cd709e34b6110a6df1c2002ee79426b3c2fc6fe15d5d90c34f,OTAwNDc0NzY3MTk3,**** **** 7197,7889513743,,BANDIPORA,Sonawari,Asham,623,42,2794,62.0
90664431374,1_623_6812_2711_005006,,Mohd Ramzan Khan,,,71,Male,Owner,Marginal  Farmer(Farmer having land <1 Hectare),PENDING,,,false,,OPERATOR,d991ff7db79309018153379e9093360fac9bacf14738d23a1e4ed4c85cba75f4,ODQwMzk1NTYwNjc0,**** **** 0674,6006106379,,BANDIPORA,Tulail,Zedgey,623,6812,2711,23.0
35692437318,1_623_42_2812_005009,,IRFAN HUSSAIN DAR,,,26,Male,Owner,Marginal  Farmer(Farmer having land <1 Hectare),PENDING,,,false,,OPERATOR,d875db7b97c04dc71a5a2f0088cd5959e0bd0ca8c2aeacc3fa579898dd5882eb,NDUwMzMyNTIwMDk1,**** **** 0095,6006702522,,BANDIPORA,Sonawari,Sarai Dangarpora,623,42,2812,65.0
61513609730,1_623_6811_2700_005008,,HABEEBULLAH MALA,,,66,Male,Owner,Marginal  Farmer(Farmer having land <1 Hectare),PENDING,,,false,,OPERATOR,07b94af3c6d930252ff34eec74a4ad33b7a6292a85e62dffe9710f801a492903,MjUxNjI4OTcwODUx,**** **** 0851,9858151106,,BANDIPORA,Hajin,Gulshanpora,623,6811,2700,46.0
61290170282,1_623_41_2764_005008,,BASHIR AHMAD WANI,,,45,Male,Owner,Marginal  Farmer(Farmer having land <1 Hectare),PENDING,,,false,9622561004,OPERATOR,6da09e9929ef8712ebc8bc362bca63c447bfc2e17bf3af1edb8cf1cfa5260051,NTA2MDU1OTA2NTQ1,**** **** 6545,9622561004,,BANDIPORA,Bandipora,Gund Dachina,623,41,2764,56.0
57962523124,1_623_6810_2777_005041,,Sonnah Ullah Bhat,,,61,Male,Owner,Marginal  Farmer(Farmer having land <1 Hectare),APPROVED,,,false,,OPERATOR,df95ea3968a3b8db9e6c67288cdd7f0086975a8b62c09810d5307e3c0fca03f3,NDgyNTc3NDU0ODQ1,**** **** 4845,9541589554,,BANDIPORA,Ajas,Ajas,623,6810,2777,22.0
13218848696,1_623_6812_2724_005008,,Gh Mohd Lone,,,56,Male,Owner,Marginal  Farmer(Farmer having land <1 Hectare),PENDING,,,false,,OPERATOR,5230562a82aa84a35f9081c14ab2f73cf891ce6b12075656f4d5c53d3be32e71,OTIyOTczNjg4NDA2,**** **** 8406,6006908486,,BANDIPORA,Tulail,Baduaab,623,6812,2724,51.0
87179974817,1_623_42_2812_005005,,ALTAF HUSSAIN RATHER,,,33,Male,Owner,Marginal  Farmer(Farmer having land <1 Hectare),PENDING,,,false,,OPERATOR,73206c776f3e136001fb7fed32a0d7fc37d84f9c64086f47398b5893cbae476e,MjE0MTgwNjU0NzY0,**** **** 4764,7006775172,,BANDIPORA,Sonawari,Sarai Dangarpora,623,42,2812,65.0
77031266181,1_623_6811_2778_005003,,Hafiza Begum,,,55,Female,Owner,Marginal  Farmer(Farmer having land <1 Hectare),PENDING,,,false,,OPERATOR,786c0ea26e8e7b09236e2add8c9be95d91d1ff4c54159e32eef62132af516e2f,OTkyODQxMzAzMDIz,**** **** 3023,7889924843,,BANDIPORA,Hajin,Gundi Saderkote,623,6811,2778,0.0
74288130370,1_623_6812_2724_005005,,Mohd Habib Khan,,,64,Male,Owner,Marginal  Farmer(Farmer having land <1 Hectare),PENDING,,,false,,OPERATOR,4cf85a8b0f9c41bd1bcdcd6608f28996505bb6a167885784cc7c53f653c2d4bf,OTg4ODA3NDQ5NzE3,**** **** 9717,6006289950,,BANDIPORA,Tulail,Baduaab,623,6812,2724,38.0
41000400860,1_623_6811_2781_005000,,Mohammad Ashraf Bhat,,,39,Male,Owner,Marginal  Farmer(Farmer having land <1 Hectare),PENDING,,,false,,OPERATOR,898ed13f241584fc6fd5be31a893c7e0957ec1b9bb8704fd941390ea64f34c16,NjExNjAwMzU5MjYw,**** **** 9260,7006047302,,BANDIPORA,Hajin,Kosumbagh,623,6811,2781,66.0
37803856719,1_623_42_2794_005012,,TANVEER MAJEED,,,39,Male,Owner,Marginal  Farmer(Farmer having land <1 Hectare),APPROVED,,,false,,OPERATOR,bf0690b3045056aa67b2a5d3a585fb75b5f048e951433f7f73414286f59e6d17,NzI4NzY2MTc4NzIy,**** **** 8722,9682120006,,BANDIPORA,Sonawari,Asham,623,42,2794,89.0
64499738243,1_623_42_2812_005006,,GH RASOOL RATHER,,,53,Male,Owner,Marginal  Farmer(Farmer having land <1 Hectare),PENDING,,,false,,OPERATOR,04a7f6ec60be5f148cdca66722b38a436b97cbaee210f6d65d6054ade52bb778,NjYwNDMxNzQ5MjQ4,**** **** 9248,9541543145,,BANDIPORA,Sonawari,Sarai Dangarpora,623,42,2812,52.0
95566497813,1_623_6812_2724_005006,,MOHD SARWAR MIR,,,60,Male,Owner,Marginal  Farmer(Farmer having land <1 Hectare),PENDING,,,false,,OPERATOR,f25fe6404829e438c60d8774fed8b3b1436409006eab2ac1ebffd12ea18fe378,NDM1ODQyODg5MzAz,**** **** 9303,9103800339,,BANDIPORA,Tulail,Baduaab,623,6812,2724,0.0
29011692692,1_623_42_2812_005007,,Ghulam Mohammad Wani,,,39,Male,Owner,Marginal  Farmer(Farmer having land <1 Hectare),PENDING,,,false,,OPERATOR,ea35b57ebe46f42a115540f0d0f0702252495459ce4942dcbbdac427a18f41f9,OTYwMDc0MzE3MTM5,**** **** 7139,8491007176,,BANDIPORA,Sonawari,Sarai Dangarpora,623,42,2812,66.0
62420193459,1_623_6812_2711_005005,,Ab Rahman Khan,,,71,Male,Owner,Marginal  Farmer(Farmer having land <1 Hectare),PENDING,,,false,,OPERATOR,155324a31572cd04315f8ce80dc411bb2e276d572138d608ef1ee6a7abcb3679,NTU4MDM5NDc1Njk1,**** **** 5695,7006021141,,BANDIPORA,Tulail,Zedgey,623,6812,2711,0.0
62505072644,1_623_42_2820_005002,,Ghulam Ahmad Dar,,,68,Male,Owner,Marginal  Farmer(Farmer having land <1 Hectare),PENDING,,,false,,OPERATOR,24a3a20e50add3276ff948d81160b35c2a70d8b25968cc6b8183f61a40ef9661,NDQzNDg4NDI2OTIx,**** **** 6921,9149839991,,BANDIPORA,Sonawari,Sumbal Inderkote,623,42,2820,56.0
23838676020,1_623_42_2794_005013,,Asasad Ullah Ganie,,,72,Male,Owner,Marginal  Farmer(Farmer having land <1 Hectare),PENDING,,,false,,OPERATOR,b9ccd2ff46e6d92718c1f08eec4cc1c4acee09b1a1ed70e499cf6ce9438f0bd9,NjM2MzI2Nzk1Njk3,**** **** 5697,9596586976,,BANDIPORA,Sonawari,Asham,623,42,2794,46.0
80494446089,1_623_42_2812_005008,,Ali Mohd Rather,,,47,Male,Owner,Marginal  Farmer(Farmer having land <1 Hectare),PENDING,,,false,,OPERATOR,6ee7b34bd0446da3174ee9a1973f4c92b93fd408458a6fdb326bed95722abbc4,MzMxNDYwNzMzMjU5,**** **** 3259,9103655763,,BANDIPORA,Sonawari,Sarai Dangarpora,623,42,2812,57.0
12691499767,1_623_42_2797_005009,,Fayaz Ahmad Bhat,,,50,Male,Owner,Marginal  Farmer(Farmer having land <1 Hectare),PENDING,,,false,,OPERATOR,7843753ff935e3937f4b7121813b081a427c87de8b32cabcc157c71963b2a137,NjAwNTMwMDMxNTk3,**** **** 1597,6006625825,,BANDIPORA,Sonawari,Hilalabad,623,42,2797,65.0
33699975269,1_623_42_2809_005008,,AB RASHID DAR,,,61,Male,Owner,Marginal  Farmer(Farmer having land <1 Hectare),PENDING,,,false,,OPERATOR,c30001320c5827ac8200299717419be4f89af370cca68b863a14f786077c7223,Nzk3ODk0NDQ1NjQx,**** **** 5641,9103252551,,BANDIPORA,Sonawari,Trigam,623,42,2809,46.0
87850325117,1_623_42_2810_005012,,GH RASOOL PARRAY,,,76,Male,Owner,Marginal  Farmer(Farmer having land <1 Hectare),PENDING,,,false,,OPERATOR,1bb12b16706f39cba647546658ec6f735eada855db30fdcc92943d28ca18426d,NDc0ODM2OTE5ODQy,**** **** 9842,9149456875,,BANDIPORA,Sonawari,Odina,623,42,2810,0.0
63470952531,1_623_40_2708_005030,,Zaffar Ullah Lone,,,60,Male,Owner,Marginal  Farmer(Farmer having land <1 Hectare),PENDING,,,false,,OPERATOR,0da223ad681f313dd13931a3e9c6a8b89698b6051780e2c4734702355ba2fa0b,MjE3MTgxNDEyNzkw,**** **** 2790,7889792430,,BANDIPORA,Gurez,Shah Pora - Achoora (Churwan),623,40,2708,49.0
86730906617,1_623_6811_2778_005012,,Manzoor Ahmad Rather,,,56,Male,Owner,Marginal  Farmer(Farmer having land <1 Hectare),PENDING,,,false,,OPERATOR,76f0ac65530000f6b517dad4994a14435e61e188d508bfdbfe24efb22c7f35d5,NjU1NjI0NDA1MzQy,**** **** 5342,9541972868,,BANDIPORA,Hajin,Gundi Saderkote,623,6811,2778,56.0
67713451652,1_623_6812_2724_005056,,BASHIR AHMAD KHAN,,,50,Male,Owner,Marginal  Farmer(Farmer having land <1 Hectare),PENDING,,,false,,OPERATOR,5cccf3d0be45556ef6611ea5fc33f866a2bb8c92ce766c8c81941531194f3e29,ODY5NDAxNDYzOTYy,**** **** 3962,6006188451,,BANDIPORA,Tulail,Baduaab,623,6812,2724,23.0
43433285396,1_623_40_2708_005029,,Amir Ullah Lone,,,37,Male,Owner,Marginal  Farmer(Farmer having land <1 Hectare),PENDING,,,false,7780863422,OPERATOR,fd6227106f44a6b169af15a2abd8736b0410ce10f59b40803c11b719484cc8af,NTYyNjAwMzg5ODY1,**** **** 9865,7780863422,,BANDIPORA,Gurez,Shah Pora - Achoora (Churwan),623,40,2708,68.0
63131308225,1_623_6812_2724_005039,,Faqir Ahmad Khan,,,39,Male,Owner,Marginal  Farmer(Farmer having land <1 Hectare),APPROVED,,,false,,OPERATOR,a8d001853122256cec93549a3a06f3f433db0a0fe8b7c50f95c379020c506521,ODIzNTU4NDU0NjM5,**** **** 4639,9682690762,,BANDIPORA,Tulail,Baduaab,623,6812,2724,28.0
55634564311,1_623_6810_2777_005001,,Mymoona Begam,,,66,Female,Owner,Marginal  Farmer(Farmer having land <1 Hectare),APPROVED,,,false,,OPERATOR,1916eebdd8da32b7dc3e529fe47d8673880b7dbfe256e40ea64beb3f8e820992,Njk2NTE3NjM2MDYy,**** **** 6062,9906421114,,BANDIPORA,Ajas,Ajas,623,6810,2777,34.0
64803077457,1_623_6810_2777_005002,,Mohd Mukhtar Lone,,,69,Male,Owner,Marginal  Farmer(Farmer having land <1 Hectare),PENDING,,,false,,OPERATOR,9fca122111a12132803ad78c1d4288bfc742210725006b101e8396dc719dc782,ODE3MTY1MTQyMjc5,**** **** 2279,9906395682,,BANDIPORA,Ajas,Ajas,623,6810,2777,0.0
92066753684,1_623_6810_2777_005022,,ABDUL AHAD RATHER,,,61,Male,Owner,Marginal  Farmer(Farmer having land <1 Hectare),APPROVED,,,false,,OPERATOR,e9fd512ce77d2ea8e8829c150aaeee64a6f26c23c7e0d56d09d13e35ffcd6535,ODE3NzE3Mjc3MjEw,**** **** 7210,9797025639,,BANDIPORA,Ajas,Ajas,623,6810,2777,46.0
97775815867,1_623_42_2794_005015,,MUSHTAQ AHMAD SOFI,,,56,Male,Owner,Marginal  Farmer(Farmer having land <1 Hectare),PENDING,,,false,,OPERATOR,5f6049c60e9a07b33967588d994681e2d6416f0ae61b91d424b80394d3a4be52,ODQ2NzMxOTAyNjM5,**** **** 2639,9596441195,,BANDIPORA,Sonawari,Asham,623,42,2794,46.0
57632698676,1_623_42_2810_005017,,MOHD SHABAN BHAT,,,56,Male,Owner,Marginal  Farmer(Farmer having land <1 Hectare),PENDING,,,false,,OPERATOR,658dd5f906669cdff816ca797b0de5751a19773ccb0c7ce5158e8a32081d0216,NDQ4MjcyMDA1NzE4,**** **** 5718,9906128979,,BANDIPORA,Sonawari,Odina,623,42,2810,44.0
69438174519,1_623_42_2797_005011,,Gh Mohi Ud Din Shah,,,61,Male,Owner,Marginal  Farmer(Farmer having land <1 Hectare),PENDING,,,false,,OPERATOR,3cce9b6c8a618ab6f0c229cb7f719ed51eb5514b66b22ec230e4ad8b4113f77d,NjU5NjU0MTI2Nzkw,**** **** 6790,9541575629,,BANDIPORA,Sonawari,Hilalabad,623,42,2797,53.0
43045415991,1_623_42_2812_005013,,TASADUQ HUSSAIN RATHER,,,40,Male,Owner,Marginal  Farmer(Farmer having land <1 Hectare),PENDING,,,false,,OPERATOR,1080471fe4b697c811312fe2108c37a378d7af2e961e2d447a1eaa5e86cdf5cd,MjQxMjQ3MjUzNTg4,**** **** 3588,7006854582,,BANDIPORA,Sonawari,Sarai Dangarpora,623,42,2812,62.0
43802391694,1_623_6811_2783_005003,,Irshad Ahmad Ganai,,,42,Male,Owner,Marginal  Farmer(Farmer having land <1 Hectare),PENDING,,,false,,OPERATOR,e6fa38f50f4380cf45814915a95d8f31bbaee14811198675d3e68462c51a4b92,NzUxNTEwNDk0MjUx,**** **** 4251,7006551903,,BANDIPORA,Hajin,Vijipara,623,6811,2783,56.0
51686764714,1_623_6812_2724_005014,,MOHD SHAREEF LONE,,,52,Male,Owner,Marginal  Farmer(Farmer having land <1 Hectare),PENDING,,,false,,OPERATOR,77c05c23be889eda0cb8c8d1906f7b77e1d4854448d5932e00a015c483225cab,ODY3MDU4MjYwNTY4,**** **** 0568,6005399834,,BANDIPORA,Tulail,Baduaab,623,6812,2724,45.0
82353433999,1_623_42_2794_005016,,Mohamed Siddiq,,,66,Male,Owner,Marginal  Farmer(Farmer having land <1 Hectare),PENDING,,,false,,OPERATOR,bdf0776821bde1b3a328f32e3dd88dd336f6b0993520488074784eafd0d75696,ODQ5OTkyMTA4MDI1,**** **** 8025,9797740811,,BANDIPORA,Sonawari,Asham,623,42,2794,0.0
13665007442,1_623_42_2797_005015,,Aadil Fayaz Reshi,,,31,Male,Owner,Marginal  Farmer(Farmer having land <1 Hectare),PENDING,,,false,,OPERATOR,b9f10908cecde1c4b04405629612bd920e1e0c174bc569685f35b71724cdf93d,NTE3NjMxMDUwMTE2,**** **** 0116,8803927046,,BANDIPORA,Sonawari,Hilalabad,623,42,2797,46.0
42180555565,1_623_6811_2700_005001,,IRSHAD AHMAD BAHAR,,,28,Male,Owner,Marginal  Farmer(Farmer having land <1 Hectare),PENDING,,,false,,OPERATOR,ca7a690c78acfde7c5000d7d2ab567f040817ee2882cb8c3679a683905954a61,NDI0ODMxNDkwMTcy,**** **** 0172,9596480800,,BANDIPORA,Hajin,Gulshanpora,623,6811,2700,66.0
77895680184,1_623_6810_2777_005005,,Abdul Wahid Mir,,,38,Male,Owner,Marginal  Farmer(Farmer having land <1 Hectare),PENDING,,,false,,OPERATOR,ca6fa7cd882f4e6a3216856b0307acd26fd543b85405708bc2b73776b0a1f7da,OTg3NjQ4NzUxMjUw,**** **** 1250,7780866705,,BANDIPORA,Ajas,Ajas,623,6810,2777,0.0
58757492791,1_623_40_936275_005008,,Gh Mohi Din Bhat,,,58,Male,Owner,Marginal  Farmer(Farmer having land <1 Hectare),PENDING,,,false,,OPERATOR,8f1daf02ba1f31ac0e7a8a84a84c8c9994abdfbcf2fee85a6020a468d93ef6c0,NzUxMDIyMTI3Mjkw,**** **** 7290,9469091710,,BANDIPORA,Gurez,Gulshanpora,623,40,936275,58.0
47926796793,1_623_40_2708_005004,,Ab Jabar Lone,,,50,Male,Owner,Marginal  Farmer(Farmer having land <1 Hectare),PENDING,,,false,,OPERATOR,b9a03cba539a0d907cb608d496436e2d1ba34382ee414157c85edcd380fea777,NDY2MDg3MzczNjM5,**** **** 3639,6006311755,,BANDIPORA,Gurez,Shah Pora - Achoora (Churwan),623,40,2708,58.0
25338998581,1_623_40_2707_005000,,Sonaullah Akhoon,,,61,Male,Owner,Marginal  Farmer(Farmer having land <1 Hectare),PENDING,,,false,,OPERATOR,8a6743e879f3132ecf8d9719c0e7949d38576cc68c0b525aff14a35efc213a8a,MjY0NDkyNDMzNDYw,**** **** 3460,7889753939,,BANDIPORA,Gurez,Markoot,623,40,2707,53.0
46286660348,1_623_40_2707_005101,,Mohd Sikander Lone,,,71,Male,Owner,Marginal  Farmer(Farmer having land <1 Hectare),PENDING,,,false,,OPERATOR,66ae003fd84b6e928c6531b24f5a46f309bafb3c4668a20dc81fec14bae11920,NDIzMDY0NDAwODk4,**** **** 0898,9469639586,,BANDIPORA,Gurez,Markoot,623,40,2707,58.0
14039918037,1_623_6810_2777_005007,,Mohd Shafi Rather,,,44,Male,Owner,Marginal  Farmer(Farmer having land <1 Hectare),APPROVED,,,false,,OPERATOR,6449e58535125b447c2beed91b5869028f43b5161cd104f84146b79357d7ba2b,MjY4NTczMDgyOTM2,**** **** 2936,7051457642,,BANDIPORA,Ajas,Ajas,623,6810,2777,53.0
77763755553,1_623_42_2820_005000,,Mohammad Maqbool Parray,,,54,Male,Owner,Marginal  Farmer(Farmer having land <1 Hectare),PENDING,,,false,,OPERATOR,55e6335d551b11e9f15b04d769c8fb9877fce4808509c280b4104c91f24f4584,Mjk3NzM5MzA4OTQ3,**** **** 8947,9906748844,,BANDIPORA,Sonawari,Sumbal Inderkote,623,42,2820,61.0
85346136491,1_623_42_2797_005010,,Ab Razak Reshi,,,64,Male,Owner,Marginal  Farmer(Farmer having land <1 Hectare),PENDING,,,false,,OPERATOR,2e7d6860553ca16d88183865693a61496f4e18ca08000acec8d347c3ec5b18ce,MjAwOTM5NjQ1Mjc0,**** **** 5274,9622457345,,BANDIPORA,Sonawari,Hilalabad,623,42,2797,62.0
35793036747,1_623_6812_2725_005026,,Ab Rehman Lone,,,66,Male,Owner,Marginal  Farmer(Farmer having land <1 Hectare),PENDING,,,false,,OPERATOR,1dd4b50e2eb0b435f9d8afcb015c13f01fddd6b98cdca36a16144bad9cf36568,MzAzNzE3ODIyOTQ2,**** **** 2946,6006432366,,BANDIPORA,Tulail,Gujran,623,6812,2725,25.0
89159978855,1_623_6810_2777_005006,,Nasrullah Rahter,,,50,Male,Owner,Marginal  Farmer(Farmer having land <1 Hectare),APPROVED,,,false,,OPERATOR,8a92764c9b881ebd263d89b16434673696b3e8e954283e5cdeb14ca8b63c88af,ODg4Mjg3MTcxNzY0,**** **** 1764,9906620075,,BANDIPORA,Ajas,Ajas,623,6810,2777,46.0
14486020038,1_623_42_2810_005006,,Abdul Rahim Parray,,,51,Male,Owner,Marginal  Farmer(Farmer having land <1 Hectare),PENDING,,,false,,OPERATOR,f36e1d64788e7fa99a27ef55aaa7640a3e6776b2ca58e8e18bfcf1b0694480d0,NzM1MTcyNDI5NzI1,**** **** 9725,7006926679,,BANDIPORA,Sonawari,Odina,623,42,2810,32.0
32444308334,1_623_6811_2700_005009,,SARA BEGUM,,,63,Female,Owner,Marginal  Farmer(Farmer having land <1 Hectare),PENDING,,,false,,OPERATOR,75e3db38ac0845af6be9f308551ca1735b009c6c04dc6a935df9f45010d6aaf4,ODEzODEzMDU4MDM1,**** **** 8035,9858151106,,BANDIPORA,Hajin,Gulshanpora,623,6811,2700,25.0
17121391202,1_623_42_2812_005010,,Nadeem Showkat Dar,,,16,Male,Owner,Marginal  Farmer(Farmer having land <1 Hectare),PENDING,,,false,,OPERATOR,9f11ec937cfcefc1900c5ee90ffc59964f763053e3a61d1e71aeb2b0321fed00,NTgwMDI3NTQ5MTk2,**** **** 9196,8491817543,,BANDIPORA,Sonawari,Sarai Dangarpora,623,42,2812,14.0
48500134578,1_623_6812_2724_005009,,Mohammad Subhan Khan,,,49,Male,Owner,Marginal  Farmer(Farmer having land <1 Hectare),PENDING,,,false,,OPERATOR,738e8ef4046c07a4f53f3ddd8385f4e8e3f5c4c99c2ff8670defbcacd810efb1,ODkzNDg4Njg4NTE3,**** **** 8517,6006975935,,BANDIPORA,Tulail,Baduaab,623,6812,2724,22.0
66875339114,1_623_6812_2716_005006,,HEEMALI BEGUM,,,60,Female,Owner,Marginal  Farmer(Farmer having land <1 Hectare),PENDING,,,false,,OPERATOR,4c492a9ee36563e0f20044069539be87a0584e3abcc9bbdd4ff5d271afa1f2ce,NTI2NzA1MTMwMDU5,**** **** 0059,6005323840,,BANDIPORA,Tulail,Neeru,623,6812,2716,0.0
11169620898,1_623_6810_2777_005008,,Habib Ullah Bhat,,,77,Male,Owner,Marginal  Farmer(Farmer having land <1 Hectare),PENDING,,,false,,OPERATOR,9ab5935d5ab82486e12f9f8be52bc4cadbe2ad14912f47d9b08b20fdabb60fb0,MzA3NDYyNjkxMDEy,**** **** 1012,7006482868,,BANDIPORA,Ajas,Ajas,623,6810,2777,0.0
49974726600,1_623_6812_2724_005040,,Darbash Khan,,,62,Male,Owner,Marginal  Farmer(Farmer having land <1 Hectare),APPROVED,,,false,,OPERATOR,6271e4abf72ddd7c50877f2eca506c727d474bc5f46a24e2291a6cfd0614913b,OTU1MTA2NzEwMjUz,**** **** 0253,9682572779,,BANDIPORA,Tulail,Baduaab,623,6812,2724,34.0
57175820487,1_623_6809_2744_005002,,Ali Mohammad Gojjar Timroo,,,64,Male,Owner,Marginal  Farmer(Farmer having land <1 Hectare),PENDING,,,false,,OPERATOR,3a4480abe3a43f2cb619fec219f3af543aac2b0ceec6aa8021008c5ab6f23b5a,OTk1MTExNzAyOTgx,**** **** 2981,9541083887,,BANDIPORA,Aloosa,Mangnipora,623,6809,2744,35.0
63183537174,1_623_6811_2783_005004,,Gh Hassan Parry,,,56,Male,Owner,Marginal  Farmer(Farmer having land <1 Hectare),PENDING,,,false,,OPERATOR,a7d7c4a631b1e7b3029db43e4c6c90d1ce581e15325e57cf11802b32b54d8ffb,NDQ4MTMzNDI1MDg5,**** **** 5089,7006165525,,BANDIPORA,Hajin,Vijipara,623,6811,2783,62.0
73101778086,1_623_42_2810_005000,,MOHD YOUSUF BHAT,,,66,Male,Owner,Marginal  Farmer(Farmer having land <1 Hectare),PENDING,,,false,,OPERATOR,17c66599e858d71c27449f3cf637735341d80a2c2135ab4a6b163249beb13ac9,Mjg5MTk4MDMxOTA0,**** **** 1904,7006096489,,BANDIPORA,Sonawari,Odina,623,42,2810,53.0
92976871016,1_623_42_2809_005000,,Manzoor Ahmad Parray,,,43,Male,Owner,Marginal  Farmer(Farmer having land <1 Hectare),PENDING,,,false,,OPERATOR,9603f497fe0dd09333b2ea20547e53911b1bb25df0318ab0635d71da4dd28be4,MzU1NTM2NTI4Mzcy,**** **** 8372,9797756447,,BANDIPORA,Sonawari,Trigam,623,42,2809,66.0
18058442383,1_623_6812_2724_005069,,Ghulam Mohammad Naik,,,56,Male,Owner,Marginal  Farmer(Farmer having land <1 Hectare),PENDING,,,false,,OPERATOR,456010a82c098fe1ef8b83664f6c7db4445655c174a4b8b7653ba418451117e1,NjAzMDY4MjExMzE3,**** **** 1317,6005612726,,BANDIPORA,Tulail,Baduaab,623,6812,2724,43.0
99742856269,1_623_40_2707_005012,,HARI BEGUM,,,76,Female,Owner,Marginal  Farmer(Farmer having land <1 Hectare),PENDING,,,false,,OPERATOR,f3b37eac326222418de4fb137e68a35b5bc1406250af0ba23b323f0f7d9f270f,OTg2MzUxNzIxMTcx,**** **** 1171,6005784408,,BANDIPORA,Gurez,Markoot,623,40,2707,35.0
49296598390,1_623_42_2797_005012,,Bilal Ahmad Reshi,,,40,Male,Owner,Marginal  Farmer(Farmer having land <1 Hectare),PENDING,,,false,,OPERATOR,9cb314211b597552eaa34538cb737b49afa086d103c3424887ee80ebfaccccce,NzY2NTYyMzAxMTcz,**** **** 1173,7006181036,,BANDIPORA,Sonawari,Hilalabad,623,42,2797,66.0
51335003162,1_623_42_2794_005000,,BILAL AHMAD PARRAY,,,43,Male,Owner,Marginal  Farmer(Farmer having land <1 Hectare),PENDING,,,false,,OPERATOR,f9404e320d065fb590d34b46c6080a929d689397007491d892e1d1aa17a49f7d,Njc0NTg1NDIwMzY4,**** **** 0368,9070000960,,BANDIPORA,Sonawari,Asham,623,42,2794,65.0
98295240524,1_623_40_2707_005001,,Mohammad Ismayeel Akhoon,,,60,Male,Owner,Marginal  Farmer(Farmer having land <1 Hectare),PENDING,,,false,,OPERATOR,6371a36e4be737ddc18d9a99090a1f2bfb5d5d0167e1cc110e6f4c666194eb90,OTA5OTA2ODAzNDM3,**** **** 3437,6005243638,,BANDIPORA,Gurez,Markoot,623,40,2707,64.0
17087778701,1_623_6811_2700_005002,,SHAHZADA BEGUM,,,26,Female,Owner,Marginal  Farmer(Farmer having land <1 Hectare),APPROVED,,,false,,OPERATOR,c90ee5a31263e3185b28dec7a906b5af4da7d94859e91269ade36391cebd285a,MzYzMjkxODkyOTgx,**** **** 2981,9697725505,,BANDIPORA,Hajin,Gulshanpora,623,6811,2700,90.0
28103050188,1_623_42_2820_005001,,GHULAM RASOOL RATHER,,,70,Male,Owner,Marginal  Farmer(Farmer having land <1 Hectare),PENDING,,,false,,OPERATOR,6313469ea638dca3b583c26eec3e26472c2e19534633c287cd5826e211f80596,OTY0MTA0MjM2OTg0,**** **** 6984,9596827600,,BANDIPORA,Sonawari,Sumbal Inderkote,623,42,2820,56.0
56536466256,1_623_40_2707_005002,,Hafiz Ullah Akhoon,,,64,Male,Owner,Marginal  Farmer(Farmer having land <1 Hectare),PENDING,,,false,,OPERATOR,45b91d0d1c94e1c6e62e6abb10bfa4078e567f3870650ce2c484fa6a36d1e5a0,ODY0MzY5NjA0NjQw,**** **** 4640,7006084291,,BANDIPORA,Gurez,Markoot,623,40,2707,46.0
36835847500,1_623_6811_2700_005003,,Gh Mohd Malla,,,75,Male,Owner,Marginal  Farmer(Farmer having land <1 Hectare),PENDING,,,false,,OPERATOR,8639247ac6d9037bab8f1350ae748dd4296860c95da003f5766c799af490e425,MjI3NjI2NzYzNjQ0,**** **** 3644,6006955875,,BANDIPORA,Hajin,Gulshanpora,623,6811,2700,51.0
56565475645,1_623_42_2815_005002,,HAJI NOOR U DIN MIR,,,71,Male,Owner,Marginal  Farmer(Farmer having land <1 Hectare),PENDING,,,false,,OPERATOR,4067a186ea752de818d51245af7244f27c19425958e69dfa279c7e72bdd4b1c0,NzcyMTEwOTg3MjU1,**** **** 7255,8803329424,,BANDIPORA,Sonawari,Wahid pora,623,42,2815,41.0
30632973723,1_623_40_936275_005009,,Ali Mohd Bhat,,,50,Male,Owner,Marginal  Farmer(Farmer having land <1 Hectare),PENDING,,,false,,OPERATOR,b800537d3ca0e698e75965f367c624c9dcbd0d1284cd190313717f91f8146b10,Nzk5MTg3MjQzMzcz,**** **** 3373,9469376255,,BANDIPORA,Gurez,Gulshanpora,623,40,936275,61.0
88349659388,1_623_6812_2716_005007,,Ab Hamid Mir,,,34,Male,Owner,Marginal  Farmer(Farmer having land <1 Hectare),PENDING,,,false,,OPERATOR,e4b5a6e8b557441d26e72f921acc764a01f518ec6dc59c7943f224e70f96c730,Njc5NjcxMDMxODUx,**** **** 1851,6005323840,,BANDIPORA,Tulail,Neeru,623,6812,2716,43.0
72181572852,1_623_40_2707_005003,,Rustam Lone,,,72,Male,Owner,Marginal  Farmer(Farmer having land <1 Hectare),PENDING,,,false,,OPERATOR,4658f2f909c6f1cb23498ffb95cf51f81575a3c4bfc306ac52deed581fa7b445,NDU5Mzk3MjU2ODMw,**** **** 6830,7889764091,,BANDIPORA,Gurez,Markoot,623,40,2707,45.0
71320890262,1_623_6811_2783_005011,,Noor Mohammad Paray,,,45,Male,Owner,Marginal  Farmer(Farmer having land <1 Hectare),PENDING,,,false,,OPERATOR,d94ad1ed6927acde318582fa22cc60070cb3b5bfa1ea8403e8735ec8bb3af13c,ODk2NTI5ODg3MDMz,**** **** 7033,7889400852,,BANDIPORA,Hajin,Vijipara,623,6811,2783,56.0
36442002823,1_623_42_2794_005001,,Gh Hassan Parray,,,62,Male,Owner,Marginal  Farmer(Farmer having land <1 Hectare),PENDING,,,false,,OPERATOR,ab40c1551af7a85a9fda9d400d7034518970994dcca6a0139e15b626c65eed61,NDAyMzI0MjA1MzY1,**** **** 5365,6006557655,,BANDIPORA,Sonawari,Asham,623,42,2794,52.0
79565964605,1_623_6812_2724_005012,,MOHD SUBHAN NAIK,,,66,Male,Owner,Marginal  Farmer(Farmer having land <1 Hectare),PENDING,,,false,,OPERATOR,2fa8703cd8e4fd2295f50c3d659dae420374abd996c2fb2e596f862d7695d2f8,MjkwMTU4NTE1MTYy,**** **** 5162,6006675841,,BANDIPORA,Tulail,Baduaab,623,6812,2724,58.0
71223648982,1_623_42_2804_005004,,Ab Rahim Shamah,,,66,Male,Owner,Marginal  Farmer(Farmer having land <1 Hectare),PENDING,,,false,,OPERATOR,e505368477c58e64c2fb672ff31e310e9f406580aa72f761d6c0ea97674a9656,NzQzMDAzOTU5MDQx,**** **** 9041,6005808572,,BANDIPORA,Sonawari,Rakh Sultan Pora,623,42,2804,44.0
24632998516,1_623_6812_2711_005008,,Mohd Shafi Wani,,,56,Male,Owner,Marginal  Farmer(Farmer having land <1 Hectare),PENDING,,,false,,OPERATOR,599b17520d2920e409d8959bd457cf0d64201744a08bf9479ddce17457aac90e,NTQyNTMyNDQ3ODc3,**** **** 7877,6006195283,,BANDIPORA,Tulail,Zedgey,623,6812,2711,53.0
42922584652,1_623_40_2708_005005,,Nisar Ahmad Wani,,,51,Male,Owner,Marginal  Farmer(Farmer having land <1 Hectare),PENDING,,,false,,OPERATOR,334b83eb1a86d84096cfa35e63e2e7f9ce27e8a5a05e69bfffcc43b8f5c58e9a,ODY2NDE1NzkzNTQy,**** **** 3542,9682391312,,BANDIPORA,Gurez,Shah Pora - Achoora (Churwan),623,40,2708,46.0
93111405611,1_623_40_2708_005014,,Zamir Ahmad Lone,,,55,Male,Owner,Marginal  Farmer(Farmer having land <1 Hectare),PENDING,,,false,,OPERATOR,00715802a7862cd203c6212036bc8c7fbef757129ae1f2b94bcfce71f35115ea,Mjc1MzY5NzIwNjcz,**** **** 0673,9149586665,,BANDIPORA,Gurez,Shah Pora - Achoora (Churwan),623,40,2708,65.0
55696124609,1_623_42_2800_005001,,Raja Begum,,,69,Female,Owner,Marginal  Farmer(Farmer having land <1 Hectare),APPROVED,,,false,,OPERATOR,160362ccfc0297ef69dbd1fc5f27fc1aaa5820f581842d5e5360b2a718a356e8,ODUwMzUwNzQ3MjQ2,**** **** 7246,9149422358,,BANDIPORA,Sonawari,Rakh Shilvat,623,42,2800,89.0
71560416572,1_623_6811_2783_005000,,Gulam Ud Din Paray,,,59,Male,Owner,Marginal  Farmer(Farmer having land <1 Hectare),PENDING,,,false,,OPERATOR,2de334282ebbf457db6e40c5953de7534e096ee12b12cbb551439315857a3240,Njk5NDc0NDYyMDE1,**** **** 2015,9697777949,,BANDIPORA,Hajin,Vijipara,623,6811,2783,22.0
68065317407,1_623_42_2812_005011,,Showkat Ahmad Dar,,,46,Male,Owner,Marginal  Farmer(Farmer having land <1 Hectare),PENDING,,,false,,OPERATOR,172e7b2e1a2ca06c78d18c1a3830193529452fb5f3fc3f266b3576d8565f6af3,Njg3OTM5MTQ1ODEy,**** **** 5812,9906635321,,BANDIPORA,Sonawari,Sarai Dangarpora,623,42,2812,66.0
41391540816,1_623_40_2707_005025,,Khushi Mohammad Shiekh,,,69,Male,Owner,Marginal  Farmer(Farmer having land <1 Hectare),PENDING,,,false,,OPERATOR,9dbd8929cdacade835859a2942d9c5f53d54c2ea9abef9b5a0dce77561f74bd2,Njk4MDQ4ODY3MzQw,**** **** 7340,7006220067,,BANDIPORA,Gurez,Markoot,623,40,2707,61.0
23058934594,1_623_40_2708_005044,,Zahoori Begum,,,69,Female,Owner,Marginal  Farmer(Farmer having land <1 Hectare),PENDING,,,false,,OPERATOR,43d39d76c70b4af4774ce3d17a25059314cc843aa5596f57834e55576d27f702,ODk2NjI0OTk2Njc3,**** **** 6677,6005758925,,BANDIPORA,Gurez,Shah Pora - Achoora (Churwan),623,40,2708,45.0
12642429047,1_623_6811_2783_005005,,Dilshada Begum,,,54,Female,Owner,Marginal  Farmer(Farmer having land <1 Hectare),APPROVED,,,false,,OPERATOR,c0b9996ecd8c39e55bf56a8d6e4dfb1fa7e39dca13f8067d7f77e96e1dbe9e5e,MzU4MjY1OTUxMjM2,**** **** 1236,7006165525,,BANDIPORA,Hajin,Vijipara,623,6811,2783,89.0
63669488420,1_623_40_2708_005043,,MOHD ASHARF AKHOON,,,52,Male,Owner,Marginal  Farmer(Farmer having land <1 Hectare),PENDING,,,false,,OPERATOR,d6c64aba578051b49900e7ec46fca3eddf8a502a9ee2f391c8cf9185019ca110,Njg1MDY0NTMxMzAz,**** **** 1303,9541622342,,BANDIPORA,Gurez,Shah Pora - Achoora (Churwan),623,40,2708,57.0
78724080101,1_623_6811_2778_005005,,Mohammad Lateef Rather,,,57,Male,Owner,Marginal  Farmer(Farmer having land <1 Hectare),PENDING,,,false,,OPERATOR,d64b81018cea37e033e2252e61caf0fc3f5fce322d2b6c56bf83cc0f66336050,MjY2ODI0MDg5NDU5,**** **** 9459,9906723390,,BANDIPORA,Hajin,Gundi Saderkote,623,6811,2778,0.0
13357771185,1_623_6811_2783_005012,,Reyazul Ashruf,,,45,Male,Owner,Marginal  Farmer(Farmer having land <1 Hectare),PENDING,,,false,,OPERATOR,ab1c8d7cf64a5259b689d69202b52f16cdaa2cec2132374304bed44f36c2f4ab,NzgxNTIyNzY3MjY1,**** **** 7265,9906003502,,BANDIPORA,Hajin,Vijipara,623,6811,2783,55.0
91242255339,1_623_40_2708_005007,,Hafizullah Lone,,,47,Male,Owner,Marginal  Farmer(Farmer having land <1 Hectare),PENDING,,,false,,OPERATOR,1ce1744cd3765ed81b7118c9f2246b7ba48259aafcb0c203dbac2b8e699c54b3,Nzk2OTE0ODEyNjU2,**** **** 2656,9797001752,,BANDIPORA,Gurez,Shah Pora - Achoora (Churwan),623,40,2708,0.0
13997089828,1_623_6811_2700_005028,,Ab Rehman Bhat,,,71,Male,Owner,Marginal  Farmer(Farmer having land <1 Hectare),PENDING,,,false,,OPERATOR,e8180bb12e17ca8c741b56f077766f47a1f6da8d1df405f8b685c231c22b213b,MjQ4NDg2MzMxOTA0,**** **** 1904,9596506364,,BANDIPORA,Hajin,Gulshanpora,623,6811,2700,32.0
65026125738,1_623_41_2763_005001,,Sajad Ahmad Khan,,,50,Male,Owner,Marginal  Farmer(Farmer having land <1 Hectare),PENDING,,,false,,OPERATOR,2f504d5b98f39a80ee2a72574ad163817c867247485ae9c06963eabb70684270,OTk4OTUzMzYyNDkz,**** **** 2493,6005127521,,BANDIPORA,Bandipora,Nadihal,623,41,2763,66.0
56028564118,1_623_42_2810_005021,,GH MOHD PARRAY,,,61,Male,Owner,Marginal  Farmer(Farmer having land <1 Hectare),PENDING,,,false,,OPERATOR,9c9cf6832c90dc2b702e3fc45de36ddef4bcf5a42f288c56957d7efa4c3821bb,MzIxMDY1NzU1ODY1,**** **** 5865,7051979337,,BANDIPORA,Sonawari,Odina,623,42,2810,0.0
52780105705,1_623_40_2708_005045,,Gulzar Ahmad Lone,,,56,Male,Owner,Marginal  Farmer(Farmer having land <1 Hectare),PENDING,,,false,,OPERATOR,455b26644c9d0aeb523c52f5433c78f999be209d9d3987e76ee573c70e21a49a,NjMwODAyMzk0MzM1,**** **** 4335,6005637760,,BANDIPORA,Gurez,Shah Pora - Achoora (Churwan),623,40,2708,35.0
30215172572,1_623_42_2812_005016,,GH. RASOOL KAWA,,,51,Male,Owner,Marginal  Farmer(Farmer having land <1 Hectare),PENDING,,,false,,OPERATOR,6cd8cb224383edbd04dffa16147d76ef9f72707b23f6f0c1ffa3dce99d4605c2,NzUzNDQ0Njg2NjY3,**** **** 6667,9469195802,,BANDIPORA,Sonawari,Sarai Dangarpora,623,42,2812,43.0
64462032124,1_623_40_2708_005016,,MOHAMMAD SHAFI LONE,,,52,Male,Owner,Marginal  Farmer(Farmer having land <1 Hectare),PENDING,,,false,,OPERATOR,8c665609102207b4dfe8e5e83adfb5b0488967148c89c1e3e2c3f669af7b3296,Mjc0NzM2MTI0OTE4,**** **** 4918,9419672353,,BANDIPORA,Gurez,Shah Pora - Achoora (Churwan),623,40,2708,0.0
81155849728,1_623_6812_2716_005031,,Ab Rehman Mir,,,56,Male,Owner,Marginal  Farmer(Farmer having land <1 Hectare),PENDING,,,false,,OPERATOR,0d5e60fe3922cd65c43c9e417a3cc669bf49c1d5d91c73b5f03842913b1b7fa2,NDc0MDA3NDg1OTc2,**** **** 5976,6006330864,,BANDIPORA,Tulail,Neeru,623,6812,2716,59.0
87148591848,1_623_6812_2716_005077,,Ghulam Rasool Mir,,,73,Male,Owner,Marginal  Farmer(Farmer having land <1 Hectare),PENDING,,,false,,OPERATOR,005ef69043b5bea859273c5e4845c52fb9c68cc360426a9ab99bb71d27a7a127,NjA2NDE5NTQ1MDky,**** **** 5092,9541415313,,BANDIPORA,Tulail,Neeru,623,6812,2716,0.0
62536326978,1_623_42_2797_005014,,Nasir Fayaz,,,30,Male,Owner,Marginal  Farmer(Farmer having land <1 Hectare),APPROVED,,,false,,OPERATOR,702933c420a8dd3e4dbd52850d77aacf3b130a36294152662bf752ef70153ab7,NTI4NTA2MDQ2MDg0,**** **** 6084,9697347797,,BANDIPORA,Sonawari,Hilalabad,623,42,2797,90.0
13254401792,1_623_42_2794_005019,,Mohd Amin Shah,,,62,Male,Owner,Marginal  Farmer(Farmer having land <1 Hectare),PENDING,,,false,,OPERATOR,bd23502e8bd6043ec0b04c33eae3f1d7a1501483c327c6a1697958a71a620cb1,NTMwODc0OTMxNDY0,**** **** 1464,6005432611,,BANDIPORA,Sonawari,Asham,623,42,2794,43.0
24455671718,1_623_42_2812_005014,,Tasaduk Hussain Mir,,,39,Male,Owner,Marginal  Farmer(Farmer having land <1 Hectare),PENDING,,,false,,OPERATOR,ac6a7818fcacf94327b8008c0a2a6b6e8880f97d2cd6821da2665c0dfd71e6a7,ODQyNTE3Mzc3MDQ2,**** **** 7046,7889985512,,BANDIPORA,Sonawari,Sarai Dangarpora,623,42,2812,65.0
39317608088,1_623_42_2794_005020,,Mohd Rafi Bhat,,,41,Male,Owner,Marginal  Farmer(Farmer having land <1 Hectare),PENDING,,,false,,OPERATOR,8c46ec2d7a0bad5af53afa578db95dcad81fbe340fe99b6203f690d4a26ff1a9,OTgyNjQ4NzQyOTg0,**** **** 2984,6006569360,,BANDIPORA,Sonawari,Asham,623,42,2794,63.0
41931350663,1_623_40_2707_005014,,Gulam Nabi Lone,,,64,Male,Owner,Marginal  Farmer(Farmer having land <1 Hectare),PENDING,,,false,,OPERATOR,d87dbcf86e92ec2d3bb4cbe0255031f1a88595f67b34283af16872c7bcc33fc4,MzQxOTc5NDE3MzMx,**** **** 7331,7889798814,,BANDIPORA,Gurez,Markoot,623,40,2707,61.0
79125442208,1_623_6811_2700_005011,,SAIF U DIN MAGLOO,,,66,Male,Owner,Marginal  Farmer(Farmer having land <1 Hectare),PENDING,,,false,,OPERATOR,faacd0e79b9abb65678e71da19994d0e46ff77d8f211e84ffa30210959796047,OTQ1OTcxMjQxNzgx,**** **** 1781,9541225784,,BANDIPORA,Hajin,Gulshanpora,623,6811,2700,62.0
26898291243,1_623_42_2812_005015,,ALI MOHD RATHER,,,49,Male,Owner,Marginal  Farmer(Farmer having land <1 Hectare),PENDING,,,false,,OPERATOR,eb3cafcc5d912568a2cd04935a50162f9014f54cca80235c58e4812f4ba84276,MjUxODcwODM0NDI4,**** **** 4428,6005121514,,BANDIPORA,Sonawari,Sarai Dangarpora,623,42,2812,43.0
26456806612,1_623_6812_2724_005015,,Mohd Sultan Khan,,,61,Male,Owner,Marginal  Farmer(Farmer having land <1 Hectare),PENDING,,,false,,OPERATOR,b344da5d03554bdd8de515ee2225e7946dd80fbaee54badad579269b5e652467,ODU1MTg3NDYxMzI4,**** **** 1328,9103030996,,BANDIPORA,Tulail,Baduaab,623,6812,2724,23.0
62325593241,1_623_42_2794_005021,,Nazir Ahmad Shah,,,46,Male,Owner,Marginal  Farmer(Farmer having land <1 Hectare),PENDING,,,false,,OPERATOR,1ad61bcbdfebd8e1278c357140a71d4f026f3d5b0d90a51735c537f596b1f3b9,NjQ3NDQ1NDE5MjU5,**** **** 9259,9797422172,,BANDIPORA,Sonawari,Asham,623,42,2794,46.0
20284883145,1_623_6812_2711_005010,,Ali Mohammad Khan,,,41,Male,Owner,Marginal  Farmer(Farmer having land <1 Hectare),PENDING,,,false,,OPERATOR,325a232eb4180c2552c06eca4e3ae159f8ad55003bc9bee29f1986a143e2daf8,OTIyNjk2NjY1MTgx,**** **** 5181,7889604410,,BANDIPORA,Tulail,Zedgey,623,6812,2711,0.0
78848682340,1_623_42_2797_005016,,Sameer Ahmad Reshi,,,40,Male,Owner,Marginal  Farmer(Farmer having land <1 Hectare),PENDING,,,false,,OPERATOR,b6bcfb8e3b3e0a212d000a721d571a60b075e6e175891f21bcb20ba5c04fe729,NDIwMTQ5NzgwNTcz,**** **** 0573,9858449557,,BANDIPORA,Sonawari,Hilalabad,623,42,2797,66.0
75259323283,1_623_42_2800_005002,,Ghulam Mohammad Parray,,,66,Male,Owner,Marginal  Farmer(Farmer having land <1 Hectare),PENDING,,,false,,OPERATOR,0d021337307138e65400dc939f52f515e11d2934dcf23cc6ccfc94b0e09b8e7c,NjQ4NzkxODk4NDM3,**** **** 8437,9622106185,,BANDIPORA,Sonawari,Rakh Shilvat,623,42,2800,0.0
63918179173,1_623_6812_2724_005016,,Haneef Mapnoo,,,52,Male,Owner,Marginal  Farmer(Farmer having land <1 Hectare),PENDING,,,false,,OPERATOR,654d009fdf77e44b6b8fe9c27dabfac6b9d252aea6907d9042d7848bf546dce9,NzkzMzcwMzMzMTQ3,**** **** 3147,9103059917,,BANDIPORA,Tulail,Baduaab,623,6812,2724,0.0
43053863388,1_623_42_2808_005011,,Mohammad Rajab Wagay,,,61,Male,Owner,Marginal  Farmer(Farmer having land <1 Hectare),PENDING,,,false,,OPERATOR,48de717e63d7e974e4a37be06ef0a0f4bda3ae4499f1be466fcbaf8272e2d777,NTQ5Mjg3NTM0MTAx,**** **** 4101,9596222757,,BANDIPORA,Sonawari,Gund i Khalil,623,42,2808,56.0
15106891320,1_623_6812_2711_005011,,Mohd Sultan Khan,,,71,Male,Owner,Marginal  Farmer(Farmer having land <1 Hectare),PENDING,,,false,,OPERATOR,d844a95835f00e567c518e618c3ad8e81501106cabb60d7ce7d1c8f3f6a15f83,NDE5ODAxNjY2NDg3,**** **** 6487,6006980959,,BANDIPORA,Tulail,Zedgey,623,6812,2711,23.0
95388456104,1_623_42_2794_005048,,ASSAD ULLA AMBAR,,,52,Male,Owner,Marginal  Farmer(Farmer having land <1 Hectare),PENDING,,,false,,OPERATOR,dbfd3e3d3d63c077ccc16685c0127308763e2df5b564aae8719078a48ef94f67,ODc5NDk2NDU3NTc3,**** **** 7577,9541600718,,BANDIPORA,Sonawari,Asham,623,42,2794,46.0
60220738599,1_623_40_2707_005036,,GH QADIR SHEIKH,,,63,Male,Owner,Marginal  Farmer(Farmer having land <1 Hectare),PENDING,,,false,,OPERATOR,3827ba494a03cbb56e4f59e2d11a0c67e1d04fad650d80fa3c5cd87ca389e6aa,NTY0MTI1NjIxMDAw,**** **** 1000,6005576876,,BANDIPORA,Gurez,Markoot,623,40,2707,43.0
62108489864,1_623_6812_2724_005041,,Mohammad Munawar Ahangar,,,56,Male,Owner,Marginal  Farmer(Farmer having land <1 Hectare),PENDING,,,false,,OPERATOR,2db1d96cf743ef29f830a8dca6e06fe8092b2acfc73fc061012e43996dc3562e,OTc1NjcyODA5MjU5,**** **** 9259,9103261237,,BANDIPORA,Tulail,Baduaab,623,6812,2724,0.0
81340205406,1_623_41_2768_005006,,AADIL MURTAZA,,,42,Male,Owner,Marginal  Farmer(Farmer having land <1 Hectare),APPROVED,,,false,,OPERATOR,dcd7ac84a740bce50f058e9eb508e9c87a4b4d83b5163d38c5d9e3609fdfb3d2,ODE0OTc0NTYyMTU1,**** **** 2155,7006416054,,BANDIPORA,Bandipora,Garoora,623,41,2768,88.0
15537692510,1_623_42_2808_005015,,Ghulam Mohammad Wagay,,,71,Male,Owner,Marginal  Farmer(Farmer having land <1 Hectare),PENDING,,,false,,OPERATOR,e5e26a9cf8641c33ee27dcfeb74c9f9b0f5856c077399d5a61e36c1bb896bf4f,MzQ2MTQyMTU5Mjg0,**** **** 9284,9596248651,,BANDIPORA,Sonawari,Gund i Khalil,623,42,2808,46.0
50301681820,1_623_6810_2777_005024,,Sana Ullah Rather,,,59,Male,Owner,Marginal  Farmer(Farmer having land <1 Hectare),PENDING,,,false,,OPERATOR,848a263777335a60246c65d55c80456b052ae5eaa815b7c6f6dc410fd5f753fa,NjEzNjQ2NzE5ODIz,**** **** 9823,9906928491,,BANDIPORA,Ajas,Ajas,623,6810,2777,0.0
49721360794,1_623_40_2708_005017,,AB RASHID LONE,,,62,Male,Owner,Marginal  Farmer(Farmer having land <1 Hectare),PENDING,,,false,,OPERATOR,e265bf91407c5b8f2dd45d317b22dc71507ff55049123116222408d592ee5c27,MzY2NjQ3MzA2Mjkw,**** **** 6290,6006129218,,BANDIPORA,Gurez,Shah Pora - Achoora (Churwan),623,40,2708,0.0
24447437312,1_623_42_2809_005002,,Ab Satar Khanday,,,68,Male,Owner,Marginal  Farmer(Farmer having land <1 Hectare),PENDING,,,false,,OPERATOR,454be9d443b9bebfb64fa1ed61cc84e609a2e9dc957b09b4366adfb1c938b852,OTM1Njg5OTk3MzAw,**** **** 7300,6006177792,,BANDIPORA,Sonawari,Trigam,623,42,2809,0.0
15723141835,1_623_42_2797_005052,,ABDUL HAMID RESHI,,,63,Male,Owner,Marginal  Farmer(Farmer having land <1 Hectare),PENDING,,,false,,OPERATOR,223fb5c915b53263c253940e66b6dd5bbba10fdbe4da9b70acee482d2f811a2f,OTk5NTcxNzU5MTQ0,**** **** 9144,9906575955,,BANDIPORA,Sonawari,Hilalabad,623,42,2797,64.0
52623503151,1_623_6812_2724_005057,,Amirullah Mir,,,24,Male,Owner,Marginal  Farmer(Farmer having land <1 Hectare),PENDING,,,false,,OPERATOR,2964fe9a4e6baf92c6b1b3f8500fbdd09666f1079dc48d36261e6b62bdd6ee8c,ODg5MzY2OTI2OTcx,**** **** 6971,9103069415,,BANDIPORA,Tulail,Baduaab,623,6812,2724,0.0
78675844108,1_623_41_2761_005001,,Ghulam Ali Sheikh,,,67,Male,Owner,Marginal  Farmer(Farmer having land <1 Hectare),PENDING,,,false,,OPERATOR,1272ce0ebac3dddd239856b468733daed5de305d7992ccd123967e44e10e0a16,NDE0MzQ2MDAxMzk2,**** **** 1396,9697305817,,BANDIPORA,Bandipora,Gamroo,623,41,2761,61.0
40684963835,1_623_42_2794_005049,,Ferooz Ahmad Tantry,,,48,Male,Owner,Marginal  Farmer(Farmer having land <1 Hectare),PENDING,,,false,,OPERATOR,8b3861a457eff7aa8cc15c423df63d776db4f08c580622024d9c4039afeb8bd8,NDYyMzQyMzU1NTU3,**** **** 5557,7006710416,,BANDIPORA,Sonawari,Asham,623,42,2794,44.0
67662975099,1_623_42_2794_005023,,FAYAZ AH BHAT,,,46,Male,Owner,Marginal  Farmer(Farmer having land <1 Hectare),PENDING,,,false,,OPERATOR,1372285f548b75cddbfd3812c3dff6cca1cd60349faa1b1ef2a15c1e68fe5273,OTkxMDc1NzkwNzcy,**** **** 0772,9906491162,,BANDIPORA,Sonawari,Asham,623,42,2794,55.0
81820735877,1_623_6812_2724_005019,,Saidullah Khan,,,48,Male,Owner,Marginal  Farmer(Farmer having land <1 Hectare),PENDING,,,false,,OPERATOR,2443d2e19a3bc8aa77bc4501198ce53943b11aa1d277fd2e29b126b84baa3b75,NDc5NTk2MDE1ODgw,**** **** 5880,6006298550,,BANDIPORA,Tulail,Baduaab,623,6812,2724,0.0
63537779311,1_623_40_2708_005022,,Abdul Wahab Lone,,,58,Male,Owner,Marginal  Farmer(Farmer having land <1 Hectare),PENDING,,,false,,OPERATOR,e90e829a01b664bd64dc9a4165264ded674f829a3550839bf242c88b88a1529d,ODc0MTEyMzkwNDQx,**** **** 0441,9469204477,,BANDIPORA,Gurez,Shah Pora - Achoora (Churwan),623,40,2708,55.0
60589730523,1_623_42_2800_005008,,Khurshed Ahmad Dar,,,50,Male,Owner,Marginal  Farmer(Farmer having land <1 Hectare),PENDING,,,false,,OPERATOR,32e86954f23dab32b86b2c009e0e737546d57315873e0b49a02fce61d3bd5bfe,NzY2NDI3OTAyODIw,**** **** 2820,6006375981,,BANDIPORA,Sonawari,Rakh Shilvat,623,42,2800,65.0
45185753162,1_623_6812_2711_005019,,Juma Khan,,,49,Male,Owner,Marginal  Farmer(Farmer having land <1 Hectare),PENDING,,,false,,OPERATOR,20726252169883ce8efa39725a4ddb516ff520dfce637019cee6158181f4b9cc,NDMwNDk4OTQ2Nzk2,**** **** 6796,6005256427,,BANDIPORA,Tulail,Zedgey,623,6812,2711,0.0
27898782393,1_623_42_2794_005022,,Ab Rahman Bhat,,,62,Male,Owner,Marginal  Farmer(Farmer having land <1 Hectare),PENDING,,,false,,OPERATOR,87989eb3ccc85e5cb1e5fe9c45ed15f37e760e46d0f67f42329b2e252a57d28b,NjI2OTgzNzA3NzY5,**** **** 7769,8493887250,,BANDIPORA,Sonawari,Asham,623,42,2794,62.0
11639279903,1_623_42_2808_005005,,Ghulam Mohammad Parray,,,59,Male,Owner,Marginal  Farmer(Farmer having land <1 Hectare),PENDING,,,false,,OPERATOR,7389226fe1b9b05287b68812d1db6e2ce2bbf67e7e37f71d1545196d93795950,NTg4NzAxODY1ODUw,**** **** 5850,9906723338,,BANDIPORA,Sonawari,Gund i Khalil,623,42,2808,0.0
81995799655,1_623_6811_2700_005012,,Abdul Hamid Matta,,,49,Male,Owner,Marginal  Farmer(Farmer having land <1 Hectare),PENDING,,,false,,OPERATOR,a55d3a993bb0776421926afe1ccb1e2ffe47d778922b4bb98ea2d4e7043be780,NTM4MzgwMDA2Mjc2,**** **** 6276,9797238140,,BANDIPORA,Hajin,Gulshanpora,623,6811,2700,55.0
65720170382,1_623_42_2812_005017,,DILSDHADA BANO,,,44,Female,Owner,Marginal  Farmer(Farmer having land <1 Hectare),PENDING,,,false,,OPERATOR,de2cd4914fe2e34e495538ffce56dda2bcf98a792f8d0610c790b3c5e9c7dd1b,NjczNjQ0MDg4NTM5,**** **** 8539,6005121514,,BANDIPORA,Sonawari,Sarai Dangarpora,623,42,2812,34.0
91849016520,1_623_42_2797_005017,,BASHIR AHMAD RESHI,,,61,Male,Owner,Marginal  Farmer(Farmer having land <1 Hectare),PENDING,,,false,,OPERATOR,181f69196c74deb34662b3c0e2f0fdc800c755fa903c75875394690e6b606afa,NTQwMDc0MTk1NjEz,**** **** 5613,9541184535,,BANDIPORA,Sonawari,Hilalabad,623,42,2797,46.0
42716138411,1_623_6812_2724_005017,,MOHD SUHBAN KHAN,,,69,Male,Owner,Marginal  Farmer(Farmer having land <1 Hectare),PENDING,,,false,,OPERATOR,33b82d83e9ed84702108af6df0febf272a19ffd417090617c1ffd6cce6c5bbeb,ODQ2OTkxOTMyODQ0,**** **** 2844,9149725796,,BANDIPORA,Tulail,Baduaab,623,6812,2724,0.0
19542345672,1_623_42_2797_005018,,ZAMEER AHMAD RESHI,,,38,Male,Owner,Marginal  Farmer(Farmer having land <1 Hectare),PENDING,,,false,,OPERATOR,138a75d85330f1a6ad2be33382b19afbe68930f856acd48d051f0d9733a3bb99,ODM2MDY0ODYzNzk3,**** **** 3797,7006310280,,BANDIPORA,Sonawari,Hilalabad,623,42,2797,65.0
64599362533,1_623_6812_2724_005018,,Nazir Ahmad Khan,,,57,Male,Owner,Marginal  Farmer(Farmer having land <1 Hectare),PENDING,,,false,,OPERATOR,c6dc2aebbdc95b42ffa716b692b14d2fe30f82effb072e605b51511d1b674304,NzYxOTQzODg0MDIz,**** **** 4023,9149559615,,BANDIPORA,Tulail,Baduaab,623,6812,2724,61.0
70957856265,1_623_6811_2778_005006,,Mohammad Ashraf Rather,,,51,Male,Owner,Marginal  Farmer(Farmer having land <1 Hectare),PENDING,,,false,,OPERATOR,fe2dcccb4744c9fbbcd083cf4c9f1a67a6d9bcbcee60d50f88e1c4ec9d88060c,ODE2OTAwNTE5Mjk5,**** **** 9299,9906934377,,BANDIPORA,Hajin,Gundi Saderkote,623,6811,2778,55.0
74977892722,1_623_40_2707_005026,,Abdul Rashid Sheikh,,,70,Male,Owner,Marginal  Farmer(Farmer having land <1 Hectare),PENDING,,,false,,OPERATOR,b34ffeb0544f336c80276b5245afa96ced5a2656453bdf24700d459676af9c29,NTQ3OTA4NDkwODgw,**** **** 0880,7889409200,,BANDIPORA,Gurez,Markoot,623,40,2707,60.0
79168065173,1_623_6811_2700_005013,,Nazir Ahmad Ganie,,,54,Male,Owner,Marginal  Farmer(Farmer having land <1 Hectare),PENDING,,,false,,OPERATOR,b943cc39fda1d9944a77da859b1311f91e1dd75f7ab99a5f9b6a6d4ba029a828,NzEwNjQ2OTAyMjkx,**** **** 2291,9622401365,,BANDIPORA,Hajin,Gulshanpora,623,6811,2700,0.0
11634767097,1_623_40_2708_005015,,Mohd Sarwar Lone,,,55,Male,Owner,Marginal  Farmer(Farmer having land <1 Hectare),PENDING,,,false,,OPERATOR,7f0ba836cf6dfcca53697262087b9141a65738cffb424baea596083a7c05b78b,Mzk2NDkyMzU0MDUw,**** **** 4050,9682699714,,BANDIPORA,Gurez,Shah Pora - Achoora (Churwan),623,40,2708,63.0
11234634803,1_623_6811_2700_005027,,Mohammad Aslam Parray,,,54,Male,Owner,Marginal  Farmer(Farmer having land <1 Hectare),PENDING,,,false,,OPERATOR,031846946911c4258d0358db9cc6bba65b6d00fb856db2b6d9d9fbeff9a2c6da,NjUyMjM4MzY4NDc0,**** **** 8474,7889799440,,BANDIPORA,Hajin,Gulshanpora,623,6811,2700,46.0
56584966807,1_623_42_2804_005002,,Ghulam Hassan Bafanda,,,68,Male,Owner,Small Farmer (Farmer having Land >=1 & <2 Hectare),PENDING,,,false,,OPERATOR,faedbf2a737468b293b6e8765307f32c004b569bf4b330f016fca577b8348699,NTcxMjI1MzkyMjg4,**** **** 2288,7889756030,,BANDIPORA,Sonawari,Rakh Sultan Pora,623,42,2804,37.0
40471876896,1_623_42_2808_005024,,RAMEEZ RAJA,,,34,Male,Owner,Marginal  Farmer(Farmer having land <1 Hectare),PENDING,,,false,,OPERATOR,4446a651e1207ba84c8467fa9e74eb8673cf63192ac34b1fb37cba562426dec5,Nzg4MjY3NjI3NDQ3,**** **** 7447,8493912659,,BANDIPORA,Sonawari,Gund i Khalil,623,42,2808,0.0
42434054992,1_623_42_2797_005042,,Ab Rashid Reshi,,,66,Male,Owner,Marginal  Farmer(Farmer having land <1 Hectare),PENDING,,,false,,OPERATOR,e709b89214179ea893e53d025807a8843c22c23fa8be69f19e886482958a1f53,NzM5MjE0NDAwMDU4,**** **** 0058,7889841201,,BANDIPORA,Sonawari,Hilalabad,623,42,2797,43.0
15417740453,1_623_42_2794_005047,,Farooq Ahmad Tantry,,,61,Male,Owner,Marginal  Farmer(Farmer having land <1 Hectare),PENDING,,,false,,OPERATOR,217b7763e07e27e4898121b06b679f4bf916ff10e72f1ce81a24795c2d1d7755,NTM2NDU0NDM2ODg3,**** **** 6887,8082887445,,BANDIPORA,Sonawari,Asham,623,42,2794,65.0
22870974064,1_623_40_2707_005027,,Mohd Ayoob Nasir,,,65,Male,Owner,Marginal  Farmer(Farmer having land <1 Hectare),PENDING,,,false,,OPERATOR,4eff4ad2e540e2f7d46562a74120cc4cca45c8a57cde42fffe50471820ed69f1,ODgxNzE0MDEzMDgz,**** **** 3083,9419405875,,BANDIPORA,Gurez,Markoot,623,40,2707,53.0
98688223336,1_623_6811_2778_005013,,AB AHAD DAR,,,71,Male,Owner,Marginal  Farmer(Farmer having land <1 Hectare),PENDING,,,false,,OPERATOR,6f4142ddabbef07f644408b5b0ffa75386a8a7560d29465be126cd0c2e134a7a,ODIzNDA2NzA5OTQx,**** **** 9941,9149713071,,BANDIPORA,Hajin,Gundi Saderkote,623,6811,2778,44.0
65654609620,1_623_42_2804_005003,,Ghulam Hussain Nath,,,60,Male,Owner,Marginal  Farmer(Farmer having land <1 Hectare),PENDING,,,false,,OPERATOR,855f175e05e31f6d12068dcdc25f9cdac6933da954c386db9f472d11fa9544a8,Mjk2MDIzNTk0NjM5,**** **** 4639,7780939317,,BANDIPORA,Sonawari,Rakh Sultan Pora,623,42,2804,0.0
86539079101,1_623_6812_2711_005020,,Mohd Munwar Khan,,,53,Male,Owner,Marginal  Farmer(Farmer having land <1 Hectare),PENDING,,,false,,OPERATOR,867112b83d2ec1a20b0d6b5519b7e720eca8cb5134d226c44dc96256baaabb22,ODg0MTQ3NTA0NDg4,**** **** 4488,6006970955,,BANDIPORA,Tulail,Zedgey,623,6812,2711,53.0
17669048488,1_623_6812_2724_005020,,Jameel Ahmad Naik,,,38,Male,Owner,Marginal  Farmer(Farmer having land <1 Hectare),PENDING,,,false,,OPERATOR,5c0a3e0ec9a0368ae6d06ca4a35b0f757c0e76cc7a8cd4b0f983445a454335b9,MzA2Mzk0ODAxNDIw,**** **** 1420,6006112411,,BANDIPORA,Tulail,Baduaab,623,6812,2724,55.0
42425789092,1_623_42_2808_005010,,Rukhsana Farooq,,,36,Female,Owner,Marginal  Farmer(Farmer having land <1 Hectare),APPROVED,,,false,,OPERATOR,81401c377b62c44855d13683b585964de276d3b3a936d64187fdd8a73fd29756,NTAwMTEwNjUwMzAz,**** **** 0303,6006593382,,BANDIPORA,Sonawari,Gund i Khalil,623,42,2808,90.0
94662915175,1_623_42_2800_005009,,Gulzar Ahmad Dar,,,56,Male,Owner,Marginal  Farmer(Farmer having land <1 Hectare),PENDING,,,false,,OPERATOR,b2ee74024bc0dcec508804e59d206a5064548445042dcf65607814f94f53f2fb,ODg2MDYxNjA2ODcy,**** **** 6872,9596883633,,BANDIPORA,Sonawari,Rakh Shilvat,623,42,2800,0.0
19797285313,1_623_6811_2783_005013,,Saba Khursheed,,,35,Female,Owner,Marginal  Farmer(Farmer having land <1 Hectare),APPROVED,,,false,,OPERATOR,87459a17241ecb94dd31547bbbf5dd0a45dcc64db19ae41e65ad582814667c83,NTI3NTY1NjkyMzI0,**** **** 2324,7006711766,,BANDIPORA,Hajin,Vijipara,623,6811,2783,89.0
78735531367,1_623_6811_2700_005014,,Ishfaq Ahmad Bahar,,,33,Male,Owner,Marginal  Farmer(Farmer having land <1 Hectare),PENDING,,,false,,OPERATOR,671e976d3b891641ba604c329d64847cf2240aa84676691ae54c0ee69dd0ca3e,NDE3NzgzMzA3MTEw,**** **** 7110,9906159946,,BANDIPORA,Hajin,Gulshanpora,623,6811,2700,66.0
95193093714,1_623_42_2797_005043,,Hafeeza Begum,,,63,Female,Owner,Marginal  Farmer(Farmer having land <1 Hectare),PENDING,,,false,,OPERATOR,87ab69d3fd0e7fd04cd3eb08a0fd1ede08e514e957d8037f8b6f00c4c171ad17,ODIyNjM4MjcyOTQ2,**** **** 2946,7006266634,,BANDIPORA,Sonawari,Hilalabad,623,42,2797,35.0
16096949033,1_623_6811_2778_005014,,HALIMA BEGUM,,,46,Female,Owner,Marginal  Farmer(Farmer having land <1 Hectare),PENDING,,,false,,OPERATOR,e233a7189cf1d31be4945fabc66669b91166d2fef028a3185f2c9f591acfa3d2,NzkwOTE5MjEzMDk0,**** **** 3094,6005861818,,BANDIPORA,Hajin,Gundi Saderkote,623,6811,2778,35.0
65947904436,1_623_6812_2716_005039,,Gh Ahmad Mir,,,42,Male,Owner,Marginal  Farmer(Farmer having land <1 Hectare),PENDING,,,false,,OPERATOR,981f9d7da8cbd11a9b66f065b1311515da1bba65f6657de870db45f2ff18be98,NjQ5MDA4MzAyNjA4,**** **** 2608,7051536169,,BANDIPORA,Tulail,Neeru,623,6812,2716,53.0
87455408994,1_623_42_2797_005019,,Sameer Ahmad Mir,,,40,Male,Owner,Marginal  Farmer(Farmer having land <1 Hectare),PENDING,,,false,,OPERATOR,819531b3445dbbdcccff83e11c56d2294d159ac7b3f0ea44b3db261517d4ea21,ODIxMTAwMTg0MDM2,**** **** 4036,6005544195,,BANDIPORA,Sonawari,Hilalabad,623,42,2797,46.0
70048337308,1_623_6812_2716_005046,,MOHD MUNWAR MIR,,,42,Male,Owner,Marginal  Farmer(Farmer having land <1 Hectare),PENDING,,,false,,OPERATOR,26e6fb4f6c6d577750ae50e91417b1b0fd3b3473a58944c7b6d0d9d24bc10e05,NTU5MTM3ODI2NDQ0,**** **** 6444,6005781357,,BANDIPORA,Tulail,Neeru,623,6812,2716,52.0
49325323743,1_623_42_2808_005016,,BASHIR AHMAD WAGAY,,,46,Male,Owner,Marginal  Farmer(Farmer having land <1 Hectare),PENDING,,,false,,OPERATOR,90df83ced1b196f78df44e415de4ffb2fd4311301a8a2d74aecda214dd902cc1,MjgyNTAwMjgyMTI1,**** **** 2125,7298915442,,BANDIPORA,Sonawari,Gund i Khalil,623,42,2808,65.0
19071685309,1_623_6812_2724_005100,,Jameel Ahmad Lone,,,31,Male,Owner,Marginal  Farmer(Farmer having land <1 Hectare),PENDING,,,false,,OPERATOR,3402dcfb65892799f5e17ec82e41bdbd635a831947882e30986598ad59745934,OTIwMzg0Mzg5NjMz,**** **** 9633,6006379724,,BANDIPORA,Tulail,Baduaab,623,6812,2724,55.0
97685870675,1_623_40_936275_005000,,Mahsood Ahmad Bhat,,,47,Male,Owner,Marginal  Farmer(Farmer having land <1 Hectare),PENDING,,,false,,OPERATOR,658173e15acb0311eede31d05c0e154f4208c4d4b7d4a6f9fdf64258e790d196,NDY5NzY3MTk1NDIw,**** **** 5420,9103202335,,BANDIPORA,Gurez,Gulshanpora,623,40,936275,56.0
26331867131,1_623_40_936275_005033,,Mohd Khalil Bhat,,,53,Male,Owner,Marginal  Farmer(Farmer having land <1 Hectare),PENDING,,,false,,OPERATOR,d55d2d3abf67fe84b9dfd3f4167595686d9ae0e5ad3cb6cb251bf3a4a946d666,NDQ2Mzk1MTI4Mzk3,**** **** 8397,9103323159,,BANDIPORA,Gurez,Gulshanpora,623,40,936275,0.0
36092863842,1_623_6812_2724_005042,,GH AHMAD KHAN,,,81,Male,Owner,Marginal  Farmer(Farmer having land <1 Hectare),APPROVED,,,false,,OPERATOR,7ffd9fddc00365d615d9355e4c9d38240db1a14dacd8116edb5016d04d38414a,NTM5MTEwMzkyMDI1,**** **** 2025,6005588741,,BANDIPORA,Tulail,Baduaab,623,6812,2724,43.0
36453893254,1_623_6811_2783_005018,,Sarwa Begum,,,79,Female,Owner,Marginal  Farmer(Farmer having land <1 Hectare),PENDING,,,false,,OPERATOR,cfeb7f54dd675a63d2926d86cf6fc39904fc6ce098389c55df3ca84e5338f34e,Njc1MzQ4MzAwMzA2,**** **** 0306,6005820959,,BANDIPORA,Hajin,Vijipara,623,6811,2783,11.0
35678332442,1_623_6811_2783_005006,,Gh Mohi Ud Din Paray,,,50,Male,Owner,Marginal  Farmer(Farmer having land <1 Hectare),PENDING,,,false,,OPERATOR,7beb01ac1fef91e17dfd4594744a123bf007158fe084d7222f45dd41c1fafb76,ODA5NzQzNDcwMTc1,**** **** 0175,7889851872,,BANDIPORA,Hajin,Vijipara,623,6811,2783,63.0
44624101832,1_623_42_2812_005018,,Lal Mohammad Kawa,,,66,Male,Owner,Marginal  Farmer(Farmer having land <1 Hectare),PENDING,,,false,,OPERATOR,14c19f2072650cca39b060528e3fc2eb5b2f460e34700722219262a0e1ef5f47,MjUxNzEzNjI2ODYx,**** **** 6861,9419664951,,BANDIPORA,Sonawari,Sarai Dangarpora,623,42,2812,0.0
83241289940,1_623_6812_2711_005012,,Abdul Gani Wani,,,45,Male,Owner,Marginal  Farmer(Farmer having land <1 Hectare),PENDING,,,false,,OPERATOR,1730e69a72a5c8f6a69a9d4b14e0d8947952bc8ddfe3c4a89ab6618d0ffaa65d,MzA2NDcwMzQ5Mjg5,**** **** 9289,6005812192,,BANDIPORA,Tulail,Zedgey,623,6812,2711,61.0
50803436961,1_623_40_2707_005107,,Parvaiz Ahmad Nasir,,,48,Male,Owner,Marginal  Farmer(Farmer having land <1 Hectare),PENDING,,,false,,OPERATOR,85bf4b289914b64f5e6de2b1f8ea4f4ecde68cc478fad82fd42ab7a59541c113,MjUzNzQ3Mzc2MjI4,**** **** 6228,7006331205,,BANDIPORA,Gurez,Markoot,623,40,2707,66.0
27459595495,1_623_42_2794_005024,,Yawar Nazir Bhat,,,26,Male,Owner,Marginal  Farmer(Farmer having land <1 Hectare),PENDING,,,false,,OPERATOR,8ffebdc33b1d6e2b8dfc7c8f26a86ead8dfe58e77b4acc76a5f48fa79385d8d4,OTQxMjkyNDk1Mzg1,**** **** 5385,7889303467,,BANDIPORA,Sonawari,Asham,623,42,2794,66.0
14576392480,1_623_40_2708_005018,,Shafeeq Mohmad Khan,,,46,Male,Owner,Marginal  Farmer(Farmer having land <1 Hectare),PENDING,,,false,,OPERATOR,0571ceb7e466f9611e7f779654ae659423e07ef62c08fbab57914903be2a2366,NTc3MjgyMDA4ODUy,**** **** 8852,8825083183,,BANDIPORA,Gurez,Shah Pora - Achoora (Churwan),623,40,2708,42.0
28489513714,1_623_42_2809_005003,,Mohamad Yousuf Mir,,,66,Male,Owner,Marginal  Farmer(Farmer having land <1 Hectare),PENDING,,,false,,OPERATOR,ec655002c77cbe28e1ecf6942fc1d4180ffde3dbeae2fcb07674e64bda78ce2b,ODI1Mzk4MzA3MDI5,**** **** 7029,9622589102,,BANDIPORA,Sonawari,Trigam,623,42,2809,40.0
57625940867,1_623_6811_2700_005029,,AB MAJEED DAR,,,46,Male,Owner,Marginal  Farmer(Farmer having land <1 Hectare),PENDING,,,false,,OPERATOR,fe2ba58064bc1aee36ec23f1eec9ef4f5726d49b645079a846d51703f22818ee,MzkzODA5NzUxMjY5,**** **** 1269,8803575457,,BANDIPORA,Hajin,Gulshanpora,623,6811,2700,54.0
65168800889,1_623_40_2707_005041,,Mohd Ikhlaq Shiekh,,,47,Male,Owner,Marginal  Farmer(Farmer having land <1 Hectare),PENDING,,,false,,OPERATOR,5bb7e3553280dd98f9c1bdd6158677369b9fb1bf7603427f351f90da1cb59de5,MzY3OTMwODQxMjk4,**** **** 1298,7006373721,,BANDIPORA,Gurez,Markoot,623,40,2707,53.0
93187208622,1_623_6811_2778_005015,,Mohammad Ashraf Rather,,,46,Male,Owner,Marginal  Farmer(Farmer having land <1 Hectare),PENDING,,,false,,OPERATOR,837f49c47dec9e6ae9c9862809752d76993ee9f0bc694b0240665e0ef3deb1b0,MzgzOTEyODc1NjM2,**** **** 5636,9697708100,,BANDIPORA,Hajin,Gundi Saderkote,623,6811,2778,60.0
82646695107,1_623_6809_2744_005010,,Gh Hassan Sheer Gojri,,,64,Male,Owner,Marginal  Farmer(Farmer having land <1 Hectare),PENDING,,,false,,OPERATOR,f0094c282796611013306697e4e781d2fb2a5a09261f902328f8ce15e015aa1f,NDg1NjY0MjQ0NjY4,**** **** 4668,9149834073,,BANDIPORA,Aloosa,Mangnipora,623,6809,2744,49.0
62952027151,1_623_40_2708_005032,,Mohammad Younis Lone,,,53,Male,Owner,Marginal  Farmer(Farmer having land <1 Hectare),PENDING,,,false,,OPERATOR,e616bf35baaf783060b80cd9aba90a56f5f8b9461ddf41ee26d2796651f7f2ce,NTMyOTk0MzgyMTk2,**** **** 2196,9797212135,,BANDIPORA,Gurez,Shah Pora - Achoora (Churwan),623,40,2708,43.0
65475079578,1_623_6812_2711_005014,,Jamed Ahmad Wani,,,48,Male,Owner,Marginal  Farmer(Farmer having land <1 Hectare),PENDING,,,false,,OPERATOR,4724f3f8a9a4e55999166501c854cb44454ed32f8d81000c4c83147fb1baaad4,NzA1NDI0MDcyNzUx,**** **** 2751,9103078441,,BANDIPORA,Tulail,Zedgey,623,6812,2711,25.0
48112410776,1_623_6812_2711_005032,,Faqeer Mohammad Khan,,,85,Male,Owner,Marginal  Farmer(Farmer having land <1 Hectare),PENDING,,,false,,OPERATOR,151087be19fa767646d0af664173799574df759ead417964151b8e17b5c7dc7f,ODUzMTc1NjE0MjU5,**** **** 4259,9103709904,,BANDIPORA,Tulail,Zedgey,623,6812,2711,0.0
26910198174,1_623_6812_2724_005043,,SAMAD KHAN,,,58,Male,Owner,Marginal  Farmer(Farmer having land <1 Hectare),APPROVED,,,false,,OPERATOR,93ed7223e81436165366a5d2b27840306634b4200c78dcacc0c962563c29202b,Nzg1MDkyOTQzNTcw,**** **** 3570,7780971609,,BANDIPORA,Tulail,Baduaab,623,6812,2724,35.0
37355730962,1_623_42_2797_005020,,Mehraj Ud Din Bhat,,,39,Male,Owner,Marginal  Farmer(Farmer having land <1 Hectare),PENDING,,,false,,OPERATOR,f729f7f3eeed8e6c757775ab51947c834358bdf03933987205d20e991dd9c103,NTQzMDc2MDY2MTc5,**** **** 6179,9149418102,,BANDIPORA,Sonawari,Hilalabad,623,42,2797,71.0
62288088423,1_623_42_2808_005012,,Quasir Ahmad Bhat,,,42,Male,Owner,Marginal  Farmer(Farmer having land <1 Hectare),PENDING,,,false,,OPERATOR,409a133aa333f021c5d0686af86f0bc6dee29941941dbbbb5d4a8c3308d7461a,NDUzMTg2OTg1MTI1,**** **** 5125,6006593382,,BANDIPORA,Sonawari,Gund i Khalil,623,42,2808,64.0
95938807585,1_623_40_2707_005028,,Reyaz Ahmad Nasir,,,56,Male,Owner,Marginal  Farmer(Farmer having land <1 Hectare),PENDING,,,false,,OPERATOR,81b1663df1a0327477b218871e9f7912080956678d52831ec90396ea302f0e2d,NDg4MDc2Njk3MTM2,**** **** 7136,9596763254,,BANDIPORA,Gurez,Markoot,623,40,2707,56.0
95831541339,1_623_6812_2716_005012,,QADIR MIR,,,56,Male,Owner,Marginal  Farmer(Farmer having land <1 Hectare),APPROVED,,,false,,OPERATOR,ef43e9c2279929b4f0a3aa23b7e6907aacac4a2d3b58c0e2fd505f43ed16af8c,OTU2NjM4MzU3MTc1,**** **** 7175,6006213468,,BANDIPORA,Tulail,Neeru,623,6812,2716,34.0
36158285362,1_623_40_2707_005037,,Zahoor Ahmad Lone,,,45,Male,Owner,Marginal  Farmer(Farmer having land <1 Hectare),PENDING,,,false,,OPERATOR,a24436755f7fd164969d3de65a6bfd530f5938d0b86168a669ed7dc70426d5cc,OTY5Nzc4NjY1NDA4,**** **** 5408,7889834003,,BANDIPORA,Gurez,Markoot,623,40,2707,66.0
80400085835,1_623_6812_2724_005021,,Ishaq Ahmed Naik,,,52,Male,Owner,Marginal  Farmer(Farmer having land <1 Hectare),PENDING,,,false,,OPERATOR,e8d09456eb27af2545946328cd517395300fb6e5fbe85017c60184df31924f85,MzMyMzc1NDg4Njc5,**** **** 8679,9541696256,,BANDIPORA,Tulail,Baduaab,623,6812,2724,55.0
57591732221,1_623_40_2708_005071,,Fareed Ahmad Lone,,,60,Male,Owner,Marginal  Farmer(Farmer having land <1 Hectare),PENDING,,,false,,OPERATOR,511f197a792c68ae8cc94859a6318cce8cd3b74ed51b7a2bca39c1bcd0c49adb,MzA4MDUyMzUwNjc4,**** **** 0678,9596194076,,BANDIPORA,Gurez,Shah Pora - Achoora (Churwan),623,40,2708,0.0
73423002338,1_623_40_2708_005031,,Farzani Begum,,,71,Female,Owner,Marginal  Farmer(Farmer having land <1 Hectare),PENDING,,,false,,OPERATOR,1dd903e959a9fdc0eb880fbf492251957bda05b64ef6f26addf5f6e933bb2cd3,OTExNDMwMDI1NTE2,**** **** 5516,8493048385,,BANDIPORA,Gurez,Shah Pora - Achoora (Churwan),623,40,2708,50.0
38859342550,1_623_42_2797_005048,,Riyaz Ahmad Reshi,,,46,Male,Owner,Marginal  Farmer(Farmer having land <1 Hectare),PENDING,,,false,,OPERATOR,2ff1fb2faa8c6e068bde594b46211ee060afc3fcae98d9eca36cd6b95304eec3,NDQ4OTY0NDI1MTc2,**** **** 5176,7889955802,,BANDIPORA,Sonawari,Hilalabad,623,42,2797,46.0
56669980101,1_623_6812_2724_005044,,MOHD DILBAR LONE,,,49,Male,Owner,Marginal  Farmer(Farmer having land <1 Hectare),APPROVED,,,false,,OPERATOR,03384c9d48aa7da0a2b0ab430f4c0e819099f38e4789b2f0c2e1a4256233b703,NDEzNTM2MzU4NTY5,**** **** 8569,9682136314,,BANDIPORA,Tulail,Baduaab,623,6812,2724,43.0
78800408730,1_623_6812_2711_005013,,Surya Begum,,,40,Female,Owner,Marginal  Farmer(Farmer having land <1 Hectare),PENDING,,,false,,OPERATOR,cb5729346a811205cb82742fb477dc589c5b4925b8727573a5be5b5d4812b3f7,NzM5OTc1ODExMTQx,**** **** 1141,7006444399,,BANDIPORA,Tulail,Zedgey,623,6812,2711,0.0
90082048122,1_623_6812_2724_005058,,Lali Begum,,,63,Female,Owner,Marginal  Farmer(Farmer having land <1 Hectare),PENDING,,,false,,OPERATOR,fe1a91efc3ff5765c52d293e2bfe1c0ed2f8103bcdb99f6438043d97b2e1eb18,NjUzNDIxNjAzNTg5,**** **** 3589,6005644767,,BANDIPORA,Tulail,Baduaab,623,6812,2724,50.0
38173705847,1_623_6812_2711_005021,,Ghulam Khan,,,71,Male,Owner,Marginal  Farmer(Farmer having land <1 Hectare),PENDING,,,false,,OPERATOR,ab432dfe4a2fafa66d333c642e672c9c287b622b1879a62128421c4b4d71e8f1,NzkwOTczODkxMzQ4,**** **** 1348,6005522900,,BANDIPORA,Tulail,Zedgey,623,6812,2711,69.0
99402617322,1_623_6811_2783_005014,,Shameema Begum,,,41,Female,Owner,Marginal  Farmer(Farmer having land <1 Hectare),PENDING,,,false,,OPERATOR,dcc5c0a97794a1b30ebcb104ee726baa0230f466a56c199af3fecbbdddd8406e,Mjk0NDE2Njg0ODAz,**** **** 4803,9858723720,,BANDIPORA,Hajin,Vijipara,623,6811,2783,70.0
35433115757,1_623_42_2797_005044,,Ali Mohd Reshi,,,56,Male,Owner,Marginal  Farmer(Farmer having land <1 Hectare),PENDING,,,false,,OPERATOR,2996405ae2e50330f182413fcc3f0e1e74f8344b0de18a899151509e468459e4,MjU4OTY0MTUzMzc4,**** **** 3378,6005609536,,BANDIPORA,Sonawari,Hilalabad,623,42,2797,43.0
81687277836,1_623_40_2705_005020,,Mohd Maqbool Pintoo,,,68,Male,Owner,Marginal  Farmer(Farmer having land <1 Hectare),PENDING,,,false,,OPERATOR,8b7bf5febd06e9d69c5d442762416b4b90d4267037065fb9897f7999d5b13b24,NjMwNjE3MzEwNzMx,**** **** 0731,7006104164,,BANDIPORA,Gurez,Badwan,623,40,2705,55.0
80394767619,1_623_42_2794_005050,,Gh Mohd Bhat,,,49,Male,Owner,Marginal  Farmer(Farmer having land <1 Hectare),PENDING,,,false,,OPERATOR,b94e873a34275ff9fc3f19b3317ba48bc8a752598bb1200df552d98aa4753566,MjU2OTMwOTU1NTQx,**** **** 5541,9596072824,,BANDIPORA,Sonawari,Asham,623,42,2794,61.0
65591983979,1_623_40_2708_005052,,Mohd Hussain Lone,,,66,Male,Owner,Marginal  Farmer(Farmer having land <1 Hectare),PENDING,,,false,,OPERATOR,6192aa5720f59df8a12647ec40828409b4a126b1fc694dd3b6c1f7d35a49f3c5,NTI1MzUzOTk4Mzgz,**** **** 8383,9103334994,,BANDIPORA,Gurez,Shah Pora - Achoora (Churwan),623,40,2708,23.0
14333528578,1_623_42_2794_005051,,Jamsheed Ahmad Mir,,,47,Male,Owner,Marginal  Farmer(Farmer having land <1 Hectare),PENDING,,,false,,OPERATOR,dd13e314403075c2036cf33e23f2fb69ba8442a0335972fc699f65af9ebdaba1,NDc0MjE2Mzg4NTg5,**** **** 8589,7889910270,,BANDIPORA,Sonawari,Asham,623,42,2794,66.0
99873140390,1_623_42_2794_005052,,MEHRAJ U DIN BHAT,,,37,Male,Owner,Marginal  Farmer(Farmer having land <1 Hectare),PENDING,,,false,,OPERATOR,012bd68eabc8c58b06619eb01b03eea6653d5007ea46bb3118c149d3feee0f66,MzUxMzUyMzY5MjY3,**** **** 9267,7889399290,,BANDIPORA,Sonawari,Asham,623,42,2794,71.0
46193515954,1_623_42_2797_005045,,GH RASOOL NAJAR,,,56,Male,Owner,Marginal  Farmer(Farmer having land <1 Hectare),PENDING,,,false,,OPERATOR,86fc01fe8c826aee407095521b65caf7f61595d47d5e050183ac4719c71d6953,ODMxNTYzMjUxMzU1,**** **** 1355,9541020880,,BANDIPORA,Sonawari,Hilalabad,623,42,2797,0.0
91489892158,1_623_6809_2744_005011,,Basit Ahmad Bhat,,,26,Male,Owner,Marginal  Farmer(Farmer having land <1 Hectare),PENDING,,,false,,OPERATOR,fcf8da6e4f6c302743907bbb1fcd3a07e337203acdfb0625109f52bf0163f61b,MjU1NTU4ODg5NTI1,**** **** 9525,7006745540,,BANDIPORA,Aloosa,Mangnipora,623,6809,2744,66.0
94415814698,1_623_6812_2716_005032,,Tariaq Ah Mir,,,29,Male,Owner,Marginal  Farmer(Farmer having land <1 Hectare),PENDING,,,false,,OPERATOR,8645fb3a3e5ee176064c2f8e94c2cf9d124ed59f4d8617844270666423cf1aab,MzY4NDAyMTEyNzA5,**** **** 2709,6006102680,,BANDIPORA,Tulail,Neeru,623,6812,2716,0.0
61725517913,1_623_6812_2725_005006,,AB SALAM KHAN,,,66,Male,Owner,Marginal  Farmer(Farmer having land <1 Hectare),PENDING,,,false,,OPERATOR,17ef4294488aa1ec2f4a58c7ce02179a5dd8751fcd188d9e00778d8662ae061c,NjM2MTAyMDgzMzU1,**** **** 3355,6006431221,,BANDIPORA,Tulail,Gujran,623,6812,2725,23.0
96649603334,1_623_6812_2724_005101,,Zooni Bagum,,,60,Female,Owner,Marginal  Farmer(Farmer having land <1 Hectare),PENDING,,,false,,OPERATOR,616771effc4b8957f8853b0416eaec1c4cfc11967ab09563f2622165b77a8507,NzU3ODg4OTM4ODAy,**** **** 8802,9320603687,,BANDIPORA,Tulail,Baduaab,623,6812,2724,45.0
46419952317,1_623_6812_2711_005015,,Abdul Rahim Khan,,,86,Male,Owner,Marginal  Farmer(Farmer having land <1 Hectare),PENDING,,,false,,OPERATOR,06f7d0a07a4e572666a9c83d4a435fe14845d30d103f1e5cdb6fddb114ff823d,MjA4MTkxODkxNTE1,**** **** 1515,7889309220,,BANDIPORA,Tulail,Zedgey,623,6812,2711,0.0
63256779925,1_623_42_2810_005013,,MOHD IBRAHIM BHAT,,,68,Male,Owner,Marginal  Farmer(Farmer having land <1 Hectare),PENDING,,,false,,OPERATOR,5ee0b7371ef6fc23a2abde41361340e329f6f30d55af6c36d8c63f18d9c590ed,NTcxNjMwMTg1NDk5,**** **** 5499,6006555619,,BANDIPORA,Sonawari,Odina,623,42,2810,0.0
88261188487,1_623_41_2768_005017,,Muneera Akhter,,,60,Female,Owner,Marginal  Farmer(Farmer having land <1 Hectare),PENDING,,,false,,OPERATOR,d76f78db72e59c7adb6c88588c6d86e4e795b7422912150317cc9fc2b3b1d2d2,MjIyNzU4MTcxMjYx,**** **** 1261,9596303986,,BANDIPORA,Bandipora,Garoora,623,41,2768,0.0
80439365874,1_623_6811_2700_005015,,AB SALAM BHAT,,,81,Male,Owner,Marginal  Farmer(Farmer having land <1 Hectare),PENDING,,,false,,OPERATOR,9039b19620c848c81fe637cf41193644b45707f04e7c78aa34c5d7ac3bc50df3,NDAwNzU3NzE1NDc0,**** **** 5474,9596225041,,BANDIPORA,Hajin,Gulshanpora,623,6811,2700,23.0
51558472931,1_623_42_2812_005019,,Nazir Ahmad Kawa,,,56,Male,Owner,Marginal  Farmer(Farmer having land <1 Hectare),PENDING,,,false,,OPERATOR,44a418b1572260e0dc882295c7a69cdd9f9b119c0456d871c27cded2436f9165,Mzc0NTc0NDc2OTEz,**** **** 6913,9419654151,,BANDIPORA,Sonawari,Sarai Dangarpora,623,42,2812,46.0
26977942851,1_623_40_2708_005009,,Mohmmad Khalil Lone,,,72,Male,Owner,Marginal  Farmer(Farmer having land <1 Hectare),PENDING,,,false,,OPERATOR,411669278c72bdc7351736a5453b912bb95e88f80711e60123cba4b9a175ac8c,NzM0MDQ4NjE0NDgx,**** **** 4481,9797116440,,BANDIPORA,Gurez,Shah Pora - Achoora (Churwan),623,40,2708,53.0
61422545034,1_623_40_936275_005044,,Mahfooza Begum,,,39,Female,Owner,Marginal  Farmer(Farmer having land <1 Hectare),PENDING,,,false,,OPERATOR,f0520d349916722eb0a77f3d5604763332ee5bf0093c2e0bdf9fa1f4ab4b9dc1,MjQyMTcxNDI5MzM5,**** **** 9339,9469484274,,BANDIPORA,Gurez,Gulshanpora,623,40,936275,25.0
99113321384,1_623_42_2797_005021,,Ab Rashid Reshi,,,62,Male,Owner,Marginal  Farmer(Farmer having land <1 Hectare),PENDING,,,false,,OPERATOR,36f04f6c58bf588e09461f38e2fba236b9fc57a536492ecf1fe1110f7cbf5d4f,NjIzMjk5ODA0MTMw,**** **** 4130,8899826566,,BANDIPORA,Sonawari,Hilalabad,623,42,2797,54.0
66906942512,1_623_42_2794_005025,,Riyaz Ahmad Khan,,,49,Male,Owner,Marginal  Farmer(Farmer having land <1 Hectare),PENDING,,,false,,OPERATOR,54e1afe1211581e62ac576b9296d26ddc5ec118337be89dbf94dc5b9d9d22281,NjE0NDI2Mzc1OTAw,**** **** 5900,7006217263,,BANDIPORA,Sonawari,Asham,623,42,2794,65.0
84612669728,1_623_42_2812_005020,,RAJA BEGUM,,,74,Female,Owner,Marginal  Farmer(Farmer having land <1 Hectare),PENDING,,,false,,OPERATOR,aeb710bb7db04f7e89a74a86027f4abb3e1067fd458c6dbd420e595190a7184e,NDc1MzIyODc1MTM1,**** **** 5135,7006903518,,BANDIPORA,Sonawari,Sarai Dangarpora,623,42,2812,25.0
68180915946,1_623_42_2812_005021,,Gh Mustafa Rather,,,61,Male,Owner,Marginal  Farmer(Farmer having land <1 Hectare),PENDING,,,false,,OPERATOR,d0eeb295488eb69ea7e2b2b6c439566a1dd777756c915e010a715fea125b89ae,OTc1NjI2MTEzMzgz,**** **** 3383,9419015836,,BANDIPORA,Sonawari,Sarai Dangarpora,623,42,2812,43.0
73504768132,1_623_6810_2777_005028,,Firdous Ahmad Mir,,,42,Male,Owner,Marginal  Farmer(Farmer having land <1 Hectare),PENDING,,,false,,OPERATOR,462971e8b1a5c7aae642070f46384d86b8a006b8b638b6e350a7e1e280f047ae,MjY5ODAxMDI4OTk1,**** **** 8995,9906735811,,BANDIPORA,Ajas,Ajas,623,6810,2777,0.0
91462653415,1_623_42_2794_005026,,Fayaz Ahmad Kaloo,,,46,Male,Owner,Marginal  Farmer(Farmer having land <1 Hectare),PENDING,,,false,,OPERATOR,fb1d9d7cd89391a895c81516b542982fb08d3c64baa48881fbc894b859c423aa,OTgzOTA1NzY1NTIz,**** **** 5523,7889465050,,BANDIPORA,Sonawari,Asham,623,42,2794,65.0
44930971674,1_623_6811_2778_005018,,Mohammad Akram Rather,,,71,Male,Owner,Marginal  Farmer(Farmer having land <1 Hectare),PENDING,,,false,,OPERATOR,46a61f05dfc508837d85b8acb3edfcc12a171e023df5569dde4db76ac6aef700,NTEzNTY5Mzk1NzQ5,**** **** 5749,9622427633,,BANDIPORA,Hajin,Gundi Saderkote,623,6811,2778,56.0
23705066409,1_623_42_2794_005115,,GH HASSAN RATHER,,,70,Male,Owner,Marginal  Farmer(Farmer having land <1 Hectare),PENDING,,,false,,OPERATOR,c115bbbf7716511f128cdf192c72aa3327c53ca3fb25676af0fa2ba7799a651a,NzA1NTc5NTM0NTM0,**** **** 4534,8082784459,,BANDIPORA,Sonawari,Asham,623,42,2794,53.0
40953290364,1_623_6812_2716_005033,,Mohd Shafi Mir,,,45,Male,Owner,Marginal  Farmer(Farmer having land <1 Hectare),PENDING,,,false,,OPERATOR,74f91a2ab5eb44b4d7dffe38db8dbb5a9970142e1a08116e2a5d9b162d9690d1,NTc2Mzg3Nzc1MDYz,**** **** 5063,6005236632,,BANDIPORA,Tulail,Neeru,623,6812,2716,58.0
54052058863,1_623_40_2708_005010,,Abdul Rahim Lone,,,66,Male,Owner,Marginal  Farmer(Farmer having land <1 Hectare),PENDING,,,false,,OPERATOR,2a77d8227f3d01964d54658db966bc85020184abec141f106724995efe35f175,NTQwMzI3NjM2NzA2,**** **** 6706,7889744203,,BANDIPORA,Gurez,Shah Pora - Achoora (Churwan),623,40,2708,54.0
97602920983,1_623_6812_2724_005046,,Nnazam Din,,,33,Male,Owner,Marginal  Farmer(Farmer having land <1 Hectare),PENDING,,,false,,OPERATOR,f25a1c5a60ef3fe159d373e4276bea3e283dde5639b31dd76d5c06225b32daff,MjQ3NjI1NTUxMDc2,**** **** 1076,6006942453,,BANDIPORA,Tulail,Baduaab,623,6812,2724,67.0
21897084114,1_623_6811_2700_005033,,MANZOOR AH DAR,,,32,Male,Owner,Marginal  Farmer(Farmer having land <1 Hectare),PENDING,,,false,,OPERATOR,a9b9cf78e7f1f09f2ba3cd62a9240066524f01eb56b9bde7dade91bae1edc208,OTc2NzMyODcxOTM5,**** **** 1939,7006345894,,BANDIPORA,Hajin,Gulshanpora,623,6811,2700,0.0
32317514145,1_623_42_2809_005009,,Sehru Muneer,,,42,Female,Owner,Marginal  Farmer(Farmer having land <1 Hectare),PENDING,,,false,,OPERATOR,fa53e57e24ffa1c9e6170ba0729f7fa2c754ff83ea3e25f3446f17cae93f14fb,NTMyNzkzNjU5NTY5,**** **** 9569,6005792398,,BANDIPORA,Sonawari,Trigam,623,42,2809,28.0
49739002059,1_623_40_2708_005011,,Azizullah Lone,,,56,Male,Owner,Marginal  Farmer(Farmer having land <1 Hectare),PENDING,,,false,,OPERATOR,71b154a147ff0aa0a18660af51bbe82e94155ffe30a73d598bd91928757b0807,NjI1OTQxNTI5ODc2,**** **** 9876,9149791992,,BANDIPORA,Gurez,Shah Pora - Achoora (Churwan),623,40,2708,44.0
58230487985,1_623_6811_2783_005015,,Nazima Begum,,,36,Female,Owner,Marginal  Farmer(Farmer having land <1 Hectare),PENDING,,,false,,OPERATOR,e9de94f0c5e53cc738a9e546a8448e6409b8cecf5467baf333959fc7bc74ba8d,NDk0MTI5NTg4NjU1,**** **** 8655,8492825514,,BANDIPORA,Hajin,Vijipara,623,6811,2783,0.0
39298765731,1_623_42_2812_005023,,Gh. Hussain Rather,,,56,Male,Owner,Marginal  Farmer(Farmer having land <1 Hectare),PENDING,,,false,,OPERATOR,b6a7c296439c0b245e28be04224b5e565072153ac5e223801ed1d4f2d6101e4a,Njk1OTYxNDY0Nzgx,**** **** 4781,7006710069,,BANDIPORA,Sonawari,Sarai Dangarpora,623,42,2812,23.0
81923370754,1_623_42_2794_005029,,Farooq Ahmad Ganie,,,46,Male,Owner,Marginal  Farmer(Farmer having land <1 Hectare),PENDING,,,false,,OPERATOR,e7890f5f18e8ad21a70bbb7d7b69bc75cc8d56f45caa06ed9af9088a7830faf2,ODM1OTA1MjQ5OTc2,**** **** 9976,9596196199,,BANDIPORA,Sonawari,Asham,623,42,2794,65.0
38542707282,1_623_6812_2716_005034,,Ghulam Mohammad Mir,,,63,Male,Owner,Marginal  Farmer(Farmer having land <1 Hectare),PENDING,,,false,,OPERATOR,c5d30393c759225809a848542bd04e25847129c9a07c7f48a225dd788eaa6634,NTE2MjYxODE4NjQ3,**** **** 8647,6005030415,,BANDIPORA,Tulail,Neeru,623,6812,2716,46.0
57548612663,1_623_6811_2700_005030,,GH MOHD DAR,,,61,Male,Owner,Marginal  Farmer(Farmer having land <1 Hectare),PENDING,,,false,,OPERATOR,5e436c321a4beac1a4dbec3f9aafd510cf99394c3eb3c69bfcb55672ae8404bb,NTM0MDA0OTg3NTEw,**** **** 7510,9797225466,,BANDIPORA,Hajin,Gulshanpora,623,6811,2700,41.0
13425500456,1_623_6811_2778_005016,,Hajira Begum,,,96,Female,Owner,Marginal  Farmer(Farmer having land <1 Hectare),PENDING,,,false,,OPERATOR,4e04ad6055cb96db51df4c3511bcace814f30bd032f6fe8d38c2e098377e8969,NDQwNDQ3MzgxMTU3,**** **** 1157,7889942249,,BANDIPORA,Hajin,Gundi Saderkote,623,6811,2778,13.0
51353485974,1_623_42_2812_005024,,Gh Hassan Rather,,,81,Male,Owner,Marginal  Farmer(Farmer having land <1 Hectare),PENDING,,,false,,OPERATOR,a1fcfc69a1ec15d02a1a1a7489e66f7675cbbeabaa159e6d41e70075fb88ccf1,NDQ1NDIyMjg3NTMy,**** **** 7532,9103125157,,BANDIPORA,Sonawari,Sarai Dangarpora,623,42,2812,32.0
10429595751,1_623_42_2808_005017,,Muneer Ahmad Wagay,,,40,Male,Owner,Marginal  Farmer(Farmer having land <1 Hectare),PENDING,,,false,,OPERATOR,4676e60968b317f76f7e880cc26251a1b943ff7505610ad0e489aeb4ea83b35d,ODY1MzAwODIyNTc1,**** **** 2575,9622636318,,BANDIPORA,Sonawari,Gund i Khalil,623,42,2808,65.0
13099687862,1_623_40_2708_005012,,Jamid Ahmad Lone,,,44,Male,Owner,Marginal  Farmer(Farmer having land <1 Hectare),PENDING,,,false,,OPERATOR,282710f32619b65cb486febbbb420db1bb5ac640e50f76500a714742036b44d2,MzQ1MDMwNjkzNDg5,**** **** 3489,6006852527,,BANDIPORA,Gurez,Shah Pora - Achoora (Churwan),623,40,2708,55.0
36262189397,1_623_40_2708_005038,,Shamima Banoo,,,55,Female,Owner,Marginal  Farmer(Farmer having land <1 Hectare),PENDING,,,false,,OPERATOR,5f412a65185f802f9c4ac694156bf91a9d8d6c2032ee4fbe284956a8d2f471c2,NjQ4ODUxMDI5MzAy,**** **** 9302,7889513487,,BANDIPORA,Gurez,Shah Pora - Achoora (Churwan),623,40,2708,44.0
18020950297,1_623_6812_2712_005001,,Ghulam Mohammad Lone,,,65,Male,Owner,Marginal  Farmer(Farmer having land <1 Hectare),PENDING,,,false,,OPERATOR,7fcf91d90d4fa112e3bd205c88c65e2fb0ced6e9dcc412657ee42fbfe962c447,NjcwNjU0ODcyMDM5,**** **** 2039,7006390068,,BANDIPORA,Tulail,Dengithal,623,6812,2712,0.0
88649635130,1_623_6812_2724_005022,,Gh Mohammad Khan,,,55,Male,Owner,Marginal  Farmer(Farmer having land <1 Hectare),PENDING,,,false,,OPERATOR,753e77c70c5bd77da316e70390df4b9f30d31cde9f424970a96f5e896e6463c2,OTMxMzc0MzYzNjMy,**** **** 3632,9103032696,,BANDIPORA,Tulail,Baduaab,623,6812,2724,43.0
94556258311,1_623_6811_2783_005007,,MOHD ASHRAF PARAY,,,60,Male,Owner,Marginal  Farmer(Farmer having land <1 Hectare),PENDING,,,false,,OPERATOR,9ec749e15f311154b6890b33701d2de5992aaed2cb082ac9b2ea3bd593c91727,ODkxMjQ1MzM2NDE5,**** **** 6419,7889903119,,BANDIPORA,Hajin,Vijipara,623,6811,2783,53.0
83682288151,1_623_42_2797_005022,,MOHAMMAD RAFIQ AHANGER,,,39,Male,Owner,Marginal  Farmer(Farmer having land <1 Hectare),PENDING,,,false,,OPERATOR,2a16ade46b7c58bd78e60a0d8b4748630629021f09f160afe505bea55b446d89,NzkzNTE0NTIzNTI5,**** **** 3529,9858179995,,BANDIPORA,Sonawari,Hilalabad,623,42,2797,64.0
36241787868,1_623_42_2794_005027,,Abdul Rashid Ganai,,,63,Male,Owner,Marginal  Farmer(Farmer having land <1 Hectare),PENDING,,,false,,OPERATOR,b434d61a6105ecab8469ec7ab400bbe0a05dec047a5885c2e3e799f850978072,NjcyNTE3MzY3NDY0,**** **** 7464,6006561765,,BANDIPORA,Sonawari,Asham,623,42,2794,55.0
80016503553,1_623_6810_2777_005029,,Fayaz Ahmed Najar,,,55,Male,Owner,Marginal  Farmer(Farmer having land <1 Hectare),PENDING,,,false,,OPERATOR,ce7890df68ae6fa4c630aa37e1da082fdd020d221b3b8d3d7542392a9ba9798b,NDE1NzIxMzg0NTc3,**** **** 4577,9149407855,,BANDIPORA,Ajas,Ajas,623,6810,2777,0.0
87272114628,1_623_42_2812_005022,,Reyaz Ahmad Dar,,,44,Male,Owner,Marginal  Farmer(Farmer having land <1 Hectare),PENDING,,,false,,OPERATOR,ff80e5b74ca337f21584507ec37ab7e1869425db4fa90175c81466e5f987bf7a,NDM2MDcwMTU4NDMw,**** **** 8430,7889353563,,BANDIPORA,Sonawari,Sarai Dangarpora,623,42,2812,44.0
38421640276,1_623_42_2797_005023,,Sameer Ahmad Bhat,,,39,Male,Owner,Marginal  Farmer(Farmer having land <1 Hectare),PENDING,,,false,,OPERATOR,e0f82bdbb010fc8e8e371cb796196b5d288deea248372d94aed9fc8b3c804394,NzI5NzU5MjMyMjE5,**** **** 2219,7006825708,,BANDIPORA,Sonawari,Hilalabad,623,42,2797,23.0
42655180223,1_623_42_2794_005028,,Fayaz Ahmad Ganaie,,,41,Male,Owner,Marginal  Farmer(Farmer having land <1 Hectare),PENDING,,,false,,OPERATOR,79ed71e9758ae9e9253456707a44088c240ea411b94daa8fb160aeca4e400d47,NTgyMTkwMTcwMzU4,**** **** 0358,7006116440,,BANDIPORA,Sonawari,Asham,623,42,2794,64.0
26284746210,1_623_42_2794_005070,,Mohd Rafiq Kaloo,,,39,Male,Owner,Marginal  Farmer(Farmer having land <1 Hectare),PENDING,,,false,,OPERATOR,8043c86fd854197814f9f64205c0b49e2567ce73570a7b621a1f387101343ba5,MzYzODE2MjgwMDQ3,**** **** 0047,9906917011,,BANDIPORA,Sonawari,Asham,623,42,2794,62.0
55451098171,1_623_42_2810_005008,,Mohd Qazam Dar,,,56,Male,Owner,Marginal  Farmer(Farmer having land <1 Hectare),PENDING,,,false,,OPERATOR,e1c9d97fa80637462dd544c4caf3fd703707e4a0ba3951b1645701f255d88971,MzYyNjc3ODc3MDY2,**** **** 7066,7298930027,,BANDIPORA,Sonawari,Odina,623,42,2810,0.0
83336653610,1_623_40_2708_005046,,NASEEMA BAGUM,,,52,Female,Owner,Marginal  Farmer(Farmer having land <1 Hectare),PENDING,,,false,,OPERATOR,2a4a1149de9c25428535d1d727dfb922d2f1c68458a9a304b26bf7343def0e07,OTkxNTI0Mjc1MDY5,**** **** 5069,6005273300,,BANDIPORA,Gurez,Shah Pora - Achoora (Churwan),623,40,2708,34.0
74280497882,1_623_42_2797_005046,,Abdul Gani Ahanger,,,53,Male,Owner,Marginal  Farmer(Farmer having land <1 Hectare),PENDING,,,false,,OPERATOR,cf1d5f07ffbb34a64bf6c39c9efbdb35223274380ad1f23d44329124f6ee1cc0,OTYwMjc1OTUwMzMz,**** **** 0333,7006353682,,BANDIPORA,Sonawari,Hilalabad,623,42,2797,0.0
90229991888,1_623_42_2810_005025,,ALI MOHD BHAT,,,46,Male,Owner,Marginal  Farmer(Farmer having land <1 Hectare),PENDING,,,false,,OPERATOR,47c9f1737b7f0c779ff295fc0fd07c9a4be031d200f9f3e8cb2523f9dcc19a43,NjU3NDcyMzIxNjI5,**** **** 1629,7889488737,,BANDIPORA,Sonawari,Odina,623,42,2810,0.0
74121948087,1_623_6810_2777_005030,,Ghulam Hassan Ahangar,,,66,Male,Owner,Marginal  Farmer(Farmer having land <1 Hectare),APPROVED,,,false,,OPERATOR,c4331e37d07e1d32b47c672a33044e8806e819adcac90df4df491f4c3de847f7,NjAwNjcyNjI3MDY0,**** **** 7064,9541207635,,BANDIPORA,Ajas,Ajas,623,6810,2777,46.0
67038289784,1_623_40_2707_005030,,Mohammad Munawar Shangru,,,69,Male,Owner,Marginal  Farmer(Farmer having land <1 Hectare),PENDING,,,false,,OPERATOR,39904fc5e7d85bdb118a933ce744bd59376813c4f59de85d66f59aecc2f15a72,OTg1MTM1OTgzNDI4,**** **** 3428,7889847107,,BANDIPORA,Gurez,Markoot,623,40,2707,54.0
83401163400,1_623_6811_2700_005016,,GH HASSAN BHAT,,,42,Male,Owner,Marginal  Farmer(Farmer having land <1 Hectare),PENDING,,,false,,OPERATOR,abc442753ef68b315ffbe74589a4395eb5ab412d39bfe62d07c3f5700f617f62,NTgwNTg0NTY2ODIz,**** **** 6823,8082318793,,BANDIPORA,Hajin,Gulshanpora,623,6811,2700,43.0
16096729605,1_623_41_2761_005002,,Aarif Bashir Dar,,,34,Male,Owner,Marginal  Farmer(Farmer having land <1 Hectare),PENDING,,,false,,OPERATOR,fc0498380466028c7e5f7d019da43d19bed2355d76eef73c10666bee099e4681,NzYxOTAxNzg2ODcw,**** **** 6870,9622491929,,BANDIPORA,Bandipora,Gamroo,623,41,2761,66.0
14238838393,1_623_6812_2724_005024,,MOHD YOUSAF NAIK,,,64,Male,Owner,Marginal  Farmer(Farmer having land <1 Hectare),APPROVED,,,false,,OPERATOR,270479936b2999801df94401f68133c7413170377d1e905a8f746f364d131b52,NDg1NTUxMzUzMTcw,**** **** 3170,9103056196,,BANDIPORA,Tulail,Baduaab,623,6812,2724,36.0
78950775622,1_623_42_2809_005010,,Javeed Ahmad Parray,,,38,Male,Owner,Marginal  Farmer(Farmer having land <1 Hectare),PENDING,,,false,,OPERATOR,64ac14c8a66aac66960c586862283be15432ea42e2558b13390728d2c75cbb27,NjYzNzc4ODcwNjYz,**** **** 0663,9906045864,,BANDIPORA,Sonawari,Trigam,623,42,2809,33.0
16545069571,1_623_6811_2778_005023,,Ishfaq Abdullah Rather,,,34,Male,Owner,Marginal  Farmer(Farmer having land <1 Hectare),PENDING,,,false,,OPERATOR,b5179401c960aeece1cf684728e4d118ba9fdbcdb93be2556bf090071e172c61,OTcxNjA4MDM2MDUz,**** **** 6053,7889516650,,BANDIPORA,Hajin,Gundi Saderkote,623,6811,2778,35.0
76960110066,1_623_6812_2724_005049,,Shams Ud Din Lone,,,57,Male,Owner,Marginal  Farmer(Farmer having land <1 Hectare),PENDING,,,false,,OPERATOR,e4168c02a56159a7928a59590e733fa62a75b1b939b1f5ea3312ef1fe7c23c93,NTI2NDQzOTQ0MTU4,**** **** 4158,6006969442,,BANDIPORA,Tulail,Baduaab,623,6812,2724,61.0
55264272851,1_623_40_2708_005033,,Altaf Hussain Lone,,,42,Male,Owner,Marginal  Farmer(Farmer having land <1 Hectare),PENDING,,,false,,OPERATOR,487e1b507ca7114c56d97b5f57ce47f6406d1e26bef4a62ae791da36f53b7213,ODg4MjIzNTMxOTc4,**** **** 1978,9596949729,,BANDIPORA,Gurez,Shah Pora - Achoora (Churwan),623,40,2708,61.0
31936018260,1_623_6812_2716_005045,,AB QUYOOM MIR,,,54,Male,Owner,Marginal  Farmer(Farmer having land <1 Hectare),PENDING,,,false,,OPERATOR,d2fa7b0914a3168965233ff9c217f28a98488f0352851653f9badc9b8f6d1fd9,NDc1NTMxMjczMTU3,**** **** 3157,7889487151,,BANDIPORA,Tulail,Neeru,623,6812,2716,42.0
62659926542,1_623_6811_2783_005016,,Qurat Ul Ain,,,32,Female,Owner,Marginal  Farmer(Farmer having land <1 Hectare),PENDING,,,false,,OPERATOR,1e2720755d6fc1599c81f758b14f5d050cbfbbb95d44a3337277770822d09914,ODEwNTQ0MTcyNjAz,**** **** 2603,7889664381,,BANDIPORA,Hajin,Vijipara,623,6811,2783,0.0
51444889030,1_623_40_2708_005034,,Hajra Bagum,,,70,Female,Owner,Marginal  Farmer(Farmer having land <1 Hectare),PENDING,,,false,,OPERATOR,4ee201650486257fb318c179ad6ee9f0f87a07294e78c15f3fdcfc1fb8099117,MzE1MzQ2ODQxNTIw,**** **** 1520,7780814384,,BANDIPORA,Gurez,Shah Pora - Achoora (Churwan),623,40,2708,57.0
29500321064,1_623_42_2794_005116,,Haji Gh Mohd Shah,,,82,Male,Owner,Marginal  Farmer(Farmer having land <1 Hectare),PENDING,,,false,,OPERATOR,94ae4a82ffe7a59e3123d91d70de8c0448fd1bb28f000510e2b4576de5460b4f,OTQzNTc0OTg4MzU5,**** **** 8359,9797256940,,BANDIPORA,Sonawari,Asham,623,42,2794,29.0
32999819248,1_623_6811_2783_005017,,Gh Nabi Parray,,,81,Male,Owner,Marginal  Farmer(Farmer having land <1 Hectare),PENDING,,,false,,OPERATOR,ffb987ec6db01189da3010508f62231de72bad27ffa229f1e4ec17af6c1da220,NzU1ODEzNjM5NDkz,**** **** 9493,9622568558,,BANDIPORA,Hajin,Vijipara,623,6811,2783,0.0
22260447640,1_623_6812_2724_005059,,Dilshada Begum,,,51,Female,Owner,Marginal  Farmer(Farmer having land <1 Hectare),PENDING,,,false,,OPERATOR,58c4f149a974de3028dda6e8a7e36c58bfad86bb2b4899add9d23a0c3c97f9fe,NTMwNjk3NTI5ODk4,**** **** 9898,9103069415,,BANDIPORA,Tulail,Baduaab,623,6812,2724,50.0
71257942781,1_623_6809_2744_005013,,Asif Iqbal Wani,,,46,Male,Owner,Marginal  Farmer(Farmer having land <1 Hectare),PENDING,,,false,,OPERATOR,950a0e13b07cfd6a55c24d86d9859fcedeb0b7ff26ba02969646ae0fcd51fae1,NTkwNzc0MDc4MzQ1,**** **** 8345,9596002155,,BANDIPORA,Aloosa,Mangnipora,623,6809,2744,65.0
81588532356,1_623_40_2705_005032,,Ab Rahim Mapnoo,,,58,Male,Owner,Marginal  Farmer(Farmer having land <1 Hectare),PENDING,,,false,,OPERATOR,b5a051af9aff1e7214c9970bd3586636d684b5162fe0de19c1694d67e9dfd678,OTQyNzIxMzg3NDgy,**** **** 7482,6005534447,,BANDIPORA,Gurez,Badwan,623,40,2705,37.0
54543344292,1_623_42_2794_005137,,Mohd Ashraf Bhat,,,36,Male,Owner,Marginal  Farmer(Farmer having land <1 Hectare),PENDING,,,false,,OPERATOR,2a15786930bb3435afd536be2f53f361a32cbec5932aae728c4f81d16131ca8f,MjY3Njk2MjM0ODgy,**** **** 4882,9149559450,,BANDIPORA,Sonawari,Asham,623,42,2794,43.0
28555014184,1_623_40_2707_005056,,MOHD IQBAL SHEIKH,,,48,Male,Owner,Marginal  Farmer(Farmer having land <1 Hectare),PENDING,,,false,,OPERATOR,9dedd3f4daffbbcef560b692c3696dac85b31a138d28935710b402a3d5c8bd1f,MzMzODAyNzE0MDY4,**** **** 4068,9469764004,,BANDIPORA,Gurez,Markoot,623,40,2707,53.0
40814578636,1_623_42_2797_005024,,Mohmad Yaseen Bhat,,,34,Male,Owner,Marginal  Farmer(Farmer having land <1 Hectare),PENDING,,,false,,OPERATOR,de1b4f6ddff8395a0edfb472b2a6e59d2fa4a79421991e805b7d76d150a2dee4,OTYxMTQ0MzE2MTI0,**** **** 6124,9906006309,,BANDIPORA,Sonawari,Hilalabad,623,42,2797,55.0
62700309720,1_623_42_2812_005025,,ASAD ULLAH RATHER,,,61,Male,Owner,Marginal  Farmer(Farmer having land <1 Hectare),PENDING,,,false,,OPERATOR,8a2750340506d18d11ea0d9948f030b4605783d6f5375dcf17fbee42b6ca7abb,MzEyMjU5MzAxMjk4,**** **** 1298,7006192874,,BANDIPORA,Sonawari,Sarai Dangarpora,623,42,2812,32.0
47836915676,1_623_41_936281_005000,,MOHAMMAD YOUSUF SHEIKH,,,59,Male,Owner,Marginal  Farmer(Farmer having land <1 Hectare),PENDING,,,false,,OPERATOR,d4f597394e7766903f08b44d8447df1a827841017b37c7ac0b5cfb2c128012f8,NDA4MTAyMDAzNjA5,**** **** 3609,9797775733,,BANDIPORA,Bandipora,Nass,623,41,936281,66.0
28409134945,1_623_42_2802_005005,,Raja,,,73,Female,Owner,Marginal  Farmer(Farmer having land <1 Hectare),PENDING,,,false,,OPERATOR,528e9c4033bf6cedc4c9a407691bd3e1d88eefd17e875e5037b6072fa0ad8285,MzE1NDcxMTY2NTAy,**** **** 6502,8082509329,,BANDIPORA,Sonawari,NOWGAM,623,42,2802,50.0
82908886684,1_623_6811_2778_005007,,Abdul Hamid Rather,,,56,Male,Owner,Marginal  Farmer(Farmer having land <1 Hectare),PENDING,,,false,,OPERATOR,a62b65eefab5d13c7f8ab6f7fdb9c00b9a806bc3405668330ab292430354b36d,OTcwMzEwOTM2MzMz,**** **** 6333,7298715673,,BANDIPORA,Hajin,Gundi Saderkote,623,6811,2778,59.0
67249182327,1_623_6812_2716_005028,,BAKTHAWER MIR,,,54,Male,Owner,Marginal  Farmer(Farmer having land <1 Hectare),APPROVED,,,false,,OPERATOR,3bd7e2bcf259f72346633ba831c23860e02993cf1d9c534957252dba0b1c4389,NzYzMzYwODEwMjU3,**** **** 0257,7006676983,,BANDIPORA,Tulail,Neeru,623,6812,2716,34.0
74005673397,1_623_6811_2778_005017,,MOHD ASADULLAH RATHER,,,56,Male,Owner,Marginal  Farmer(Farmer having land <1 Hectare),PENDING,,,false,,OPERATOR,eb7365308663bbc22ac0b4d6648c9b4dffba7eba947dbba216b2d103131a0c00,ODU3ODg4NDE5ODY1,**** **** 9865,8803949584,,BANDIPORA,Hajin,Gundi Saderkote,623,6811,2778,32.0
19953179971,1_623_40_2708_005013,,Mohd Ashraf Khan,,,58,Male,Owner,Marginal  Farmer(Farmer having land <1 Hectare),PENDING,,,false,,OPERATOR,44dfa0db1621a352972dff7630d77358200f0f5cda8b973463a10f85e272a3ca,NDI0MDA3ODMwMTU0,**** **** 0154,8899943158,,BANDIPORA,Gurez,Shah Pora - Achoora (Churwan),623,40,2708,56.0
20314792363,1_623_6811_2700_005032,,Mudasir Ahmad Malla,,,37,Male,Owner,Marginal  Farmer(Farmer having land <1 Hectare),PENDING,,,false,,OPERATOR,34098ee48551dfd06c86c3e6ac46121a5ad3698cc3ed0199d3212ae0131391a9,Mjg5ODEwNjIxNzA1,**** **** 1705,7006744399,,BANDIPORA,Hajin,Gulshanpora,623,6811,2700,66.0
24164139184,1_623_40_2707_005029,,Gh Ahmed Akhoon,,,59,Male,Owner,Marginal  Farmer(Farmer having land <1 Hectare),PENDING,,,false,,OPERATOR,493d41b4355ed44d73cdc8de3317518c67ebf401e93d1d6b6e84045e7a382513,MzkzMDYzNDU1Mjk2,**** **** 5296,7006770689,,BANDIPORA,Gurez,Markoot,623,40,2707,61.0
79333768252,1_623_42_2794_005053,,Lateef Ur Rahman,,,45,Male,Owner,Marginal  Farmer(Farmer having land <1 Hectare),APPROVED,,,false,,OPERATOR,a19a586673ef7bb9ff8ca16ba3494e30febfa164f3823a86bb5a337314100a9d,OTEzMDU5NDEwODI1,**** **** 0825,9596381231,,BANDIPORA,Sonawari,Asham,623,42,2794,88.0
51927323235,1_623_6812_2724_005025,,Mukhtar Ahmad Lone,,,42,Male,Owner,Marginal  Farmer(Farmer having land <1 Hectare),PENDING,,,false,,OPERATOR,a80c04928e8130d51298c9dfae81586bf78fab3bc2a66e26f6a9234e6078bcfd,Njc2MzIwMzM3MDQ1,**** **** 7045,7780904064,,BANDIPORA,Tulail,Baduaab,623,6812,2724,40.0
17587127192,1_623_6812_2724_005047,,Sirajudian Khan,,,43,Male,Owner,Marginal  Farmer(Farmer having land <1 Hectare),PENDING,,,false,,OPERATOR,5a3a95e32ab046bf3fb77acb90803b3bf2d59e501c45202a14112351a9013432,NDg4Nzk4MjA3NzE3,**** **** 7717,6006982778,,BANDIPORA,Tulail,Baduaab,623,6812,2724,0.0
87515121518,1_623_40_2708_005020,,Faizul Waheed Khan,,,25,Male,Owner,Marginal  Farmer(Farmer having land <1 Hectare),PENDING,,,false,,OPERATOR,5806212afc42186143336a6b5c10b11514b806a7eb0cc2341bfae75859bb830d,OTk1MzE5MTA0NTEw,**** **** 4510,6006204261,,BANDIPORA,Gurez,Shah Pora - Achoora (Churwan),623,40,2708,33.0
55167274176,1_623_6812_2716_005027,,Ghulam Ahmad Mir,,,60,Male,Owner,Marginal  Farmer(Farmer having land <1 Hectare),PENDING,,,false,,OPERATOR,3f0fec9deb12a6bc4dedc411999437d3af6c3efb4c482f921b8a5d0f2ca614c8,OTU5NDYwNDM4NTE2,**** **** 8516,6006102680,,BANDIPORA,Tulail,Neeru,623,6812,2716,0.0
23582454214,1_623_42_2797_005047,,Ab Rashid Bhat,,,58,Male,Owner,Marginal  Farmer(Farmer having land <1 Hectare),PENDING,,,false,,OPERATOR,4cce71b2093a33fb93903745ddf037eb8c31772e974f7869938ed2235aba37f3,MjUzNjcwODQ0Nzk4,**** **** 4798,9858352008,,BANDIPORA,Sonawari,Hilalabad,623,42,2797,44.0
43893738161,1_623_6812_2724_005070,,Mohammad Afzal Mapnoo,,,64,Male,Owner,Marginal  Farmer(Farmer having land <1 Hectare),PENDING,,,false,,OPERATOR,2a2eed307c06c9c9e7241c7d79e699a5b54fafc1d10cafa4eced86d81269b3d8,OTE0Njk3NDE1NDE3,**** **** 5417,8803577238,,BANDIPORA,Tulail,Baduaab,623,6812,2724,0.0
11440388485,1_623_6812_2724_005051,,Manzoor Ahmad Lone,,,54,Male,Owner,Marginal  Farmer(Farmer having land <1 Hectare),PENDING,,,false,,OPERATOR,6d581802856079effceeb9037488b7c696f40c60fd103a4a0ac3d17981bfdb45,NzM0MjI0MTUwNzk3,**** **** 0797,7780848823,,BANDIPORA,Tulail,Baduaab,623,6812,2724,56.0
92078481903,1_623_6812_2724_005038,,HAIDER KHAN,,,55,Male,Owner,Marginal  Farmer(Farmer having land <1 Hectare),APPROVED,,,false,,OPERATOR,d04299e734c2f18eff1da29e55587c3388a792927a91caae28bb2c276519cb6d,Njk1NjEyNjgzNjkz,**** **** 3693,6006937919,,BANDIPORA,Tulail,Baduaab,623,6812,2724,35.0
30143682915,1_623_6812_2724_005061,,MOHD AFZAL KHAN,,,52,Male,Owner,Marginal  Farmer(Farmer having land <1 Hectare),APPROVED,,,false,,OPERATOR,2067245672f72a3a556cf9d01a53572d47603b171f0935bf181482162aa0709f,MjY1NjUxOTc3OTcy,**** **** 7972,7889354547,,BANDIPORA,Tulail,Baduaab,623,6812,2724,43.0
70519921182,1_623_42_2810_005022,,Ghulam Rasool Mir,,,43,Male,Owner,Marginal  Farmer(Farmer having land <1 Hectare),PENDING,,,false,,OPERATOR,cf7b43eebf610c0cd00db3d8dd8530f5c365d22d2fa0c4a47c7597436b6221b8,OTUxMzMyNDgyODA3,**** **** 2807,9906124355,,BANDIPORA,Sonawari,Odina,623,42,2810,56.0
36108878216,1_623_40_2708_005024,,HAJEERA BAGUM,,,61,Female,Owner,Marginal  Farmer(Farmer having land <1 Hectare),PENDING,,,false,,OPERATOR,d6914465278f407cb3afc235b5502f74dff38ba99f4adf2625c8b2097e49d58e,NjA1NzI2MzAxNzk1,**** **** 1795,9469138923,,BANDIPORA,Gurez,Shah Pora - Achoora (Churwan),623,40,2708,50.0
21817020466,1_623_42_2800_005003,,Zahoor Ahmad Dar,,,53,Male,Owner,Marginal  Farmer(Farmer having land <1 Hectare),PENDING,,,false,,OPERATOR,eebaf49e67d3415754b2b883bad2938de91bfdebe2beb564137313d3e7acdbcb,NzcwMTgxNjE0NjI4,**** **** 4628,9541691817,,BANDIPORA,Sonawari,Rakh Shilvat,623,42,2800,66.0
11526503193,1_623_42_2794_005054,,Ghulam Rasool Khan,,,57,Male,Owner,Small Farmer (Farmer having Land >=1 & <2 Hectare),PENDING,,,false,,OPERATOR,8b45b1313b37cb82a68a1d18cb508ae638342bc45f5ae43651ac44f3a3e9134e,MjQxODI2ODE5NTky,**** **** 9592,9149940701,,BANDIPORA,Sonawari,Asham,623,42,2794,46.0
55147342243,1_623_6812_2724_005028,,Gh Nabi Khan,,,43,Male,Owner,Marginal  Farmer(Farmer having land <1 Hectare),PENDING,,,false,,OPERATOR,4674e73c311d3acfc65a63e38817d26a4fff8557c7b83bba00f1d287d2b1b587,OTAxMTAzNzcwNzY2,**** **** 0766,9149895346,,BANDIPORA,Tulail,Baduaab,623,6812,2724,0.0
87378250390,1_623_40_2707_005032,,Mohd Yaqub Sheikh,,,37,Male,Owner,Marginal  Farmer(Farmer having land <1 Hectare),PENDING,,,false,,OPERATOR,cb2dda70cc964ebb188fea3a9a8ecf2aba687188fc43c1886b826a30d84b7285,NzI3OTM0NDQwNzAw,**** **** 0700,7006825140,,BANDIPORA,Gurez,Markoot,623,40,2707,52.0
17163658518,1_623_6812_2716_005035,,Bashir Ah Mir,,,74,Male,Owner,Marginal  Farmer(Farmer having land <1 Hectare),PENDING,,,false,,OPERATOR,e6a4bbfbbc38a9ca1e311774293f9b213ea8a1d238ce97f653d92a0387519b34,NTYzOTIxMDM4Njk4,**** **** 8698,9469737443,,BANDIPORA,Tulail,Neeru,623,6812,2716,23.0
24064808008,1_623_6809_2744_005029,,Muzzafar Ahmad Wani,,,71,Male,Owner,Marginal  Farmer(Farmer having land <1 Hectare),PENDING,,,false,,OPERATOR,c4e9fa8679fe3af12fbf9820b36c7c7352a22b4e7ba30577bcac3d49a0a71bc3,NTA3MjQ4OTA5OTM4,**** **** 9938,9541234240,,BANDIPORA,Aloosa,Mangnipora,623,6809,2744,55.0
29599962650,1_623_42_2794_005030,,Ghulam Hassan Koul,,,61,Male,Owner,Marginal  Farmer(Farmer having land <1 Hectare),PENDING,,,false,,OPERATOR,aa06b13248e6ae3209059ce6498c5cd0d2d6bb706d00014ff10a5138d52b3579,NDY1NTgyOTQ1MjEz,**** **** 5213,9622540639,,BANDIPORA,Sonawari,Asham,623,42,2794,46.0
89073387295,1_623_6812_2724_005045,,MOHD AFZAL LONE,,,48,Male,Owner,Marginal  Farmer(Farmer having land <1 Hectare),APPROVED,,,false,,OPERATOR,517bb40cfcf4854970f8c6edbfa31fa797a69a5d41409e7fec055ba8371b2d76,Njg2MzQxODQzODEz,**** **** 3813,6006296272,,BANDIPORA,Tulail,Baduaab,623,6812,2724,43.0
24736759118,1_623_42_2797_005026,,Shabir Ahmad Bhat,,,35,Male,Owner,Marginal  Farmer(Farmer having land <1 Hectare),PENDING,,,false,,OPERATOR,6a765404fbe831da5b7960fbc98fc8955a8f93ba0691944f04f6d57cd0aad9b8,MzI3NDYzNjQ5OTg1,**** **** 9985,9596304121,,BANDIPORA,Sonawari,Hilalabad,623,42,2797,46.0
94377581984,1_623_42_2797_005025,,Mohammad Zahid Reshi,,,30,Male,Owner,Marginal  Farmer(Farmer having land <1 Hectare),PENDING,,,false,,OPERATOR,92e9686c107c7ee86afbabff2b7fa98aedcbeb77bd990947361baa459fa1990e,NTg1Nzk1ODAyMjky,**** **** 2292,6005655299,,BANDIPORA,Sonawari,Hilalabad,623,42,2797,46.0
75143147923,1_623_42_2794_005031,,Ali Mohd Ganaie,,,78,Male,Owner,Marginal  Farmer(Farmer having land <1 Hectare),PENDING,,,false,,OPERATOR,dc6a142b6e67523a4dee1a8ba4440a60d294e737b6755c19bbecc993aaccc2cb,NTI0NzAwNzAwNjYx,**** **** 0661,9906833032,,BANDIPORA,Sonawari,Asham,623,42,2794,63.0
37851720847,1_623_6810_2777_005031,,Ghulam Nabi Gojar Matravi,,,67,Male,Owner,Marginal  Farmer(Farmer having land <1 Hectare),PENDING,,,false,,OPERATOR,c608ddfc16dcc2c1c58490435ffac3eb5c3539a0fe9f5e178ffaab261a0fd63c,NDc4ODE5MzQ2ODU5,**** **** 6859,8899050364,,BANDIPORA,Ajas,Ajas,623,6810,2777,0.0
52571422608,1_623_42_2809_005004,,Ghulam Mohammad Bhat,,,71,Male,Owner,Marginal  Farmer(Farmer having land <1 Hectare),PENDING,,,false,,OPERATOR,5de9a7147dfb5346f76d03dbfde14d3233ff10e719f997fc229475ceae9b62f8,NjM1Mzc4ODQwNTM0,**** **** 0534,9697497610,,BANDIPORA,Sonawari,Trigam,623,42,2809,47.0
11238517399,1_623_42_2810_005015,,Nisar Ahmad Mir,,,48,Male,Owner,Marginal  Farmer(Farmer having land <1 Hectare),PENDING,,,false,,OPERATOR,9df2b579651be4ba1f6d69ff716ae78eb82f2bc3233c08d60d8fb0e5e100ded5,ODA0ODQ2NDgzNTE1,**** **** 3515,9541516983,,BANDIPORA,Sonawari,Odina,623,42,2810,56.0
49747443368,1_623_6812_2716_005024,,JUMMA WANI,,,71,Male,Owner,Marginal  Farmer(Farmer having land <1 Hectare),APPROVED,,,false,,OPERATOR,4fa1b8ea6b0b38d54f46befd6cc30f81c0fc815a38ed3125f14077f59fcb7ded,NDYyOTE4NDYyMDM3,**** **** 2037,7006996034,,BANDIPORA,Tulail,Neeru,623,6812,2716,34.0
88301008727,1_623_6812_2716_005023,,Mohammad Munawar Wani,,,73,Male,Owner,Marginal  Farmer(Farmer having land <1 Hectare),APPROVED,,,false,,OPERATOR,f8eb480a229b0511536215dcb0a197503cbee614c8655b0a184549cf389d3395,NjA0MjYxODc5NjQ2,**** **** 9646,7006996034,,BANDIPORA,Tulail,Neeru,623,6812,2716,37.0
92764306589,1_623_6812_2716_005029,,ALI MIR,,,61,Male,Owner,Marginal  Farmer(Farmer having land <1 Hectare),APPROVED,,,false,,OPERATOR,a8eba599ae40e0fbeeacfe31aaae4422dfa6e6ff9fcf07153a9edbd35b9c75cf,NDI3NDk1MzQ1NDQ3,**** **** 5447,7006676983,,BANDIPORA,Tulail,Neeru,623,6812,2716,28.0
15825564016,1_623_42_2809_005011,,Abdul Aziz Parray,,,41,Male,Owner,Marginal  Farmer(Farmer having land <1 Hectare),PENDING,,,false,,OPERATOR,6b2f5fe1dd24a67b71e0a06a80ef68528194fab84d65a439b7ae6373bc6e2448,MzM4NTA2MDE3NzQ0,**** **** 7744,9906470589,,BANDIPORA,Sonawari,Trigam,623,42,2809,56.0
81691565803,1_623_6812_2716_005026,,Ghulam Mir,,,65,Male,Owner,Marginal  Farmer(Farmer having land <1 Hectare),APPROVED,,,false,,OPERATOR,3a1a064db9b4d6ab094cf9e4618441d5e903e529b5e64996490abfd5f71d6113,NzM3MTUzODEwNTEz,**** **** 0513,9149421272,,BANDIPORA,Tulail,Neeru,623,6812,2716,34.0
64111663469,1_623_42_2810_005018,,Zainab Begum,,,43,Female,Owner,Marginal  Farmer(Farmer having land <1 Hectare),PENDING,,,false,,OPERATOR,8d08c11935f4c5902d88f027d7f6e8788c02bc06a17028b66511465db34bb47f,Mjg3MzE4Mjg2NTA5,**** **** 6509,7298441951,,BANDIPORA,Sonawari,Odina,623,42,2810,54.0
54359568652,1_623_6812_2716_005025,,MUSHTAQ AHMAD MIR,,,39,Male,Owner,Marginal  Farmer(Farmer having land <1 Hectare),APPROVED,,,false,,OPERATOR,617424228b2b7be131d9d48ff4f0d89a48d36dda54100b1f0fc48f6eca966b33,NzYyNTU0OTEzOTQz,**** **** 3943,6006107707,,BANDIPORA,Tulail,Neeru,623,6812,2716,61.0
66272962571,1_623_40_2707_005015,,Mohd Anwer Lone,,,71,Male,Owner,Marginal  Farmer(Farmer having land <1 Hectare),PENDING,,,false,,OPERATOR,19f34790dc93f1f0fbe0d4e1a650deafbec0391ec04e5f801a353afd30332fd5,MzE0NTc1NjI3MjI0,**** **** 7224,6005014378,,BANDIPORA,Gurez,Markoot,623,40,2707,25.0
85085423920,1_623_6812_2716_005015,,AB GANI MIR,,,58,Male,Owner,Marginal  Farmer(Farmer having land <1 Hectare),APPROVED,,,false,,OPERATOR,6efc02feee7157bc0e3e113b19945b3084533469ee8ef16c9b476eb2ef2860a0,NTUxNDc3MjY5NjE4,**** **** 9618,9149508294,,BANDIPORA,Tulail,Neeru,623,6812,2716,44.0
12293503259,1_623_6812_2724_005060,,Mohidin Khan,,,45,Male,Owner,Marginal  Farmer(Farmer having land <1 Hectare),PENDING,,,false,,OPERATOR,3a649ade3b09c51e6e37545d20a174cf0dc48f1610d703c96d9002c072a1f0af,NDUwMTg3NzI3NTI5,**** **** 7529,9149559129,,BANDIPORA,Tulail,Baduaab,623,6812,2724,61.0
32961600125,1_623_6809_2744_005014,,ARIF IQBAL WANI,,,43,Male,Owner,Marginal  Farmer(Farmer having land <1 Hectare),PENDING,,,false,,OPERATOR,239bf0ea7804d6816aaf6e8e44f963afd2c3e939dde34d848c4cb15832367d4f,OTkzMDc3MjYyNDQ3,**** **** 2447,8825015737,,BANDIPORA,Aloosa,Mangnipora,623,6809,2744,65.0
59054955316,1_623_40_2708_005035,,Irfan Mohmad Khan,,,38,Male,Owner,Marginal  Farmer(Farmer having land <1 Hectare),PENDING,,,false,,OPERATOR,b023bbfc16c6fb748ea79fad6df2ac6b0a734132999d1572337bbcdfd86fae41,NjUyMTM4NTUzMjY1,**** **** 3265,7889319689,,BANDIPORA,Gurez,Shah Pora - Achoora (Churwan),623,40,2708,43.0
47025077161,1_623_42_2808_005013,,ARIFA BANO,,,33,Female,Owner,Marginal  Farmer(Farmer having land <1 Hectare),PENDING,,,false,,OPERATOR,ee77382019e3f807bd094f3e21e1f3ab890bfae777fee3d480ecaedb7254d486,NjYxNjIyMDQzOTMx,**** **** 3931,7006893043,,BANDIPORA,Sonawari,Gund i Khalil,623,42,2808,50.0
36859695864,1_623_42_2810_005024,,MOHD YOUSUF BHAT,,,61,Male,Owner,Marginal  Farmer(Farmer having land <1 Hectare),PENDING,,,false,,OPERATOR,318d3852834385d83f2eba5f5b656a13c33d444ed1498cf549e80cf978a2ebc7,OTExMjM4MDM5NTI3,**** **** 9527,7889307935,,BANDIPORA,Sonawari,Odina,623,42,2810,43.0
50747823126,1_623_42_2812_005053,,FATIMA BEGUM,,,63,Female,Owner,Marginal  Farmer(Farmer having land <1 Hectare),PENDING,,,false,,OPERATOR,39781184f07c3d0badf26c97bc386e662b177878940cb386c1f3e71b6f2e59b8,NjI0OTgyODkzNjA5,**** **** 3609,7006381632,,BANDIPORA,Sonawari,Sarai Dangarpora,623,42,2812,11.0
85390178397,1_623_42_2794_005034,,MOHD AKBAR PARRAY,,,61,Male,Owner,Marginal  Farmer(Farmer having land <1 Hectare),PENDING,,,false,,OPERATOR,9bf045c736a6e1a74949ba2c8d02ce0c074dd061792695e302418686564644f1,ODQ2NzczMjg2NTk3,**** **** 6597,9596121652,,BANDIPORA,Sonawari,Asham,623,42,2794,53.0
96534598937,1_623_40_2708_005072,,Zaibullah Lone,,,72,Male,Owner,Marginal  Farmer(Farmer having land <1 Hectare),PENDING,,,false,,OPERATOR,fca3ea3cd9eb5eee92cf56c732d2a29211c404dc8f322ce76ad5c4f28f9e4d81,NDIxNDk4NDczODA4,**** **** 3808,6006693266,,BANDIPORA,Gurez,Shah Pora - Achoora (Churwan),623,40,2708,55.0
15410456897,1_623_6812_2724_005103,,Ab Rasheed Khan,,,55,Male,Owner,Marginal  Farmer(Farmer having land <1 Hectare),PENDING,,,false,,OPERATOR,80989b1636a5c9fdcb144af8d941c05c834f82ef6cf543376d5ab00a5c32585a,ODUzNjI5NjcxNjY2,**** **** 1666,6006950578,,BANDIPORA,Tulail,Baduaab,623,6812,2724,0.0
48602923330,1_623_6812_2724_005127,,Abdul Kabir Naik,,,54,Male,Owner,Marginal  Farmer(Farmer having land <1 Hectare),PENDING,,,false,,OPERATOR,fcd0b4b238d15852cfd535ef331e6ad9c17d78b63a996a18d34ecd31b859573a,NjkxNzcyNzg0MTU4,**** **** 4158,9682558662,,BANDIPORA,Tulail,Baduaab,623,6812,2724,0.0
89440192072,1_623_6812_2724_005053,,Mohammad Habib Khan,,,75,Male,Owner,Marginal  Farmer(Farmer having land <1 Hectare),PENDING,,,false,,OPERATOR,341c9457eae181e2d2783da06d0733e4cc45e364aeb9f399e9ee4c01e9f5af1e,NzY5MDkzMjIxMjI2,**** **** 1226,6005709278,,BANDIPORA,Tulail,Baduaab,623,6812,2724,23.0
66111222892,1_623_42_2809_005005,,Manzoor Ahmad Bhat,,,48,Male,Owner,Marginal  Farmer(Farmer having land <1 Hectare),PENDING,,,false,,OPERATOR,ea641ced630993c31401f4a389dd1b7ab486a077f2999ce3849b0ac8bd9cc04b,OTI4OTgwNzExNjM0,**** **** 1634,9906809031,,BANDIPORA,Sonawari,Trigam,623,42,2809,17.0
73963504406,1_623_42_2800_005004,,Taja Begum,,,76,Female,Owner,Marginal  Farmer(Farmer having land <1 Hectare),PENDING,,,false,,OPERATOR,ca0991115c3de7787746611a4ec06ebdda8f371d7de209df5e0ea28d0b3cf06b,NjM0NzIzNTg4MDI1,**** **** 8025,7889409431,,BANDIPORA,Sonawari,Rakh Shilvat,623,42,2800,25.0
85997358134,1_623_42_2810_005023,,GH HYDER BHAT,,,43,Male,Owner,Marginal  Farmer(Farmer having land <1 Hectare),PENDING,,,false,,OPERATOR,3976237a25fbecaadbdfbbd62b64261145285e9a6d65456c37177e9e57a2ab2b,MzczMDM3NzQ0MDgy,**** **** 4082,9858432262,,BANDIPORA,Sonawari,Odina,623,42,2810,0.0
99194828814,1_623_6811_2700_005018,,Abdul Hamid Dar,,,51,Male,Owner,Marginal  Farmer(Farmer having land <1 Hectare),PENDING,,,false,,OPERATOR,fdb7c5f51205904595b7b8e9f16f559614b3d05ee7e492070fd200852df50397,NzMxOTA4OTgxNDg0,**** **** 1484,6006907994,,BANDIPORA,Hajin,Gulshanpora,623,6811,2700,56.0
39305611006,1_623_6811_2778_005021,,Zahid Ahmad Rather,,,30,Male,Owner,Marginal  Farmer(Farmer having land <1 Hectare),PENDING,,,false,,OPERATOR,16f6facfda7312180fb031953bdee6f1a2cd49d64f20935c173652c84efc2199,OTY4Mjk0MTA1MTc5,**** **** 5179,6005474977,,BANDIPORA,Hajin,Gundi Saderkote,623,6811,2778,0.0
99548912549,1_623_41_2768_005019,,MOHAMMAD MUNAWAR MIR,,,44,Male,Owner,Marginal  Farmer(Farmer having land <1 Hectare),PENDING,,,false,,OPERATOR,91fcd0cc40ec2bdeeb4300b0a0ffba2773aac2b6994a20f2011a469d31a0581a,MjIyNjM0MDMxMDQz,**** **** 1043,8493915088,,BANDIPORA,Bandipora,Garoora,623,41,2768,61.0
69925009408,1_623_40_2707_005034,,Jamil Ahmad Akhoon,,,47,Male,Owner,Marginal  Farmer(Farmer having land <1 Hectare),PENDING,,,false,,OPERATOR,cbabe497d29f3397b5de2b926b095e22716bfc8d246c024735a52f0485f1d97c,MzQyNDI2MjYzNTE3,**** **** 3517,7889809917,,BANDIPORA,Gurez,Markoot,623,40,2707,41.0
76078016229,1_623_42_2810_005019,,Mohd Alim Bhat,,,71,Male,Owner,Marginal  Farmer(Farmer having land <1 Hectare),PENDING,,,false,,OPERATOR,fcb743c2d2c60b01abe40c82cde1c69424c90d74ff57379e2e0250b3723799aa,NTcyOTUwNjkxNDkw,**** **** 1490,7298441951,,BANDIPORA,Sonawari,Odina,623,42,2810,23.0
56713144257,1_623_6812_2712_005003,,JUMA LONE,,,65,Male,Owner,Marginal  Farmer(Farmer having land <1 Hectare),PENDING,,,false,,OPERATOR,e3922d7e0e744514a068825e31eaaa887c6549070530126005d288dabd282309,Nzc3ODcxMjY2MjIy,**** **** 6222,6005889673,,BANDIPORA,Tulail,Dengithal,623,6812,2712,35.0
41743495016,1_623_42_2797_005027,,Farooz Ahmad Wagay,,,42,Male,Owner,Marginal  Farmer(Farmer having land <1 Hectare),PENDING,,,false,,OPERATOR,495806173bdac51d76819edbb6cb8e236850d1b553cb4e4d60c2897f584e3ad8,MjA4MzI4MjQ0NTAx,**** **** 4501,7006511376,,BANDIPORA,Sonawari,Hilalabad,623,42,2797,64.0
60935370362,1_623_42_2797_005028,,Shabir Ahmad Bhat,,,38,Male,Owner,Marginal  Farmer(Farmer having land <1 Hectare),PENDING,,,false,,OPERATOR,89acf30f435b6974a160887db533732433eed49e94351bd0d980433d6d46358a,NjM0MzE2MDMzNTc1,**** **** 3575,7889445205,,BANDIPORA,Sonawari,Hilalabad,623,42,2797,46.0
84074862370,1_623_42_2797_005029,,Bilal Ahmad Ahangar,,,37,Male,Owner,Marginal  Farmer(Farmer having land <1 Hectare),PENDING,,,false,,OPERATOR,9f037fc0f472f05fb2d433fc526ad3caa7fabd9e09752dccac311aabdf63cfba,NDU3OTE3MzI5OTEx,**** **** 9911,7889666596,,BANDIPORA,Sonawari,Hilalabad,623,42,2797,65.0
70911378612,1_623_6812_2724_005026,,Niyaz Ahmad Lone,,,59,Male,Owner,Marginal  Farmer(Farmer having land <1 Hectare),PENDING,,,false,,OPERATOR,57b315cab817aea0cdb42b2b8024d049142c5b679d3d9b3020b360a98e034ab6,ODMyODE2ODI3MTg2,**** **** 7186,9906297064,,BANDIPORA,Tulail,Baduaab,623,6812,2724,56.0
40303239579,1_623_42_2794_005032,,Shah Mala Begum,,,76,Female,Owner,Marginal  Farmer(Farmer having land <1 Hectare),PENDING,,,false,,OPERATOR,15323bee0bdc5453b121f473d499452c70a2c103ddfde42273933f2b047967b6,OTkzMjMyNDU5MjE4,**** **** 9218,9103838470,,BANDIPORA,Sonawari,Asham,623,42,2794,0.0
40664930195,1_623_40_2707_005042,,MOHD HAYAT SHANGRO,,,61,Male,Owner,Marginal  Farmer(Farmer having land <1 Hectare),PENDING,,,false,,OPERATOR,0dc0f2dc760f98e115582e09d22c96d4f8d687644ff5218be8a9e9172c4a599f,NzI4ODQyNjQ4NjYx,**** **** 8661,6005078769,,BANDIPORA,Gurez,Markoot,623,40,2707,58.0
34534983811,1_623_6811_2700_005017,,Saleema Begum,,,51,Female,Owner,Marginal  Farmer(Farmer having land <1 Hectare),PENDING,,,false,,OPERATOR,f23d1f99a850c610f3da182d27c7068031e94f90061e3c6cd35d915ae271a102,NTQxNjU5ODQxMTI3,**** **** 1127,8082521579,,BANDIPORA,Hajin,Gulshanpora,623,6811,2700,50.0
70555103503,1_623_6812_2724_005027,,Ghaffar Khan,,,45,Male,Owner,Marginal  Farmer(Farmer having land <1 Hectare),PENDING,,,false,,OPERATOR,326bd2d9115d7d40b89b6477028b1324b8fc7a4ac8a6751e5688fe175e25916c,MjM5NzI1MTU1NTQw,**** **** 5540,6006223531,,BANDIPORA,Tulail,Baduaab,623,6812,2724,0.0
16731962953,1_623_42_2810_005009,,MOHD QASIM BHAT,,,76,Male,Owner,Marginal  Farmer(Farmer having land <1 Hectare),PENDING,,,false,,OPERATOR,7a1b324766466bb99f77e7f3c76eb0b7d25a0953dcfbe4ba2f820463c220e1dc,NDgyNzk2MDY0MDE1,**** **** 4015,7006804935,,BANDIPORA,Sonawari,Odina,623,42,2810,54.0
41608766676,1_623_42_2797_005030,,Farooq Ahmad Reshi,,,40,Male,Owner,Marginal  Farmer(Farmer having land <1 Hectare),PENDING,,,false,,OPERATOR,3a1b8d759efac11d39996883f677f374130ba55d900a878dee7b8cc8fecf4bec,Njg2MTc3MTg1NDYy,**** **** 5462,7006313916,,BANDIPORA,Sonawari,Hilalabad,623,42,2797,46.0
22791625750,1_623_42_2812_005026,,Ghulam Mohammad Rather,,,81,Male,Owner,Marginal  Farmer(Farmer having land <1 Hectare),PENDING,,,false,,OPERATOR,fa7796e1305d652bcd83486c64bc7b385376627d7c1dacb335910b5e56de11fc,MjE2NDIyOTM4NjIy,**** **** 8622,9906676278,,BANDIPORA,Sonawari,Sarai Dangarpora,623,42,2812,0.0
50396029334,1_623_6811_2778_005008,,Abdul Jabbar Rather,,,61,Male,Owner,Marginal  Farmer(Farmer having land <1 Hectare),PENDING,,,false,,OPERATOR,6d4c8ad7aad83909f8af529daeb73f32b8be8e33aa054c0a7304771712a08163,NDI0NzM0OTU1MDE5,**** **** 5019,7006473805,,BANDIPORA,Hajin,Gundi Saderkote,623,6811,2778,66.0
19422493068,1_623_42_2794_005033,,Ali Mohd Bhat,,,61,Male,Owner,Marginal  Farmer(Farmer having land <1 Hectare),PENDING,,,false,,OPERATOR,a32caf68bf8640a1af5bf34b5c1dab332831335cd859469de8fb3e7c78817984,MjYxNDI2ODIyMjg2,**** **** 2286,8082788659,,BANDIPORA,Sonawari,Asham,623,42,2794,53.0
60752444576,1_623_42_2810_005010,,Mohammad Amin Mir,,,32,Male,Owner,Marginal  Farmer(Farmer having land <1 Hectare),PENDING,,,false,,OPERATOR,870896b18965bd837886ef6b74d91a33ac07889f5fae703b2edc96eaf87e4675,NzYwODE5NTExNzcy,**** **** 1772,6006676758,,BANDIPORA,Sonawari,Odina,623,42,2810,56.0
63297365116,1_623_42_2812_005027,,NAZIR AHMAD DAR,,,56,Male,Owner,Marginal  Farmer(Farmer having land <1 Hectare),PENDING,,,false,,OPERATOR,02c6b6d87f19e0dd64086a9b824b911f6ee16caa83133ac9d6404419a39d10c0,OTM1NzY5MzgzNjg1,**** **** 3685,7889555246,,BANDIPORA,Sonawari,Sarai Dangarpora,623,42,2812,66.0
33370298408,1_623_42_2797_005031,,Ghulam Mohd Ahangar,,,60,Male,Owner,Marginal  Farmer(Farmer having land <1 Hectare),PENDING,,,false,,OPERATOR,e196a33871d93b8d0e7e5d30afb51abc0053fea34492376c32c33570b2ef36dd,Njk5MjQ2ODM1MTUw,**** **** 5150,7889463046,,BANDIPORA,Sonawari,Hilalabad,623,42,2797,0.0
66349537330,1_623_42_2809_005007,,Javaid Ahmad Bhat,,,31,Male,Owner,Marginal  Farmer(Farmer having land <1 Hectare),PENDING,,,false,,OPERATOR,10b1873cc7eb0f2d0ee329278d1ca724e0cf3e9571eb903c1b270e9aba74319d,MjMxMjY4MzAzNjk5,**** **** 3699,9541159682,,BANDIPORA,Sonawari,Trigam,623,42,2809,0.0
71516647033,1_623_42_2809_005006,,MALA BEGUM,,,71,Female,Owner,Marginal  Farmer(Farmer having land <1 Hectare),PENDING,,,false,,OPERATOR,e4b2dc26ae1472ad4c9203eae07e9b47cef41170ae5388f9debb1f1aa5f82fd1,Mzg3NTg0MTMwNzY5,**** **** 0769,9541159682,,BANDIPORA,Sonawari,Trigam,623,42,2809,0.0
95806174223,1_623_40_2708_005027,,MOHD RAMZAN LONE,,,51,Male,Owner,Marginal  Farmer(Farmer having land <1 Hectare),PENDING,,,false,,OPERATOR,da2399a2d689e63c471afa5567a30f02e80c6f115678ac91222f42cd42a8caae,OTkyNzM1MzMzOTU3,**** **** 3957,7889780064,,BANDIPORA,Gurez,Shah Pora - Achoora (Churwan),623,40,2708,53.0
26894967117,1_623_6812_2716_005037,,Mohammad Yousuf Mir,,,50,Male,Owner,Marginal  Farmer(Farmer having land <1 Hectare),PENDING,,,false,,OPERATOR,856dac6946bd45534d884bbb4ccfacffe75c769e26f5c8b6a8fb9695e3e021eb,MzUwMTc2MDQwOTYx,**** **** 0961,6006050803,,BANDIPORA,Tulail,Neeru,623,6812,2716,46.0
61039274083,1_623_6809_2744_005012,,Rayees Ahmad Chopan,,,43,Male,Owner,Marginal  Farmer(Farmer having land <1 Hectare),PENDING,,,false,,OPERATOR,98f3b9f525e8e1cf9feb291572a5334cdb6e4971e7c6fc6712bfc006cfc7a921,NzY0MDI5MzY1OTc5,**** **** 5979,9682165031,,BANDIPORA,Aloosa,Mangnipora,623,6809,2744,46.0
52948641461,1_623_6812_2724_005048,,Shamas Din Khan,,,46,Male,Owner,Marginal  Farmer(Farmer having land <1 Hectare),PENDING,,,false,,OPERATOR,deb75aba1546bf9668c0b655e6c079d27823595137c507d3f76f07423176ac18,NTI3Mjc4NDYxMTYz,**** **** 1163,9149775292,,BANDIPORA,Tulail,Baduaab,623,6812,2724,59.0
38549737507,1_623_42_2797_005053,,Ab Salam Reshi,,,66,Male,Owner,Marginal  Farmer(Farmer having land <1 Hectare),PENDING,,,false,,OPERATOR,902b159df5b814a28a4fb7f55471c45f3699689088463f37f3223355c8c7464c,NzQ3MTU5MTE3Nzg1,**** **** 7785,9858449557,,BANDIPORA,Sonawari,Hilalabad,623,42,2797,23.0
55585187198,1_623_40_2708_005021,,Gh Mohiudin Lone,,,53,Male,Owner,Marginal  Farmer(Farmer having land <1 Hectare),PENDING,,,false,,OPERATOR,ced9ecb6fa70413bb70aeacbb35067d019e851d7fc11bdbd14c25373d9678767,MzgzMDQxNTYzOTgx,**** **** 3981,6005565140,,BANDIPORA,Gurez,Shah Pora - Achoora (Churwan),623,40,2708,43.0
23647460466,1_623_40_2707_005031,,Mohd Maqbool Akhoon,,,51,Male,Owner,Marginal  Farmer(Farmer having land <1 Hectare),PENDING,,,false,,OPERATOR,a6ccdc3b7be777227a922c8dd4a3d65ba1ba19eb1503526a952277732afa07ec,NzMxOTUzMDQyOTIy,**** **** 2922,7006937225,,BANDIPORA,Gurez,Markoot,623,40,2707,62.0
32612195025,1_623_6811_2778_005019,,GH HASSAN RATHER,,,76,Male,Owner,Marginal  Farmer(Farmer having land <1 Hectare),PENDING,,,false,,OPERATOR,2f77c85801d047093b14ddc00b353ab58d27cc76d1a25adbaa4b9912595328fd,NDI0OTU3MzQ2Mzc0,**** **** 6374,9682591448,,BANDIPORA,Hajin,Gundi Saderkote,623,6811,2778,53.0
59856532566,1_623_40_2707_005017,,Lasso Shungroo,,,73,Male,Owner,Marginal  Farmer(Farmer having land <1 Hectare),PENDING,,,false,,OPERATOR,01836a4353d03b8205d1d308e67eaab295d259fdad00258e33ec66f099467a4d,MjEyNTM4NzM2NjE3,**** **** 6617,6006833100,,BANDIPORA,Gurez,Markoot,623,40,2707,44.0
89571290632,1_623_40_2708_005023,,Hafizullah Lone,,,47,Male,Owner,Marginal  Farmer(Farmer having land <1 Hectare),PENDING,,,false,,OPERATOR,bd95d609b9c547feedac4fd4381ffd52f74aea57d661531bad0b135b6bf02405,MzIxNjAyNTc5ODkw,**** **** 9890,7006409218,,BANDIPORA,Gurez,Shah Pora - Achoora (Churwan),623,40,2708,50.0
76701130624,1_623_6812_2724_005050,,Gh Mohammad Khan,,,34,Male,Owner,Marginal  Farmer(Farmer having land <1 Hectare),PENDING,,,false,,OPERATOR,806487a2e803f707cca68e540c1ebba3323ffa226d5f9ab3022d398fa9fe3493,NzY0NzE2ODg2MTcw,**** **** 6170,6005644767,,BANDIPORA,Tulail,Baduaab,623,6812,2724,58.0
68674885910,1_623_6811_2778_005020,,Ab Samad Dar,,,66,Male,Owner,Marginal  Farmer(Farmer having land <1 Hectare),PENDING,,,false,,OPERATOR,f720518caf75d735cbfc3259c7d4df75dc1822373ecfd336ea97113952daadac,MzI3MDQ2MTE4NjYy,**** **** 8662,9622702963,,BANDIPORA,Hajin,Gundi Saderkote,623,6811,2778,44.0
86781729263,1_623_6812_2724_005052,,Ab Majeed Khan,,,40,Male,Owner,Marginal  Farmer(Farmer having land <1 Hectare),PENDING,,,false,,OPERATOR,bb1648c7a4efaac3982584ee9bd0a8f2d83e75f1054b97c77fd9ed1f57464527,ODM3MjI5NDY3NzQy,**** **** 7742,7298482583,,BANDIPORA,Tulail,Baduaab,623,6812,2724,38.0
46273134573,1_623_40_2707_005016,,Mohd Sakhi Shungroo,,,67,Male,Owner,Marginal  Farmer(Farmer having land <1 Hectare),PENDING,,,false,,OPERATOR,48613e948f9db859ae474acc4ed8e9bbe865a1bbbce9aa93b75b639cfdcedab9,MjAyMTE5NzMyMzI3,**** **** 2327,9469030773,,BANDIPORA,Gurez,Markoot,623,40,2707,33.0
19507549040,1_623_42_2794_005035,,Gh Mohi Ud Din Tantry,,,58,Male,Owner,Marginal  Farmer(Farmer having land <1 Hectare),PENDING,,,false,,OPERATOR,fde03608b68f7d54aadf28635d4ded6c25909137b9baf7d952c2f44d25a0ccb6,OTI5NDk1NzMwNzU4,**** **** 0758,9797288513,,BANDIPORA,Sonawari,Asham,623,42,2794,71.0
87399116666,1_623_6811_2700_005019,,Mehraj Uddin Bhat,,,37,Male,Owner,Marginal  Farmer(Farmer having land <1 Hectare),PENDING,,,false,,OPERATOR,53de41602410078a24b6e14182d9b2b9a0758eef2b924dd5a9a994acbab65b21,ODk5NDg0MzQyNzIy,**** **** 2722,9906484302,,BANDIPORA,Hajin,Gulshanpora,623,6811,2700,46.0
48784253930,1_623_6811_2778_005009,,Saif Ud Din Rather,,,61,Male,Owner,Marginal  Farmer(Farmer having land <1 Hectare),PENDING,,,false,,OPERATOR,c23dae065a1c6ef41338e707ba2dfe8292cb3bbc7d22e692e223e803d3897400,Mjg1OTM5OTUzMDcz,**** **** 3073,9906422708,,BANDIPORA,Hajin,Gundi Saderkote,623,6811,2778,62.0
87813332839,1_623_40_2707_005033,,Mehraj Ahmad Sheikh,,,49,Male,Owner,Marginal  Farmer(Farmer having land <1 Hectare),PENDING,,,false,,OPERATOR,959bdc21b30997cb1363b6563a3ed384789b59dd3a8ad48a5451b2285f7cd8da,MzA1NjE1OTk4NzE5,**** **** 8719,6005493827,,BANDIPORA,Gurez,Markoot,623,40,2707,0.0
73118901209,1_623_40_2708_005026,,MOHD HANIF LONE,,,35,Male,Owner,Marginal  Farmer(Farmer having land <1 Hectare),PENDING,,,false,,OPERATOR,8f69c3088bb1c8e912cc052392ab7ab05ec20f8fe1f634e09c505fb1d602acbe,OTY1MDczNjMxOTE5,**** **** 1919,6006363691,,BANDIPORA,Gurez,Shah Pora - Achoora (Churwan),623,40,2708,52.0
20292169992,1_623_6809_2744_005015,,Arshad Iqbal Wani,,,43,Male,Owner,Marginal  Farmer(Farmer having land <1 Hectare),PENDING,,,false,,OPERATOR,3da7cad37623777dd19f50a54da290fa9085bd4e640c77bc3fb33ab4adc39587,NDU5NTE4OTA3NDQ5,**** **** 7449,7889457603,,BANDIPORA,Aloosa,Mangnipora,623,6809,2744,65.0
48036850116,1_623_40_2708_005025,,Samiullah Lone,,,46,Male,Owner,Marginal  Farmer(Farmer having land <1 Hectare),PENDING,,,false,7780814384,OPERATOR,7e3906438a7736e54fe2f858b9acc616dcdb3d843da47ce0abf1726efe01ea2c,NDg4OTIzMTAzNjI0,**** **** 3624,7780814384,,BANDIPORA,Gurez,Shah Pora - Achoora (Churwan),623,40,2708,55.0
77823131197,1_623_40_2707_005019,,Shokut Hussain Lone,,,44,Male,Owner,Marginal  Farmer(Farmer having land <1 Hectare),PENDING,,,false,,OPERATOR,0dd7614e14632abea8bf64c27f8672a99baa30bdc8792eeec73ca6cdbf507cf2,NzY2MTY5MzUzMTY0,**** **** 3164,6005450408,,BANDIPORA,Gurez,Markoot,623,40,2707,32.0
79040186410,1_623_42_2808_005020,,Mohammad Shafi Khawaja,,,38,Male,Owner,Marginal  Farmer(Farmer having land <1 Hectare),PENDING,,,false,,OPERATOR,61d42c4d985e435016ccedd610108ad36d62fd077312194a728b457ec00494b6,NjM1MTc4NjIxODU0,**** **** 1854,9797103196,,BANDIPORA,Sonawari,Gund i Khalil,623,42,2808,56.0
91510366195,1_623_42_2810_005016,,Mohd Bakir Bhat,,,70,Male,Owner,Marginal  Farmer(Farmer having land <1 Hectare),PENDING,,,false,,OPERATOR,e66de9a054447c2d6b64821a8c3b343a8a4b3893f55f81be7bc7f7f45072550c,NDY3NDU2OTY4OTk4,**** **** 8998,8899800749,,BANDIPORA,Sonawari,Odina,623,42,2810,0.0
75317868151,1_623_42_2810_005014,,GH AHMAD PARRAY,,,56,Male,Owner,Marginal  Farmer(Farmer having land <1 Hectare),PENDING,,,false,,OPERATOR,c17c916e4a5c732e16095cbac1a99ae475ba891795f8bcc833ca790b62f6f0ea,NDA1ODMxMjI1NTU2,**** **** 5556,6006366516,,BANDIPORA,Sonawari,Odina,623,42,2810,53.0
21143843602,1_623_40_2708_005028,,Mohammad Munawar Lone,,,47,Male,Owner,Marginal  Farmer(Farmer having land <1 Hectare),PENDING,,,false,,OPERATOR,a62cbe59986ac702d323dae717bea965750a52cf929e2f0ccb2f2aeb37029108,NjUyODQwMzIxMjc2,**** **** 1276,9682666245,,BANDIPORA,Gurez,Shah Pora - Achoora (Churwan),623,40,2708,53.0
61827939290,1_623_40_2707_005035,,Farooq Ahmad Sheikh,,,42,Male,Owner,Marginal  Farmer(Farmer having land <1 Hectare),PENDING,,,false,,OPERATOR,573e3abc12fdb9781518c064c081235e58a1cb75bfe8c91dd8d37bd991cddf5f,ODE2NzA2NDczMTM5,**** **** 3139,9622811683,,BANDIPORA,Gurez,Markoot,623,40,2707,56.0
62962138892,1_623_42_2810_005020,,Gh Hussain Dar,,,55,Male,Owner,Marginal  Farmer(Farmer having land <1 Hectare),PENDING,,,false,,OPERATOR,aeb02858b559544380b239326d3d674464a377e9837fb9e74e89ae6bb6060af6,MzE2NzQwNjk4NzM2,**** **** 8736,9858800914,,BANDIPORA,Sonawari,Odina,623,42,2810,53.0
58261875420,1_623_6812_2716_005038,,AB MAJEED MIR,,,46,Male,Owner,Marginal  Farmer(Farmer having land <1 Hectare),PENDING,,,false,,OPERATOR,5aead59c04d9161ece587e1f8bb217f4acd49514e498101b7a0868399bf55f3f,ODYxNjU0ODQzNjI5,**** **** 3629,7006637057,,BANDIPORA,Tulail,Neeru,623,6812,2716,59.0
34130352045,1_623_42_2794_005046,,MOHD ASHRAF PARRAY,,,48,Male,Owner,Marginal  Farmer(Farmer having land <1 Hectare),PENDING,,,false,9596367438,OPERATOR,b5e328c45885c428842eefede88cbcf25ab70fc55d2990c36cac383b2bf8f582,NTgxOTE1MjU4ODA1,**** **** 8805,9596367438,,BANDIPORA,Sonawari,Asham,623,42,2794,63.0
17080320366,1_623_6812_2716_005036,,Mohammad Munawar Mir,,,66,Male,Owner,Marginal  Farmer(Farmer having land <1 Hectare),PENDING,,,false,,OPERATOR,f9181cf737b5e3f06cc37ef36015f77ff1e61f01f41f093687db214cc9866179,ODQzOTM3NjQwNDM2,**** **** 0436,6005487137,,BANDIPORA,Tulail,Neeru,623,6812,2716,61.0
78088142153,1_623_42_2808_005018,,Rafiqa Begum,,,51,Female,Owner,Marginal  Farmer(Farmer having land <1 Hectare),PENDING,,,false,,OPERATOR,6621ed31fa7ecde15eda23b52719a8aad80e074dd383c92be1e0895781b5c076,OTUxMzA2NTQ5MzY1,**** **** 9365,7889543860,,BANDIPORA,Sonawari,Gund i Khalil,623,42,2808,25.0
94278271585,1_623_42_2812_005028,,Amjid Hussain,,,34,Male,Owner,Marginal  Farmer(Farmer having land <1 Hectare),PENDING,,,false,,OPERATOR,a7bd62c7f6801d652c3e51719b9a4a537986f4a562726006150493d6a1d449f6,NjQ2MzAxMDAxMzgz,**** **** 1383,7889904298,,BANDIPORA,Sonawari,Sarai Dangarpora,623,42,2812,39.0
72538518844,1_623_42_2794_005036,,Mohd Maqbool Bhat,,,66,Male,Owner,Marginal  Farmer(Farmer having land <1 Hectare),PENDING,,,false,,OPERATOR,9fac9fa229afd561e589b0ddf9d91d27cab2d158e877064037124244bef8bae1,NTg1Mzg0NDgzMTA2,**** **** 3106,8082490394,,BANDIPORA,Sonawari,Asham,623,42,2794,53.0
12466451306,1_623_6812_2724_005029,,Mohd Lateef Mapnoo,,,56,Male,Owner,Marginal  Farmer(Farmer having land <1 Hectare),PENDING,,,false,,OPERATOR,1346bf6a0f452cfb6377b808c3c8d6063c3aeeca966d9a81e2f1458bc4bdd7d7,NzQ1NzM4MzIxNzQz,**** **** 1743,7006722893,,BANDIPORA,Tulail,Baduaab,623,6812,2724,52.0
47383624673,1_623_40_2707_005018,,Rafiq Ahmad Lone,,,41,Male,Owner,Marginal  Farmer(Farmer having land <1 Hectare),PENDING,,,false,,OPERATOR,c20ce9a12fba3b5c7573c6b483cc830d148ca429dc117f52cd9b58ca4b61712d,OTcwMTgzMTg2MDM2,**** **** 6036,9149754547,,BANDIPORA,Gurez,Markoot,623,40,2707,40.0
39543958373,1_623_6812_2724_005030,,Feroz Ahmad Lone,,,35,Male,Owner,Marginal  Farmer(Farmer having land <1 Hectare),PENDING,,,false,,OPERATOR,c6690c39a45373d1bf3f398baed3cce42e03bd087decaac4f8f159d2dad23e27,NTk3MzQzODQ2MzA2,**** **** 6306,9149515394,,BANDIPORA,Tulail,Baduaab,623,6812,2724,46.0
52487737494,1_623_6811_2700_005020,,RAJA BEGUM,,,86,Female,Owner,Marginal  Farmer(Farmer having land <1 Hectare),PENDING,,,false,,OPERATOR,90ca710fc2bfb05de45b4cea205ce21dc454cd3f5c3e057dd7df2be3ee3832bb,Mjc4NDkyODA2ODM3,**** **** 6837,6006907994,,BANDIPORA,Hajin,Gulshanpora,623,6811,2700,45.0
86325059600,1_623_42_2800_005005,,Shabir Ahmad Mir,,,49,Male,Owner,Marginal  Farmer(Farmer having land <1 Hectare),PENDING,,,false,,OPERATOR,8d4c93e8cfd369c5b758e3e6177b1acbf16b4c01cdc2909958f00275468a62bb,ODE1MTA3OTU1NzUz,**** **** 5753,7889409431,,BANDIPORA,Sonawari,Rakh Shilvat,623,42,2800,56.0
67969550714,1_623_42_2797_005032,,MOHD SHAFI NAJAR,,,49,Male,Owner,Marginal  Farmer(Farmer having land <1 Hectare),PENDING,,,false,,OPERATOR,b96e553733868879f72b231ab41aa8d42f9798c138e5ddecfbe7179aeccdaa5f,MzU5MjU3MDY1NDcw,**** **** 5470,8899640421,,BANDIPORA,Sonawari,Hilalabad,623,42,2797,62.0
93642530291,1_623_42_2797_005033,,Haseena,,,45,Female,Owner,Marginal  Farmer(Farmer having land <1 Hectare),PENDING,,,false,,OPERATOR,bdc228f5e920e88101c3bb109ba6d45a14b8e0fcdad0625b8ccc93acffe9f168,NjI3MzkwNzU2NjA3,**** **** 6607,7889826080,,BANDIPORA,Sonawari,Hilalabad,623,42,2797,69.0
84019894562,1_623_6812_2724_005032,,Gulzar Ahmad Khan,,,71,Male,Owner,Marginal  Farmer(Farmer having land <1 Hectare),PENDING,,,false,,OPERATOR,b908a3214383a4c15fe1f11a3275e375c42aeccf0e0fbb910a9182961e5b8afa,MzAzNzY5NDQ1MDU0,**** **** 5054,6006836437,,BANDIPORA,Tulail,Baduaab,623,6812,2724,38.0
65263862663,1_623_40_936275_005035,,Ab Gaffar Lone,,,61,Male,Owner,Marginal  Farmer(Farmer having land <1 Hectare),PENDING,,,false,,OPERATOR,57cce57ca891d4118daaaa3b388c5647ee63a0def2e6c51107ddbd035099e0c6,ODkwNTY2OTYwMTIw,**** **** 0120,6006704277,,BANDIPORA,Gurez,Gulshanpora,623,40,936275,0.0
77893245747,1_623_42_2808_005019,,Parvaiz Ahmad Wagay,,,40,Male,Owner,Marginal  Farmer(Farmer having land <1 Hectare),PENDING,,,false,,OPERATOR,f7cff97e1589b54a2942ebff50b711421e56f042a8ac1ae2ebcb955b319089d7,NTM1ODk1NDY4ODUw,**** **** 8850,9906510132,,BANDIPORA,Sonawari,Gund i Khalil,623,42,2808,75.0
87607102019,1_623_40_2707_005021,,Jamil Ahmad Lone,,,51,Male,Owner,Marginal  Farmer(Farmer having land <1 Hectare),PENDING,,,false,,OPERATOR,5d5a2547b9e194f4c6f324afb0aefd3ff82a33955b4c079311e00af735fe59b1,ODUzOTk3MDM3MzMz,**** **** 7333,6005532561,,BANDIPORA,Gurez,Markoot,623,40,2707,65.0
20355070011,1_623_6811_2778_005022,,Fatah Mohammad,,,96,Male,Owner,Marginal  Farmer(Farmer having land <1 Hectare),PENDING,,,false,,OPERATOR,b5f8de6dfcbffc807e1fc2970cbfac453406acf26ed4385e5f8920e671c05b1e,ODIxODMxNDMyMjEz,**** **** 2213,8899914704,,BANDIPORA,Hajin,Gundi Saderkote,623,6811,2778,34.0
21109088889,1_623_42_2808_005007,,Fraisa Begum,,,66,Female,Owner,Marginal  Farmer(Farmer having land <1 Hectare),PENDING,,,false,,OPERATOR,ffc77a96a38bd15a54db0caec442518b319598386df1f988aa7e205dc4cbd9cf,MzI1NzU1MDc2MjU3,**** **** 6257,9622700512,,BANDIPORA,Sonawari,Gund i Khalil,623,42,2808,0.0
73519800440,1_623_42_2794_005072,,Abdul Ahad Wani,,,64,Male,Owner,Marginal  Farmer(Farmer having land <1 Hectare),PENDING,,,false,,OPERATOR,500c07f8ec2ac4f8619d050f4db1c2e73424ca0d02994dede83f177557925f03,NzM1NDE0MTIyMjkx,**** **** 2291,7051890241,,BANDIPORA,Sonawari,Asham,623,42,2794,47.0
24632269475,1_623_42_2794_005039,,MOHD SAKHI RATHER,,,65,Male,Owner,Marginal  Farmer(Farmer having land <1 Hectare),PENDING,,,false,,OPERATOR,6ab05632c163a7916bee0fed0f670c70a640ffae73c84df0d99418a38eaa54bc,OTg0ODc2OTQwMTI0,**** **** 0124,9906418224,,BANDIPORA,Sonawari,Asham,623,42,2794,62.0
23736552003,1_623_40_936275_005012,,Khatija Begum,,,74,Female,Owner,Marginal  Farmer(Farmer having land <1 Hectare),APPROVED,,,false,,OPERATOR,e318e5c3caabcdaafe6681a2715e6480e544a2bf7a196fe65b5d4537fc5157fd,Mzc2NTIyMzc0NTM5,**** **** 4539,9469376255,,BANDIPORA,Gurez,Gulshanpora,623,40,936275,88.0
48865055455,1_623_41_2761_005022,,Mohd Ayub Dar,,,60,Male,Owner,Marginal  Farmer(Farmer having land <1 Hectare),PENDING,,,false,,OPERATOR,9a2ea5e2dfc70828ee353a83417b7a9d47854358552a64075b169938b01543bc,NDcxMDExMjM4MTM4,**** **** 8138,9541498837,,BANDIPORA,Bandipora,Gamroo,623,41,2761,53.0
73548311591,1_623_40_2707_005091,,ABDUL AZIZ LONE,,,71,Male,Owner,Marginal  Farmer(Farmer having land <1 Hectare),PENDING,,,false,,OPERATOR,722d42004a79fd0cc71570253271114b840058f20cb40c13e247501e865912fd,Mzg0NTg5NjU1MDEz,**** **** 5013,9469028243,,BANDIPORA,Gurez,Markoot,623,40,2707,56.0
88894389002,1_623_41_2740_005010,,Gulshana Begum,,,50,Female,Owner,Marginal  Farmer(Farmer having land <1 Hectare),PENDING,,,false,,OPERATOR,54682435d400aba1e3697f7dcc0e8d6b5779bbb4f1350613b33ba1c936dbc685,NDIxMjQwOTIwODE4,**** **** 0818,6005998660,,BANDIPORA,Bandipora,Khayar,623,41,2740,50.0
16884694595,1_623_6812_2724_005078,,BARKAT ULLA KHAN,,,36,Male,Owner,Marginal  Farmer(Farmer having land <1 Hectare),PENDING,,,false,,OPERATOR,4f8807f37f16afc7921d348415ffc9aba78177ba6e4ce8dce477d97fc7c7e36d,NDc2NzQ2MTU2MDAx,**** **** 6001,9149693404,,BANDIPORA,Tulail,Baduaab,623,6812,2724,46.0
99333818230,1_623_42_2797_005049,,Sameer Ahmad Bhat,,,40,Male,Owner,Marginal  Farmer(Farmer having land <1 Hectare),PENDING,,,false,7006966247,SELF,0096934133e97c3527f8c215693b23de63224d21a6cc41e095e2b543b5f04bd2,NzcwNjM4NjA3MTQy,**** **** 7142,7006966247,,BANDIPORA,Sonawari,Hilalabad,623,42,2797,45.0
93840041358,1_623_6812_2724_005077,,Khalid Husain Lone,,,40,Male,Owner,Marginal  Farmer(Farmer having land <1 Hectare),PENDING,,,false,,OPERATOR,99083ce7022eb260b5e809b32f5c2be25e002fa891ec4628913cfe845838476a,NzU1NDA0MjI0MDg1,**** **** 4085,9103048113,,BANDIPORA,Tulail,Baduaab,623,6812,2724,46.0
96501407827,1_623_6812_2724_005073,,GH AHMAD NAIK,,,63,Male,Owner,Marginal  Farmer(Farmer having land <1 Hectare),APPROVED,,,false,,OPERATOR,41003a9646536462085cedc61107cd3a5438e035359272a2b0188490602ced7e,OTk3MzMxODEwNjQ3,**** **** 0647,7889796360,,BANDIPORA,Tulail,Baduaab,623,6812,2724,43.0
88344271336,1_623_6812_2724_005104,,Gulzar Ahmad Chopan,,,57,Male,Owner,Marginal  Farmer(Farmer having land <1 Hectare),PENDING,,,false,,OPERATOR,5689aeb638a80e87eb6f17c7553738f87aa6e6bdc188139faac815f67ee5cee5,NzY0NTAzNTc5NzUx,**** **** 9751,9103040813,,BANDIPORA,Tulail,Baduaab,623,6812,2724,0.0
35291917523,1_623_6812_2724_005072,,MOHD SADIQ LONE,,,34,Male,Owner,Marginal  Farmer(Farmer having land <1 Hectare),APPROVED,,,false,,OPERATOR,64f5e8f1c0226e26b277fcde23160a558e5d40f3192195ff1dd0cdaaa08d5695,NzM1NjYxMTA3MTIw,**** **** 7120,6005750932,,BANDIPORA,Tulail,Baduaab,623,6812,2724,65.0
56735467700,1_623_40_2707_005073,,Mohd Rafiq Lone,,,51,Male,Owner,Marginal  Farmer(Farmer having land <1 Hectare),PENDING,,,false,,OPERATOR,98bcbbe4aa7da12e630e04f6a02a05c056eefbaf11d81c35ca3109c0066f5c64,NTI5ODc1NjExMjU4,**** **** 1258,6005514737,,BANDIPORA,Gurez,Markoot,623,40,2707,52.0
23780614221,1_623_41_2740_005051,,GH NABI MALIK,,,43,Male,Owner,Marginal  Farmer(Farmer having land <1 Hectare),PENDING,,,false,,OPERATOR,dfefe14b7f661c4563baac5c10bf558046e2afcb9cea8144c3d79a80184eaa7b,NTYyMzE2NDg2OTA2,**** **** 6906,9906153313,,BANDIPORA,Bandipora,Khayar,623,41,2740,43.0
54792133515,1_623_42_2797_005050,,Shabir Ahmad Dar,,,50,Male,Owner,Marginal  Farmer(Farmer having land <1 Hectare),PENDING,,,false,,OPERATOR,9cac3938ae10d8fc40a4c3b36813c15f8bbca235c671e20d55c15fba6bdc4332,NzQ2OTM0NTU1NDk5,**** **** 5499,7889337131,,BANDIPORA,Sonawari,Hilalabad,623,42,2797,46.0
23236245607,1_623_6812_2724_005071,,Ab Rahim Naik,,,64,Male,Owner,Marginal  Farmer(Farmer having land <1 Hectare),PENDING,,,false,,OPERATOR,246ca6f9e404c953dc224744e95785dd9cf436f06088fc47278a6204015b5366,NzI3ODUzNzMyMTE4,**** **** 2118,7006381812,,BANDIPORA,Tulail,Baduaab,623,6812,2724,54.0
59854007334,1_623_40_2707_005105,,JAMEEL AHMAD GANIE,,,67,Male,Owner,Marginal  Farmer(Farmer having land <1 Hectare),PENDING,,,false,,OPERATOR,2fd17a1995fcacc0ec309b47a6c31967ef0317a48cf6c2dd930b44a459117354,ODUxOTM2Mzc0MTM2,**** **** 4136,6005428170,,BANDIPORA,Gurez,Markoot,623,40,2707,0.0
77752169454,1_623_42_2794_005068,,Parvaiz Ahmad Ahanger,,,41,Male,Owner,Marginal  Farmer(Farmer having land <1 Hectare),PENDING,,,false,,OPERATOR,c5441c26b2855f2d60a3e5ea7ddbe9d7044504374dd595d98f9e4a48ad9e47e6,MjIzNzE0MDI0Mzcy,**** **** 4372,9906833193,,BANDIPORA,Sonawari,Asham,623,42,2794,64.0
48935404873,1_623_6812_2716_005040,,Jameela Begum,,,36,Female,Owner,Marginal  Farmer(Farmer having land <1 Hectare),PENDING,,,false,,OPERATOR,fa01a6fc0e25b8ded12274c57d984aa4dfb2095acccddf4e7305e5c9d3f8eaaa,OTAyMzE3MzAwMTMz,**** **** 0133,9103794915,,BANDIPORA,Tulail,Neeru,623,6812,2716,50.0
62396581967,1_623_42_2794_005069,,GH AHMAD KUMAR,,,78,Male,Owner,Marginal  Farmer(Farmer having land <1 Hectare),PENDING,,,false,,OPERATOR,91b64132ac6f62dce65e6b29735ecaf443fe78f0d952a09307dda59dac11a101,MzcxODQ4NjUzNzQ5,**** **** 3749,7006335171,,BANDIPORA,Sonawari,Asham,623,42,2794,53.0
21501825163,1_623_40_936275_005011,,Shams Uddin Harey,,,74,Male,Owner,Marginal  Farmer(Farmer having land <1 Hectare),PENDING,,,false,,OPERATOR,e5da0540e98eedc8640ffd32af2bdea722d35f5451a8175ca592e729a3b867b1,ODM1MTM3MjY4Mzg1,**** **** 8385,7889946381,,BANDIPORA,Gurez,Gulshanpora,623,40,936275,55.0
57780932781,1_623_42_2794_005071,,Lateef Ahmad Ahengar,,,35,Male,Owner,Marginal  Farmer(Farmer having land <1 Hectare),PENDING,,,false,,OPERATOR,0ecfec8c350360fb376ba20a3cdc7279be6aed1cd9547fb45d77620eb5b9a608,OTAyNTIxNzA4ODIx,**** **** 8821,9797151787,,BANDIPORA,Sonawari,Asham,623,42,2794,65.0
44252577745,1_623_41_2763_005026,,Ghulam Hassan Bhat,,,64,Male,Owner,Marginal  Farmer(Farmer having land <1 Hectare),PENDING,,,false,,OPERATOR,aa64876909706f22dcec62219044871532f8b31dabdc25ca8d72fdc468050369,NjU1MDY4ODI4NjE1,**** **** 8615,8899571050,,BANDIPORA,Bandipora,Nadihal,623,41,2763,56.0
62843790817,1_623_6812_2711_005027,,Fareed Ahmad Lone,,,44,Male,Owner,Marginal  Farmer(Farmer having land <1 Hectare),PENDING,,,false,,OPERATOR,2783e5c664fe3fd24f582aef49f36ae9ca5b26c72a48997ec49b12042c0599be,NDQ3MjE4MTQ1MDkz,**** **** 5093,9103439993,,BANDIPORA,Tulail,Zedgey,623,6812,2711,0.0
17492442575,1_623_42_2794_005149,,Abdul Rashid Rather,,,36,Male,Owner,Marginal  Farmer(Farmer having land <1 Hectare),PENDING,,,false,,OPERATOR,72b717d7ba01c89a7a687258ab6f89087ca50f7d9d8ffed22c040949ab287110,NDY1NTM1NjE5NjAw,**** **** 9600,9596208366,,BANDIPORA,Sonawari,Asham,623,42,2794,65.0
30541003635,1_623_42_2794_005073,,Riyaz Ahmad Pala,,,56,Male,Owner,Marginal  Farmer(Farmer having land <1 Hectare),PENDING,,,false,,OPERATOR,d2fa6730de909802fe53c54c206c19fabb89d13c768834d712a9ba826e9e72a4,NzQ3MzQxNjc2NzI0,**** **** 6724,9596165759,,BANDIPORA,Sonawari,Asham,623,42,2794,66.0
51985744820,1_623_40_2708_005047,,KHATEJA BAGUM,,,57,Female,Owner,Marginal  Farmer(Farmer having land <1 Hectare),PENDING,,,false,,OPERATOR,26dfd05e769bd654958f2094f570e33864c5c735408a4de802aabcf55ce1f6c3,OTQ1NjIxNzExNjcw,**** **** 1670,6005436599,,BANDIPORA,Gurez,Shah Pora - Achoora (Churwan),623,40,2708,35.0
22289846376,1_623_6811_2700_005000,,Shajar Ur Rajab,,,25,Male,Owner,Marginal  Farmer(Farmer having land <1 Hectare),APPROVED,,,false,,OPERATOR,3b34e50963a233f2e1bc4d954143dcb58178757ba1fbf4ff4049449496fdd3c8,MzMxMTA0OTEyMTQ2,**** **** 2146,7889761120,,BANDIPORA,Hajin,Gulshanpora,623,6811,2700,90.0
83274714398,1_623_40_2707_005007,,Mohd Munawar,,,76,Male,Owner,Marginal  Farmer(Farmer having land <1 Hectare),APPROVED,,,false,,OPERATOR,32595eb591685810bb97ec16e4489513a2747d9d14e2591efbfee93cec646367,MjA4OTU1MzM5NDU5,**** **** 9459,9149664040,,BANDIPORA,Gurez,Markoot,623,40,2707,97.0
75635771860,1_623_6809_2744_005004,,Waseem Raja,,,44,Male,Owner,Marginal  Farmer(Farmer having land <1 Hectare),APPROVED,,,false,,OPERATOR,ef270697ecaf98be2c73b0935ff34232383a2c4856623ca29eb54f6da1affdcf,NzQyMDQ0MTcxMzUy,**** **** 1352,7006674663,,BANDIPORA,Aloosa,Mangnipora,623,6809,2744,90.0
96332988692,1_623_42_2808_005006,,Misra Begum,,,71,Female,Owner,Marginal  Farmer(Farmer having land <1 Hectare),APPROVED,,,false,,OPERATOR,c396694c16931191ed9ed7ac293c626235d75046de337c0a9c2b6a40d59fc0ca,NDg5MTg0MzM0MjQ5,**** **** 4249,7889912469,,BANDIPORA,Sonawari,Gund i Khalil,623,42,2808,89.0
70111876512,1_623_42_2797_005037,,Shah Hussain,,,26,Male,Owner,Marginal  Farmer(Farmer having land <1 Hectare),APPROVED,,,false,,OPERATOR,08f502394061742008cdcacdcf74283f17ff2886272f0b04b747f576960cc71d,NzE5MTU5MTMxNDc5,**** **** 1479,6006844766,,BANDIPORA,Sonawari,Hilalabad,623,42,2797,89.0
92121743272,1_623_6809_2744_005005,,Gh Nabi Chopan,,,41,Male,Owner,Marginal  Farmer(Farmer having land <1 Hectare),APPROVED,,,false,,OPERATOR,fe2a6e14423290ad32ba154378be2beb341fce042a37cb779254ea93f0dab14c,NDc4MTgxNTM3OTA5,**** **** 7909,7006701686,,BANDIPORA,Aloosa,Mangnipora,623,6809,2744,76.0
52084168172,1_623_42_2808_005009,,Shabir Ahmad Ganaie,,,37,Male,Owner,Marginal  Farmer(Farmer having land <1 Hectare),APPROVED,,,false,,OPERATOR,f9ef1624ebd684e8b5609825b35bd750e7ec4e2639ed712b70cddb769269f363,NTg5Mjk5NjQwMzY5,**** **** 0369,9622700512,,BANDIPORA,Sonawari,Gund i Khalil,623,42,2808,76.0
14525530475,1_623_42_2794_005074,,Jahangir Ahmad Khan,,,41,Male,Owner,Marginal  Farmer(Farmer having land <1 Hectare),PENDING,,,false,,OPERATOR,9f58119ece68cb61680cbf56700985cde15cda33bc017a75a158cde12420e2e8,ODE4MjQ4NzE5NzY4,**** **** 9768,9906462221,,BANDIPORA,Sonawari,Asham,623,42,2794,0.0
84514650924,1_623_42_2794_005055,,Ishfaq Majeed Ganie,,,31,Male,Owner,Marginal  Farmer(Farmer having land <1 Hectare),PENDING,,,false,,OPERATOR,0dd16e845c0c27678630083c8df45fc782cdace69c6dae5114da70fddc41c7df,MzIwMzY3ODM2ODc3,**** **** 6877,6005430412,,BANDIPORA,Sonawari,Asham,623,42,2794,33.0
78639210700,1_623_42_2794_005056,,TANVEER AHMAD SHAH,,,48,Male,Owner,Marginal  Farmer(Farmer having land <1 Hectare),PENDING,,,false,,OPERATOR,c902b4f1bdd8e43ce0a9883085f56523a1a77c96e5d74671323b5e656302ef22,NjY2NjA5MzI5Mzk3,**** **** 9397,9541773363,,BANDIPORA,Sonawari,Asham,623,42,2794,46.0
73819605096,1_623_40_936275_005059,,AB MAJEED BHAT,,,48,Male,Owner,Marginal  Farmer(Farmer having land <1 Hectare),PENDING,,,false,,OPERATOR,28f8a118a0f886dd4c60ace238401c7553c69e38306b997dc89c91bc24c6466b,MzUyMjk0MTYzOTc1,**** **** 3975,9469015023,,BANDIPORA,Gurez,Gulshanpora,623,40,936275,53.0
31056954385,1_623_40_2708_005048,,Sajad Ahmad Lone,,,40,Male,Owner,Marginal  Farmer(Farmer having land <1 Hectare),PENDING,,,false,,OPERATOR,76c481dd4d6b6d687cf1eb11147a56be9262b742e1c4a9f2cd6d6378587ec136,MjMwODE2OTQzMTI1,**** **** 3125,9596538876,,BANDIPORA,Gurez,Shah Pora - Achoora (Churwan),623,40,2708,56.0
27267860699,1_623_42_2794_005075,,Ghulam Mohi Uddin Khan,,,59,Male,Owner,Marginal  Farmer(Farmer having land <1 Hectare),PENDING,,,false,,OPERATOR,3b03eb8cc4ae6ce49e9a6d64808895bcd1d9c444ed428ed8f9a6e00b65540d4b,Mjg1Nzg4MDcxNTk0,**** **** 1594,9541379716,,BANDIPORA,Sonawari,Asham,623,42,2794,62.0
21887831546,1_623_41_2768_005010,,Sozia Khalil Lone,,,22,Female,Owner,Marginal  Farmer(Farmer having land <1 Hectare),PENDING,,,false,,OPERATOR,5629954a0b711697fbc11a0ad3a848bd81381b21acd8807d106bae978031e747,OTI0NTExNDk5OTUy,**** **** 9952,6006847704,,BANDIPORA,Bandipora,Garoora,623,41,2768,63.0
97029739799,1_623_42_2815_005026,,Abdul Hamid Rather,,,48,Male,Owner,Marginal  Farmer(Farmer having land <1 Hectare),PENDING,,,false,,OPERATOR,d878608142c298eb3406ed5422fbe3d2de36742ba01ac2377a9f9dbc3eb5036b,NjQxOTIyNzQwNDEy,**** **** 0412,7051183002,,BANDIPORA,Sonawari,Wahid pora,623,42,2815,0.0
73822828837,1_623_40_2708_005051,,Faqir Mohd Lone,,,55,Male,Owner,Marginal  Farmer(Farmer having land <1 Hectare),PENDING,,,false,,OPERATOR,3f92c3b4fac27bab4b1a13c90a3928d7e674ca912a0ec3c6e09d14a44b51a44d,ODUxNTMzNzc5OTQ1,**** **** 9945,9469091114,,BANDIPORA,Gurez,Shah Pora - Achoora (Churwan),623,40,2708,53.0
39285963869,1_623_6809_2744_005044,,Ghulam Ahmad Sheer Gojri,,,61,Male,Owner,Marginal  Farmer(Farmer having land <1 Hectare),PENDING,,,false,,OPERATOR,85af1b9f6a4d5f2ad90fe50e6316e5177a6364fd3fea9c19d4830472469f5433,MzIyMTM2NDI4Mzk0,**** **** 8394,8491075537,,BANDIPORA,Aloosa,Mangnipora,623,6809,2744,42.0
85805373257,1_623_41_2740_005009,,GH MOHI U DIN MALIK,,,53,Male,Owner,Marginal  Farmer(Farmer having land <1 Hectare),PENDING,,,false,,OPERATOR,f764c6d47a62a0713122b012f33d0b193e00ffa659d9bc9cd0eeeceaa11bb66b,OTIxNjQ1ODI0Nzgx,**** **** 4781,7051687270,,BANDIPORA,Bandipora,Khayar,623,41,2740,52.0
62873735413,1_623_6812_2711_005028,,Ab Rashid Lone,,,55,Male,Owner,Marginal  Farmer(Farmer having land <1 Hectare),PENDING,,,false,,OPERATOR,e2753af371f97c1ce8df876d147b1b030980349b6e02b6a042d5b15515841f05,Njk2MDM0MTMzMzUx,**** **** 3351,7006275479,,BANDIPORA,Tulail,Zedgey,623,6812,2711,0.0
16465165132,1_623_6812_2716_005094,,Nazir Ahmad Lone,,,43,Male,Owner,Marginal  Farmer(Farmer having land <1 Hectare),PENDING,,,false,,OPERATOR,ef825c35e0893a206851df01e42b46711052761e2a6f1823bf93f8d5b53cff2d,ODA5MjkxNDA3NTUz,**** **** 7553,9103039773,,BANDIPORA,Tulail,Neeru,623,6812,2716,61.0
13237474629,1_623_6812_2724_005102,,Mohd Iqbal Khan,,,41,Male,Owner,Marginal  Farmer(Farmer having land <1 Hectare),PENDING,,,false,,OPERATOR,f9bdc4d96735bd1dc39aa326773b01fab18172d3b7bae97b2aff256a8f1d2fdf,NjE0NzgyNTgwMTU5,**** **** 0159,9906355009,,BANDIPORA,Tulail,Baduaab,623,6812,2724,53.0
57750918065,1_623_6812_2724_005075,,GULZAR AHMAD MIR,,,60,Male,Owner,Marginal  Farmer(Farmer having land <1 Hectare),PENDING,,,false,,OPERATOR,a4f6f1a1583293123d3ba0d473811334df2357ef4db7fcda129986e35f33e37b,NjgzNzUzMTI5NDMw,**** **** 9430,7889841568,,BANDIPORA,Tulail,Baduaab,623,6812,2724,0.0
63741430309,1_623_40_2708_005117,,Rakeebullah Lone,,,57,Male,Owner,Marginal  Farmer(Farmer having land <1 Hectare),PENDING,,,false,,OPERATOR,cf601d61985e5cf2d27f49402e1db028752fd8723d322340ad1890ac5c63999c,MjMzMjUzNzQ1NTEz,**** **** 5513,6006025316,,BANDIPORA,Gurez,Shah Pora - Achoora (Churwan),623,40,2708,61.0
41725750635,1_623_42_2794_005087,,Gh Mohi Ud Din Khan,,,51,Male,Owner,Marginal  Farmer(Farmer having land <1 Hectare),PENDING,,,false,,OPERATOR,5049e9932cb55e2839e6fab1ae49302e1854cf5457a15a8ef735028288da2ae3,MjEzMTI5NjQ3NzM1,**** **** 7735,8493059575,,BANDIPORA,Sonawari,Asham,623,42,2794,0.0
32532048597,1_623_42_2794_005057,,GH AHMAD KALOO,,,70,Male,Owner,Marginal  Farmer(Farmer having land <1 Hectare),PENDING,,,false,,OPERATOR,70ebd87f7eae477441ef5f9bb41fc6b0782650b8da9b2672565e6237344e09bf,OTEyNjI4NjE3NTM1,**** **** 7535,9055404836,,BANDIPORA,Sonawari,Asham,623,42,2794,63.0
29409485287,1_623_6812_2716_005041,,Gh Hassan Mir,,,61,Male,Owner,Marginal  Farmer(Farmer having land <1 Hectare),PENDING,,,false,,OPERATOR,537ccd03be47df58bc1e8671ae46d70ff64072761021a5b63defe7a4f877e935,OTE5MDA4MDc0NDA3,**** **** 4407,7889493491,,BANDIPORA,Tulail,Neeru,623,6812,2716,43.0
97105253487,1_623_40_2705_005044,,Dilshada Begum,,,46,Female,Owner,Marginal  Farmer(Farmer having land <1 Hectare),PENDING,,,false,,OPERATOR,f186bf7392427954f1ca4540f5a3520a2c26ada556c76cfeb254aa6610381a18,MjA2MzExMDQ1MTU0,**** **** 5154,9469676469,,BANDIPORA,Gurez,Badwan,623,40,2705,50.0
75843601251,1_623_42_2794_005063,,GH MOHD TANTRAY,,,69,Male,Owner,Marginal  Farmer(Farmer having land <1 Hectare),PENDING,,,false,,OPERATOR,3e2f7d68df71ea9f40f0b1cd5c7bcc93691e45c17ac880010fc8cceb9ed76ce4,NjkwNDY1MzkzMTgx,**** **** 3181,9797750959,,BANDIPORA,Sonawari,Asham,623,42,2794,0.0
67122151525,1_623_6812_2725_005028,,Ab Jabar Mir,,,41,Male,Owner,Marginal  Farmer(Farmer having land <1 Hectare),PENDING,,,false,,OPERATOR,4d6671d01934a5e6aa9f3ed696f7aaaffedc106eba02464727f20a6c5a4eed95,NTE3NDY4MzM0MzM2,**** **** 4336,9149993184,,BANDIPORA,Tulail,Gujran,623,6812,2725,22.0
23683419141,1_623_40_2708_005036,,Farooq Ahmad Khan,,,41,Male,Owner,Marginal  Farmer(Farmer having land <1 Hectare),PENDING,,,false,,OPERATOR,ff9f2ff1f3121640047643e8b05431f8e6598fbc1c6d21e07c79fe8a68977c12,MzA4Mzc2NDM5ODE2,**** **** 9816,7889477532,,BANDIPORA,Gurez,Shah Pora - Achoora (Churwan),623,40,2708,32.0
74117733124,1_623_41_2764_005011,,Abdul. Rashid Wani,,,68,Male,Owner,Marginal  Farmer(Farmer having land <1 Hectare),PENDING,,,false,,OPERATOR,362c69173b1e637230751bb6efddf4fcc2436f74d3fa715cc83ca9348a9cadab,ODUyMDU5NDA2MjY5,**** **** 6269,7006896194,,BANDIPORA,Bandipora,Gund Dachina,623,41,2764,54.0
69487407501,1_623_41_2764_005021,,Muzamil Ali Wani,,,47,Male,Owner,Marginal  Farmer(Farmer having land <1 Hectare),PENDING,,,false,,OPERATOR,318382afbc90a1b7acc99aa74e64184549ce2e02e39ac8eb4bd9cee60d54e80d,ODQ2NTY1MTY5Njc4,**** **** 9678,9419029988,,BANDIPORA,Bandipora,Gund Dachina,623,41,2764,56.0
15869618326,1_623_40_2708_005074,,Nazir Ahmad Lone,,,53,Male,Owner,Marginal  Farmer(Farmer having land <1 Hectare),PENDING,,,false,,OPERATOR,f36f4f36d8c817c0a5709c77868015b8309dc9188393b645aca5e0ecb41cafe9,OTI5OTUxOTA5Mzgx,**** **** 9381,9484229758,,BANDIPORA,Gurez,Shah Pora - Achoora (Churwan),623,40,2708,0.0
73869474807,1_623_6812_2724_005079,,Fareed Ahmad Naik,,,35,Male,Owner,Marginal  Farmer(Farmer having land <1 Hectare),PENDING,,,false,,OPERATOR,595503b284a9bda4e1f27edf8b2f6455604eb9581876fbb9fcc665512026b7b7,NTYxNTkyNTA0NTU5,**** **** 4559,9149723614,,BANDIPORA,Tulail,Baduaab,623,6812,2724,46.0
27216947736,1_623_40_2708_005050,,MOHD ISMAIL LONE,,,50,Male,Owner,Marginal  Farmer(Farmer having land <1 Hectare),PENDING,,,false,,OPERATOR,62c9da99fa124d3388737a2787946433bc14d96b4cb949b21497913a0fa17700,NzU0NDc5ODYzNjkz,**** **** 3693,7889731795,,BANDIPORA,Gurez,Shah Pora - Achoora (Churwan),623,40,2708,56.0
66585974802,1_623_40_2708_005073,,Mohd Yaseen Lone,,,91,Male,Owner,Marginal  Farmer(Farmer having land <1 Hectare),PENDING,,,false,,OPERATOR,650033cfad045c547319654f95f18719c7d784b220fe5c345850e191922046a2,ODY5MTAyMDE3NTg0,**** **** 7584,7006890946,,BANDIPORA,Gurez,Shah Pora - Achoora (Churwan),623,40,2708,22.0
87914765523,1_623_6809_2748_005374,,Gulzar Ahmad Khanday,,,54,Male,Owner,Marginal  Farmer(Farmer having land <1 Hectare),PENDING,,,false,,OPERATOR,e770c75680a9b80584ca2646a7a06183c167732608a5395acf0d0e8676c024ff,MzY4MTkwMzkyNzUw,**** **** 2750,9103104279,,BANDIPORA,Aloosa,Ashtangoo,623,6809,2748,0.0
33474160645,1_623_40_2708_005037,,Bhakti Begum,,,70,Female,Owner,Marginal  Farmer(Farmer having land <1 Hectare),APPROVED,,,false,,OPERATOR,e4b247d4cf0325e6c09a02565aab1e8f5dfcc79c270f29b2f583bead196294e9,NjcyNTI2NjMwMzU4,**** **** 0358,7889477532,,BANDIPORA,Gurez,Shah Pora - Achoora (Churwan),623,40,2708,79.0
96960260344,1_623_42_2820_005025,,Habib Ullah Dar,,,83,Male,Owner,Marginal  Farmer(Farmer having land <1 Hectare),PENDING,,,false,,OPERATOR,2747a9fb1968d86944dcc771a5e3de4218f020143387112c2a8705807de23b2e,MjAyMzU2ODg0MDY1,**** **** 4065,9858864531,,BANDIPORA,Sonawari,Sumbal Inderkote,623,42,2820,56.0
47361702420,1_623_42_2794_005060,,Mohammad Afzal Dar,,,72,Male,Owner,Marginal  Farmer(Farmer having land <1 Hectare),PENDING,,,false,,OPERATOR,a74b67082c0ce2cd5e6d32363c5ce150f8aa054b02a2fcb4e699bfc46aa2c064,NjUyMDAyNzUzODI1,**** **** 3825,9906954234,,BANDIPORA,Sonawari,Asham,623,42,2794,66.0
54155713868,1_623_42_2794_005118,,Mohd Shaban Rather,,,66,Male,Owner,Marginal  Farmer(Farmer having land <1 Hectare),PENDING,,,false,,OPERATOR,8ad5f97cbabbbbb3cbd7dd30eb902e2539564e5a78a62c50df1d7140a98c9359,OTA0NjkxMDk5MDQ5,**** **** 9049,7889947497,,BANDIPORA,Sonawari,Asham,623,42,2794,43.0
78265980711,1_623_40_936275_005013,,MUMTAZ AHMAD HARRAY,,,54,Male,Owner,Marginal  Farmer(Farmer having land <1 Hectare),PENDING,,,false,,OPERATOR,0a8a9c9482373039f3448f1750917ce875beca919b8bfcd82b3f19c4b59eecd8,ODE1MDE4OTIyODQ4,**** **** 2848,9469201504,,BANDIPORA,Gurez,Gulshanpora,623,40,936275,0.0
91316023925,1_623_40_936275_005014,,MOHAMMAD JAMAL CHOPAN,,,58,Male,Owner,Marginal  Farmer(Farmer having land <1 Hectare),PENDING,,,false,,OPERATOR,8fcffeb1842a20a707dcd0f0b577000fae7b451c7e399dd3d5058d12e3c6f211,ODAwNjc3MDMwMTcw,**** **** 0170,9103279520,,BANDIPORA,Gurez,Gulshanpora,623,40,936275,46.0
56172229461,1_623_40_936275_005036,,Ghulam Rasul Bhat,,,52,Male,Owner,Marginal  Farmer(Farmer having land <1 Hectare),PENDING,,,false,,OPERATOR,05ecb05b2ea5dbe9b7452867f7ec6f06579328f036a30b32fe5017826026a88f,NTExMzczMTMzNTg3,**** **** 3587,9541094568,,BANDIPORA,Gurez,Gulshanpora,623,40,936275,54.0
49763523806,1_623_42_2794_005059,,Mohmad Abdula Bhat,,,81,Male,Owner,Marginal  Farmer(Farmer having land <1 Hectare),PENDING,,,false,,OPERATOR,2653ca12b71322d6b4f440e8423273aeda7bda482861cd546acc510209353394,Mzg5NzczNDE0NjYy,**** **** 4662,7051816179,,BANDIPORA,Sonawari,Asham,623,42,2794,53.0
26656423061,1_623_41_2768_005051,,Mohammad Muzaffar Mir,,,70,Male,Owner,Marginal  Farmer(Farmer having land <1 Hectare),PENDING,,,false,,OPERATOR,b3ce9aab961b3371ad70e0713c7bf14fa4de267ef61e8daba5b87977c644d8b5,Njg4MzE2NjUxNjg2,**** **** 1686,9541010392,,BANDIPORA,Bandipora,Garoora,623,41,2768,62.0
99938810851,1_623_40_2708_005054,,MOHD AFZAL LONE,,,56,Male,Owner,Marginal  Farmer(Farmer having land <1 Hectare),PENDING,,,false,,OPERATOR,06cd03f229554267525ecb31d9528f4b23dbe4fc44673c9b450b6b751f96cb28,NjE5ODA3MDY0NDY1,**** **** 4465,9682674390,,BANDIPORA,Gurez,Shah Pora - Achoora (Churwan),623,40,2708,46.0
42304634178,1_623_40_2708_005039,,Sajid Ahmad Khan,,,21,Male,Owner,Marginal  Farmer(Farmer having land <1 Hectare),PENDING,,,false,,OPERATOR,dc4d6624627f9b42ee7f299ce6fcf8c6cfbb9cc6645c56370701186a83119184,NzQyMzcwODQyODUw,**** **** 2850,7006692533,,BANDIPORA,Gurez,Shah Pora - Achoora (Churwan),623,40,2708,21.0
52452076392,1_623_6812_2711_005029,,Gh Mohd Wani,,,71,Male,Owner,Marginal  Farmer(Farmer having land <1 Hectare),PENDING,,,false,,OPERATOR,d619ad4adfff554d3680dc5725bf58973afcff75358c355784fdcf3829afc806,NzUxOTc2MDU3Njg0,**** **** 7684,6005865691,,BANDIPORA,Tulail,Zedgey,623,6812,2711,20.0
71723780281,1_623_6812_2716_005067,,Mohammad Jamal Mir,,,66,Male,Owner,Marginal  Farmer(Farmer having land <1 Hectare),APPROVED,,,false,,OPERATOR,6bc5aabc1e076fccff7af30b4343053eb5ac202430d084f5634a0a6f6fd027eb,MjY4NzMxOTUxOTg1,**** **** 1985,9320606576,,BANDIPORA,Tulail,Neeru,623,6812,2716,23.0
34227548544,1_623_6812_2711_005022,,Ghulam Mohammad Wani,,,58,Male,Owner,Marginal  Farmer(Farmer having land <1 Hectare),PENDING,,,false,,OPERATOR,85b08830cfdfd4c045cf27b25416be5d7fa8e3bab59857403f96f6b70c8d002b,NjU5NTIyODcwNTM3,**** **** 0537,9320662857,,BANDIPORA,Tulail,Zedgey,623,6812,2711,56.0
30380319415,1_623_6812_2724_005126,,Shams Ud Din Naik,,,41,Male,Owner,Marginal  Farmer(Farmer having land <1 Hectare),PENDING,,,false,,OPERATOR,90b6b20597016482b734c6fb8b355c1e84478524b5748f4fbdbc523d90f263a9,MzkxMzk4OTI2MTgx,**** **** 6181,9103334836,,BANDIPORA,Tulail,Baduaab,623,6812,2724,0.0
11888045484,1_623_40_2708_005053,,Latif Ahmad Lone,,,40,Male,Owner,Marginal  Farmer(Farmer having land <1 Hectare),PENDING,,,false,,OPERATOR,8325043c2660eaa0798fce726f731396d2dd26a6315d224aec0bacb9ee6d8ca6,Njg2MTI2NTI1MzI0,**** **** 5324,7006619046,,BANDIPORA,Gurez,Shah Pora - Achoora (Churwan),623,40,2708,56.0
21307682951,1_623_6812_2716_005047,,GH AHMAD MIR,,,71,Male,Owner,Marginal  Farmer(Farmer having land <1 Hectare),PENDING,,,false,,OPERATOR,bf34f7b26e1e1d762295a11feb1baa9f89b04873095b8d72665888b273cdca96,ODEyMTQ1NTM2MTMx,**** **** 6131,7889859550,,BANDIPORA,Tulail,Neeru,623,6812,2716,38.0
64050298957,1_623_40_2705_005000,,Farooz Ahmad Mapnoo,,,50,Male,Owner,Marginal  Farmer(Farmer having land <1 Hectare),PENDING,,,false,,OPERATOR,08d2945f0e61269c4b7478bfbb7e6f83e967f03287a4579ed898d1919c38a90e,NzIwOTc1Njc5MzE1,**** **** 9315,6005145422,,BANDIPORA,Gurez,Badwan,623,40,2705,0.0
42433966737,1_623_42_2794_005062,,Mohmad Ayoub Kaloo,,,49,Male,Owner,Marginal  Farmer(Farmer having land <1 Hectare),PENDING,,,false,,OPERATOR,a430340dba0d9d13c62ad1e853840dc2ee9e1969db5b124b9b37534cc4a06cf7,NTU5Mzk0NDkzMTA0,**** **** 3104,7006837988,,BANDIPORA,Sonawari,Asham,623,42,2794,64.0
15600165091,1_623_41_2761_005023,,ABDUL GANI SHEIKH,,,77,Male,Owner,Marginal  Farmer(Farmer having land <1 Hectare),PENDING,,,false,,OPERATOR,e2a079171f58a32cbd35959a11d5448ce982820d91667be1d17b7035e4787e2e,NDM4ODg5ODQ0Mjcy,**** **** 4272,9596347040,,BANDIPORA,Bandipora,Gamroo,623,41,2761,54.0
74352804032,1_623_6812_2711_005023,,MOHD RAMZAN KHAN,,,61,Male,Owner,Marginal  Farmer(Farmer having land <1 Hectare),PENDING,,,false,,OPERATOR,8dd18a4312c6969ff13bb5345401dfe76c9864f9141f46fb2c3fac311c4257e3,NDYzMDc1MzU1NDg3,**** **** 5487,6005768654,,BANDIPORA,Tulail,Zedgey,623,6812,2711,43.0
41855603875,1_623_42_2794_005061,,GH QADIR NAJAR,,,60,Male,Owner,Small Farmer (Farmer having Land >=1 & <2 Hectare),PENDING,,,false,,OPERATOR,d70c012df5ff846b0e35b216f994fea8d5b01773fbea99b8689ee55d47784a42,NjgyNTM3MTk1NDAz,**** **** 5403,9018759010,,BANDIPORA,Sonawari,Asham,623,42,2794,43.0
24979086309,1_623_40_936275_005001,,Mohd Jalil Lone,,,60,Male,Owner,Marginal  Farmer(Farmer having land <1 Hectare),PENDING,,,false,,OPERATOR,cd1859315e7836e38e62ac116ab495ec506af5fea124a4201cb362b9e9f8449c,OTExNzAyMzA2MjQy,**** **** 6242,6006772424,,BANDIPORA,Gurez,Gulshanpora,623,40,936275,33.0
95941130778,1_623_6812_2711_005024,,Mohd Anwar Khan,,,57,Male,Owner,Marginal  Farmer(Farmer having land <1 Hectare),PENDING,,,false,,OPERATOR,ac9db531faf3e8818ff7adfff16f4a33bebc360979e2f369fd64d866dc82f517,NzYyNDg3NjY4ODM0,**** **** 8834,6006055628,,BANDIPORA,Tulail,Zedgey,623,6812,2711,57.0
47437010555,1_623_40_936275_005002,,Mohd Abdullah Bhat,,,40,Male,Owner,Marginal  Farmer(Farmer having land <1 Hectare),PENDING,,,false,,OPERATOR,7d0b5ebc7ba2a1c2059db01d89025ab14da92fed49150538fcba0a6825597bc3,OTYyMDM5OTk2MjA3,**** **** 6207,7889531039,,BANDIPORA,Gurez,Gulshanpora,623,40,936275,53.0
80185551813,1_623_40_2708_005049,,Manzoor Ahmad Lone,,,41,Male,Owner,Marginal  Farmer(Farmer having land <1 Hectare),PENDING,,,false,,OPERATOR,8ece62727f10cc11da1636addc25233ed4ef206922fed64d2467192e19f6a69e,MjQ1ODM4NzMwMzcw,**** **** 0370,7006455575,,BANDIPORA,Gurez,Shah Pora - Achoora (Churwan),623,40,2708,55.0
22244866794,1_623_6812_2711_005026,,Mohd Munwar Khan,,,49,Male,Owner,Marginal  Farmer(Farmer having land <1 Hectare),PENDING,,,false,,OPERATOR,0f66c8d5843d8f488a9a0ed5a947339edbe19863afaae582c6b1ea6a552e9b8c,MjkzNzg5NjYyMjA2,**** **** 2206,6005506692,,BANDIPORA,Tulail,Zedgey,623,6812,2711,58.0
48337039918,1_623_40_2707_005057,,Akhter Hussain Lone,,,41,Male,Owner,Marginal  Farmer(Farmer having land <1 Hectare),PENDING,,,false,,OPERATOR,0ef1a678ce996e0865ba4a4fb17ee9556670838862b0e0ddbfe559b81b25160f,OTUxNzEwNjA5NjA1,**** **** 9605,7006299634,,BANDIPORA,Gurez,Markoot,623,40,2707,0.0
96784769828,1_623_6811_2783_005019,,Sabreena Shaban,,,42,Female,Owner,Marginal  Farmer(Farmer having land <1 Hectare),PENDING,,,false,,OPERATOR,318675e4d48382a548d2575e666d1c2db3a0e9155efce70a7d92525a250e818f,NzI3MTg4MDQwMDI1,**** **** 0025,7889640112,,BANDIPORA,Hajin,Vijipara,623,6811,2783,50.0
22941916388,1_623_6812_2716_005042,,Niyaz Ahmad Mir,,,41,Male,Owner,Marginal  Farmer(Farmer having land <1 Hectare),APPROVED,,,false,,OPERATOR,cb948c05264fc154c2e5fb69aabd3eedc7798d25981d95509bbef2c04e2e929d,NzA1MDEwNTk3MjUw,**** **** 7250,9149955670,,BANDIPORA,Tulail,Neeru,623,6812,2716,76.0
11341906640,1_623_6812_2716_005048,,FAROOQ MIR,,,56,Male,Owner,Marginal  Farmer(Farmer having land <1 Hectare),PENDING,,,false,,OPERATOR,49908592d960d93b65a95e1a67d896b39ce526a8137ddd1e0028a763762c8b0e,NTAwNzE1NDY5MTk0,**** **** 9194,6006685617,,BANDIPORA,Tulail,Neeru,623,6812,2716,0.0
30265308683,1_623_42_2794_005078,,ALI MOHD BHAT,,,71,Male,Owner,Small Farmer (Farmer having Land >=1 & <2 Hectare),PENDING,,,false,,OPERATOR,68a8078c986fcb034f89445aea43f84082225f8258279549c08a2c5f3d87bb42,NTg3MTIwNDgzMjY3,**** **** 3267,8494062816,,BANDIPORA,Sonawari,Asham,623,42,2794,53.0
35983162051,1_623_6811_2784_005019,,SHAHZAD AHMAD BHAT,,,40,Male,Owner,Marginal  Farmer(Farmer having land <1 Hectare),PENDING,,,false,,OPERATOR,334c4972cf50212f26a66bc4e3a5c81eea7c35888b781728fef189ee6a36be56,Mjg4NTU4OTU4MDk2,**** **** 8096,6006281107,,BANDIPORA,Hajin,Gundi Boon,623,6811,2784,0.0
83131256409,1_623_40_936275_005015,,Jahangeer Khazir,,,38,Male,Owner,Marginal  Farmer(Farmer having land <1 Hectare),APPROVED,,,false,,OPERATOR,ae2a8c866f6791b07ec77bded6c5c4bcffb8bfe0ab0870cc63cf26de7c9959aa,OTEwMjg3NTA3MjAx,**** **** 7201,6006651529,,BANDIPORA,Gurez,Gulshanpora,623,40,936275,85.0
27763802992,1_623_40_2707_005058,,Raja Jahangir Lone,,,32,Male,Owner,Marginal  Farmer(Farmer having land <1 Hectare),PENDING,,,false,,OPERATOR,812e23f828ccfd8fc17ba33338c097c0e50b667ada91e0957474ab0b8c33dbf7,MzM0NjYzMjM2MTI3,**** **** 6127,7006833418,,BANDIPORA,Gurez,Markoot,623,40,2707,0.0
92888410525,1_623_40_2708_005055,,Abdul Majeed Akhoon,,,58,Male,Owner,Marginal  Farmer(Farmer having land <1 Hectare),PENDING,,,false,,OPERATOR,dfe12e9788c666206f473a1f1d644ecb4196023b98915fdff508b9b558fe20cf,MzgzMTY3OTczMjAx,**** **** 3201,6005581814,,BANDIPORA,Gurez,Shah Pora - Achoora (Churwan),623,40,2708,61.0
75403729415,1_623_41_936279_005005,,Abdul Rashid Sofi,,,64,Male,Owner,Marginal  Farmer(Farmer having land <1 Hectare),PENDING,,,false,,OPERATOR,0b523b800812638f043c47b1cfea0e0f9b709f80b1a2ca565291353e5f0eb109,MjI2ODAwNTU2MDY0,**** **** 6064,7051859403,,BANDIPORA,Bandipora,Ayatmulla,623,41,936279,0.0
93901163256,1_623_40_2708_005075,,Assadullah Lone,,,65,Male,Owner,Marginal  Farmer(Farmer having land <1 Hectare),PENDING,,,false,,OPERATOR,d0c6ab591c331b6cc678efb8c6d445da37853216e053168d9677f827cf6e5f03,MjEwMjI3NTQzNzk2,**** **** 3796,9469565158,,BANDIPORA,Gurez,Shah Pora - Achoora (Churwan),623,40,2708,0.0
71304144295,1_623_40_2708_005056,,Ghulam Mohammad Lone,,,65,Male,Owner,Marginal  Farmer(Farmer having land <1 Hectare),PENDING,,,false,,OPERATOR,8375abe85b197b51432ed6d3fd9c41c9c658bd2dcdda390c8d1995651550b201,NDI3ODM4Mzk0OTMz,**** **** 4933,9149797732,,BANDIPORA,Gurez,Shah Pora - Achoora (Churwan),623,40,2708,46.0
15616515661,1_623_40_936275_005017,,MOHD RAFIQ LONE,,,52,Male,Owner,Marginal  Farmer(Farmer having land <1 Hectare),PENDING,,,false,,OPERATOR,6be7e143ef0f93297f09c1e150933d840d507c6866a85df25c7ae1e024277b73,Mjg0NzE3MDIyODAy,**** **** 2802,9149811984,,BANDIPORA,Gurez,Gulshanpora,623,40,936275,53.0
63090248862,1_623_6809_2744_005045,,Mohd Ayub Khan,,,51,Male,Owner,Marginal  Farmer(Farmer having land <1 Hectare),PENDING,,,false,,OPERATOR,a3cee4d1b583ffe3b93a6a6b7be496a74e1c0aa420865e1ecb5db50d3f0756c3,MjA3OTcxNzc0ODIx,**** **** 4821,9596757047,,BANDIPORA,Aloosa,Mangnipora,623,6809,2744,61.0
17630746511,1_623_42_2812_005065,,RAJA BEGUM,,,71,Female,Owner,Marginal  Farmer(Farmer having land <1 Hectare),PENDING,,,false,,OPERATOR,0105c8119933976a97131712934417f9b51f93c0772370628ecb5caa63f1509f,MzQ0MTcyNTYyMzQ4,**** **** 2348,6006525253,,BANDIPORA,Sonawari,Sarai Dangarpora,623,42,2812,25.0
38653080801,1_623_6812_2716_005049,,MOHD ASHRAF MIR,,,34,Male,Owner,Marginal  Farmer(Farmer having land <1 Hectare),PENDING,,,false,,OPERATOR,0d01c9925467d1dc006776d03b3212c571dd9baa448385fba8c44ce63822d79f,NjY4MDMwOTU3NTA1,**** **** 7505,6006918075,,BANDIPORA,Tulail,Neeru,623,6812,2716,43.0
45870109269,1_623_42_2794_005088,,Abdul Majeed Kaloo,,,61,Male,Owner,Marginal  Farmer(Farmer having land <1 Hectare),APPROVED,,,false,,OPERATOR,b8c2f32590e483765a7cdd3c7013bb5ba58c80b861b99bdc29a95a4364ca5655,NTMxMzQ4ODM5MTkz,**** **** 9193,6005596490,,BANDIPORA,Sonawari,Asham,623,42,2794,66.0
12921036887,1_623_40_2705_005013,,Kamar Ud Din Lone,,,51,Male,Owner,Marginal  Farmer(Farmer having land <1 Hectare),PENDING,,,false,,OPERATOR,b78a9949c2738b8c89771ee1e477f06796bb580ec6c61ddef5c28c9626fb5a3e,NzQyNzczNDk3MTQ4,**** **** 7148,7889703044,,BANDIPORA,Gurez,Badwan,623,40,2705,53.0
93252214247,1_623_6812_2724_005105,,NANIE BEGUM,,,65,Female,Owner,Marginal  Farmer(Farmer having land <1 Hectare),PENDING,,,false,,OPERATOR,ed8bee149e8348d2772bcabfe13e6c657ce468aaf8914ecaa3ad6b58feb46fed,MzMzODA1Mzc5OTEx,**** **** 9911,9103069584,,BANDIPORA,Tulail,Baduaab,623,6812,2724,50.0
69927260535,1_623_6812_2716_005066,,GULZAR MIR,,,66,Male,Owner,Marginal  Farmer(Farmer having land <1 Hectare),PENDING,,,false,,OPERATOR,a44e22b5f037107d4877975f5ef7891e374ca663860d676daec4ca6c3deeb563,MzYwOTY4OTk0ODMx,**** **** 4831,9149602056,,BANDIPORA,Tulail,Neeru,623,6812,2716,35.0
53143752134,1_623_40_2705_005014,,Khurshied Ahmad Lone,,,33,Male,Owner,Marginal  Farmer(Farmer having land <1 Hectare),PENDING,,,false,,OPERATOR,0a5a3372fe20b7c244da53befe3e97ef472bc30836db6090cc945966cbd70c0e,Mjg1MTg3NzQzMTc3,**** **** 3177,9103786690,,BANDIPORA,Gurez,Badwan,623,40,2705,65.0
87915280770,1_623_6812_2724_005106,,Jani Bagum,,,34,Female,Owner,Marginal  Farmer(Farmer having land <1 Hectare),PENDING,,,false,,OPERATOR,1f52115fa7def72490b9daaf643d4d4318a9cf845de1093c8783dcea692b63fc,OTIwMTg5OTIyODkx,**** **** 2891,6005410896,,BANDIPORA,Tulail,Baduaab,623,6812,2724,25.0
65556781625,1_623_40_936275_005019,,GH MOHD LONE,,,80,Male,Owner,Marginal  Farmer(Farmer having land <1 Hectare),PENDING,,,false,,OPERATOR,aa07909fa2462c66732010045e5bd2f557b0e64bcef9af43c8fa356a84787b84,OTUyNzEyNjM2NTkz,**** **** 6593,6005051274,,BANDIPORA,Gurez,Gulshanpora,623,40,936275,30.0
29773059422,1_623_6812_2724_005107,,GH RASOOL BEIGH,,,75,Male,Owner,Marginal  Farmer(Farmer having land <1 Hectare),PENDING,,,false,,OPERATOR,cb9e7399590203a51e19e9cac0ec645ffa0cadb086862f0c3acdb5cb083b27db,NDA4OTg3NDE3Njgy,**** **** 7682,7780863440,,BANDIPORA,Tulail,Baduaab,623,6812,2724,53.0
94510494701,1_623_40_2708_005058,,Rayaz Ahmad Wani,,,42,Male,Owner,Marginal  Farmer(Farmer having land <1 Hectare),PENDING,,,false,,OPERATOR,1fda7af0cde8d06703946b9ff339eb416ddf11fc77a00f141c4712197a86a8be,NjY4OTYzNzQwNjYz,**** **** 0663,7780930218,,BANDIPORA,Gurez,Shah Pora - Achoora (Churwan),623,40,2708,17.0
60295675949,1_623_6811_2774_005011,,Abdul Salam Bhat,,,66,Male,Owner,Marginal  Farmer(Farmer having land <1 Hectare),PENDING,,,false,,OPERATOR,b26e770a671ea40e97cc62d025845b19d4a074cd20b2e536ed5e710ed2e81010,MjM3MTk4NjEyMTAz,**** **** 2103,9622419102,,BANDIPORA,Hajin,Rakh i Hajin,623,6811,2774,22.0
39233024344,1_623_41_2740_005052,,AB RASHID MALIK,,,62,Male,Owner,Marginal  Farmer(Farmer having land <1 Hectare),PENDING,,,false,,OPERATOR,8f393fac68b72f239e01e9052a30d1dcc54add2e7be19e4cfad20936975153cf,NDU3MzQ0MjQxMDky,**** **** 1092,9541192438,,BANDIPORA,Bandipora,Khayar,623,41,2740,53.0
79858910991,1_623_6812_2716_005050,,Kulsooma Banoo,,,35,Female,Owner,Marginal  Farmer(Farmer having land <1 Hectare),PENDING,,,false,,OPERATOR,3169165234bfbc7e4e12429f2668df4d6d57bde156a2509204065c14952cf5c8,NjcxNTk5Njc2MTM1,**** **** 6135,6005521589,,BANDIPORA,Tulail,Neeru,623,6812,2716,34.0
78774027092,1_623_40_936275_005018,,Mustafa Jalil Harey,,,47,Male,Owner,Marginal  Farmer(Farmer having land <1 Hectare),PENDING,,,false,,OPERATOR,f6414dd85b45f150f973bb72030b0b5bedccc99786375c5158edeb6b16164efe,OTQ0NTI2Njc3MTk4,**** **** 7198,9103268294,,BANDIPORA,Gurez,Gulshanpora,623,40,936275,32.0
19788265060,1_623_40_2705_005045,,Fareeda Begum,,,51,Female,Owner,Marginal  Farmer(Farmer having land <1 Hectare),PENDING,,,false,,OPERATOR,64c107ae247ead7edfc467091b988cd69122f1042f655a956c9667e9720f4916,NTUzNjI3MDc2Nzkx,**** **** 6791,8494060212,,BANDIPORA,Gurez,Badwan,623,40,2705,50.0
23146799713,1_623_42_2794_005119,,Mushtaq Ahmad Rather,,,51,Male,Owner,Marginal  Farmer(Farmer having land <1 Hectare),PENDING,,,false,,OPERATOR,998692624e1bb762466d0c13f9d0f6f43c9974da9b97f8afbc8ace648a48b868,ODcyMDYxNzQ5OTU5,**** **** 9959,7780909290,,BANDIPORA,Sonawari,Asham,623,42,2794,46.0
35213323842,1_623_41_2763_005016,,Shabir Ahmad Wani,,,48,Male,Owner,Marginal  Farmer(Farmer having land <1 Hectare),PENDING,,,false,,OPERATOR,71393ee6088f50d55ca375bfdd15a268c5653b47c81ae1976df5a7a52228c825,NTg5OTYxODEzNTky,**** **** 3592,7006883827,,BANDIPORA,Bandipora,Nadihal,623,41,2763,64.0
19295850998,1_623_40_936275_005037,,Mohammad Abdullah Bhat,,,46,Male,Owner,Marginal  Farmer(Farmer having land <1 Hectare),PENDING,,,false,,OPERATOR,2d8c000cb0f846c59ed278579adfe4004e5cfe600f2b667141621917495526bb,Mjg1MTc0NzE1Mjgx,**** **** 5281,6006852093,,BANDIPORA,Gurez,Gulshanpora,623,40,936275,56.0
68571379489,1_623_40_2707_005082,,AB KABIR LONE,,,71,Male,Owner,Marginal  Farmer(Farmer having land <1 Hectare),PENDING,,,false,,OPERATOR,7b6dbebff3965b33f4347f1351ff7b21ad2a5879cadc2463e67020fa85a903c5,ODUyODUxMDI5MzI1,**** **** 9325,9419672363,,BANDIPORA,Gurez,Markoot,623,40,2707,33.0
67446533127,1_623_6812_2724_005108,,IMRAN KHAN,,,25,Male,Owner,Marginal  Farmer(Farmer having land <1 Hectare),PENDING,,,false,,OPERATOR,23b1120bc27b3303b70b6c0ca3e56200f633b372c41af95ca1dd047a56e3249d,NDQzMDQ0MTM1Mjk0,**** **** 5294,7889301467,,BANDIPORA,Tulail,Baduaab,623,6812,2724,0.0
69799509945,1_623_41_2740_005011,,GH NABI MALIK,,,59,Male,Owner,Marginal  Farmer(Farmer having land <1 Hectare),PENDING,,,false,,OPERATOR,786f6995463686b34191461a1d0606ec2b50c6ade7a9e2f6692f51f3cc61802f,NDU3MTkyNzMzNzA3,**** **** 3707,6005055501,,BANDIPORA,Bandipora,Khayar,623,41,2740,53.0
59956886891,1_623_6812_2716_005053,,Shah U Deen Mir,,,26,Male,Owner,Marginal  Farmer(Farmer having land <1 Hectare),PENDING,,,false,,OPERATOR,c2a1d33b52533d22bdade9f20587e3bdb38cf74f142e86cc4df6caf6d68e29de,NzgyMDc1NjY4MTg2,**** **** 8186,9149978305,,BANDIPORA,Tulail,Neeru,623,6812,2716,66.0
81763789038,1_623_6811_2784_005004,,Jan Mohammad Sheikh,,,60,Male,Owner,Marginal  Farmer(Farmer having land <1 Hectare),PENDING,,,false,,OPERATOR,00b6a1ba787b167450400b31453e00f76abe967b9130c0dbe6bd2d4b4202e1f0,NTk2ODI1NjMyMTI5,**** **** 2129,9622593126,,BANDIPORA,Hajin,Gundi Boon,623,6811,2784,0.0
42412692536,1_623_6812_2716_005054,,Feroz Mir,,,32,Male,Owner,Marginal  Farmer(Farmer having land <1 Hectare),PENDING,,,false,,OPERATOR,96ec4035b828ba3179619723c0c5b02d1c47182c399e29037f8f03990a4a2c2f,Mjc5MDcyOTM0NDAy,**** **** 4402,6005708459,,BANDIPORA,Tulail,Neeru,623,6812,2716,22.0
75774029556,1_623_6812_2724_005141,,SALEEMA BEGUM,,,46,Female,Owner,Marginal  Farmer(Farmer having land <1 Hectare),PENDING,,,false,,OPERATOR,da632d6e251c2a99eb8c7acf58d19f455528e3258db1d46f501f2fdb78c3013e,MzU1NTQzNzA0OTE0,**** **** 4914,7889708271,,BANDIPORA,Tulail,Baduaab,623,6812,2724,50.0
38900533310,1_623_40_936275_005020,,HAMEEDA BEGUM,,,46,Female,Owner,Marginal  Farmer(Farmer having land <1 Hectare),PENDING,,,false,,OPERATOR,30c676d29758bfcb4c771e4c7928dcb5863a0babafe7186fde3a9541bbc57626,MjIzMDk0NDQ2Mzcz,**** **** 6373,7006708051,,BANDIPORA,Gurez,Gulshanpora,623,40,936275,0.0
78873366293,1_623_41_2740_005012,,Shazada Begum,,,54,Female,Owner,Marginal  Farmer(Farmer having land <1 Hectare),PENDING,,,false,,OPERATOR,d22b9a0048e9ba87a9d9e8bb947c96c1843ba9ecee4a968e2d263e9959a03544,OTM2MjU3NTQzMDAy,**** **** 3002,9906535278,,BANDIPORA,Bandipora,Khayar,623,41,2740,50.0
64900090411,1_623_40_2707_005074,,Khatija Bagum,,,76,Female,Owner,Marginal  Farmer(Farmer having land <1 Hectare),PENDING,,,false,,OPERATOR,d68f0756064ef961e2dd239eca0753cb879379d14cc289dff1bcd50313388587,MjIzMTY2MTU1NjA3,**** **** 5607,7889329226,,BANDIPORA,Gurez,Markoot,623,40,2707,13.0
59143216980,1_623_40_2707_005059,,Mohd Wazir Lone,,,48,Male,Owner,Marginal  Farmer(Farmer having land <1 Hectare),PENDING,,,false,,OPERATOR,bb39435a943f2233718e6d90f67331eb25ce38464b440f21c9f333c7d14a579b,ODEyNzgzMTczNDIz,**** **** 3423,6005440556,,BANDIPORA,Gurez,Markoot,623,40,2707,57.0
31348157253,1_623_6812_2724_005109,,Mohd Sharief Mapnoo,,,60,Male,Owner,Marginal  Farmer(Farmer having land <1 Hectare),PENDING,,,false,,OPERATOR,4bfcf511b698d6489a4cd5bec0d692ff903165135f0b851713c72b220d0b02f0,Mzg5Nzk4OTg5NzUw,**** **** 9750,9103040613,,BANDIPORA,Tulail,Baduaab,623,6812,2724,53.0
68532167834,1_623_6812_2716_005051,,Mushtaq Ahmed Mir,,,45,Male,Owner,Marginal  Farmer(Farmer having land <1 Hectare),PENDING,,,false,,OPERATOR,98dc5665d59bed4c333cbdd726fa151337e509d126f2d0598fa879a425ff79c3,NTg1NzMyNTc2NjQ5,**** **** 6649,6006297564,,BANDIPORA,Tulail,Neeru,623,6812,2716,56.0
49065153970,1_623_40_2708_005057,,Mohammad Sultan Lone,,,49,Male,Owner,Marginal  Farmer(Farmer having land <1 Hectare),PENDING,,,false,,OPERATOR,36b4563469ee724c219af53d85110827fd320f2b5619b528a5b6ef597626e607,NTk1NzU4NjIwODQx,**** **** 0841,9797763839,,BANDIPORA,Gurez,Shah Pora - Achoora (Churwan),623,40,2708,53.0
74706723679,1_623_6812_2716_005052,,Gh Mohd Mir,,,53,Male,Owner,Marginal  Farmer(Farmer having land <1 Hectare),PENDING,,,false,,OPERATOR,7bc8e260ba4dd1b703e70925b8a79c8182078a93e78fa68588c48567004d4930,NDQ3NDQ3NTYxMDI1,**** **** 1025,7006380079,,BANDIPORA,Tulail,Neeru,623,6812,2716,51.0
76013490973,1_623_6812_2716_005095,,Ab Rashid Lone,,,61,Male,Owner,Marginal  Farmer(Farmer having land <1 Hectare),PENDING,,,false,,OPERATOR,864e7d5b63ef84119f3ff9d41fbc4b8d9d94680a28d84ebfa8ff64053a3a199e,NTY2NjgyODc3MTc2,**** **** 7176,6005201221,,BANDIPORA,Tulail,Neeru,623,6812,2716,32.0
19990774249,1_623_42_2794_005150,,AB MAJEED BHAT,,,62,Male,Owner,Marginal  Farmer(Farmer having land <1 Hectare),PENDING,,,false,,OPERATOR,1ffeeade6b17761a92d700941e73b8401754db6f32868b72186cc66189cba114,NTgyNzcwNjAyMjEw,**** **** 2210,9596197598,,BANDIPORA,Sonawari,Asham,623,42,2794,44.0
28543116345,1_623_6812_2712_005006,,Muzafar Ahmad Lone,,,44,Male,Owner,Marginal  Farmer(Farmer having land <1 Hectare),PENDING,,,false,,OPERATOR,559e6f0b2adeafde85101b30509aaba8a9702729af5ed91f93b07250608b364a,NjMyODEyNTQwMDM4,**** **** 0038,7006842238,,BANDIPORA,Tulail,Dengithal,623,6812,2712,61.0
94829723535,1_623_42_2812_005054,,Showkat Hussain Mir,,,54,Male,Owner,Marginal  Farmer(Farmer having land <1 Hectare),PENDING,,,false,,OPERATOR,34fab18a8246a6556ced3b131432ec2a5eb22e6c5f7f94842f6af7985c73907b,OTQwMjU4NjY1MTAz,**** **** 5103,6006353609,,BANDIPORA,Sonawari,Sarai Dangarpora,623,42,2812,0.0
80789497161,1_623_6811_2784_005006,,Ghulam Mohd Yatoo,,,61,Male,Owner,Marginal  Farmer(Farmer having land <1 Hectare),PENDING,,,false,,OPERATOR,cd4201819fb7402dfcd48bc93d3a15f67f7d9c00be83010a83c761975cc863b9,OTc2NDU1MDg1NTMy,**** **** 5532,9541527339,,BANDIPORA,Hajin,Gundi Boon,623,6811,2784,53.0
11526983903,1_623_6812_2716_005068,,Mohammad Amin Mir,,,46,Male,Owner,Marginal  Farmer(Farmer having land <1 Hectare),PENDING,,,false,,OPERATOR,0599bffd5b63be8cc94c205c6d84896538aca8ae216d3bdf57213d03f6d7b9ef,NjQ3ODMwNzMyMzYw,**** **** 2360,6006511274,,BANDIPORA,Tulail,Neeru,623,6812,2716,66.0
74886644559,1_623_42_2804_005020,,Mohd Afzal Malla,,,44,Male,Owner,Marginal  Farmer(Farmer having land <1 Hectare),PENDING,,,false,,OPERATOR,f410ce5513e4e29f26dd00809975d800286f7464492ac0c2c0588743348cbe7a,NDg5MTA1MzM5OTc4,**** **** 9978,9797411346,,BANDIPORA,Sonawari,Rakh Sultan Pora,623,42,2804,62.0
67838230462,1_623_42_2804_005005,,Fida Hussain Ganie,,,35,Male,Owner,Marginal  Farmer(Farmer having land <1 Hectare),PENDING,,,false,,OPERATOR,d3c117917af7d7ef500136db503003cc2545c6fcff3281f311dd45bbfdeaabce,NDk2NzA3MjE2OTMy,**** **** 6932,9622898488,,BANDIPORA,Sonawari,Rakh Sultan Pora,623,42,2804,44.0
87436179478,1_623_40_2707_005044,,Mohd Muzaffar Akhoon,,,48,Male,Owner,Marginal  Farmer(Farmer having land <1 Hectare),PENDING,,,false,,OPERATOR,5540d2d92593f43ce349f57963caa76c196dc5717f2381be6d4a01ef390f067c,NDkxMTUxODI2MDAw,**** **** 6000,7780944653,,BANDIPORA,Gurez,Markoot,623,40,2707,0.0
18887359108,1_623_42_2794_005092,,Mohd Farooq Dar,,,66,Male,Owner,Marginal  Farmer(Farmer having land <1 Hectare),PENDING,,,false,,OPERATOR,6d6a006527831ece2366e18e727f88855c95aa12a14fdc2b415fc00a11673e93,NDQzMzU3NTAyOTk0,**** **** 2994,9622877251,,BANDIPORA,Sonawari,Asham,623,42,2794,0.0
79473830442,1_623_40_2705_005015,,Imran Ahmad Lone,,,37,Male,Owner,Marginal  Farmer(Farmer having land <1 Hectare),PENDING,,,false,,OPERATOR,348f5460a04955df3331f3b1004ae16309c315384217ba4204ff6e2d2ee67a76,MzIxMzYyOTc4Nzkw,**** **** 8790,8637009082,,BANDIPORA,Gurez,Badwan,623,40,2705,32.0
97997720876,1_623_6812_2716_005055,,Tarooq Ahmad Mir,,,44,Male,Owner,Marginal  Farmer(Farmer having land <1 Hectare),PENDING,,,false,,OPERATOR,fefaac396a0aadd30e1c7ee40dbd50fafcd14d45a04a8d3de631705293090fe4,NjEzOTg2NjIxMTYw,**** **** 1160,7889430782,,BANDIPORA,Tulail,Neeru,623,6812,2716,35.0
17091896949,1_623_6812_2724_005110,,SHAKEEL AHMAD KHAN,,,37,Male,Owner,Marginal  Farmer(Farmer having land <1 Hectare),PENDING,,,false,,OPERATOR,06dbaea6c2d71e308aa400e3c895204f6781c7e9880c4a66738df3c40ac154db,MjQ2NDY4MzAzNzE4,**** **** 3718,6006989549,,BANDIPORA,Tulail,Baduaab,623,6812,2724,46.0
98672476821,1_623_42_2810_005035,,Mohammad Qasim Dar,,,62,Male,Owner,Marginal  Farmer(Farmer having land <1 Hectare),PENDING,,,false,,OPERATOR,0fa1edb520c1c76ef8ab28acece12fdc833e148abd44d800f4db7092ee7b8759,MjU2MjM4MDczNDUz,**** **** 3453,6006413133,,BANDIPORA,Sonawari,Odina,623,42,2810,0.0
40831169575,1_623_41_2740_005013,,HILAL AHMAD MALIK,,,41,Male,Owner,Marginal  Farmer(Farmer having land <1 Hectare),PENDING,,,false,,OPERATOR,84feb952c6ae4f8197ae95279b9dca14ad762710c73a6237aff4cd8718206746,MzE3NDM2MzkxMDA3,**** **** 1007,7051685741,,BANDIPORA,Bandipora,Khayar,623,41,2740,46.0
57503670797,1_623_40_2705_005016,,Razwan Mapnoo,,,25,Male,Owner,Marginal  Farmer(Farmer having land <1 Hectare),PENDING,,,false,,OPERATOR,0dcee1881ae41016e76628e6ff821161fb839a5703761417fc86c626df1e6721,MjgzNTM4NDE1Mjkx,**** **** 5291,9682148894,,BANDIPORA,Gurez,Badwan,623,40,2705,0.0
99218336250,1_623_40_936275_005021,,Mohd Shafi Ahanger,,,48,Male,Owner,Marginal  Farmer(Farmer having land <1 Hectare),PENDING,,,false,,OPERATOR,4f10b10e95173f23f1ef38d169801e189c535ed197824f19454207782b3c5b9f,NjM4NzYwMzgyNTMy,**** **** 2532,6005728359,,BANDIPORA,Gurez,Gulshanpora,623,40,936275,53.0
14897548929,1_623_41_936281_005013,,Mohd Latif Dar,,,60,Male,Owner,Marginal  Farmer(Farmer having land <1 Hectare),PENDING,,,false,,OPERATOR,762275cab4bc09ab26c6a26e96d3c759024a2960104eb2aef815aec0215b2350,NjUwMzEzNDc2NDg2,**** **** 6486,7006235820,,BANDIPORA,Bandipora,Nass,623,41,936281,63.0
59855391259,1_623_41_2768_005037,,Abdul Majeed Lone,,,62,Male,Owner,Marginal  Farmer(Farmer having land <1 Hectare),PENDING,,,false,,OPERATOR,57be06b63537676d0e42db4952eb7b7d319f9e1dedf0f033fc0dd47b3dc0ed89,NTUwMDAyMjM4NTc5,**** **** 8579,7298911498,,BANDIPORA,Bandipora,Garoora,623,41,2768,46.0
53881247845,1_623_42_2810_005030,,Ajaz Ahmad Mir,,,35,Male,Owner,Marginal  Farmer(Farmer having land <1 Hectare),PENDING,,,false,,OPERATOR,ff828331c30285b94346a84f50841f68e35079b71392c001681264f41e066eaa,NTYyNDc0MTExMzYz,**** **** 1363,9858428402,,BANDIPORA,Sonawari,Odina,623,42,2810,34.0
21862296763,1_623_41_2768_005052,,Mumtaz Ahmad Lone,,,46,Male,Owner,Marginal  Farmer(Farmer having land <1 Hectare),PENDING,,,false,,OPERATOR,3a1a799f801228ada241b8da045e074717471dfcd8cb2d957fe21d47e23fd476,MjU1MTE1NDg3Nzk3,**** **** 7797,9541004134,,BANDIPORA,Bandipora,Garoora,623,41,2768,65.0
85244349730,1_623_6812_2724_005111,,Ab Majeed Lone,,,57,Male,Owner,Marginal  Farmer(Farmer having land <1 Hectare),PENDING,,,false,,OPERATOR,2cc0e4570d61de84afb7361a8900a0bc961777a3adaa79ef148742c549d77387,NTM5MzM3OTg2ODAy,**** **** 6802,9018888149,,BANDIPORA,Tulail,Baduaab,623,6812,2724,39.0
14132852745,1_623_41_2764_005000,,Mohd Sabir Chopan,,,61,Male,Owner,Marginal  Farmer(Farmer having land <1 Hectare),PENDING,,,false,,OPERATOR,52817304b02b095e1243280e4056e9be2a87e3c4e040bafa80de2079c940fbaf,ODc1ODQ1MzM5NTcw,**** **** 9570,8899002658,,BANDIPORA,Bandipora,Gund Dachina,623,41,2764,46.0
56965279644,1_623_40_936275_005023,,Aftab Ahmad Lone,,,41,Male,Owner,Marginal  Farmer(Farmer having land <1 Hectare),PENDING,,,false,,OPERATOR,7783ca99001fd0d1fe448f10f4d4f42931da40f8dc30c619c5af7243cad67cf4,NTkyMjE5MDczMjM3,**** **** 3237,9149686233,,BANDIPORA,Gurez,Gulshanpora,623,40,936275,64.0
23138107728,1_623_40_2708_005090,,Rupani Begum,,,59,Female,Owner,Marginal  Farmer(Farmer having land <1 Hectare),PENDING,,,false,,OPERATOR,968c615ab6bb48cc61b0b7334e5506ca9333fa68123b65ebb701274c4ba457f0,NzM5MDE0MTMxNTQy,**** **** 1542,9797872668,,BANDIPORA,Gurez,Shah Pora - Achoora (Churwan),623,40,2708,0.0
31650412094,1_623_41_936281_005022,,Mahmooda Begum,,,56,Female,Owner,Marginal  Farmer(Farmer having land <1 Hectare),PENDING,,,false,,OPERATOR,af05274b9112ac56dc17cc0e488c1ccf1a579968ed417b48f7b5e33dbd97897c,MjIyMDk3NjI0NTQw,**** **** 4540,9797592702,,BANDIPORA,Bandipora,Nass,623,41,936281,50.0
56207553421,1_623_40_2707_005060,,MOHD AYOOB LONE,,,51,Male,Owner,Marginal  Farmer(Farmer having land <1 Hectare),PENDING,,,false,,OPERATOR,1dae3082ec2504049df112add624344962443f49b98583d9d6bb385fa80dceed,MjgwNDM1ODIwOTA3,**** **** 0907,9682329199,,BANDIPORA,Gurez,Markoot,623,40,2707,42.0
74614505938,1_623_41_2761_005024,,Ali Mohd Lone,,,58,Male,Owner,Marginal  Farmer(Farmer having land <1 Hectare),PENDING,,,false,,OPERATOR,c75974ce6757aad66fea1caa0d03f5e9ed9ffa727e023bc016afd3e7b4126a2d,Njk1NDQ0OTQ3Mzg5,**** **** 7389,9596244964,,BANDIPORA,Bandipora,Gamroo,623,41,2761,43.0
70642760287,1_623_40_936275_005022,,Waseem Jalil Harray,,,35,Male,Owner,Marginal  Farmer(Farmer having land <1 Hectare),PENDING,,,false,,OPERATOR,fef7a5b5d18022f5c5787d9f6e1be0565bf05778bf600e246dbdf545b5b34d4c,NzgzNTUxNTYxNDg5,**** **** 1489,7889582647,,BANDIPORA,Gurez,Gulshanpora,623,40,936275,64.0
17450954136,1_623_6812_2716_005056,,Khursheed Ahmad Mir,,,38,Male,Owner,Marginal  Farmer(Farmer having land <1 Hectare),PENDING,,,false,,OPERATOR,db56a2634b222a730b44099455aeb7a51bf9436574fd3b360fc8c7674f606854,MjA1NDA2NjIyOTQ1,**** **** 2945,7006163386,,BANDIPORA,Tulail,Neeru,623,6812,2716,45.0
95216727662,1_623_42_2810_005047,,NAZIR AHMAD BHAT,,,53,Male,Owner,Marginal  Farmer(Farmer having land <1 Hectare),PENDING,,,false,,OPERATOR,9a5e9d2dc37cce088ab25f389cccbd93f30a899e780e77a1f97421704d0fdaa2,OTE1ODA2ODE0MTMz,**** **** 4133,6005788527,,BANDIPORA,Sonawari,Odina,623,42,2810,46.0
92210246405,1_623_40_2708_005077,,Shahdullah Lone,,,72,Male,Owner,Marginal  Farmer(Farmer having land <1 Hectare),PENDING,,,false,,OPERATOR,c9534c61cde02d862d93d0311aece3a7e5306f6b21a5c86f90fa9a97a2532a8c,NDg1NzI3NjIxNTk1,**** **** 1595,8082307166,,BANDIPORA,Gurez,Shah Pora - Achoora (Churwan),623,40,2708,47.0
59764661853,1_623_6812_2724_005112,,Shahdin Mapnoo,,,47,Male,Owner,Marginal  Farmer(Farmer having land <1 Hectare),PENDING,,,false,,OPERATOR,6d90942a25eee48c0ce2211c77c3e29f300a7a4ed33f2ab04daa77280dd70375,MjgyNDA4OTU5MDE3,**** **** 9017,7006861389,,BANDIPORA,Tulail,Baduaab,623,6812,2724,0.0
59718501616,1_623_6809_2744_005046,,Mohammad Ashraf Gojer Piswal,,,63,Male,Owner,Marginal  Farmer(Farmer having land <1 Hectare),PENDING,,,false,,OPERATOR,515f5d638053df6f293920e3e25494d541cf7283d08136c7bb360f6e35223a5c,NTQxNzY0ODI0MTE3,**** **** 4117,9906662243,,BANDIPORA,Aloosa,Mangnipora,623,6809,2744,50.0
91742224261,1_623_6812_2716_005069,,Mohd Amin Mir,,,27,Male,Owner,Marginal  Farmer(Farmer having land <1 Hectare),PENDING,,,false,,OPERATOR,e497267740cdca2d098d79d5f79671b89404e3834503ec2559cad4cd7cf9727a,NjQ0Njk2NTEwOTI1,**** **** 0925,6006052735,,BANDIPORA,Tulail,Neeru,623,6812,2716,53.0
34821102136,1_623_40_2708_005076,,Mohammad Akbar Lone,,,69,Male,Owner,Marginal  Farmer(Farmer having land <1 Hectare),PENDING,,,false,,OPERATOR,cc95252b8a8d515fdaa7321071bcba47df19ad976f5c3f1b543d60bea5524f3c,OTkyNTUxMjg1NjIy,**** **** 5622,9906957049,,BANDIPORA,Gurez,Shah Pora - Achoora (Churwan),623,40,2708,55.0
10231719102,1_623_6811_2789_005011,,AB GANI GANAI,,,84,Male,Owner,Marginal  Farmer(Farmer having land <1 Hectare),PENDING,,,false,,OPERATOR,45f360196a3a6e57b5600cc75b510d0d6a7683984f9261270c8a679e723d1ae5,OTM4NTAxMzA1MzMw,**** **** 5330,9622457467,,BANDIPORA,Hajin,Kani Pora,623,6811,2789,35.0
50432336533,1_623_40_2707_005045,,SHOWKET AHMAD AKHOON,,,43,Male,Owner,Marginal  Farmer(Farmer having land <1 Hectare),PENDING,,,false,,OPERATOR,9df4759e1e994bdd22aa88a31ce17f2f241395fefdd13161360d4781cd9bfafd,MzM2OTUzODY0MzQ1,**** **** 4345,6006123127,,BANDIPORA,Gurez,Markoot,623,40,2707,55.0
85854741462,1_623_6812_2724_005140,,Mohmad Hussain Mapnoo,,,70,Male,Owner,Marginal  Farmer(Farmer having land <1 Hectare),PENDING,,,false,,OPERATOR,d8d0662e1e988162680d80999f0492acbf53323cc33d5c3fab655ba7584b532c,NzQ5MzExMzMxMzY5,**** **** 1369,8494068464,,BANDIPORA,Tulail,Baduaab,623,6812,2724,0.0
75304940454,1_623_40_2708_005008,,Mohd Akber Khan,,,76,Male,Owner,Marginal  Farmer(Farmer having land <1 Hectare),PENDING,,,false,9469432503,OPERATOR,41fc10cc297c9d19210ccef7f40cb770afeefdb98eb97dde9dfa910380301c77,NzAxODE0ODkxNTM0,**** **** 1534,9469432503,,BANDIPORA,Gurez,Shah Pora - Achoora (Churwan),623,40,2708,0.0
70043657669,1_623_42_2797_005054,,Fatima Begum,,,66,Female,Owner,Marginal  Farmer(Farmer having land <1 Hectare),PENDING,,,false,,OPERATOR,6ff6eb9dabadfd57afa7e28498c05df87baf428fde182ec59b18af8daf88a13f,NTAxMDgzNTgwNDA5,**** **** 0409,9906781178,,BANDIPORA,Sonawari,Hilalabad,623,42,2797,50.0
49297878461,1_623_42_2815_005003,,ALI MOHAMMAD MIR,,,74,Male,Owner,Marginal  Farmer(Farmer having land <1 Hectare),PENDING,,,false,,OPERATOR,9209ce2395f235967e7f2e9fcd6b334e2aa77bc72c2f81bf052fdc38ce61d466,NTY5NzE1NzAzODUx,**** **** 3851,9797344991,,BANDIPORA,Sonawari,Wahid pora,623,42,2815,43.0
87450738209,1_623_40_936275_005024,,Ab Rahman Bhat,,,66,Male,Owner,Marginal  Farmer(Farmer having land <1 Hectare),PENDING,,,false,,OPERATOR,4e07fc9e4c2d63cb296ed3ce8d6a7968b2739f7286d1636ab15ebf729850de20,NDc5NjYzNzcwODQy,**** **** 0842,9469968763,,BANDIPORA,Gurez,Gulshanpora,623,40,936275,43.0
10321450195,1_623_6812_2724_005080,,Shabir Hussain Lone,,,39,Male,Owner,Marginal  Farmer(Farmer having land <1 Hectare),PENDING,,,false,,OPERATOR,c5775279516b7ac235e57fe2454c83cad01fcae25218e50022af6a41b2c8e6d3,NzUyMzczMTc5NDE1,**** **** 9415,6006379724,,BANDIPORA,Tulail,Baduaab,623,6812,2724,0.0
52942106988,1_623_42_2794_005108,,Mohd Sultan Teli,,,67,Male,Owner,Marginal  Farmer(Farmer having land <1 Hectare),PENDING,,,false,,OPERATOR,a090bfa863b988785724146085e01091837ef70505e3047f34d0c9ce0ac313c6,NjA5MDcxMjU5NTA5,**** **** 9509,8825051855,,BANDIPORA,Sonawari,Asham,623,42,2794,53.0
61181918466,1_623_41_2768_005018,,Abdul Rashid Mir,,,66,Male,Owner,Marginal  Farmer(Farmer having land <1 Hectare),PENDING,,,false,,OPERATOR,68e494ea83ff366d1f4e315c3040f5842b21da3a8ce06aa938db501b85b08e14,OTA3ODMwNzk5NDA3,**** **** 9407,9469485078,,BANDIPORA,Bandipora,Garoora,623,41,2768,63.0
81977699313,1_623_6812_2716_005070,,FAQIR MOHD MIR,,,58,Male,Owner,Marginal  Farmer(Farmer having land <1 Hectare),PENDING,,,false,,OPERATOR,adb4a2b5e5272c30ade0585891d7bac61a8b73081238f0bb015a7da4b720d02d,NzY5MDY3MzEwMTMy,**** **** 0132,9103674669,,BANDIPORA,Tulail,Neeru,623,6812,2716,43.0
94806677311,1_623_6812_2724_005128,,Sham Sul Huda Mir,,,20,Male,Owner,Marginal  Farmer(Farmer having land <1 Hectare),PENDING,,,false,,OPERATOR,b681272755b4551808e6bad38b4a39a33994104b1dae055714bd9674390e5265,NzY1Njg3MzIwODQw,**** **** 0840,7889894311,,BANDIPORA,Tulail,Baduaab,623,6812,2724,0.0
43559208371,1_623_6812_2724_005129,,Rubeena Banoo,,,22,Female,Owner,Marginal  Farmer(Farmer having land <1 Hectare),APPROVED,,,false,,OPERATOR,089e9abae50e17c163465861d2aebdd876cf20e5056b6b662406f9e24f80cfca,MzA0NjM5NDI2NzIx,**** **** 6721,9103179400,,BANDIPORA,Tulail,Baduaab,623,6812,2724,24.0
45675452359,1_623_6812_2724_005074,,GH NABI LONE,,,71,Male,Owner,Marginal  Farmer(Farmer having land <1 Hectare),APPROVED,,,false,,OPERATOR,c41441b156275b2ff5d1b7a4935e7224ff679d51ce8f41a2ff3bc1ce17878eb7,NzM0MDI5MDA5NzAw,**** **** 9700,6005429741,,BANDIPORA,Tulail,Baduaab,623,6812,2724,43.0
35069778479,1_623_42_2810_005032,,MUKHTAR AHMAD BHAT,,,36,Male,Owner,Marginal  Farmer(Farmer having land <1 Hectare),PENDING,,,false,,OPERATOR,7378714a7379c196f86f4fbaee6b955192113f59d0b465f2954aa05acd27731f,NTMxNjcwODkxMzIz,**** **** 1323,9906885764,,BANDIPORA,Sonawari,Odina,623,42,2810,0.0
56175147032,1_623_41_2740_005016,,Aaijaz Ahmad Malik,,,51,Male,Owner,Marginal  Farmer(Farmer having land <1 Hectare),PENDING,,,false,,OPERATOR,1d337cdfe03fb0710f77a662d1e7f2a7fbba533632d56ba46e658a5501ff71a3,NDY5NzIyMjE1OTA0,**** **** 5904,6005403627,,BANDIPORA,Bandipora,Khayar,623,41,2740,0.0
27945557203,1_623_6812_2724_005076,,Ahmad Khan,,,63,Male,Owner,Marginal  Farmer(Farmer having land <1 Hectare),APPROVED,,,false,,OPERATOR,4a077d6942f68f3724c8b1f3cf888a842d1231e6d151a484f32309321e8ec4c0,Mzg2NTY1MDIxNDMz,**** **** 1433,7889508605,,BANDIPORA,Tulail,Baduaab,623,6812,2724,35.0
43148862985,1_623_40_2707_005062,,ASHA ANWER,,,76,Female,Owner,Marginal  Farmer(Farmer having land <1 Hectare),PENDING,,,false,,OPERATOR,6003a7823cdb5282048196bdc429a28c45eae28622bfa034f424bc68b4b4b5ab,NTA2NTg1ODQ0MDcw,**** **** 4070,6005905782,,BANDIPORA,Gurez,Markoot,623,40,2707,0.0
13660916731,1_623_40_2708_005091,,Ali Mohammad Akhoon,,,61,Male,Owner,Marginal  Farmer(Farmer having land <1 Hectare),PENDING,,,false,,OPERATOR,e67891d25a35c52d07415fa7cb5f05418a8cb09028bf7dffeb0f04614b9337e0,MzUxNTIyNzgxNjMx,**** **** 1631,8899073760,,BANDIPORA,Gurez,Shah Pora - Achoora (Churwan),623,40,2708,58.0
65965555147,1_623_41_2764_005001,,Ab Majid Malla,,,60,Male,Owner,Marginal  Farmer(Farmer having land <1 Hectare),PENDING,,,false,,OPERATOR,2475a6e7d9c414868184694c27b2569fb4fa08b887edca0284d49f15144ec3b4,ODE1NDg4NzM3MDcz,**** **** 7073,9622452160,,BANDIPORA,Bandipora,Gund Dachina,623,41,2764,65.0
62152210784,1_623_40_936275_005025,,Mohd Anyatullah Bhat,,,28,Male,Owner,Marginal  Farmer(Farmer having land <1 Hectare),PENDING,,,false,,OPERATOR,4e9bbda64fc90af7b98fccb70686eb279258bc631b798ee8cdf57439c4f13df2,NjYyNDI0MDk0Nzc2,**** **** 4776,6005601711,,BANDIPORA,Gurez,Gulshanpora,623,40,936275,63.0
22166425838,1_623_42_2810_005066,,ALI MOHAMMAD DAR,,,44,Male,Owner,Marginal  Farmer(Farmer having land <1 Hectare),PENDING,,,false,,OPERATOR,7bdf661b525f5e563f32518857b988c7886b0477d0d18870997a5e12c47962d4,NDk1MDEyOTkxOTc3,**** **** 1977,6006968108,,BANDIPORA,Sonawari,Odina,623,42,2810,55.0
44723713609,1_623_40_2707_005046,,JAMEEL AHMAD AKHOON,,,41,Male,Owner,Marginal  Farmer(Farmer having land <1 Hectare),PENDING,,,false,,OPERATOR,320721a4995fbdc5bdcb62610cdfccb652400505310e78204537a4f417205d56,OTEwNDc4NTQxMTY2,**** **** 1166,6005942480,,BANDIPORA,Gurez,Markoot,623,40,2707,45.0
64529852208,1_623_42_2809_005012,,Hilal Ahmad Sofi,,,39,Male,Owner,Marginal  Farmer(Farmer having land <1 Hectare),PENDING,,,false,,OPERATOR,15466f14e432c8003ae7e3519e00338d5aac0fba6e15c586c315356541fbfb24,NjEzOTQ5NTAyMDAx,**** **** 2001,9541989355,,BANDIPORA,Sonawari,Trigam,623,42,2809,0.0
22281468948,1_623_40_936275_005026,,Mushtaq Ahmad Bhat,,,41,Male,Owner,Marginal  Farmer(Farmer having land <1 Hectare),PENDING,,,false,,OPERATOR,3f3b3efd6a0208be987be2422cda6e068ebff2449bc3731ee9937bc7c6d6a0b1,MjgyNzI3MTkwMDM5,**** **** 0039,9469043953,,BANDIPORA,Gurez,Gulshanpora,623,40,936275,66.0
57768853573,1_623_41_2768_005072,,Ghulam Qadir Ganie,,,70,Male,Owner,Marginal  Farmer(Farmer having land <1 Hectare),PENDING,,,false,,OPERATOR,043da2fe7b83b331ba2546de633722a1e7b252f2e662e7d1b43a911e5df6dfa9,ODAzMTA4MjAwNjEz,**** **** 0613,9149754253,,BANDIPORA,Bandipora,Garoora,623,41,2768,53.0
36294030428,1_623_6812_2712_005002,,Mohd Sultan Lone,,,72,Male,Owner,Marginal  Farmer(Farmer having land <1 Hectare),PENDING,,,false,,OPERATOR,013c67ad4493cf3f84a76df7fdc6c77c37522556b6b488ad1e1c4523b932fa90,NjE1MDI2ODY2MjE1,**** **** 6215,9320647770,,BANDIPORA,Tulail,Dengithal,623,6812,2712,43.0
80920260546,1_623_41_2764_005002,,Abdul Hamid Khan,,,52,Male,Owner,Marginal  Farmer(Farmer having land <1 Hectare),PENDING,,,false,,OPERATOR,edfff4b5224853e486643de95323ccb91a1e837287ae7a72b1917682f555201b,OTA1MDkwNzk0MDE5,**** **** 4019,9797717011,,BANDIPORA,Bandipora,Gund Dachina,623,41,2764,66.0
20762336869,1_623_40_2705_005001,,Nazir Ahmad Mir,,,52,Male,Owner,Marginal  Farmer(Farmer having land <1 Hectare),PENDING,,,false,,OPERATOR,8f341b0af2470f2f84b076fe2b6a1705be61de7fd811a576fa264e0345025836,Nzg2MTk3MjkwMDA3,**** **** 0007,7780968472,,BANDIPORA,Gurez,Badwan,623,40,2705,56.0
95607471742,1_623_6811_2789_005012,,Haja Begum,,,52,Female,Owner,Marginal  Farmer(Farmer having land <1 Hectare),PENDING,,,false,,OPERATOR,a284fc488f71c823fc459392e70f276f0c714c7e3b06866f00e2c27253e4cd24,Njk4MzQ3Nzk3NTMx,**** **** 7531,8082263963,,BANDIPORA,Hajin,Kani Pora,623,6811,2789,13.0
92735109383,1_623_6812_2724_005114,,JAVAD AHMAD CHOPAN,,,29,Male,Owner,Marginal  Farmer(Farmer having land <1 Hectare),PENDING,,,false,,OPERATOR,60b5bb4b79ec4da33d8a3fe795ab585da18f3ce15a4d91181a75ec5d03ed8246,MjA1OTIyOTYzMDMz,**** **** 3033,8899231843,,BANDIPORA,Tulail,Baduaab,623,6812,2724,0.0
56272552616,1_623_41_2740_005002,,BASHIR AHMAD MALIK,,,59,Male,Owner,Marginal  Farmer(Farmer having land <1 Hectare),PENDING,,,false,,OPERATOR,306f56d4873d9902f59eb85b7bdaccec4990f350e96e4054b1a2bd539ae7a5e5,NzA3Mjg0NzE5NDY2,**** **** 9466,7006027614,,BANDIPORA,Bandipora,Khayar,623,41,2740,61.0
93241936490,1_623_40_2707_005063,,MOHD IQBAL AKHOON,,,49,Male,Owner,Marginal  Farmer(Farmer having land <1 Hectare),PENDING,,,false,,OPERATOR,ed7bbfe784794f3b268917c5f2ba98ec7da38f62fed4ac1faec13f3f7e2e7233,NjI2NjMxMzEyODcx,**** **** 2871,9682340863,,BANDIPORA,Gurez,Markoot,623,40,2707,46.0
61395661231,1_623_41_2763_005002,,Gh Mohd Bhat,,,71,Male,Owner,Marginal  Farmer(Farmer having land <1 Hectare),PENDING,,,false,,OPERATOR,9305c5c23ac2988de5d6ee612591c7c990483c8af77ef37d9ec1283974a17d86,NDUzODU0MDU5OTk2,**** **** 9996,9858999900,,BANDIPORA,Bandipora,Nadihal,623,41,2763,0.0
35640774251,1_623_40_936275_005027,,Ab Rashid Bhat,,,44,Male,Owner,Marginal  Farmer(Farmer having land <1 Hectare),PENDING,,,false,,OPERATOR,4ed2ed65ad295524f95f87d64dc967eb9a4d5f0f26450bfbebb2eae4d488f580,OTc1NjU1NTE4MTc3,**** **** 8177,9622415546,,BANDIPORA,Gurez,Gulshanpora,623,40,936275,62.0
23725286633,1_623_42_2794_005098,,Mohd Naseem Khan,,,78,Male,Owner,Marginal  Farmer(Farmer having land <1 Hectare),PENDING,,,false,,OPERATOR,7191f8fd980f42f092604560fecc5be926db31e311afa7c3baa26a4fc5d79762,NDcwNjEwMDU3NzU5,**** **** 7759,7006893435,,BANDIPORA,Sonawari,Asham,623,42,2794,0.0
89175745503,1_623_6812_2724_005130,,JAVID AHMAD LONE,,,49,Male,Owner,Marginal  Farmer(Farmer having land <1 Hectare),PENDING,,,false,,OPERATOR,7542e437db10aada4dc03ec15a6e3e2de3a8355a3b21f3e8109bb088027ea2f8,Njk0MTIzMDQwMzc2,**** **** 0376,6006924382,,BANDIPORA,Tulail,Baduaab,623,6812,2724,46.0
45132910975,1_623_40_2707_005075,,Makthi Begum,,,61,Female,Owner,Marginal  Farmer(Farmer having land <1 Hectare),PENDING,,,false,,OPERATOR,75bd4f7e1b628b0c10a21adc32ec763de163b55fc211231762df46bf8346bc22,MzYyNjY0NTQ4MjQ0,**** **** 8244,7889383356,,BANDIPORA,Gurez,Markoot,623,40,2707,49.0
28217309302,1_623_42_2794_005159,,MUSHTAQ AH DAR,,,62,Male,Owner,Marginal  Farmer(Farmer having land <1 Hectare),PENDING,,,false,,OPERATOR,27337bf0eb62a8b184319a9f708ea1af7e14729db339030b5c78b27e9b397e9e,OTcyODk3NzUyNjk0,**** **** 2694,9622557150,,BANDIPORA,Sonawari,Asham,623,42,2794,25.0
88577281768,1_623_41_2740_005014,,ALI MOHD MALIK,,,63,Male,Owner,Marginal  Farmer(Farmer having land <1 Hectare),PENDING,,,false,,OPERATOR,12882c8d8436d7e89de00ced306b00e4cb09d0fdb248dff2aed8f0437d384a96,OTc1MTY5Mzk0ODg1,**** **** 4885,8491922915,,BANDIPORA,Bandipora,Khayar,623,41,2740,46.0
23739803050,1_623_6811_2778_005024,,Gh Mohammad Dar,,,68,Male,Owner,Marginal  Farmer(Farmer having land <1 Hectare),PENDING,,,false,,OPERATOR,9def49a4d8feb673c0c4cf3563835b0f70a0c0b7b90d1b90289070f936d45f40,OTk0NDI3NTM3MjEz,**** **** 7213,9797385948,,BANDIPORA,Hajin,Gundi Saderkote,623,6811,2778,43.0
90922492174,1_623_41_2761_005003,,Sona Ullah Dar,,,72,Male,Owner,Marginal  Farmer(Farmer having land <1 Hectare),PENDING,,,false,,OPERATOR,f3821c1f58233c8c020b24e4272fc3daf46409380086c619a48cc32c90fcf6b5,NjU4NDk5OTA0Mjgw,**** **** 4280,9906458365,,BANDIPORA,Bandipora,Gamroo,623,41,2761,49.0
31081152558,1_623_42_2797_005055,,GH MOHD NAJAR,,,69,Male,Owner,Marginal  Farmer(Farmer having land <1 Hectare),PENDING,,,false,,OPERATOR,d0f70923e81ce93135b61203773342a2be10915897587cf457a5a22599836d93,MzA2MTQzMzkzMDg4,**** **** 3088,7006749445,,BANDIPORA,Sonawari,Hilalabad,623,42,2797,51.0
60138236619,1_623_42_2810_005031,,Mehmood Parray,,,35,Male,Owner,Marginal  Farmer(Farmer having land <1 Hectare),PENDING,,,false,,OPERATOR,12cfa357b284fe7f66e6e387aa1d9d013eadae38eb0659c941aaa9fa6c171d26,Nzc1MTY0OTkxODcw,**** **** 1870,6006324060,,BANDIPORA,Sonawari,Odina,623,42,2810,0.0
23358974597,1_623_40_2707_005061,,GH RASOOL LONE,,,53,Male,Owner,Marginal  Farmer(Farmer having land <1 Hectare),PENDING,,,false,,OPERATOR,ebaac91e6b09d613d33252bd92f159bc08f3e15f6a7b23998003f7d3b71a364a,MzgxNjc4MzExNDg1,**** **** 1485,9682373140,,BANDIPORA,Gurez,Markoot,623,40,2707,53.0
73143903599,1_623_42_2802_005003,,Ali Mohd,,,56,Male,Owner,Marginal  Farmer(Farmer having land <1 Hectare),PENDING,,,false,,OPERATOR,9aa7330dc2221e3e8063cde8e4e34b99bb86994a3e367128aa14697f58108d45,OTE0Nzg5ODA5Nzc4,**** **** 9778,9797000462,,BANDIPORA,Sonawari,NOWGAM,623,42,2802,0.0
41469733995,1_623_40_2705_005021,,Mohd Maqbool Chakat,,,65,Male,Owner,Marginal  Farmer(Farmer having land <1 Hectare),PENDING,,,false,,OPERATOR,9bd1d8278b2b04e40dfd574cb8dca86ae9a49fadf08c0be21ba059e5224d9627,MzQ3NzA5ODIzMTI5,**** **** 3129,7889888308,,BANDIPORA,Gurez,Badwan,623,40,2705,66.0
57687682201,1_623_6812_2724_005082,,Faqeer Mohmmad Khan,,,63,Male,Owner,Marginal  Farmer(Farmer having land <1 Hectare),PENDING,,,false,,OPERATOR,1b7af90aaf78a83f2bed4d06308803c2945eb4f20b1fa3286ea89d74954e53e8,OTkzNjAzNTM0MDI2,**** **** 4026,6006568935,,BANDIPORA,Tulail,Baduaab,623,6812,2724,43.0
62891009232,1_623_41_2740_005015,,KAMGAR MALIK,,,65,Male,Owner,Marginal  Farmer(Farmer having land <1 Hectare),PENDING,,,false,,OPERATOR,db0767c392636eb0d7d07b22e3f528e065c89c35d65f7138fda14f1ef54ee284,NjY0ODIwNDg0NDk1,**** **** 4495,9682184541,,BANDIPORA,Bandipora,Khayar,623,41,2740,44.0
14500007163,1_623_6811_2784_005001,,Mohd Anwer Sheikh,,,66,Male,Owner,Small Farmer (Farmer having Land >=1 & <2 Hectare),PENDING,,,false,,OPERATOR,1ec229ae74ef858a87afce68f4b7b32a12872564629daa1df1c2efdae86ec1b6,OTI1MDk5NjYyODUy,**** **** 2852,6005898658,,BANDIPORA,Hajin,Gundi Boon,623,6811,2784,46.0
86963534391,1_623_42_2794_005117,,Mohmad Iqbal Shah,,,42,Male,Owner,Marginal  Farmer(Farmer having land <1 Hectare),PENDING,,,false,,OPERATOR,d400eea10008177d2dac39d55f0501766879c8166aca193abafa89bd9771373e,NDg4NjE3NjY1MDkz,**** **** 5093,6005547554,,BANDIPORA,Sonawari,Asham,623,42,2794,64.0
70628571886,1_623_41_936281_005002,,Mohammad Umer Khan,,,56,Male,Owner,Marginal  Farmer(Farmer having land <1 Hectare),PENDING,,,false,,OPERATOR,3c4a4418d9fc2a3d8732668552d61d0dd87ff696d26ab7082db487a580e56bde,ODA1Nzk0MTAwNDAw,**** **** 0400,7006029309,,BANDIPORA,Bandipora,Nass,623,41,936281,39.0
21782161870,1_623_6812_2725_005007,,GH NABI KHAN,,,53,Male,Owner,Marginal  Farmer(Farmer having land <1 Hectare),PENDING,,,false,,OPERATOR,dd2ea1d27170fcf1120280dd829f923010e7c1f6a365f157997d480ea149924f,Mzc2MTg5OTI5NjQx,**** **** 9641,9149903534,,BANDIPORA,Tulail,Gujran,623,6812,2725,43.0
83899938893,1_623_40_2708_005078,,FAROOQ AHMAD LONE,,,49,Male,Owner,Marginal  Farmer(Farmer having land <1 Hectare),PENDING,,,false,,OPERATOR,83acd86381010bb23d5727857b1ae157ab307d54db38bfbaae642b2b2914bdf8,ODIxOTAxMDEwMjUx,**** **** 0251,6005370235,,BANDIPORA,Gurez,Shah Pora - Achoora (Churwan),623,40,2708,46.0
70097756011,1_623_6812_2724_005113,,Abdul Majeed Chopan,,,49,Male,Owner,Marginal  Farmer(Farmer having land <1 Hectare),PENDING,,,false,,OPERATOR,97fc7b0107d751a857ed85f5f9ad2d41e62df5075e76dc352890e84d3df2f5e3,MzI5NDk1OTM2MTMx,**** **** 6131,7780879162,,BANDIPORA,Tulail,Baduaab,623,6812,2724,0.0
73135071075,1_623_40_2708_005079,,Gh Nabi Mapnoo,,,68,Male,Owner,Marginal  Farmer(Farmer having land <1 Hectare),PENDING,,,false,,OPERATOR,81aeea74918c52d74ecdb6ad078e355bf9f9f5f03185d2a4240d07279d143cc0,NjAwMDAwNTQ3ODE4,**** **** 7818,9469023683,,BANDIPORA,Gurez,Shah Pora - Achoora (Churwan),623,40,2708,53.0
36574140733,1_623_42_2794_005097,,MOHD SHABAN DAR,,,66,Male,Owner,Marginal  Farmer(Farmer having land <1 Hectare),PENDING,,,false,,OPERATOR,2fc0ae8375e2854af8acbab4799e29c02d5ec9fecc784fe27a14efc9e67e0b5e,Mzg0MDM3ODA5MDUx,**** **** 9051,6005089105,,BANDIPORA,Sonawari,Asham,623,42,2794,43.0
93656092906,1_623_40_2708_005080,,Habibullah Lone,,,71,Male,Owner,Marginal  Farmer(Farmer having land <1 Hectare),PENDING,,,false,,OPERATOR,3761a05eaa3f58fc297bfc87aaa2c73894bc7c64a210b63d254d430758866b2f,MzUyMjM1Mzg1MjU4,**** **** 5258,9469474735,,BANDIPORA,Gurez,Shah Pora - Achoora (Churwan),623,40,2708,47.0
23449082943,1_623_6812_2716_005071,,Afrooza,,,54,Female,Owner,Marginal  Farmer(Farmer having land <1 Hectare),PENDING,,,false,,OPERATOR,d27480bf2d3d98d482aa79ed3d06a5476ce288859246e01a5b1ac6e083555649,NTQ4MjI4NTcyOTQx,**** **** 2941,9149939546,,BANDIPORA,Tulail,Neeru,623,6812,2716,50.0
97017490683,1_623_40_2708_005081,,Wajid Ahmad Khan,,,22,Male,Owner,Marginal  Farmer(Farmer having land <1 Hectare),PENDING,,,false,,OPERATOR,bb8966629d9cf3c146bd8516268a38ccdf5e5d2f1e256bdd6fdc52b0ab597adf,ODYyNDU2MDg0ODcx,**** **** 4871,7889391426,,BANDIPORA,Gurez,Shah Pora - Achoora (Churwan),623,40,2708,21.0
37217278274,1_623_40_936275_005038,,Musheerul Islam Lone,,,37,Male,Owner,Marginal  Farmer(Farmer having land <1 Hectare),PENDING,,,false,,OPERATOR,02c22a7f0f21b5cb43b551944a724d0ddf4eaf1065b504f8465b0460934cce18,MjY2MDAzODYwNDMy,**** **** 0432,7006715378,,BANDIPORA,Gurez,Gulshanpora,623,40,936275,25.0
41642920811,1_623_40_2707_005047,,FAROOQ AHMAD AKHOON,,,36,Male,Owner,Marginal  Farmer(Farmer having land <1 Hectare),PENDING,,,false,,OPERATOR,469eea92f6ab47c9b57aba92d168d29f5fdffa930be0e1642f621b6d66736174,Mjk4Mjk2NDQ2MzAz,**** **** 6303,9149873157,,BANDIPORA,Gurez,Markoot,623,40,2707,0.0
70910360990,1_623_42_2810_005045,,Mohamad Yousuf Bhat,,,56,Male,Owner,Marginal  Farmer(Farmer having land <1 Hectare),PENDING,,,false,,OPERATOR,496f8a2b4e6cac36d4d4f18d45ca2207a170ae656457dc8517398a62a30ed1fe,NTE5MjU0NTgyNzAw,**** **** 2700,7889489910,,BANDIPORA,Sonawari,Odina,623,42,2810,56.0
82443956337,1_623_6812_2724_005081,,Reyaz Ahmad Lone,,,35,Male,Owner,Marginal  Farmer(Farmer having land <1 Hectare),PENDING,,,false,,OPERATOR,8a9555019e20ada604a16ba642310b8ed4d3e2201c79ee0d894da515b79fc6e5,Njg5NjY3Mjg3MjQ0,**** **** 7244,7006692169,,BANDIPORA,Tulail,Baduaab,623,6812,2724,0.0
10868597046,1_623_41_936281_005001,,Abdul Rahim Sheikh,,,60,Male,Owner,Marginal  Farmer(Farmer having land <1 Hectare),PENDING,,,false,6006232424,OPERATOR,44c71e4f9db21d311d835b93f805745e3328dc2133c21c72d05e4df82081352c,NjA2NDA5NzAxODkw,**** **** 1890,9906157240,,BANDIPORA,Bandipora,Nass,623,41,936281,45.0
45635005060,1_623_6811_2772_005000,,GHULAM MOHAMMAD KAWA,,,65,Male,Owner,Marginal  Farmer(Farmer having land <1 Hectare),PENDING,,,false,,OPERATOR,131776d1cce4e227ef45a4ad9a6adbbe1e9a70fdb4cbf828af8a64103891e0c9,NzA0ODkzNDA1OTE1,**** **** 5915,9596253934,,BANDIPORA,Hajin,Sari Hari Karan Gund,623,6811,2772,0.0
33725322326,1_623_40_2705_005002,,Anaytullah Ganai,,,30,Male,Owner,Marginal  Farmer(Farmer having land <1 Hectare),PENDING,,,false,,OPERATOR,b58ba090c1160510e87b62c4a0594b89d9030ed9a5625b849c2f386453b48a98,Mjg2NjQwNDgwNzgw,**** **** 0780,7889911940,,BANDIPORA,Gurez,Badwan,623,40,2705,28.0
35640001618,1_623_6811_2700_005034,,Rafiqa Begum,,,46,Female,Owner,Marginal  Farmer(Farmer having land <1 Hectare),PENDING,,,false,,OPERATOR,e597fb7945b40b95440368c277cf31edfd348e3eb04400939698c0d30ae8ea69,NjU5NzMwOTIxODY4,**** **** 1868,9906911754,,BANDIPORA,Hajin,Gulshanpora,623,6811,2700,25.0
56241058814,1_623_40_936275_005028,,Sharief Ahmad Lone,,,34,Male,Owner,Marginal  Farmer(Farmer having land <1 Hectare),PENDING,,,false,,OPERATOR,ec576f315586bc3f8c91cd5f22246717b07756b956867c0b5525417f5220f63b,NTcyNzczMDc0Mjc5,**** **** 4279,9149587903,,BANDIPORA,Gurez,Gulshanpora,623,40,936275,22.0
55178042394,1_623_6812_2724_005083,,Ab Rehman Lone,,,62,Male,Owner,Marginal  Farmer(Farmer having land <1 Hectare),PENDING,,,false,,OPERATOR,4ac1bfe3edd7babc694e7ddfee19bcb60900c463c1c91f2d3ae8c5dee859f33f,ODU0Mzc4MTQ0NzQ2,**** **** 4746,9682623842,,BANDIPORA,Tulail,Baduaab,623,6812,2724,25.0
94705882570,1_623_6812_2716_005057,,SARA BEGUM,,,71,Female,Owner,Marginal  Farmer(Farmer having land <1 Hectare),PENDING,,,false,,OPERATOR,0e3a0f57c603c070b7c7257514d68f3becbf4ebff4ae8e4bfcbc635b361258ec,NDYzMDA4ODAxNjkz,**** **** 1693,6006096623,,BANDIPORA,Tulail,Neeru,623,6812,2716,35.0
30718008012,1_623_41_2740_005022,,Ghulam Hassan Malik,,,58,Male,Owner,Marginal  Farmer(Farmer having land <1 Hectare),PENDING,,,false,,OPERATOR,fb4f56f97c246a4fed28fadf025f74c56b59522df609c89fc67b5004abeec77a,NDgyMTQxNzQzMDk0,**** **** 3094,9697379329,,BANDIPORA,Bandipora,Khayar,623,41,2740,56.0
52024682758,1_623_6812_2716_005078,,Jameela Akhter,,,45,Female,Owner,Marginal  Farmer(Farmer having land <1 Hectare),PENDING,,,false,,OPERATOR,334d54f275ecc6d1da9fb2f4db85374d91dbc1ca548197c7f11e0b05aa4716c6,ODg2NDUwODM4Njk5,**** **** 8699,9682552343,,BANDIPORA,Tulail,Neeru,623,6812,2716,25.0
17840789737,1_623_6812_2716_005058,,AB SALAM MIR,,,48,Male,Owner,Marginal  Farmer(Farmer having land <1 Hectare),PENDING,,,false,,OPERATOR,005a244a0cbb870b8d572c7e11f9401a280d4d0f0a111a906ec0af7ee4ebbf4c,NzM0Njk4ODM1ODQ2,**** **** 5846,6005049170,,BANDIPORA,Tulail,Neeru,623,6812,2716,44.0
20309201367,1_623_40_2707_005087,,JALIL LONE,,,67,Male,Owner,Marginal  Farmer(Farmer having land <1 Hectare),PENDING,,,false,,OPERATOR,2580c001a1a2b728419cd0909771ce6a46abed9e4b41b89d2522e6538c66613b,NTI2Mjg5MDg0NDQw,**** **** 4440,8493009185,,BANDIPORA,Gurez,Markoot,623,40,2707,35.0
22441838995,1_623_40_2707_005048,,Javaid Ahmad Akhoon,,,30,Male,Owner,Marginal  Farmer(Farmer having land <1 Hectare),PENDING,,,false,,OPERATOR,efb0228225982709fc73fdc4165063e3cb02dfb45b10f2978e3d212e8a3e7c7a,NjIxMjcwNDgwNjg0,**** **** 0684,6005444458,,BANDIPORA,Gurez,Markoot,623,40,2707,56.0
50602929177,1_623_40_2707_005077,,ABDUL AZIZ LONE,,,61,Male,Owner,Marginal  Farmer(Farmer having land <1 Hectare),PENDING,,,false,,OPERATOR,d1c660251bd47b6b446dd91648c138127fa28bdf99bc90623f79b621935ef956,ODgwNzkwMjIzMDU3,**** **** 3057,9419506015,,BANDIPORA,Gurez,Markoot,623,40,2707,23.0
81046464930,1_623_42_2808_005025,,Nayeema Hassan,,,27,Female,Owner,Marginal  Farmer(Farmer having land <1 Hectare),PENDING,,,false,,OPERATOR,ddba66984520fdde70ebc9289194505481d27deb957b7fdd298edee010f5a47b,OTU2MTI3Njg5MDQ1,**** **** 9045,6005165143,,BANDIPORA,Sonawari,Gund i Khalil,623,42,2808,25.0
19397227670,1_623_6811_2789_005013,,Mohammad Yousuf Rather,,,56,Male,Owner,Marginal  Farmer(Farmer having land <1 Hectare),PENDING,,,false,,OPERATOR,ec0eb58011f174f20c337c1cc3b2c9a5da510e696b8e1c03ec3723eec74c05be,MzMzMDY0MjA5MTk5,**** **** 9199,7051608174,,BANDIPORA,Hajin,Kani Pora,623,6811,2789,0.0
12085517544,1_623_41_2740_005003,,Mushtaq Ahmad Malik,,,54,Male,Owner,Marginal  Farmer(Farmer having land <1 Hectare),PENDING,,,false,,OPERATOR,73c70c826554d0d55bd62a26d95ed5bd444bcaec232cea80d6438104aded547c,Mjg0Mzc2OTE1MTE1,**** **** 5115,7006872045,,BANDIPORA,Bandipora,Khayar,623,41,2740,46.0
89607856433,1_623_6812_2724_005116,,NASEEMA BEGUM,,,38,Female,Owner,Marginal  Farmer(Farmer having land <1 Hectare),PENDING,,,false,,OPERATOR,c734fe29bba33a8788f99b87ce3a8aa6e74a3c4b58410c40e51321cbae5980e3,MzE4ODczNTE0NDI1,**** **** 4425,9596491177,,BANDIPORA,Tulail,Baduaab,623,6812,2724,50.0
12975014487,1_623_41_2768_005013,,Ikhlaq Un Nabi,,,45,Male,Owner,Marginal  Farmer(Farmer having land <1 Hectare),APPROVED,,,false,,OPERATOR,ce4c58dabb1ccd56ae7ecc5977108576f907f77e0c51fc3b95984109f59a9ad9,ODIyNDI5NjEzNDcw,**** **** 3470,7780804889,,BANDIPORA,Bandipora,Garoora,623,41,2768,90.0
12699997695,1_623_42_2794_005099,,MEHRAJ UD DIN PARRAY,,,42,Male,Owner,Marginal  Farmer(Farmer having land <1 Hectare),PENDING,,,false,,OPERATOR,a0a9c67ff5987f26cca4c28174508c055d5e1f7b31b00405baf1e21a91b3a850,NTE5OTIzMzI1NDEx,**** **** 5411,9797051327,,BANDIPORA,Sonawari,Asham,623,42,2794,65.0
13072390379,1_623_6812_2716_005072,,Jameela Begum,,,45,Female,Owner,Marginal  Farmer(Farmer having land <1 Hectare),PENDING,,,false,,OPERATOR,e0798a4ed21b4c4d59f3378b5a38fb7431c3be7a16fd6513e8c7b5082e7ba923,Mjc0NDAyMjE0NzUw,**** **** 4750,6006052735,,BANDIPORA,Tulail,Neeru,623,6812,2716,69.0
81914063246,1_623_40_2708_005059,,Khadmi Begum,,,71,Female,Owner,Marginal  Farmer(Farmer having land <1 Hectare),PENDING,,,false,,OPERATOR,3029205aeddbd35a47e761bf73fa40df19f38e3bee5adc016555b03602cd930b,OTU3NTk3NzU2MzQ1,**** **** 6345,9149955273,,BANDIPORA,Gurez,Shah Pora - Achoora (Churwan),623,40,2708,35.0
87350839723,1_623_6812_2724_005139,,Aushaq Hussain,,,41,Male,Owner,Marginal  Farmer(Farmer having land <1 Hectare),PENDING,,,false,,OPERATOR,f77dd45a596ba33a974090a0628fb7408332b118f2845fed246b2bf111cd76e8,OTIwMTU2ODMyMjA0,**** **** 2204,7780874793,,BANDIPORA,Tulail,Baduaab,623,6812,2724,0.0
79409310994,1_623_6812_2724_005145,,Aushaq Hassain Lone,,,52,Male,Owner,Marginal  Farmer(Farmer having land <1 Hectare),PENDING,,,false,,OPERATOR,e07230d6b38d0f28e64e577c16d8d5db1832aae6baef20b02540e498776fe74f,NDg1NDcxMTIzNzU3,**** **** 3757,9469369262,,BANDIPORA,Tulail,Baduaab,623,6812,2724,0.0
89084561061,1_623_6812_2724_005132,,Akhtar Hussain Lone,,,40,Male,Owner,Marginal  Farmer(Farmer having land <1 Hectare),PENDING,,,false,,OPERATOR,7681cf37104ad34fe677e2a620d13f3125595233a89f9cb711ce6e14cd8f4601,NzU1OTk3ODY3Mjc2,**** **** 7276,7006465759,,BANDIPORA,Tulail,Baduaab,623,6812,2724,66.0
26242583044,1_623_6811_2784_005003,,Abdul Rashid Sheikh,,,58,Male,Owner,Marginal  Farmer(Farmer having land <1 Hectare),PENDING,,,false,,OPERATOR,edaf46abd3eb5b1d3751e3086adb5d59f93923cb08eaaf681be397fee9745e83,Mjg2MDE2NzI4OTc4,**** **** 8978,6005602471,,BANDIPORA,Hajin,Gundi Boon,623,6811,2784,55.0
88243934237,1_623_40_2707_005065,,Ghulam Nabi Lone,,,54,Male,Owner,Marginal  Farmer(Farmer having land <1 Hectare),PENDING,,,false,,OPERATOR,032f42e555bb1012c41457ad95c038936c03435de2c36475cb5181239d2cecae,NTg4NzA4MzIyMjU0,**** **** 2254,9469086110,,BANDIPORA,Gurez,Markoot,623,40,2707,56.0
98045034552,1_623_40_2707_005076,,Mohammad Munawar Lone,,,53,Male,Owner,Marginal  Farmer(Farmer having land <1 Hectare),PENDING,,,false,,OPERATOR,ea4df87c7deb18114c9ce3bce2cea2ca471a0d34de89292f2a940efd390abdb3,NzM0NDY1NjI5NDg5,**** **** 9489,7889383356,,BANDIPORA,Gurez,Markoot,623,40,2707,40.0
49193697733,1_623_6811_2778_005026,,ZAHOOR AH DAR,,,53,Male,Owner,Marginal  Farmer(Farmer having land <1 Hectare),PENDING,,,false,,OPERATOR,b7e9edcbd2aa18c6d1177d8126825d3e33137a26d371075a09397a4ee9ccdef6,MjM3NDMzNzU3MTI5,**** **** 7129,9906749085,,BANDIPORA,Hajin,Gundi Saderkote,623,6811,2778,25.0
61616470586,1_623_42_2810_005033,,MOHAMMAD QASIM PARRAY,,,57,Male,Owner,Marginal  Farmer(Farmer having land <1 Hectare),PENDING,,,false,,OPERATOR,cbb07736041993b40281bac30ebae2747799f4441956510f8543cd7ea5653f4a,NTI4NjUzODMyMjYz,**** **** 2263,9797170324,,BANDIPORA,Sonawari,Odina,623,42,2810,0.0
81060440999,1_623_41_2740_005017,,NAZIR AHMAD MALIK,,,57,Male,Owner,Marginal  Farmer(Farmer having land <1 Hectare),PENDING,,,false,,OPERATOR,da957208964a2e88b42766e9146ad1f577e0a069f6430b909e637cfe082dee88,ODI3ODc2MTUxNDg5,**** **** 1489,9541304394,,BANDIPORA,Bandipora,Khayar,623,41,2740,49.0
96542247230,1_623_40_2707_005064,,Mohd Anwar Akhoon,,,68,Male,Owner,Marginal  Farmer(Farmer having land <1 Hectare),PENDING,,,false,,OPERATOR,b17d0645a8b89fdef82f01fbfd8b901d316850fcc17a706cb95f6650de7527fa,NTkwMDIwMjEwNDc4,**** **** 0478,9682315942,,BANDIPORA,Gurez,Markoot,623,40,2707,43.0
34602255476,1_623_40_2705_005003,,Mohd Shakoor Lone,,,70,Male,Owner,Marginal  Farmer(Farmer having land <1 Hectare),PENDING,,,false,,OPERATOR,44203509df7f0b51aebe361f9e0f14285498de6a5d40276b2cd43032d7e09a39,NTYwNTUwNDc4NTE0,**** **** 8514,7051651576,,BANDIPORA,Gurez,Badwan,623,40,2705,0.0
33061097730,1_623_6811_2700_005035,,Waseem Ahmad Dar,,,31,Male,Owner,Marginal  Farmer(Farmer having land <1 Hectare),PENDING,,,false,,OPERATOR,d63744e168198b06cde0fd22cdd2b1acbc51d3df158cd9544956ad7c26467d92,MzAxMjAwODUwOTA4,**** **** 0908,7006300062,,BANDIPORA,Hajin,Gulshanpora,623,6811,2700,45.0
28383446284,1_623_6811_2778_005025,,ALI MOHD DAR,,,62,Male,Owner,Marginal  Farmer(Farmer having land <1 Hectare),PENDING,,,false,,OPERATOR,14b76692298bb8698b52cf60dfb4497b59a2586f507a34bbe80d8372b7f967a9,NDQzMTg2OTgyNjcw,**** **** 2670,9797309964,,BANDIPORA,Hajin,Gundi Saderkote,623,6811,2778,43.0
67672570630,1_623_6809_2744_005020,,Abdul Rasheed Wani,,,76,Male,Owner,Marginal  Farmer(Farmer having land <1 Hectare),PENDING,,,false,,OPERATOR,188cd020372a9060a7f176624d13847fa15693d0eeddd9c4c61736f71533b417,NTA5Mzc2NjI0NjU4,**** **** 4658,9541063221,,BANDIPORA,Aloosa,Mangnipora,623,6809,2744,53.0
91073723890,1_623_6811_2700_005036,,Mohd Shafi Dar,,,46,Male,Owner,Marginal  Farmer(Farmer having land <1 Hectare),PENDING,,,false,,OPERATOR,d41d03faddfed140294f273c022f00838a59b1474fc379a08a2f7a287e51fc76,OTUyNDA1MTg1Nzc3,**** **** 5777,9149823371,,BANDIPORA,Hajin,Gulshanpora,623,6811,2700,0.0
80934467240,1_623_6812_2724_005084,,Gh Nabi Lone,,,72,Male,Owner,Marginal  Farmer(Farmer having land <1 Hectare),PENDING,,,false,,OPERATOR,843a207b365e71799572d88110ab072e522a42882b8e17efb3ee7f9cef43e574,MjMwNDYyOTE4Njg3,**** **** 8687,6006327472,,BANDIPORA,Tulail,Baduaab,623,6812,2724,43.0
79951609342,1_623_6812_2724_005131,,Reyaz Ahmad Lone,,,37,Male,Owner,Marginal  Farmer(Farmer having land <1 Hectare),PENDING,,,false,,OPERATOR,bb8c223ec14d607c0209edd8f4500532b5bde847ce4dcbd0ca65308b7296da05,MjI0MjQ4NjY0NDk4,**** **** 4498,6006924382,,BANDIPORA,Tulail,Baduaab,623,6812,2724,45.0
35925320085,1_623_6812_2724_005117,,KULSOOMA BANO,,,26,Female,Owner,Marginal  Farmer(Farmer having land <1 Hectare),PENDING,,,false,,OPERATOR,7bd3a99f477bd9d8505262d6c84ecfe05b2c76fba911a19b65237ab8eb5d5c14,NzgzMDg4NjE0NjI3,**** **** 4627,9149515394,,BANDIPORA,Tulail,Baduaab,623,6812,2724,34.0
85305209586,1_623_40_2707_005066,,Juma Kawa,,,67,Male,Owner,Marginal  Farmer(Farmer having land <1 Hectare),PENDING,,,false,,OPERATOR,47737c073fb876738bdb39025b66459bd5f6ae39602014b0439c35739309c44e,NzA1MzY2MzEwMjQz,**** **** 0243,9469474768,,BANDIPORA,Gurez,Markoot,623,40,2707,49.0
35337132684,1_623_40_2708_005092,,MOHD YAQOOB KHAN,,,60,Male,Owner,Marginal  Farmer(Farmer having land <1 Hectare),PENDING,,,false,,OPERATOR,3482f0f36d0c016e96f451fdd0ac723efb75c994ef0a7e60cc3c35d2ae9dbf79,MzEwOTM4OTMyMjE5,**** **** 2219,9186181049,,BANDIPORA,Gurez,Shah Pora - Achoora (Churwan),623,40,2708,53.0
79372790733,1_623_40_2708_005084,,Abdul Rashid Lone,,,53,Male,Owner,Marginal  Farmer(Farmer having land <1 Hectare),PENDING,,,false,,OPERATOR,ee61f9caf7b5157ac6277c40d918e0376f87282d8cdf69a9424abbd175b61c57,OTM5ODkzMjM2MTk1,**** **** 6195,6006019725,,BANDIPORA,Gurez,Shah Pora - Achoora (Churwan),623,40,2708,65.0
17025223861,1_623_6811_2700_005039,,Asif Majeed Dar,,,37,Male,Owner,Marginal  Farmer(Farmer having land <1 Hectare),PENDING,,,false,,OPERATOR,212cd226c2ad7d2cbce4a90ab738c7698d3e870007326b2d940516b6f1b710ef,NjU2NjYwNTM5MDA3,**** **** 9007,9858439416,,BANDIPORA,Hajin,Gulshanpora,623,6811,2700,65.0
72194048455,1_623_6812_2724_005115,,Mohammad Niyaz Mapnoo,,,71,Male,Owner,Marginal  Farmer(Farmer having land <1 Hectare),PENDING,,,false,,OPERATOR,efad8355a6ebf051ec7ad5e2c8120a2a43766b5c2c08eb0ee7b1a25485a553bc,NjQ4OTg3NTk0NTE4,**** **** 4518,9906661817,,BANDIPORA,Tulail,Baduaab,623,6812,2724,0.0
36901289676,1_623_40_2708_005082,,Abdul Rahim Khan,,,74,Male,Owner,Marginal  Farmer(Farmer having land <1 Hectare),PENDING,,,false,,OPERATOR,9272422a308480c0961134835cecaaea6649388eb3b059bfecd8698d861a8e62,NzM2MTcxODM3ODA5,**** **** 7809,9103361637,,BANDIPORA,Gurez,Shah Pora - Achoora (Churwan),623,40,2708,45.0
18338656913,1_623_40_2708_005093,,Bilal Ahmad Khan,,,46,Male,Owner,Marginal  Farmer(Farmer having land <1 Hectare),PENDING,,,false,,OPERATOR,d6e3ec49a8fed054799d44b7813607090d1ec0ef75fb813ea53fc41d5fdfd22a,NDE4Mzc0Njk0NjI2,**** **** 4626,9419682384,,BANDIPORA,Gurez,Shah Pora - Achoora (Churwan),623,40,2708,41.0
92220511230,1_623_40_2708_005083,,Abdul Majid Lone,,,55,Male,Owner,Marginal  Farmer(Farmer having land <1 Hectare),PENDING,,,false,,OPERATOR,d1e18329592283cbbcbe4a7aa7d1d2c1783d90de8bc82137e0128f3c3a55bfbf,Mjc5Nzk2NTM1NDY1,**** **** 5465,6005751783,,BANDIPORA,Gurez,Shah Pora - Achoora (Churwan),623,40,2708,37.0
33716324950,1_623_6812_2725_005008,,AB RASHID KHAN,,,41,Male,Owner,Marginal  Farmer(Farmer having land <1 Hectare),PENDING,,,false,,OPERATOR,223519377259f4e1971e68b360edcc0c015a5e53eacff0530922e8b350bfb7ab,NDM3ODIyNzY2MTEz,**** **** 6113,9103757775,,BANDIPORA,Tulail,Gujran,623,6812,2725,64.0
56990224247,1_623_41_2740_005004,,Shabir Ahmad Malik,,,53,Male,Owner,Marginal  Farmer(Farmer having land <1 Hectare),PENDING,,,false,,OPERATOR,aba4925babb7a066ae2dd498616b9b6f16a62577ec517c101943b1bb0f1387cd,NjY5MTUxNzc2MTY2,**** **** 6166,9541400377,,BANDIPORA,Bandipora,Khayar,623,41,2740,61.0
30078043365,1_623_40_936275_005039,,Raja Begum,,,70,Female,Owner,Marginal  Farmer(Farmer having land <1 Hectare),APPROVED,,,false,,OPERATOR,db7f766a63be41579a219ed8b75c7a428b03256d8f0aab5fd7acbc3db3991b3f,ODk1OTk5MjI3OTEz,**** **** 7913,9469733572,,BANDIPORA,Gurez,Gulshanpora,623,40,936275,90.0
87640525120,1_623_40_2705_005022,,Shakeel Ahmad Chacket,,,33,Male,Owner,Marginal  Farmer(Farmer having land <1 Hectare),PENDING,,,false,,OPERATOR,bd94b941c0823bf8386a24e7db2e97282a748f23f42242681bfd45a1bf7b6bcb,ODUyOTY3MjU2NTgz,**** **** 6583,7780901644,,BANDIPORA,Gurez,Badwan,623,40,2705,65.0
52816410761,1_623_41_2768_005074,,Raja Begum,,,68,Female,Owner,Marginal  Farmer(Farmer having land <1 Hectare),PENDING,,,false,,OPERATOR,dcf83f74fa890cf85e1ce9d6f1cf93c1e0466518405b7fcc760e2f52b70c793d,OTkxNTg2NDEyMzU1,**** **** 2355,7006335756,,BANDIPORA,Bandipora,Garoora,623,41,2768,64.0
27309640617,1_623_40_2708_005085,,GH RASOOL LONE,,,56,Male,Owner,Marginal  Farmer(Farmer having land <1 Hectare),PENDING,,,false,,OPERATOR,99f71ed6a6ca050db7570a9d2cb6ca7a7d319f9ad0232239825459f7b3ac74df,NDYxNDY2MjkyNTk5,**** **** 2599,9469315040,,BANDIPORA,Gurez,Shah Pora - Achoora (Churwan),623,40,2708,52.0
54278217591,1_623_6811_2789_005014,,Mohd Ashraf Rather,,,43,Male,Owner,Marginal  Farmer(Farmer having land <1 Hectare),PENDING,,,false,,OPERATOR,906180fcfe1555d129c68daf4ce9d9b4f9886f388c9687517910cbe0958693f9,OTEwNDI2MDkxMTUx,**** **** 1151,9906515669,,BANDIPORA,Hajin,Kani Pora,623,6811,2789,42.0
25213495067,1_623_42_2810_005046,,Ghulam Hassan Bhat,,,71,Male,Owner,Marginal  Farmer(Farmer having land <1 Hectare),PENDING,,,false,,OPERATOR,5d7387b3982e9aba4c2704450721dd3d4c8742456a07368c7a6ee7260033f3bf,NDI0MDA0MzkzMzQy,**** **** 3342,7051989399,,BANDIPORA,Sonawari,Odina,623,42,2810,0.0
10180998726,1_623_41_2761_005004,,Khazir Mohammad Sheikh,,,76,Male,Owner,Marginal  Farmer(Farmer having land <1 Hectare),PENDING,,,false,,OPERATOR,0874792ce7ce21afd8faaaf28fdfe2ab7d0e8618e1db221b8aedf892d4258e35,ODk2OTY4MzE5NzE0,**** **** 9714,9797954734,,BANDIPORA,Bandipora,Gamroo,623,41,2761,46.0
31702878492,1_623_42_2797_005056,,MOHD RAMZAN BHAT,,,62,Male,Owner,Marginal  Farmer(Farmer having land <1 Hectare),PENDING,,,false,,OPERATOR,e6729510f676fff250059e5e4e46afcff1abf8f0a61b5bb3e127497c23a8ccf2,MzI3OTYyODE2MzIx,**** **** 6321,8899551637,,BANDIPORA,Sonawari,Hilalabad,623,42,2797,43.0
24480855368,1_623_6811_2772_005002,,SUNAULLAH DAR,,,76,Male,Owner,Marginal  Farmer(Farmer having land <1 Hectare),PENDING,,,false,,OPERATOR,e962d5620b31789482ec475376de27b06f74b4b1c1af8d427b4adb5781b1cad7,ODE2ODUyOTc0NDUx,**** **** 4451,6006449955,,BANDIPORA,Hajin,Sari Hari Karan Gund,623,6811,2772,0.0
27054587168,1_623_42_2815_005004,,Haleema Begum,,,62,Female,Owner,Marginal  Farmer(Farmer having land <1 Hectare),PENDING,,,false,,OPERATOR,78cfb16aec6fd4660fb406e8b052ba1458ff07403e63e4fe5ea3547b885ebbf2,ODI1MzQ1Mjg1NzI4,**** **** 5728,7780898100,,BANDIPORA,Sonawari,Wahid pora,623,42,2815,0.0
85793884510,1_623_40_2707_005067,,Gh Mohd Akhoon,,,63,Male,Owner,Marginal  Farmer(Farmer having land <1 Hectare),PENDING,,,false,,OPERATOR,31d4a2c56075265659461f6fddf68d0946d2c0ee355a05bce90fd1527c1cbf33,MzM0MzU1NjI1ODYy,**** **** 5862,7006989037,,BANDIPORA,Gurez,Markoot,623,40,2707,55.0
73742359430,1_623_6812_2716_005073,,Mohd Amin Mir,,,60,Male,Owner,Marginal  Farmer(Farmer having land <1 Hectare),PENDING,,,false,,OPERATOR,1ec50d8e5e06257abc69d82df185ea5611289c091c8a9efa91ed0456965510af,NTY0NTY2NTIxNzA0,**** **** 1704,9419368276,,BANDIPORA,Tulail,Neeru,623,6812,2716,0.0
62393548422,1_623_41_2763_005003,,Rayees Ahmad Khan,,,36,Male,Owner,Marginal  Farmer(Farmer having land <1 Hectare),PENDING,,,false,,OPERATOR,d65ecfc880c296f99cded74c446cf7a083acf8da017f57e138a06ef24c9aab29,ODA3MDc5NDQ2OTEx,**** **** 6911,7006402922,,BANDIPORA,Bandipora,Nadihal,623,41,2763,64.0
23050286141,1_623_6812_2724_005122,,Ab Wahid Khan,,,38,Male,Owner,Marginal  Farmer(Farmer having land <1 Hectare),PENDING,,,false,,OPERATOR,142bccc151895da5de9b41dd21469dd2200ecae55d854ddd5345933a729bf633,NDM2NDE2MjY0NTg5,**** **** 4589,6005748466,,BANDIPORA,Tulail,Baduaab,623,6812,2724,40.0
53488437824,1_623_6811_2784_005002,,Haleema Begum,,,36,Female,Owner,Marginal  Farmer(Farmer having land <1 Hectare),PENDING,,,false,,OPERATOR,1dcfbb6945aff1527f87907dcfe6dc748d0d3a9abace4c4582d0f192c963bb2d,Nzc3MDU3MzkxNzIz,**** **** 1723,6005898658,,BANDIPORA,Hajin,Gundi Boon,623,6811,2784,54.0
16441387476,1_623_41_2740_005019,,Fareeda Akhter,,,53,Female,Owner,Marginal  Farmer(Farmer having land <1 Hectare),PENDING,,,false,,OPERATOR,8486ec1ffb5cf8c0b414b9ed1d7be5c1417e30bd7e1aad3897d50813c94e9410,NDM0MDYzNzYyNzE1,**** **** 2715,7006930052,,BANDIPORA,Bandipora,Khayar,623,41,2740,50.0
80823876079,1_623_41_2768_005020,,Ghulam Mohi Ud Din Mir,,,58,Male,Owner,Marginal  Farmer(Farmer having land <1 Hectare),PENDING,,,false,,OPERATOR,3a084aead61543152aea2f5817a9acc226f4f2ed14c754e88daeebd9d1511ed2,MjMxNTc4MTAxNzcw,**** **** 1770,9596303916,,BANDIPORA,Bandipora,Garoora,623,41,2768,0.0
17638087488,1_623_6812_2724_005085,,Akhtar Hussain Lone,,,38,Male,Owner,Marginal  Farmer(Farmer having land <1 Hectare),PENDING,,,false,,OPERATOR,fa93a355b0255a4c8b37d3f37216c1d0ba707ecc7b68a18bb0a3ddb70c89b8e3,NzE5MjQ0OTY4NTkx,**** **** 8591,9149831536,,BANDIPORA,Tulail,Baduaab,623,6812,2724,56.0
81947564128,1_623_6811_2700_005037,,Mushtaq Ahmad Dar,,,52,Male,Owner,Marginal  Farmer(Farmer having land <1 Hectare),PENDING,,,false,,OPERATOR,716e2a30bac28b985cc561673bc27fbe88204094c41f1a4032ac67430fe5edf8,OTM4MjQxMDU0OTcz,**** **** 4973,9419992203,,BANDIPORA,Hajin,Gulshanpora,623,6811,2700,56.0
81959235510,1_623_6812_2724_005086,,Mohd Khalil Lone,,,71,Male,Owner,Marginal  Farmer(Farmer having land <1 Hectare),PENDING,,,false,,OPERATOR,36a723f419d31b7e1d0465a2b2e1626689a428ccb22982c334f6953e39cc25e5,MzkxMTM0MjQ3Mzky,**** **** 7392,9103698503,,BANDIPORA,Tulail,Baduaab,623,6812,2724,53.0
13815566502,1_623_6812_2716_005059,,LALI BEGUM,,,46,Female,Owner,Marginal  Farmer(Farmer having land <1 Hectare),PENDING,,,false,,OPERATOR,ea3ece54d0f555bd4fe932cc9ccc51bb0addbdc68710b8f988316e6664e0bb0e,Mzg5OTY2NDA1OTMy,**** **** 5932,7889716761,,BANDIPORA,Tulail,Neeru,623,6812,2716,35.0
50384271255,1_623_41_2740_005018,,GH AHMAD MALIK,,,83,Male,Owner,Marginal  Farmer(Farmer having land <1 Hectare),PENDING,,,false,,OPERATOR,9c0c02126d7b950a789c7b8ebb9705555486842f0a910ccfa39b4c37b360b007,NTgzNzI0ODM1OTk4,**** **** 5998,9596554090,,BANDIPORA,Bandipora,Khayar,623,41,2740,43.0
37558327202,1_623_6812_2724_005143,,Gul Naza Banoo,,,20,Female,Owner,Marginal  Farmer(Farmer having land <1 Hectare),PENDING,,,false,,OPERATOR,d4eb6c6cbdab9957f02eb1262386369e595e937b16675893a55fd6eefd1c2981,NzIzODE1MzExMDg1,**** **** 1085,9103399098,,BANDIPORA,Tulail,Baduaab,623,6812,2724,46.0
11264941149,1_623_6811_2700_005038,,Abdul Hamid Dar,,,51,Male,Owner,Marginal  Farmer(Farmer having land <1 Hectare),PENDING,,,false,,OPERATOR,e08553c59e1d18bcc20f23fbd3e6d51532db37396302eeede1da02afc06ad092,OTM5NjI1Njg2NDU3,**** **** 6457,7006127990,,BANDIPORA,Hajin,Gulshanpora,623,6811,2700,55.0
91853590465,1_623_6811_2772_005001,,HABIB ULLAH KHANDY,,,49,Male,Owner,Marginal  Farmer(Farmer having land <1 Hectare),PENDING,,,false,,OPERATOR,7689ca35fd29f2ffae2de7d870d3129514904c86e3f0bffdbf433dc47a025118,MjE3NDI1MTA3MDYw,**** **** 7060,7006283465,,BANDIPORA,Hajin,Sari Hari Karan Gund,623,6811,2772,46.0
16824534684,1_623_40_2707_005049,,Ab Rahim Shiekh,,,58,Male,Owner,Marginal  Farmer(Farmer having land <1 Hectare),PENDING,,,false,,OPERATOR,c7690956e22db958be8c4c3c15a425532f8819ac4d0f0878b3cee0aa79fca564,Mzc4NjI0MzE0ODQ2,**** **** 4846,6005102184,,BANDIPORA,Gurez,Markoot,623,40,2707,0.0
29569210475,1_623_42_2794_005100,,Nazir Ahmad Ganaie,,,58,Male,Owner,Marginal  Farmer(Farmer having land <1 Hectare),PENDING,,,false,,OPERATOR,16e3b284d829a676070043df0db3b3ea360ed59d9d732319c4399b3824af200b,OTE1NzQzNTc4NzI0,**** **** 8724,6005491933,,BANDIPORA,Sonawari,Asham,623,42,2794,56.0
67046611122,1_623_42_2794_005101,,MOHD YOUSUF KHAN,,,72,Male,Owner,Marginal  Farmer(Farmer having land <1 Hectare),PENDING,,,false,,OPERATOR,de95492ffdc4e735bb2830429f5e27c105f3f32605bd9f4b0842ced906920132,NzU1MTA2MzA3NzI4,**** **** 7728,9419054934,,BANDIPORA,Sonawari,Asham,623,42,2794,53.0
40889554618,1_623_42_2810_005048,,MOHD IBRAHIM BHAT,,,53,Male,Owner,Marginal  Farmer(Farmer having land <1 Hectare),PENDING,,,false,,OPERATOR,7dd15271067b96dd13c851db630b1d9ee291e1e5945bde67807d6c1d4ea44be1,NTEyNDkwNzcxMTgy,**** **** 1182,9541886002,,BANDIPORA,Sonawari,Odina,623,42,2810,62.0
23111125766,1_623_40_2707_005068,,Ab Majeed Akhoon,,,58,Male,Owner,Marginal  Farmer(Farmer having land <1 Hectare),PENDING,,,false,,OPERATOR,4a9c542ed3d3502cf360c5507d08aebfc30ac524bbdb74a7ddc12d2150429dfe,ODcyMTY1NDkyMzc0,**** **** 2374,6006303801,,BANDIPORA,Gurez,Markoot,623,40,2707,54.0
83348194336,1_623_6812_2724_005135,,Shaheed Nazir Bhat,,,25,Male,Owner,Marginal  Farmer(Farmer having land <1 Hectare),PENDING,,,false,,OPERATOR,efa7beac4f742b4264c3b526c559f6617ca7486bf352cba344606ed47aeccdc3,NzUyODk0NTUxODky,**** **** 1892,8825015388,,BANDIPORA,Tulail,Baduaab,623,6812,2724,60.0
61502246961,1_623_40_2707_005050,,AB WAHAB GANIE,,,58,Male,Owner,Marginal  Farmer(Farmer having land <1 Hectare),PENDING,,,false,,OPERATOR,2fe18320b38eae82433e454a5339e595555d164806fda2200d8d56c89354b1fb,NTMyNjkwMjk3Mjgy,**** **** 7282,9419518611,,BANDIPORA,Gurez,Markoot,623,40,2707,42.0
97480921248,1_623_6811_2778_005027,,Manzoor Ahmad Pahloo,,,49,Male,Owner,Marginal  Farmer(Farmer having land <1 Hectare),PENDING,,,false,,OPERATOR,4b30f287d7bd885220e8abd582a1393edc7feb210af7123bb35c00f0d2458210,NDEzMzU1NDIyNDk4,**** **** 2498,9541444724,,BANDIPORA,Hajin,Gundi Saderkote,623,6811,2778,0.0
39280063310,1_623_42_2820_005006,,Hajra Begum,,,71,Female,Owner,Marginal  Farmer(Farmer having land <1 Hectare),PENDING,,,false,,OPERATOR,73f508b0bc21073a7152270d3c6cf63757812558975237bfc0999b2f2294758a,OTc4ODQyNzgzMDA1,**** **** 3005,7006830488,,BANDIPORA,Sonawari,Sumbal Inderkote,623,42,2820,13.0
38937155193,1_623_42_2820_005026,,Reyaz Ahmad Mir,,,49,Male,Owner,Marginal  Farmer(Farmer having land <1 Hectare),PENDING,,,false,8825049054,OPERATOR,6511a3b0356b80e795ec4522c59e5d1a26d05cbeee14fbda4e3a9c26af2f522c,ODg0MDIyMDU2NzMx,**** **** 6731,8825049054,,BANDIPORA,Sonawari,Sumbal Inderkote,623,42,2820,46.0
93149533119,1_623_40_2707_005078,,GH RASOOL LONE,,,70,Male,Owner,Marginal  Farmer(Farmer having land <1 Hectare),PENDING,,,false,,OPERATOR,bf615838a4b1e0155eee04380277c064af702c30e41b6a8ba8cb9afa05391516,NzQ4ODk3NzQxOTU0,**** **** 1954,7006713432,,BANDIPORA,Gurez,Markoot,623,40,2707,53.0
31541014654,1_623_40_2708_005062,,NAZIR AHMAD LONE,,,49,Male,Owner,Marginal  Farmer(Farmer having land <1 Hectare),PENDING,,,false,,OPERATOR,81ee982ebffd462bc4dc9ae4ac293ad69c2599b768928c1cf232e9788d63bbb2,NDM0NDQwMzg2MTYw,**** **** 6160,6006128748,,BANDIPORA,Gurez,Shah Pora - Achoora (Churwan),623,40,2708,0.0
38225905420,1_623_6811_2789_005001,,Mohammad Sultan Rather,,,68,Male,Owner,Marginal  Farmer(Farmer having land <1 Hectare),PENDING,,,false,,OPERATOR,e104bfe6750710ba0bb6a74d8bf4cbfe5c313ad68833c40eb5f379fa00ca9dcf,ODM2NjE4NzY0ODY4,**** **** 4868,8899011032,,BANDIPORA,Hajin,Kani Pora,623,6811,2789,56.0
71131153430,1_623_41_936281_005003,,Parvaiz Ahmad Sheikh,,,57,Male,Owner,Marginal  Farmer(Farmer having land <1 Hectare),PENDING,,,false,,OPERATOR,40dceb41802e00c22749350c949d9bcb6e2dd5ed4ff521834480c8571689952f,MzEzMzk4MDI2Nzg0,**** **** 6784,9596194646,,BANDIPORA,Bandipora,Nass,623,41,936281,66.0
12016592316,1_623_42_2820_005019,,Ali Mohd Bhat,,,73,Male,Owner,Marginal  Farmer(Farmer having land <1 Hectare),PENDING,,,false,,OPERATOR,7c9f3c8fa62886405fe1a22bc561a33e1df0b73723f486fa74a4c5e5b9405baa,OTIzMzU1MDY3MzAw,**** **** 7300,9541973590,,BANDIPORA,Sonawari,Sumbal Inderkote,623,42,2820,0.0
28561044849,1_623_6811_2784_005005,,Bashir Ahmad Sheikh,,,66,Male,Owner,Marginal  Farmer(Farmer having land <1 Hectare),PENDING,,,false,,OPERATOR,db71898f66a24cc017daada1d0e64feae81f83d3c8df82be4849ff39fb2cd59c,Nzk1ODA1MTg3OTU2,**** **** 7956,6006782787,,BANDIPORA,Hajin,Gundi Boon,623,6811,2784,56.0
80599738971,1_623_41_2740_005006,,Mohd Anwar Malik,,,58,Male,Owner,Marginal  Farmer(Farmer having land <1 Hectare),PENDING,,,false,,OPERATOR,790a3a65591160cd52d2be7a6b9154d0e874d1954689b10ffa699c14ff648eb7,NDE4NTIwOTM1MDYw,**** **** 5060,6005134817,,BANDIPORA,Bandipora,Khayar,623,41,2740,58.0
33690229123,1_623_40_2707_005051,,ZAHOORI BEGUM,,,63,Female,Owner,Marginal  Farmer(Farmer having land <1 Hectare),PENDING,,,false,,OPERATOR,f0a4290e1460a4d9da9f5fae857feaf286fba11583547dd16153f6bd64cb852e,NTg4MDQxMDUzOTAx,**** **** 3901,9149915499,,BANDIPORA,Gurez,Markoot,623,40,2707,0.0
70261674579,1_623_41_2740_005020,,Bashir Ahmad Malik,,,58,Male,Owner,Marginal  Farmer(Farmer having land <1 Hectare),PENDING,,,false,,OPERATOR,f1dc285c69b1988479ed52d69f80a78a9a35f5a01bf0c242e8c98bdb27b44ed6,NTgyNDI2NjUwMTYz,**** **** 0163,9149865532,,BANDIPORA,Bandipora,Khayar,623,41,2740,56.0
48440795175,1_623_40_2707_005099,,Gulnaza Bagum,,,45,Female,Owner,Marginal  Farmer(Farmer having land <1 Hectare),PENDING,,,false,,OPERATOR,7dbd7a3fdfdb1239dc83cbc770bdc8b8d568d9d1682fee65d5977decbe0ba289,NDY0Nzc5NDI0MjA1,**** **** 4205,6005454923,,BANDIPORA,Gurez,Markoot,623,40,2707,25.0
19463670528,1_623_6812_2724_005136,,Abdul Rahim Bhat,,,46,Male,Owner,Marginal  Farmer(Farmer having land <1 Hectare),PENDING,,,false,,OPERATOR,568d318b30f1887eebdcc712e5aa9d911d9560db99e6bb7a48d9e71bc118f26d,Mjg2OTExMTc1MDg4,**** **** 5088,6006901492,,BANDIPORA,Tulail,Baduaab,623,6812,2724,46.0
67171521002,1_623_40_2707_005079,,MANZOOR AHMAD AKHOON,,,51,Male,Owner,Marginal  Farmer(Farmer having land <1 Hectare),PENDING,,,false,,OPERATOR,a82ee9208508311a0d9e38d8b83840af5216b1e3611d9b4838d2b2e9d43fc504,NTQ2NDM4MTUxMDU2,**** **** 1056,6006073615,,BANDIPORA,Gurez,Markoot,623,40,2707,65.0
95198409224,1_623_6812_2716_005061,,ZAITON BANO,,,45,Female,Owner,Marginal  Farmer(Farmer having land <1 Hectare),PENDING,,,false,,OPERATOR,bd87a94bbc4fab1ae657974e96884d2e90c27189b59b466811ebe53abee1bb81,MjI2NDI1MTY2NjU3,**** **** 6657,7051662247,,BANDIPORA,Tulail,Neeru,623,6812,2716,24.0
47609172661,1_623_6812_2724_005133,,Gulbahar Bano,,,10,Female,Owner,Marginal  Farmer(Farmer having land <1 Hectare),APPROVED,,,false,,OPERATOR,ee7c39f1f0b89ca99db7ea6ff6bd492b539aaec199b70fc2e718a183862e4803,NTYzNzM2NTczNDgx,**** **** 3481,6006425487,,BANDIPORA,Tulail,Baduaab,623,6812,2724,25.0
68890862404,1_623_6812_2724_005134,,Nasir Husain Naik,,,15,Male,Owner,Marginal  Farmer(Farmer having land <1 Hectare),APPROVED,,,false,,OPERATOR,8e01d90825e8790e2469e2b55927c73a1030c240fc365d03969cd2d02580f341,ODEyODcyOTQzNzA2,**** **** 3706,6006425487,,BANDIPORA,Tulail,Baduaab,623,6812,2724,49.0
96767607780,1_623_40_2708_005060,,Tariq Ahmad Lone,,,48,Male,Owner,Marginal  Farmer(Farmer having land <1 Hectare),PENDING,,,false,,OPERATOR,dbb8610859c947cb6a05853592e509e27ebce7f6d92a612c7a8bedc27b268014,MjA5NzQxMTMwNTg2,**** **** 0586,7889502017,,BANDIPORA,Gurez,Shah Pora - Achoora (Churwan),623,40,2708,63.0
11956069887,1_623_40_2708_005061,,Mohammad Afzal Khan,,,56,Male,Owner,Marginal  Farmer(Farmer having land <1 Hectare),PENDING,,,false,,OPERATOR,0ec5b05420d2e7ae27d04b0d3a1af5493719daeb6a80de564c116dd6c217a51a,Njk0MjA4MDk3NDc1,**** **** 7475,9682566177,,BANDIPORA,Gurez,Shah Pora - Achoora (Churwan),623,40,2708,56.0
37379439194,1_623_6811_2772_005003,,Abdul Razaq Khanday,,,61,Male,Owner,Marginal  Farmer(Farmer having land <1 Hectare),PENDING,,,false,,OPERATOR,0dd8f7376a494ce796161117fbd43c9eb410bbe1089e54726fe40e35e50fd6c6,NzA0NDY4MjQzMjk0,**** **** 3294,9906133318,,BANDIPORA,Hajin,Sari Hari Karan Gund,623,6811,2772,55.0
20371022469,1_623_6812_2716_005060,,Mohd Anwar Mir,,,59,Male,Owner,Marginal  Farmer(Farmer having land <1 Hectare),PENDING,,,false,,OPERATOR,12d2c39190554592b292bd729fcc0921fc05c5b8ae034381935baa3fcbeb9011,MjkzNTA1MTY5MTYy,**** **** 9162,7889681125,,BANDIPORA,Tulail,Neeru,623,6812,2716,57.0
28034486806,1_623_6811_2700_005041,,BILAL AHMAD DAR,,,34,Male,Owner,Marginal  Farmer(Farmer having land <1 Hectare),PENDING,,,false,,OPERATOR,8db9d1783e8efc178648abf3df6a5779153b00970643b41c69dabd46d278e2dd,NjE1Njc2NDU4ODIw,**** **** 8820,9682112322,,BANDIPORA,Hajin,Gulshanpora,623,6811,2700,66.0
84898880666,1_623_40_2708_005118,,Mohammad Khalil Lone,,,79,Male,Owner,Marginal  Farmer(Farmer having land <1 Hectare),PENDING,,,false,,OPERATOR,1206df7e19b8f8fea8b69670d88f0d76dd2f5a95de6a9cc6ed3ddfd57f5580ae,Mjg5NjM3NjMwODQ1,**** **** 0845,9797818492,,BANDIPORA,Gurez,Shah Pora - Achoora (Churwan),623,40,2708,56.0
88270841391,1_623_6812_2724_005089,,AB RAHEEM LONE,,,64,Male,Owner,Marginal  Farmer(Farmer having land <1 Hectare),PENDING,,,false,,OPERATOR,538c1ed1b8a83ff5851fdfcd8515549b4350aa515b65517811ad47bb6c9c614c,Njc1OTIyNjI5OTc3,**** **** 9977,9149966842,,BANDIPORA,Tulail,Baduaab,623,6812,2724,0.0
87139593744,1_623_42_2810_005034,,Mohmmad Akbar Dar,,,67,Male,Owner,Marginal  Farmer(Farmer having land <1 Hectare),PENDING,,,false,,OPERATOR,09a390352f1c2e1a2b3202c5eda3d6d0ecca9a29029fa06b6ed294cd820c7f91,NDgzMDMxMzYwNjgy,**** **** 0682,9541198618,,BANDIPORA,Sonawari,Odina,623,42,2810,25.0
39767330419,1_623_6812_2724_005090,,Gulshan Begum,,,42,Female,Owner,Marginal  Farmer(Farmer having land <1 Hectare),PENDING,,,false,,OPERATOR,14e430636bfbefbcadf18a0646f80e510f59837001b028a473e0786266b5abf0,Nzc3Mzk2OTQ4MTcz,**** **** 8173,6005835688,,BANDIPORA,Tulail,Baduaab,623,6812,2724,73.0
96381853543,1_623_6812_2724_005088,,Mohd Sabir Lone,,,66,Male,Owner,Marginal  Farmer(Farmer having land <1 Hectare),APPROVED,,,false,,OPERATOR,62709dd4076a0a6b6bb7e4e8bf49c6e2d103e8cf2fa96f42652451abf4fbb4e7,NjM4Mjk2Mjk0MjQz,**** **** 4243,9103249091,,BANDIPORA,Tulail,Baduaab,623,6812,2724,23.0
29611648183,1_623_41_2740_005005,,Shabir Ahmad Malik,,,51,Male,Owner,Marginal  Farmer(Farmer having land <1 Hectare),PENDING,,,false,,OPERATOR,7a7c0e374545e987df12ab81d267686cc1832a0fbe47cc1d63645827b93eab5d,ODUyNzA5MjE0NjY3,**** **** 4667,7006422840,,BANDIPORA,Bandipora,Khayar,623,41,2740,56.0
82879873085,1_623_6812_2724_005087,,MOHD GULZAR LONE,,,65,Male,Owner,Marginal  Farmer(Farmer having land <1 Hectare),APPROVED,,,false,,OPERATOR,aae6d01970aca595246ee00a3795b3b6e952ef65c57011498f7e2e7879f76913,NDgyMzg5NTExNTQz,**** **** 1543,6005065243,,BANDIPORA,Tulail,Baduaab,623,6812,2724,23.0
81914061404,1_623_40_2708_005086,,Mohd Dilber Lone,,,55,Male,Owner,Marginal  Farmer(Farmer having land <1 Hectare),PENDING,,,false,,OPERATOR,fee7609a72ab0c794889458b9a6baaf189b5293a5ab718e7be7407743ebed7b1,MzM5MTY2MDg2MTU3,**** **** 6157,7889606552,,BANDIPORA,Gurez,Shah Pora - Achoora (Churwan),623,40,2708,25.0
40338088673,1_623_40_2707_005083,,Manzoor Ahmed Lone,,,47,Male,Owner,Marginal  Farmer(Farmer having land <1 Hectare),PENDING,,,false,,OPERATOR,f049f63cd97493be981788ae782480a369210f16f2178dd1e7ccc55029ee655d,NDY2MjczNDYyNTU3,**** **** 2557,8491855279,,BANDIPORA,Gurez,Markoot,623,40,2707,56.0
30626494776,1_623_40_2707_005052,,Saqib Sikandar Shiekh,,,25,Male,Owner,Marginal  Farmer(Farmer having land <1 Hectare),PENDING,,,false,,OPERATOR,dab5998f1b07144e5b4041ab4296f53e18a64ff17cef417b776bd33375c53aa3,ODIyNTA4MzI3MjU1,**** **** 7255,6005962336,,BANDIPORA,Gurez,Markoot,623,40,2707,56.0
20804950842,1_623_41_2768_005011,,Ather Mustafa,,,35,Male,Owner,Marginal  Farmer(Farmer having land <1 Hectare),PENDING,,,false,,OPERATOR,a87c4735d045dd156f0ae0ce19a881670f99543eeb5b3dd105427bfdf94066cd,NjE0Mjg2NDI4NTAy,**** **** 8502,9682517973,,BANDIPORA,Bandipora,Garoora,623,41,2768,35.0
89496407796,1_623_6812_2724_005142,,NOORANI BEGUM,,,60,Female,Owner,Marginal  Farmer(Farmer having land <1 Hectare),PENDING,,,false,,OPERATOR,f21ad3d4f49846e57fcda2454363d20070fc3eb33edf35d7b61e7ecafa07b431,MjY4OTA5MjA1NTg4,**** **** 5588,7780996259,,BANDIPORA,Tulail,Baduaab,623,6812,2724,70.0
36589181542,1_623_6812_2724_005119,,GULNOOR BANO,,,30,Female,Owner,Marginal  Farmer(Farmer having land <1 Hectare),PENDING,,,false,,OPERATOR,4d63e9d14d01f4e5746e0a238c1148ecb7ffbc6a4bfd426a817c4915c09cd0bc,NDQzNTMwMTMxMzY4,**** **** 1368,9103750447,,BANDIPORA,Tulail,Baduaab,623,6812,2724,44.0
32747146555,1_623_42_2810_005027,,Nisar Ahmad Parray,,,38,Male,Owner,Marginal  Farmer(Farmer having land <1 Hectare),PENDING,,,false,,OPERATOR,5bee5df6823f5207520a1a07bf9fb11252adc923d38583a6b5643f3c4734bafa,NDY5MjEwNjk5NTgw,**** **** 9580,9858637124,,BANDIPORA,Sonawari,Odina,623,42,2810,64.0
49060695820,1_623_40_2707_005080,,Tanveer Ahmad Shangroo,,,24,Male,Owner,Marginal  Farmer(Farmer having land <1 Hectare),PENDING,,,false,,OPERATOR,8ebd2ea2a85bc72ce4143962805931185837a745feede5b99d5a8432629962d0,MzE0ODkwNDE0NDQ0,**** **** 4444,8082041044,,BANDIPORA,Gurez,Markoot,623,40,2707,45.0
80921296732,1_623_6812_2724_005091,,MOHD ANWAR LONE,,,77,Male,Owner,Marginal  Farmer(Farmer having land <1 Hectare),PENDING,,,false,,OPERATOR,bd0b731ebf95fb58bc045a5672896f17c9183022eb563f457bc53f565c4a263c,ODk2NTk1OTQ0NTU0,**** **** 4554,9682318419,,BANDIPORA,Tulail,Baduaab,623,6812,2724,23.0
76066692060,1_623_42_2794_005079,,Feroz Ahmad Kaloo,,,45,Male,Owner,Marginal  Farmer(Farmer having land <1 Hectare),PENDING,,,false,,OPERATOR,03b2a20226b3c4183a73bbe63fcbbf0209f921ab5a9cf1e692053f1c47add478,ODQyMTA5NzQ4MDcx,**** **** 8071,6006049274,,BANDIPORA,Sonawari,Asham,623,42,2794,66.0
31137808527,1_623_41_2768_005012,,Zaina Begum,,,85,Female,Owner,Marginal  Farmer(Farmer having land <1 Hectare),PENDING,,,false,,OPERATOR,27ad631146a65b550bfb8b025cd0ec524cc204ad25ad98edfa7b0c714834b035,NzAzMzgxMzcyMTYz,**** **** 2163,7006416054,,BANDIPORA,Bandipora,Garoora,623,41,2768,35.0
62843776512,1_623_42_2810_005049,,HAJI GH MOHD BHAT,,,86,Male,Owner,Marginal  Farmer(Farmer having land <1 Hectare),PENDING,,,false,,OPERATOR,a1ec2e8d35eac47977cf857eeeedd80facff4a7066c7a0b85326961dddb855a8,NTE1MjI5MTg0MDA2,**** **** 4006,9541005021,,BANDIPORA,Sonawari,Odina,623,42,2810,15.0
47680747693,1_623_41_2768_005053,,RAJA BEGUM,,,83,Female,Owner,Marginal  Farmer(Farmer having land <1 Hectare),PENDING,,,false,,OPERATOR,b662a3ae153263391a09a4c02b30b2938682f228572631e3548088a43f6731ee,ODIzOTEyNjY1MTA2,**** **** 5106,9541004134,,BANDIPORA,Bandipora,Garoora,623,41,2768,50.0
64698795202,1_623_6811_2700_005042,,Bashir Ahmad Sheikh,,,60,Male,Owner,Marginal  Farmer(Farmer having land <1 Hectare),PENDING,,,false,,OPERATOR,df650cf9aa7b0c1b92a5bf06b784a42dca54e833c0094cfdb646ec5bce20e710,MzUwMzI1Mzc4MzY0,**** **** 8364,9906524654,,BANDIPORA,Hajin,Gulshanpora,623,6811,2700,0.0
78452673944,1_623_40_2707_005069,,Ghulam Mohmad Lone,,,62,Male,Owner,Marginal  Farmer(Farmer having land <1 Hectare),PENDING,,,false,,OPERATOR,e6c633d2e17db2684fba93f043c8df3d741e19716b89923a712488a78fe69a15,MzkxNzg2OTYwNzM0,**** **** 0734,7780806172,,BANDIPORA,Gurez,Markoot,623,40,2707,0.0
86715398229,1_623_40_2707_005070,,ZAHOOR AHMAD LONE,,,41,Male,Owner,Marginal  Farmer(Farmer having land <1 Hectare),PENDING,,,false,,OPERATOR,7d1be5dabd7a482743fd2d25dd6271cd2dc49323599296bd1d4e851ac59425e4,NzU5MjQ3NzM2NDM0,**** **** 6434,6005087664,,BANDIPORA,Gurez,Markoot,623,40,2707,46.0
71277714005,1_623_6811_2784_005000,,GHULAM MOHAMMAD BHAT,,,71,Male,Owner,Big Farmer(Farmer having land >=2 Hectare),PENDING,,,false,,OPERATOR,45880344c9c609cdf2a41c03198579418191be1e01271fae1e24df55cee79436,NDcwNDUwMDQ0MjU5,**** **** 4259,9622704474,,BANDIPORA,Hajin,Gundi Boon,623,6811,2784,56.0
36043547999,1_623_40_2707_005084,,Abdul Majeed Lone,,,58,Male,Owner,Marginal  Farmer(Farmer having land <1 Hectare),PENDING,,,false,,OPERATOR,c6aca20ad59a795b38138b065280ffb0ba910319a27272fdbfc81bd82e9e5179,NTI0NjEyMzk2MTE3,**** **** 6117,7889508964,,BANDIPORA,Gurez,Markoot,623,40,2707,56.0
22402537617,1_623_6812_2711_005030,,Ali Mohd Khan,,,61,Male,Owner,Marginal  Farmer(Farmer having land <1 Hectare),PENDING,,,false,,OPERATOR,fb344cca989eec725e6f4fbcd8ade050a6d23f758a37a76042aa3b77ea533495,NzA5NDkwMjY4MjU0,**** **** 8254,7889413706,,BANDIPORA,Tulail,Zedgey,623,6812,2711,43.0
23614652723,1_623_40_2708_005063,,KABEER LONE,,,56,Male,Owner,Marginal  Farmer(Farmer having land <1 Hectare),PENDING,,,false,,OPERATOR,5337b3b53f4beca11623f8c09fc9fb0c16b82e7253347adf8ad67b463a3fd82f,MjE3MzI3ODIyNjIx,**** **** 2621,9469554322,,BANDIPORA,Gurez,Shah Pora - Achoora (Churwan),623,40,2708,0.0
74868935914,1_623_40_2708_005064,,Nazir Ahmad Lone,,,54,Male,Owner,Marginal  Farmer(Farmer having land <1 Hectare),PENDING,,,false,,OPERATOR,793207e054d8c5e0c4b033176bc1178c4d5f98716ed234a8e5806989e8f52987,OTg1ODE3MjAwNzE3,**** **** 0717,9682144830,,BANDIPORA,Gurez,Shah Pora - Achoora (Churwan),623,40,2708,43.0
64139123085,1_623_40_936275_005060,,Ab Majeed Lone,,,61,Male,Owner,Marginal  Farmer(Farmer having land <1 Hectare),PENDING,,,false,,OPERATOR,432a5a7eb3f9e898e18cb14683449480d845fece92112261c35bc9b0792acc59,NTM5MjU2MjY4MTI2,**** **** 8126,9419973883,,BANDIPORA,Gurez,Gulshanpora,623,40,936275,53.0
49488729043,1_623_41_2730_005001,,Mehmooda Begum,,,29,Female,Owner,Marginal  Farmer(Farmer having land <1 Hectare),PENDING,,,false,,OPERATOR,c9b84ce651cfa49e49618ed2a1497e89604c5d2ddbae1c3eba04ad71de69472a,MjY3MDcyNDA3MjMz,**** **** 7233,9622180550,,BANDIPORA,Bandipora,Athwatoo,623,41,2730,46.0
18904949120,1_623_41_2740_005021,,Amina Begum,,,84,Female,Owner,Marginal  Farmer(Farmer having land <1 Hectare),APPROVED,,,false,,OPERATOR,9b70ff7b0c1dd591856989a9a4d06b64db34253fee2c1c4819c91859394fe5d4,ODI2MjE1NjE3NDU3,**** **** 7457,7006930052,,BANDIPORA,Bandipora,Khayar,623,41,2740,89.0
97985433363,1_623_6811_2772_005011,,MOHAMMAD YOUSUF KHANDY,,,49,Male,Owner,Marginal  Farmer(Farmer having land <1 Hectare),PENDING,,,false,,OPERATOR,f2ad49c9bca689b64b47713135d8541d66b72ee6c2089ea424735a2cf2fb9a5e,Mjk2MDE2MjY3Mzg5,**** **** 7389,9596389515,,BANDIPORA,Hajin,Sari Hari Karan Gund,623,6811,2772,46.0
63953114639,1_623_41_2768_005021,,Ghulam Mohammad Ganaie,,,75,Male,Owner,Marginal  Farmer(Farmer having land <1 Hectare),PENDING,,,false,,OPERATOR,5de62995d88ab76bc0a4528721ecc045b56dfc7b9477dc92b28e85fd3ccc5d89,NDAzNTM1MDgwNDA2,**** **** 0406,9541339260,,BANDIPORA,Bandipora,Garoora,623,41,2768,0.0
82557781365,1_623_6812_2724_005144,,LASSEY BEGUM,,,36,Female,Owner,Marginal  Farmer(Farmer having land <1 Hectare),PENDING,,,false,,OPERATOR,a0f602206c95cd3628fad2e388f976537820569c557a5fb3a3d1742a3262fc41,NjYwNTc1NDkzNjgz,**** **** 3683,6006600378,,BANDIPORA,Tulail,Baduaab,623,6812,2724,69.0
19493211013,1_623_41_2761_005005,,MOHAMMAD SULTAN SHEIKH,,,69,Male,Owner,Marginal  Farmer(Farmer having land <1 Hectare),PENDING,,,false,,OPERATOR,8e9d19beea315c3cf541eecca613fe753a6708683f057844c8557aba4244dc3c,ODE1MTEzMjc1MDM0,**** **** 5034,7298672040,,BANDIPORA,Bandipora,Gamroo,623,41,2761,0.0
35635988856,1_623_40_2707_005053,,Mohmad Shafi Shiekh,,,33,Male,Owner,Marginal  Farmer(Farmer having land <1 Hectare),PENDING,,,false,,OPERATOR,6fee21029d750e98e687de789577a10d82ffec048220bc1feb7cd6c17ad9766b,NzUwMDY3MjE1OTMw,**** **** 5930,7006901330,,BANDIPORA,Gurez,Markoot,623,40,2707,0.0
17987027979,1_623_40_2705_005004,,Bilal Hussain Lone,,,28,Male,Owner,Marginal  Farmer(Farmer having land <1 Hectare),PENDING,,,false,,OPERATOR,046cbd943c44766da940c438a688aba879c2ae5b6656da63891f6e5b9e31bbf5,NTA5NjgzMzM2MDQ3,**** **** 6047,7780926505,,BANDIPORA,Gurez,Badwan,623,40,2705,34.0
38097191881,1_623_40_2708_005066,,Parveez Ahmad Lone,,,47,Male,Owner,Marginal  Farmer(Farmer having land <1 Hectare),PENDING,,,false,,OPERATOR,764c7848d8315ccc11a5be08a772c4d87bc5c5c6fc5d38924b9ea1c52734a174,MzYxNjkwMDI4ODcy,**** **** 8872,6005649218,,BANDIPORA,Gurez,Shah Pora - Achoora (Churwan),623,40,2708,59.0
63703388219,1_623_6811_2789_005000,,GH HASSAN RATHER,,,57,Male,Owner,Marginal  Farmer(Farmer having land <1 Hectare),PENDING,,,false,,OPERATOR,c3fb11e5aabb2ebb28f22905b67bf0a7967f15170d72740ad47f5ca52b3c306f,NjcyMzcyOTYzNjQ2,**** **** 3646,9697468387,,BANDIPORA,Hajin,Kani Pora,623,6811,2789,53.0
61737527062,1_623_42_2810_005026,,Ghulam Mohammad Parray,,,47,Male,Owner,Marginal  Farmer(Farmer having land <1 Hectare),PENDING,,,false,,OPERATOR,8187ded5509d2e792139127fed7267e289592f4b599c277a6fc635d15e744c72,NTc5ODE3MTM3MjQx,**** **** 7241,8803047084,,BANDIPORA,Sonawari,Odina,623,42,2810,46.0
93531322963,1_623_6812_2724_005118,,Zahoor Ahmad Lone,,,53,Male,Owner,Marginal  Farmer(Farmer having land <1 Hectare),PENDING,,,false,,OPERATOR,1cd61e8cc91608eb4840fe19cfb15b0d390d260c739dc50701d6cae1d868c1bd,NTMyOTczODIwOTM3,**** **** 0937,9682564155,,BANDIPORA,Tulail,Baduaab,623,6812,2724,46.0
36388541629,1_623_41_2740_005007,,ZAHOOR AHMAD MALIK,,,46,Male,Owner,Marginal  Farmer(Farmer having land <1 Hectare),PENDING,,,false,,OPERATOR,94c5a680dd2835bd5cc8f7e3347b3a3afdd9f6949726527aa2274ffe4023a02a,NDkzNjg5OTUyNTQ1,**** **** 2545,8491808713,,BANDIPORA,Bandipora,Khayar,623,41,2740,56.0
56238285870,1_623_6812_2724_005120,,Sityara Begum,,,84,Female,Owner,Marginal  Farmer(Farmer having land <1 Hectare),PENDING,,,false,,OPERATOR,e0dced0df51ad2d46dd8a3bc41a1405c104dda32e9c57f8d2822f77f8b004e58,MzM0NDY3NDM4NDUx,**** **** 8451,7889751650,,BANDIPORA,Tulail,Baduaab,623,6812,2724,69.0
72869284850,1_623_6810_2777_005045,,Haleema Begum,,,51,Female,Owner,Marginal  Farmer(Farmer having land <1 Hectare),APPROVED,,,false,,OPERATOR,b3c3f861c375e2309b82cf763c3e37f5f02c8455b81fb07f86fe9f57aa5161f4,ODAzODAyOTcyMzky,**** **** 2392,9858711910,,BANDIPORA,Ajas,Ajas,623,6810,2777,35.0
61348841010,1_623_41_2740_005023,,Ghulam Nabi Malik,,,55,Male,Owner,Marginal  Farmer(Farmer having land <1 Hectare),PENDING,,,false,,OPERATOR,fa3a3dbd4e52548824c05f766144f0ffb4e44001b73326dfb16795d0a4aaca6c,ODE1MTUyNzYxNDgx,**** **** 1481,9149628156,,BANDIPORA,Bandipora,Khayar,623,41,2740,61.0
85462660507,1_623_42_2810_005028,,MOHD ZAMAN BHAT,,,51,Male,Owner,Marginal  Farmer(Farmer having land <1 Hectare),PENDING,,,false,,OPERATOR,6d49803307c8b0abb33f5a739906c0ad7a5d29c105fcad56b698939f6adbb83b,NDA2MjU4Nzk0MDUw,**** **** 4050,9906887479,,BANDIPORA,Sonawari,Odina,623,42,2810,23.0
55100703819,1_623_6810_2777_005056,,Jameela Begum,,,41,Female,Owner,Marginal  Farmer(Farmer having land <1 Hectare),APPROVED,,,false,,OPERATOR,c80e5d27835df92c39a717f5de82e9e83e8a79eb60d0a8c8688067aa3b327cde,NTQ0OTI2MzIwMDUx,**** **** 0051,9697387464,,BANDIPORA,Ajas,Ajas,623,6810,2777,90.0
41367269909,1_623_40_2707_005071,,ABDUL HAMEED AKHOON,,,76,Male,Owner,Marginal  Farmer(Farmer having land <1 Hectare),PENDING,,,false,,OPERATOR,ddad81e6ef190ed03ad7fbd8b2fe6e59d2eae4cde3e78e4a1108df9b1e4a5b96,NTM3NDAxMTc3NjEx,**** **** 7611,6005665213,,BANDIPORA,Gurez,Markoot,623,40,2707,0.0
82513879048,1_623_6812_2724_005121,,Latief Beigh,,,40,Male,Owner,Marginal  Farmer(Farmer having land <1 Hectare),PENDING,,,false,,OPERATOR,aeb5987b159cc962422d98eb3fc6f9183f5a62185e1ce0a23487884f0a09ce97,MjM4MzUyMzU2OTk3,**** **** 6997,8825030486,,BANDIPORA,Tulail,Baduaab,623,6812,2724,49.0
98399049291,1_623_40_2707_005054,,Sammar Skinder Shiekh,,,24,Male,Owner,Marginal  Farmer(Farmer having land <1 Hectare),PENDING,,,false,,OPERATOR,df1d8d62570583f3d5bce375bcc605f1cc5efc53576d18e61ed79ddfed2d6b2c,ODkyNDg3MjQyMzEx,**** **** 2311,7006392890,,BANDIPORA,Gurez,Markoot,623,40,2707,0.0
71510083316,1_623_40_2707_005072,,Mohd Iqbal Lone,,,46,Male,Owner,Marginal  Farmer(Farmer having land <1 Hectare),PENDING,,,false,,OPERATOR,7adedb19ce30b88d600bc64a4055ad3d3114f645e96e3a55d8e645af5a0ffa8e,OTEyNjUwMTQ2ODAx,**** **** 6801,9682696458,,BANDIPORA,Gurez,Markoot,623,40,2707,58.0
52295751540,1_623_41_2740_005008,,NAZIR AHMAD MALIK,,,60,Male,Owner,Marginal  Farmer(Farmer having land <1 Hectare),PENDING,,,false,,OPERATOR,0d5561ad83d4cbd05f6bde52d339573bea8e1db6c55eeaf1a459e421e06e1185,ODkwMjgxOTg3NTQ4,**** **** 7548,9906873127,,BANDIPORA,Bandipora,Khayar,623,41,2740,56.0
46943256010,1_623_6812_2724_005137,,Shareefa Begum,,,41,Female,Owner,Marginal  Farmer(Farmer having land <1 Hectare),PENDING,,,false,,OPERATOR,6fb1b521144e471aeef4e0e85bf7a98fc044f6d8f470187a7518d59a909f7f43,OTg3MTE5NjcwMzky,**** **** 0392,6005563921,,BANDIPORA,Tulail,Baduaab,623,6812,2724,49.0
66469159331,1_623_6812_2724_005095,,Doori Bagum,,,47,Female,Owner,Marginal  Farmer(Farmer having land <1 Hectare),PENDING,,,false,,OPERATOR,7657cfe3c27a2cc9ecd40ebc9d261fed532d13dadb6f5e7073570f129e41b9a6,OTYwNjA5NDQyNDk4,**** **** 2498,6005580499,,BANDIPORA,Tulail,Baduaab,623,6812,2724,24.0
35816007767,1_623_6812_2716_005062,,GULAB MIR,,,76,Male,Owner,Marginal  Farmer(Farmer having land <1 Hectare),PENDING,,,false,,OPERATOR,46ceceb52c0704136a00b9f9def7f84bc2e55390fba79a2881e970ed2d3b3296,Nzg0NDMzNjQ0MTIz,**** **** 4123,7006356679,,BANDIPORA,Tulail,Neeru,623,6812,2716,35.0
50997578966,1_623_6812_2724_005092,,Ab Aziz Lone,,,65,Male,Owner,Marginal  Farmer(Farmer having land <1 Hectare),PENDING,,,false,,OPERATOR,8a62a690959c4c8ab35a0ce72d2f48321b529990df6d40570798d73db04bcd24,NzYyOTcyODA5OTc5,**** **** 9979,6006597046,,BANDIPORA,Tulail,Baduaab,623,6812,2724,59.0
72523074808,1_623_6811_2772_005004,,ABDUL AHAD DAR,,,65,Male,Owner,Marginal  Farmer(Farmer having land <1 Hectare),PENDING,,,false,,OPERATOR,2d405d2ab88762b6e4936be20a89b2dd56100ce831429e34c4cd316def49e136,ODA2OTk5MTM1MjYz,**** **** 5263,7006059291,,BANDIPORA,Hajin,Sari Hari Karan Gund,623,6811,2772,46.0
56415552024,1_623_6812_2711_005031,,Jamil Ahmad Wani,,,45,Male,Owner,Marginal  Farmer(Farmer having land <1 Hectare),PENDING,,,false,,OPERATOR,e9f687ca64cf57e0b9338b9e52d5d04a1233a50352a0bda5de848ee34124a0df,ODYwODcyNTgxMjI3,**** **** 1227,6006618131,,BANDIPORA,Tulail,Zedgey,623,6812,2711,56.0
78154248266,1_623_6812_2724_005094,,Kamar Ud Din Lone,,,59,Male,Owner,Marginal  Farmer(Farmer having land <1 Hectare),PENDING,,,false,,OPERATOR,73b271b279404f655a8501c5f7dbef64d18e74642b27dcaaa330acbbab7ab043,MzM1OTI1NDcwODE1,**** **** 0815,9596574372,,BANDIPORA,Tulail,Baduaab,623,6812,2724,0.0
48748499740,1_623_6812_2724_005123,,Nani Begum,,,76,Female,Owner,Marginal  Farmer(Farmer having land <1 Hectare),APPROVED,,,false,,OPERATOR,e49be1ddebaee49263d06e3bf155bc45e11eea658094ddc2be3d1f62648a381d,OTE1MDA2OTc1MTUw,**** **** 5150,6005748466,,BANDIPORA,Tulail,Baduaab,623,6812,2724,35.0
67875625399,1_623_40_2707_005055,,Fiaz Ahmad Lone,,,47,Male,Owner,Marginal  Farmer(Farmer having land <1 Hectare),PENDING,,,false,,OPERATOR,067c4aebe8adc3296d4ddf566dece1a803649bc44af4b2e1b5123e095d3a69c5,NDk3NDg4MjY4MDI3,**** **** 8027,7006304109,,BANDIPORA,Gurez,Markoot,623,40,2707,48.0
31612913699,1_623_42_2794_005082,,Tahira Begum,,,38,Female,Owner,Marginal  Farmer(Farmer having land <1 Hectare),APPROVED,,,false,,OPERATOR,def5fbcbaf174480a539f8290427f00fc41a69af2d2be038a8955a8b55a1d0be,NDQwNzc5Mjk0NTM0,**** **** 4534,9622770315,,BANDIPORA,Sonawari,Asham,623,42,2794,90.0
66233748907,1_623_40_2705_005007,,Mudasir Ali,,,34,Male,Owner,Marginal  Farmer(Farmer having land <1 Hectare),PENDING,,,false,,OPERATOR,9fd103bcc3c8e0bf32eb92cfa3bd5d642e21ddc5a894b6d5c479e021c5a9a73c,NzY4MzI4MDM1ODUz,**** **** 5853,6005229535,,BANDIPORA,Gurez,Badwan,623,40,2705,32.0
25277169809,1_623_40_2708_005087,,Mohd Munwar Lone,,,58,Male,Owner,Marginal  Farmer(Farmer having land <1 Hectare),PENDING,,,false,,OPERATOR,44fd2476ef10737a873a57c60411d7eeddf60a0c1b6a35e478c55d73fd52fea0,NjkzMzA0NjI3ODIw,**** **** 7820,9149742299,,BANDIPORA,Gurez,Shah Pora - Achoora (Churwan),623,40,2708,36.0
77931284158,1_623_40_936275_005040,,Rayes Ahmad Lone,,,40,Male,Owner,Marginal  Farmer(Farmer having land <1 Hectare),PENDING,,,false,,OPERATOR,fea34176322349d033c6e26bdfd86509e919bfd0aac668860b7c88675ec5506e,OTYzNzMwOTk4ODc1,**** **** 8875,9469733572,,BANDIPORA,Gurez,Gulshanpora,623,40,936275,63.0
98723887757,1_623_6812_2724_005138,,Irfan Ahmad Bhat,,,30,Male,Owner,Marginal  Farmer(Farmer having land <1 Hectare),PENDING,,,false,,OPERATOR,3d7b12703e971beca071558ddd0e46106e2f7967d6edf8048e2f4d7b3e3878bd,OTQwMTczNjE5Mjg0,**** **** 9284,9149579593,,BANDIPORA,Tulail,Baduaab,623,6812,2724,55.0
31302106792,1_623_41_2768_005000,,Shabir Ahmad Lone,,,27,Male,Owner,Marginal  Farmer(Farmer having land <1 Hectare),PENDING,,,false,,OPERATOR,96bcb8673b350517eaa98a7726307b1d469beb8cccee6a8e6272d39760cb9a26,Mzg3Mjk0NjQwNzg2,**** **** 0786,6006840823,,BANDIPORA,Bandipora,Garoora,623,41,2768,64.0
47432891227,1_623_6812_2724_005124,,Gh Ahmad Khan,,,39,Male,Owner,Marginal  Farmer(Farmer having land <1 Hectare),PENDING,,,false,,OPERATOR,a7e859157db4409a330612bb7046c9eb801b8acfa14bb31bdeaacd622fa98208,Mjc0MDkxMzc1NjEy,**** **** 5612,6006818989,,BANDIPORA,Tulail,Baduaab,623,6812,2724,0.0
99515692018,1_623_40_2707_005038,,Shahjahan Shiekh,,,44,Male,Owner,Marginal  Farmer(Farmer having land <1 Hectare),PENDING,,,false,,OPERATOR,d26cff2ce7b78cc92114d50c42490a5b9fa1bf296091a40aa2b0d9603c48cfef,NDgyODg4MDY0ODQz,**** **** 4843,9419745933,,BANDIPORA,Gurez,Markoot,623,40,2707,46.0
94319084477,1_623_6812_2725_005010,,GH AHMAD LONE,,,59,Male,Owner,Marginal  Farmer(Farmer having land <1 Hectare),PENDING,,,false,,OPERATOR,4c1daabcae2040e6af727e074a1391d1e8922a027d7a2e7da15b86a37f489966,OTIwNTYzNTI0OTM4,**** **** 4938,6006228006,,BANDIPORA,Tulail,Gujran,623,6812,2725,43.0
42669178381,1_623_6811_2700_005044,,Ali Mohammad Malla,,,74,Male,Owner,Marginal  Farmer(Farmer having land <1 Hectare),PENDING,,,false,,OPERATOR,2ac6cc1889e5ab60953c9314c30d9bf8ffd8c9e95783379875498ba4395e3349,OTU4MjE2NzQ3OTcx,**** **** 7971,7889364907,,BANDIPORA,Hajin,Gulshanpora,623,6811,2700,32.0
86051010080,1_623_40_2707_005081,,Aisha Begum,,,63,Female,Owner,Marginal  Farmer(Farmer having land <1 Hectare),APPROVED,,,false,,OPERATOR,667de80a816c755fd1c54f4056bf60f7b62dcc1c2c73d4c446e1b8ad778d5a89,OTYwODE4NDA4NTI4,**** **** 8528,8899522208,,BANDIPORA,Gurez,Markoot,623,40,2707,80.0
69381471242,1_623_42_2794_005103,,Atiqa Begum,,,51,Female,Owner,Marginal  Farmer(Farmer having land <1 Hectare),APPROVED,,,false,,OPERATOR,155f2b31ca2c23bc721be0ce3162aaf5b72c5380a31deb8e1d94ea79e9fb8eb0,MjI3MTYxNjE4NTg2,**** **** 8586,8899905796,,BANDIPORA,Sonawari,Asham,623,42,2794,84.0
63676604311,1_623_6812_2716_005074,,Mohammad Abdullah Mir,,,68,Male,Owner,Marginal  Farmer(Farmer having land <1 Hectare),APPROVED,,,false,,OPERATOR,7ce1d34f212d0ffbff769363593c46a286b4415d0791642c23fe7e6cbe6cbca2,MjYzMjI0NDAxODU1,**** **** 1855,7006771875,,BANDIPORA,Tulail,Neeru,623,6812,2716,38.0
30811592949,1_623_40_2708_005088,,Farooq Ahmad Lone,,,52,Male,Owner,Marginal  Farmer(Farmer having land <1 Hectare),PENDING,,,false,,OPERATOR,e93e5a2058cee35331bf5d317d406b58160e7598114125230b1d7ed06a299882,NzQ2NDMwNjc1MDc1,**** **** 5075,9103749174,,BANDIPORA,Gurez,Shah Pora - Achoora (Churwan),623,40,2708,52.0
82853375598,1_623_6812_2724_005125,,Mohd Afzal Lone,,,44,Male,Owner,Marginal  Farmer(Farmer having land <1 Hectare),APPROVED,,,false,,OPERATOR,81e4109b7890055871360d9afeda29e445f0e6c7e75ecf5e1513daa5532f4d57,NDYwNTEwNTkwODI3,**** **** 0827,7889452718,,BANDIPORA,Tulail,Baduaab,623,6812,2724,53.0
10117336936,1_623_40_2708_005065,,Zahoor Ahmad Lone,,,49,Male,Owner,Marginal  Farmer(Farmer having land <1 Hectare),PENDING,,,false,,OPERATOR,da57a9a9b52e3d22e4f63aa1c37f997623930d8c29217bde598d8bcba685b15c,ODE1ODYxNTY5NDcz,**** **** 9473,6005446276,,BANDIPORA,Gurez,Shah Pora - Achoora (Churwan),623,40,2708,61.0
15935091519,1_623_42_2794_005080,,Javid Ahmad Kaloo,,,37,Male,Owner,Marginal  Farmer(Farmer having land <1 Hectare),PENDING,,,false,,OPERATOR,56fdf81a2d8c769605c030f5512d4095d73d8e880470c2aa409f59fa3a4ea0f7,NzA4Mjc5NTc4Mzcy,**** **** 8372,7780922214,,BANDIPORA,Sonawari,Asham,623,42,2794,65.0
89630711316,1_623_40_2705_005005,,Shoiab Malik Lone,,,23,Male,Owner,Marginal  Farmer(Farmer having land <1 Hectare),PENDING,,,false,,OPERATOR,9bd61766fcb7d9c19363cacdac1b00b446b1aa095328ee13cc3a65cd57808eb7,NjgzNDI5MzE3MDA4,**** **** 7008,9149817147,,BANDIPORA,Gurez,Badwan,623,40,2705,0.0
52360952496,1_623_6812_2716_005063,,Ab Rashid Mir,,,34,Male,Owner,Marginal  Farmer(Farmer having land <1 Hectare),PENDING,,,false,,OPERATOR,9723589ca72d81f5449d9874e4d9f0a4c4141454bdc4479a191ab512b9e72702,MjU3ODYyNjA4MTEx,**** **** 8111,6006966908,,BANDIPORA,Tulail,Neeru,623,6812,2716,43.0
38551871353,1_623_6811_2700_005043,,Ghulam Mohammad Ganaie,,,58,Male,Owner,Marginal  Farmer(Farmer having land <1 Hectare),PENDING,,,false,,OPERATOR,353425f72ab116a8cebd44a43cc34cc1c551bafb536d39a3893945dac809fd17,NzIwMzQ5NjMwOTAw,**** **** 0900,9906729343,,BANDIPORA,Hajin,Gulshanpora,623,6811,2700,51.0
98459263822,1_623_40_2705_005006,,AFROZA BANOO,,,30,Female,Owner,Marginal  Farmer(Farmer having land <1 Hectare),PENDING,,,false,,OPERATOR,e563cea42c3cb729d1a4d68472dd6e604eaa3fc0d84f997ab6f18fa36256a8bf,ODAzNTc5NDI3MjUx,**** **** 7251,7889785192,,BANDIPORA,Gurez,Badwan,623,40,2705,0.0
85437939044,1_623_42_2794_005081,,Ab Majeed Khan,,,71,Male,Owner,Marginal  Farmer(Farmer having land <1 Hectare),PENDING,,,false,,OPERATOR,7938b02fce7b1847585c205507af669208cdd5055b45686514c5da3dafe12c72,NjcwNjc2ODgxNDIw,**** **** 1420,9596558688,,BANDIPORA,Sonawari,Asham,623,42,2794,44.0
59821105841,1_623_40_2708_005089,,MOHD MUZAFFAR LONE,,,55,Male,Owner,Marginal  Farmer(Farmer having land <1 Hectare),PENDING,,,false,,OPERATOR,fda865634749255e994370fcb2b450fdd0f66f9a354bd865ada955a6600b5009,NzU4NDMzOTczNjc3,**** **** 3677,9541594546,,BANDIPORA,Gurez,Shah Pora - Achoora (Churwan),623,40,2708,33.0
61324161914,1_623_41_2768_005002,,Hamid Ul Islam,,,24,Male,Owner,Marginal  Farmer(Farmer having land <1 Hectare),APPROVED,,,false,,OPERATOR,3eaff2b69f14765b0e7f6a2b4dca5e474a3a8fae3f7eb86d35fdfffe12106966,NDM1OTY5Njk5MTk2,**** **** 9196,6006306754,,BANDIPORA,Bandipora,Garoora,623,41,2768,88.0
39000220736,1_623_6812_2716_005075,,Ghulam Mohammad Mir,,,60,Male,Owner,Marginal  Farmer(Farmer having land <1 Hectare),APPROVED,,,false,,OPERATOR,b88d5d62471432a719b6b688f3ffc75c395396fe618d900b788a4166bdd73721,MjUwMjQ2MzAwMzM2,**** **** 0336,6006804891,,BANDIPORA,Tulail,Neeru,623,6812,2716,46.0
83861298084,1_623_40_936275_005030,,Naseema Begum,,,40,Female,Owner,Marginal  Farmer(Farmer having land <1 Hectare),PENDING,,,false,,OPERATOR,321c12099680e43971b67640c1c7407bddd0dcacdae569f4d69707a5a833337a,ODc3MDc2MzIyMzc5,**** **** 2379,9149653739,,BANDIPORA,Gurez,Gulshanpora,623,40,936275,50.0
66123508071,1_623_42_2810_005029,,Ab. Rahim Parray,,,46,Male,Owner,Marginal  Farmer(Farmer having land <1 Hectare),PENDING,,,false,,OPERATOR,3a2cc8db95cda57f36eee370d84d88df473e4ebdc55d0b1e7470d54ad803ee67,MzEzMjI1NzU1ODcx,**** **** 5871,9469121047,,BANDIPORA,Sonawari,Odina,623,42,2810,0.0
29533662593,1_623_41_2768_005014,,Ghulam Nabi Ganie,,,74,Male,Owner,Marginal  Farmer(Farmer having land <1 Hectare),PENDING,,,false,,OPERATOR,776ee55ac2aa2cac73f65bdee4e1a92cb4982f332a8d054445473ebb58358055,MzM3NDE0NDM1ODc2,**** **** 5876,9906791894,,BANDIPORA,Bandipora,Garoora,623,41,2768,62.0
83758683409,1_623_41_2740_005038,,Sarah Begum,,,71,Female,Owner,Marginal  Farmer(Farmer having land <1 Hectare),PENDING,,,false,,OPERATOR,5334bf1debaf41674bc7b45124857723a010c324356a94268b24dd9307e112c5,NjY5MTc1OTE0ODgw,**** **** 4880,6005693031,,BANDIPORA,Bandipora,Khayar,623,41,2740,50.0
10090042605,1_623_42_2794_005058,,Mala Begum,,,66,Female,Owner,Marginal  Farmer(Farmer having land <1 Hectare),APPROVED,,,false,,OPERATOR,41a20305035687b2b4a3403391c1aa2d7cfd9c6f3b41c0b2f85a01e1d8da4f01,NTE4Nzc5ODQ0NDM0,**** **** 4434,7006249987,,BANDIPORA,Sonawari,Asham,623,42,2794,89.0
68206127891,1_623_40_936275_005004,,Sabi Begum,,,56,Female,Owner,Marginal  Farmer(Farmer having land <1 Hectare),APPROVED,,,false,,OPERATOR,60c024322a751f09a6704c8016c7f0cff65fec77c272a37f1a10d8c5405764d8,NDEzNjQ3MjQzNjE0,**** **** 3614,9469319359,,BANDIPORA,Gurez,Gulshanpora,623,40,936275,78.0
74484335400,1_623_6812_2716_005044,,FARZANI BEGUM,,,67,Female,Owner,Marginal  Farmer(Farmer having land <1 Hectare),APPROVED,,,false,,OPERATOR,284fc3b36a34590a1f1a7f6896c548cc72b18b7e77a84538933d27ad4fbe1795,MjE2MTQzNTU0NTI2,**** **** 4526,6005781357,,BANDIPORA,Tulail,Neeru,623,6812,2716,90.0
93998047131,1_623_6811_2700_005040,,Aadil Majeed,,,31,Male,Owner,Marginal  Farmer(Farmer having land <1 Hectare),APPROVED,,,false,,OPERATOR,633f1a1ad8755dd05ca97c8b13a37613f7fa786f9b603d8735aceb7ea33dc41c,NTI1Njc0OTg4MTgw,**** **** 8180,9149411194,,BANDIPORA,Hajin,Gulshanpora,623,6811,2700,90.0
45343039916,1_623_6812_2724_005096,,FATIMA BEGUM,,,29,Female,Owner,Marginal  Farmer(Farmer having land <1 Hectare),APPROVED,,,false,,OPERATOR,df6d3b95b057144b08a75d55d7d2737effd3db74fe2728762b4dc0db5cbf316e,NjA3NDU2NjYzNTQ5,**** **** 3549,6006036296,,BANDIPORA,Tulail,Baduaab,623,6812,2724,85.0
35311605765,1_623_41_2768_005005,,Wazir Un Nisa,,,30,Female,Owner,Marginal  Farmer(Farmer having land <1 Hectare),APPROVED,,,false,,OPERATOR,f7395c9c68e25a7066b472b655d46ac7cdb19bc18c924af57c737a645c4dffdb,NjA2NTgxMTI5NzU2,**** **** 9756,7006211286,,BANDIPORA,Bandipora,Garoora,623,41,2768,87.0
57897298874,1_623_41_2768_005008,,Naheeda Zaib,,,34,Female,Owner,Marginal  Farmer(Farmer having land <1 Hectare),APPROVED,,,false,,OPERATOR,6896190635cae3598712fbb6559db455330a91643c91796fb2d935bf9872ad07,ODE4Mjg3MTU4OTU0,**** **** 8954,7006908835,,BANDIPORA,Bandipora,Garoora,623,41,2768,87.0
96154961043,1_623_6809_2744_005022,,Mohd Amin Chopan,,,36,Male,Owner,Marginal  Farmer(Farmer having land <1 Hectare),PENDING,,,false,,OPERATOR,8e0c62e303cea5ec14531de5bd0cd2ddc0edbb0abdc7481f7d78f24b2c1387f9,MzQ1OTY1MjcwMjA5,**** **** 0209,9797162838,,BANDIPORA,Aloosa,Mangnipora,623,6809,2744,62.0
43960331563,1_623_41_2763_005004,,Sonaullah Ahanger,,,61,Male,Owner,Marginal  Farmer(Farmer having land <1 Hectare),PENDING,,,false,,OPERATOR,8a686f594660b43824cca69380a36440aee90d2694e302573078977935cda685,MjI0Njc4OTMzODcw,**** **** 3870,7298877515,,BANDIPORA,Bandipora,Nadihal,623,41,2763,44.0
71480152271,1_623_42_2794_005104,,Gh Mohd Khan,,,47,Male,Owner,Marginal  Farmer(Farmer having land <1 Hectare),PENDING,,,false,,OPERATOR,78fbd038096f722c2a30e72891188c58bda5e739bd06033de87e3e96c6388abf,Nzg4NzgwMTU0NzYy,**** **** 4762,9541169390,,BANDIPORA,Sonawari,Asham,623,42,2794,41.0
98577849126,1_623_41_2761_005043,,MOHAMMAD SHABAN SHEIKH,,,76,Male,Owner,Marginal  Farmer(Farmer having land <1 Hectare),PENDING,,,false,,OPERATOR,aeb6fac82d25e1c3fd328c1eef09f37a34a28bcea9cab9511028336ecd2709a9,ODk2NzA1OTY1ODI0,**** **** 5824,9858788885,,BANDIPORA,Bandipora,Gamroo,623,41,2761,33.0
14066567820,1_623_42_2802_005006,,Fathima Begum,,,51,Female,Owner,Marginal  Farmer(Farmer having land <1 Hectare),PENDING,,,false,,OPERATOR,99f1f34651b1fac28ba565d3d72368c5484040a74d867d38915fb82ce03641c0,NTIzODQzNTY1MjUx,**** **** 5251,9697364367,,BANDIPORA,Sonawari,NOWGAM,623,42,2802,50.0
65995524167,1_623_42_2810_005036,,Gh Ahmad Bhat,,,53,Male,Owner,Marginal  Farmer(Farmer having land <1 Hectare),PENDING,,,false,,OPERATOR,a89af58bd02b2293954157107682eb37e86245e2dd76db40985454e2a7907dda,NTM3MTE4MzYxNzI0,**** **** 1724,8082121560,,BANDIPORA,Sonawari,Odina,623,42,2810,53.0
19754483032,1_623_42_2815_005028,,Sara Begum,,,48,Female,Owner,Marginal  Farmer(Farmer having land <1 Hectare),PENDING,,,false,,OPERATOR,6b7d45cfefd32affcb36a6938f5a434e250fdb4b374803eb26f200c91a37c57a,Njc4MDEwMjU3OTMz,**** **** 7933,9149648733,,BANDIPORA,Sonawari,Wahid pora,623,42,2815,25.0
92410689710,1_623_42_2810_005037,,MOHD ISHAQ BHAT,,,51,Male,Owner,Marginal  Farmer(Farmer having land <1 Hectare),PENDING,,,false,,OPERATOR,67255984f41f3d48036b5ccb49afbd92cb9c466165f67fe25535af6fc7ebb0b8,Njg0NDgzMTI4MDY4,**** **** 8068,9541306320,,BANDIPORA,Sonawari,Odina,623,42,2810,42.0
59389211751,1_623_6809_2748_005373,,Rafeeqa Begum,,,46,Female,Owner,Marginal  Farmer(Farmer having land <1 Hectare),PENDING,,,false,,OPERATOR,01d00f1417186da22e3dd5f8cff7c097a733af52d3c08db55372ce84cd435517,NTA4ODYyMDU5MDE1,**** **** 9015,6006356825,,BANDIPORA,Aloosa,Ashtangoo,623,6809,2748,0.0
13867301432,1_623_42_2810_005038,,ZOONA BEGUM,,,59,Female,Owner,Marginal  Farmer(Farmer having land <1 Hectare),APPROVED,,,false,,OPERATOR,a694c8cde768e1c3e71ac8480cb32cee29f25baa91b56b14674d7aa36e95a6bc,MzMxMjc1NjE5Njc0,**** **** 9674,9541306320,,BANDIPORA,Sonawari,Odina,623,42,2810,79.0
22243618900,1_623_42_2794_005105,,GH MOHD KHAN,,,73,Male,Owner,Small Farmer (Farmer having Land >=1 & <2 Hectare),PENDING,,,false,,OPERATOR,1aa9c2fbca2f54b09cd384a70e48dce266049a23465a0ee1d08c9bfc5acd0b29,Njg1NDE0NzQ5NjI0,**** **** 9624,9858335368,,BANDIPORA,Sonawari,Asham,623,42,2794,51.0
56981127219,1_623_6810_2777_005057,,Mohd Afzal Rather,,,64,Male,Owner,Marginal  Farmer(Farmer having land <1 Hectare),APPROVED,,,false,,OPERATOR,ea7181ae4198a65a9c7fa3ac1c1ded00642b3d34bc6e42bea09111f62b10e48c,ODExNDAyNDA1NTk1,**** **** 5595,9906819755,,BANDIPORA,Ajas,Ajas,623,6810,2777,53.0
10148661584,1_623_41_936283_005006,,Gh Mohd Bhat,,,68,Male,Owner,Marginal  Farmer(Farmer having land <1 Hectare),PENDING,,,false,,OPERATOR,5f73db3c2c4de2ac19778a5e24cd8182549602ab734e84dbf75020d63e66d3e0,NzkwMzU1NDY0NTU3,**** **** 4557,9797760355,,BANDIPORA,Bandipora,Watapora,623,41,936283,61.0
23257304461,1_623_42_2804_005013,,Rukaya Akhter,,,34,Female,Owner,Marginal  Farmer(Farmer having land <1 Hectare),PENDING,,,false,,OPERATOR,ce88ea8adb7bc4330adac6cfda88a7392232432e20da9c3609e17d7a566855f8,ODEzMjkzMTMwMzE4,**** **** 0318,9797283928,,BANDIPORA,Sonawari,Rakh Sultan Pora,623,42,2804,0.0
34909258372,1_623_42_2810_005039,,GH MUSTAFA BHAT,,,41,Male,Owner,Marginal  Farmer(Farmer having land <1 Hectare),PENDING,,,false,,OPERATOR,d169e9db3be49ddb35977a85edba9e3374b2b170a7d931ae278501ff7c8fbc11,NjMzMjYwMjQwODM0,**** **** 0834,9697777872,,BANDIPORA,Sonawari,Odina,623,42,2810,62.0
23012015735,1_623_6811_2784_005020,,Sana Ullah War,,,65,Male,Owner,Marginal  Farmer(Farmer having land <1 Hectare),PENDING,,,false,,OPERATOR,21ddfbc238b82f421677f7e2563156d3ed4b2e6145ebf8ff7b2226f81f2debc3,Mjc0MDIzNzM0NzY1,**** **** 4765,6006389485,,BANDIPORA,Hajin,Gundi Boon,623,6811,2784,0.0
27070462022,1_623_42_2810_005040,,GH HUSSAIN PARRAY,,,66,Male,Owner,Marginal  Farmer(Farmer having land <1 Hectare),PENDING,,,false,,OPERATOR,f884a4a7aad95f5addf718c4b2522ee48349e401c1da4ac6ac236e4555d80da1,Njc5MzAyNjg3Mjcx,**** **** 7271,9797803638,,BANDIPORA,Sonawari,Odina,623,42,2810,53.0
29776809961,1_623_41_936281_005004,,HABIBULLAH DAR,,,78,Male,Owner,Marginal  Farmer(Farmer having land <1 Hectare),PENDING,,,false,,OPERATOR,c2c6e47398bce5f5eefbdcb98d7d255ebd96010694952e8239ae3ea540baa7e6,ODk2NTU4ODg2Njc2,**** **** 6676,9682306819,,BANDIPORA,Bandipora,Nass,623,41,936281,43.0
26120496348,1_623_42_2794_005107,,AB HAMID GANAIE,,,61,Male,Owner,Marginal  Farmer(Farmer having land <1 Hectare),PENDING,,,false,,OPERATOR,3ef9e0388ba8e7f6c113d3fb84ce0bb28510659c49e794811d6bc478d6e2a375,Nzk3NzQ2NjYzNDA4,**** **** 3408,9596163930,,BANDIPORA,Sonawari,Asham,623,42,2794,53.0
74908413198,1_623_42_2794_005121,,Fayaz Ahmad Ganai,,,48,Male,Owner,Marginal  Farmer(Farmer having land <1 Hectare),PENDING,,,false,,OPERATOR,0795b7b76ea1c3eac01cfe9dcace36a7ef03a8f30e8821c0729331069823e093,NjQzMTkyODcxOTcz,**** **** 1973,9596273828,,BANDIPORA,Sonawari,Asham,623,42,2794,66.0
63880127482,1_623_6812_2716_005080,,Gulzar Ahmad Mir,,,68,Male,Owner,Marginal  Farmer(Farmer having land <1 Hectare),PENDING,,,false,,OPERATOR,3b1fcde788226ec7ad8d9336b865977c25fe822a3374c28920b6351ccda12d10,MjU0MjU2NDYxNDg3,**** **** 1487,9419827921,,BANDIPORA,Tulail,Neeru,623,6812,2716,61.0
80193238054,1_623_41_2730_005000,,ATTA MOHD LONE,,,61,Male,Owner,Marginal  Farmer(Farmer having land <1 Hectare),PENDING,,,false,,OPERATOR,8effa7c3a7074d8ba003890de450e2e9059c338aa0b472b73370eecee5a21056,Mzc5OTM5MDg0ODQ3,**** **** 4847,9622451533,,BANDIPORA,Bandipora,Athwatoo,623,41,2730,53.0
18719430919,1_623_42_2810_005041,,Gh Qadir Bhat,,,56,Male,Owner,Marginal  Farmer(Farmer having land <1 Hectare),PENDING,,,false,,OPERATOR,6233114748685adda7de67dbfb373899ff9b81e3d1a55687b960a845f8f697a4,MjM1MDUyNTA2MjE2,**** **** 6216,9682120278,,BANDIPORA,Sonawari,Odina,623,42,2810,0.0
42325626018,1_623_6812_2712_005021,,Mohd Sarwar Lone,,,53,Male,Owner,Marginal  Farmer(Farmer having land <1 Hectare),PENDING,,,false,,OPERATOR,ce8ce2eaed398f9982ac6af98f43497b209a897390ca44e82d8cc4b0481c1774,NTE2NjQyMTA2MzQ2,**** **** 6346,6005456099,,BANDIPORA,Tulail,Dengithal,623,6812,2712,53.0
48854716210,1_623_41_936281_005005,,Farooq Ahmad Sheikh,,,54,Male,Owner,Marginal  Farmer(Farmer having land <1 Hectare),PENDING,,,false,,OPERATOR,f0eea827459aabe516e43fbea6c2493a46004c1e20f0110c33a84db0e5d6e9a5,NDg1NzMzMzI3OTU2,**** **** 7956,7006602317,,BANDIPORA,Bandipora,Nass,623,41,936281,66.0
21561379120,1_623_42_2797_005067,,ABDUL AHAD RESHI,,,56,Male,Owner,Marginal  Farmer(Farmer having land <1 Hectare),PENDING,,,false,,OPERATOR,cbe067878d2db3c0b3bb06dc7a81f63d482df1523eb1712d8ace5af15b11f1f3,NTQyNzA4OTU3NDkx,**** **** 7491,9484211431,,BANDIPORA,Sonawari,Hilalabad,623,42,2797,46.0
90130885315,1_623_42_2812_005040,,Ghulam Mustafa Rather,,,41,Male,Owner,Marginal  Farmer(Farmer having land <1 Hectare),PENDING,,,false,,OPERATOR,4aeb8c7ad18e98c847f4758fba7e743d0b723dc166e38c08c161b2296496d9f9,NTIwMDcwMTI5NzM3,**** **** 9737,6006314488,,BANDIPORA,Sonawari,Sarai Dangarpora,623,42,2812,0.0
53027288359,1_623_6812_2725_005009,,GHULAM KHAN,,,50,Male,Owner,Marginal  Farmer(Farmer having land <1 Hectare),PENDING,,,false,,OPERATOR,2f35d4b682990998872a54bcf2f52dfc9578b7ccfbb9203bfc1f5086a8ee68ad,NjczMzEwOTUwMzYx,**** **** 0361,7006130066,,BANDIPORA,Tulail,Gujran,623,6812,2725,34.0
32859639739,1_623_42_2794_005109,,Kaisar Sideeq,,,35,Male,Owner,Marginal  Farmer(Farmer having land <1 Hectare),APPROVED,,,false,,OPERATOR,3d71d61fa2ea31e82a6be630ac448be1492c5cfc952f632b51644d9bdc54e73e,NDMwNzA4NDk0Mjk5,**** **** 4299,9070000849,,BANDIPORA,Sonawari,Asham,623,42,2794,79.0
25382706779,1_623_6811_2700_005046,,Abdul Rashid Dar,,,40,Male,Owner,Marginal  Farmer(Farmer having land <1 Hectare),PENDING,,,false,,OPERATOR,25e1e96ca2c5a73a49255a457c0b4249fd6aea4a006d93bc984c25203c527b95,OTQxMTUxNDY2MTgw,**** **** 6180,9622357475,,BANDIPORA,Hajin,Gulshanpora,623,6811,2700,55.0
93952889060,1_623_42_2815_005005,,Abdul Rashid Mir,,,58,Male,Owner,Marginal  Farmer(Farmer having land <1 Hectare),PENDING,,,false,,OPERATOR,297d6f18f9d38a9606e26dde066c2b38ddd62774cd15403cc18417ec41dc0260,NjgwMTYwMzQyMDE5,**** **** 2019,7780925693,,BANDIPORA,Sonawari,Wahid pora,623,42,2815,53.0
49920190732,1_623_6812_2716_005079,,Mohd Yousf Mir,,,49,Male,Owner,Marginal  Farmer(Farmer having land <1 Hectare),PENDING,,,false,,OPERATOR,f380cc5fcc6a61e043f71a530a14d845d2b58626402d995565a1201105a740e2,MjIzMzg0NzEzMDE5,**** **** 3019,6005487178,,BANDIPORA,Tulail,Neeru,623,6812,2716,58.0
32167402443,1_623_6809_2744_005021,,Khazir Mohd Chopan,,,65,Male,Owner,Marginal  Farmer(Farmer having land <1 Hectare),PENDING,,,false,,OPERATOR,4bacc52182c39f8c20a696f45c062f90284b74f0fc7c0a050fc6a12898747424,NTY5ODI0OTc3MzMy,**** **** 7332,9797162838,,BANDIPORA,Aloosa,Mangnipora,623,6809,2744,0.0
83884963329,1_623_6811_2789_005015,,Gh Mohammad Dar,,,70,Male,Owner,Small Farmer (Farmer having Land >=1 & <2 Hectare),PENDING,,,false,,OPERATOR,50b8bd5d7c1a5cba71ec54cb63d167af508a416597c3400dd94a168e3580f101,MzgzMzUzMDk0NDM0,**** **** 4434,9622407398,,BANDIPORA,Hajin,Kani Pora,623,6811,2789,43.0
42916002656,1_623_40_2705_005023,,HAJRA BEGUM,,,66,Female,Owner,Marginal  Farmer(Farmer having land <1 Hectare),PENDING,,,false,,OPERATOR,be59a3f424579cf361b8184e40c3f269339647c5ab9320a3cde3ed298bc11cd7,MzQzMTc4MTk1ODA1,**** **** 5805,8899914697,,BANDIPORA,Gurez,Badwan,623,40,2705,25.0
59527569751,1_623_42_2797_005057,,Jahangir Ahmad Mir,,,44,Male,Owner,Marginal  Farmer(Farmer having land <1 Hectare),PENDING,,,false,,OPERATOR,bab9472eb565e479b2851c6a4ff448b631fe5be7104377ea41313ebc4b9aaaa1,OTU0NDg2MTQ2OTYw,**** **** 6960,7006778428,,BANDIPORA,Sonawari,Hilalabad,623,42,2797,63.0
42647198183,1_623_42_2794_005120,,Mohd Yousuf Sheikh,,,62,Male,Owner,Marginal  Farmer(Farmer having land <1 Hectare),PENDING,,,false,,OPERATOR,9b3491df170273bbcb5878f6215f432d013c28249012d6858e3ced2d68883d94,NzEwMzk3OTkyNTYw,**** **** 2560,8082787538,,BANDIPORA,Sonawari,Asham,623,42,2794,53.0
10131500023,1_623_6812_2712_005004,,JUMA LONE,,,71,Male,Owner,Marginal  Farmer(Farmer having land <1 Hectare),PENDING,,,false,,OPERATOR,22ae7462842cc0909fa649694e8e2b13dc35f51cb245b4eea38e83b39474121c,OTYxMzA2MDQyMTg1,**** **** 2185,6006142156,,BANDIPORA,Tulail,Dengithal,623,6812,2712,0.0
45664030211,1_623_6811_2789_005016,,Nazir Ahmad Malik,,,63,Male,Owner,Marginal  Farmer(Farmer having land <1 Hectare),PENDING,,,false,,OPERATOR,6ac970cf45aa0829c184ea0a3eb834949b38150130bba1ac924f8bd3488fc42f,OTM0NDE1MTYwODQ2,**** **** 0846,6006318233,,BANDIPORA,Hajin,Kani Pora,623,6811,2789,0.0
66510517633,1_623_6812_2725_005013,,Mohd Fazal Lone,,,53,Male,Owner,Marginal  Farmer(Farmer having land <1 Hectare),PENDING,,,false,,OPERATOR,2cefc1b780b01db269c7f5f7ee744cf96a5b66269ea96e5e9742eed214d70c63,OTY3MDk5NjExMDcx,**** **** 1071,6005203664,,BANDIPORA,Tulail,Gujran,623,6812,2725,22.0
34924753960,1_623_6809_2744_005031,,Javid Ahmad Chopan,,,50,Male,Owner,Marginal  Farmer(Farmer having land <1 Hectare),PENDING,,,false,,OPERATOR,a1e14f72037c25b77c362cb98f00d1def4f7ce9fb6fa2a18630c80f66dc4a298,MjA1MzA3NjkwNjgx,**** **** 0681,9906576391,,BANDIPORA,Aloosa,Mangnipora,623,6809,2744,65.0
50178314495,1_623_6810_2777_005034,,Mohd Ashraf Ahanger,,,50,Male,Owner,Marginal  Farmer(Farmer having land <1 Hectare),APPROVED,,,false,,OPERATOR,91a87aab152f14b7d78788a7963e74ac85231ab1db5e495f390eb4c2e95e50ea,MzgyMzU4MTAzOTAx,**** **** 3901,8899533151,,BANDIPORA,Ajas,Ajas,623,6810,2777,66.0
93333846079,1_623_41_2742_005011,,Imtiyaz Ahmad Mir,,,42,Male,Owner,Marginal  Farmer(Farmer having land <1 Hectare),PENDING,,,false,,OPERATOR,15ea452124dd4e3af508406adba94a448dd53bb317e76c4479a422ed3ca493a0,MzIyNTQ3NTg1Mjcy,**** **** 5272,8899048373,,BANDIPORA,Bandipora,Panjigam,623,41,2742,56.0
50865146835,1_623_41_2763_005007,,Ghulam Rasool Wani,,,64,Male,Owner,Marginal  Farmer(Farmer having land <1 Hectare),PENDING,,,false,,OPERATOR,144781cbd967baa40335c0664684d48daa84fd6f4b5ac5d5c45e6c44f2d71c00,MzgxMDUyNTM1ODI3,**** **** 5827,9622423386,,BANDIPORA,Bandipora,Nadihal,623,41,2763,56.0
23670817967,1_623_41_936283_005000,,Ab Hamid Bhat,,,68,Male,Owner,Marginal  Farmer(Farmer having land <1 Hectare),PENDING,,,false,,OPERATOR,75290d0a1f07fde6f87deb2edaf3746dae7e8bf8d0cead8ed6b5c0aa6fdd1653,NjUzNTI1NTgwMjky,**** **** 0292,9797106917,,BANDIPORA,Bandipora,Watapora,623,41,936283,0.0
83180864368,1_623_42_2810_005042,,Gh Hassan Beigh,,,71,Male,Owner,Marginal  Farmer(Farmer having land <1 Hectare),PENDING,,,false,,OPERATOR,02b31987d446efee1d3414ae42f53dd9b9b69ef6549e56bb47b915f853ef0187,NTQ1NDU1NTUxNzM1,**** **** 1735,7889503081,,BANDIPORA,Sonawari,Odina,623,42,2810,53.0
14207653283,1_623_6810_2777_005035,,Mohammad Akram Rather,,,78,Male,Owner,Marginal  Farmer(Farmer having land <1 Hectare),APPROVED,,,false,,OPERATOR,5849c509b7a31c4fe1d2f83d228262a13fe943003120e9ea14dab564b6a86656,NjcyOTc0NjEzMjAw,**** **** 3200,9906868975,,BANDIPORA,Ajas,Ajas,623,6810,2777,46.0
57593020692,1_623_6811_2789_005003,,Firdous Ahmad Rather,,,41,Male,Owner,Marginal  Farmer(Farmer having land <1 Hectare),PENDING,,,false,,OPERATOR,37b12471902dddfdb0307da53c44c1bf66e5b0c2a98c9e832f772e7807bb5e69,Mzk1NTIwMjM3NDAy,**** **** 7402,9149401331,,BANDIPORA,Hajin,Kani Pora,623,6811,2789,0.0
59168087912,1_623_40_936275_005046,,Mohammad Sharif Lone,,,51,Male,Owner,Marginal  Farmer(Farmer having land <1 Hectare),PENDING,,,false,,OPERATOR,76aa998b859dbb74c2159e00fb5096ffa65098244d403cd9c2b2c14ad3fe18ac,OTgzNzA0NzIxMjQz,**** **** 1243,6006957344,,BANDIPORA,Gurez,Gulshanpora,623,40,936275,64.0
10249829639,1_623_40_2705_005024,,Muzafar Ahmad Lone,,,38,Male,Owner,Marginal  Farmer(Farmer having land <1 Hectare),PENDING,,,false,,OPERATOR,c4652dcf8145b39b3c1d9bb77a21573ac0006ca0151e446e007dea8b26e8031c,MjUyNzU3NDI4NzMw,**** **** 8730,6005672721,,BANDIPORA,Gurez,Badwan,623,40,2705,46.0
55704736858,1_623_6809_2744_005016,,Azad Ahmad Reshi,,,28,Male,Owner,Marginal  Farmer(Farmer having land <1 Hectare),PENDING,,,false,,OPERATOR,1cc2375b736063f4baa94ebad5141ac36eba71004d682a0ffdddca7435337c40,MzQ5MjM3MTcyNDIx,**** **** 2421,9596174006,,BANDIPORA,Aloosa,Mangnipora,623,6809,2744,65.0
98171766916,1_623_41_2740_005037,,SHABIR AHMAD SHAH,,,55,Male,Owner,Marginal  Farmer(Farmer having land <1 Hectare),PENDING,,,false,,OPERATOR,86ec5a000a31dfbe86ada2e7199ff536482942035293a2ce61a5ae4aec894491,NTk4MzUzNjUxMjE2,**** **** 1216,9541334511,,BANDIPORA,Bandipora,Khayar,623,41,2740,56.0
58693610059,1_623_42_2800_005012,,Wakil Ahmad Hajam,,,70,Male,Owner,Marginal  Farmer(Farmer having land <1 Hectare),PENDING,,,false,,OPERATOR,5bf14e524f38b270ce452fc881f3ca09f181fe8f99dbfbc839582c77e35d74c5,Mjg4ODc3MzI5Njcy,**** **** 9672,7006522554,,BANDIPORA,Sonawari,Rakh Shilvat,623,42,2800,33.0
63016326557,1_623_6811_2789_005002,,GH MOHD MALIK,,,66,Male,Owner,Marginal  Farmer(Farmer having land <1 Hectare),PENDING,,,false,,OPERATOR,d6eafef73ccfaabf6eb75e20fd4da87f218c72e947fdddf7b2d6355963089d46,MjM5OTQ2NTEwNDg3,**** **** 0487,6006408461,,BANDIPORA,Hajin,Kani Pora,623,6811,2789,51.0
23450499795,1_623_6812_2725_005011,,Abdul Rahman Lone,,,53,Male,Owner,Marginal  Farmer(Farmer having land <1 Hectare),PENDING,,,false,,OPERATOR,7394052039cef0f6799ba77a0447615949f2cf443059c25774c7346ff3240e6f,MzA3MTM1Mzg0MDI5,**** **** 4029,9149607099,,BANDIPORA,Tulail,Gujran,623,6812,2725,61.0
63324882622,1_623_42_2810_005067,,Gh. Mohd Bhat,,,47,Male,Owner,Marginal  Farmer(Farmer having land <1 Hectare),PENDING,,,false,,OPERATOR,b6c8061a56016ad6cb05f6d548e262b375ace621ff00c342a4c327d2c934adb7,NDc3NDMzODM2OTEy,**** **** 6912,9697592799,,BANDIPORA,Sonawari,Odina,623,42,2810,41.0
22068792180,1_623_42_2797_005082,,GH MOHMMAD WAGAY,,,53,Male,Owner,Marginal  Farmer(Farmer having land <1 Hectare),PENDING,,,false,,OPERATOR,d2a3ff3236c182a9210500ab49ff7d291c14a2316f26fe00f7aedd5f6bdc5f32,Nzg0MzExNjk3MTYz,**** **** 7163,7051679948,,BANDIPORA,Sonawari,Hilalabad,623,42,2797,63.0
35335870894,1_623_40_2708_005094,,Ghulam Nabi Lone,,,82,Male,Owner,Marginal  Farmer(Farmer having land <1 Hectare),PENDING,,,false,,OPERATOR,cf8f5dbaa6ea2190c0851c94870aa110756af750e18aa8ddfee0c98f14aa4764,OTExNzk0MTE5NzA1,**** **** 9705,7889626987,,BANDIPORA,Gurez,Shah Pora - Achoora (Churwan),623,40,2708,53.0
70659113015,1_623_6809_2744_005023,,Ab Hamid Khan,,,46,Male,Owner,Marginal  Farmer(Farmer having land <1 Hectare),PENDING,,,false,,OPERATOR,698960bd4d7db15854e5d490e5e26bb04d15b757036646d1d4a25514bc45c28f,NjI2NDU4NTUxMjg3,**** **** 1287,9906739959,,BANDIPORA,Aloosa,Mangnipora,623,6809,2744,0.0
90270229380,1_623_41_936283_005004,,Mohammad Amin Bhat,,,60,Male,Owner,Marginal  Farmer(Farmer having land <1 Hectare),PENDING,,,false,,OPERATOR,d12e377614f91fca83a1e60353026139ad1406257f480fcf38625d6c37cd7bd0,OTQ2MjkwOTQ2NjI2,**** **** 6626,8082660206,,BANDIPORA,Bandipora,Watapora,623,41,936283,0.0
24515984110,1_623_40_936275_005053,,Zamir Ahmad Lone,,,56,Male,Owner,Marginal  Farmer(Farmer having land <1 Hectare),PENDING,,,false,,OPERATOR,d80c279d1e148e41c9aa6b9b15f17da9dbbf9bfd9f6d74f1cb180fe83d133e6d,MjIyODgxNTQxODAw,**** **** 1800,8491872073,,BANDIPORA,Gurez,Gulshanpora,623,40,936275,0.0
98202531776,1_623_41_2763_005014,,GH QADIR WANI,,,69,Male,Owner,Marginal  Farmer(Farmer having land <1 Hectare),PENDING,,,false,,OPERATOR,171443708544598a6e296404f4abd41d02a4238a48ca5132675ad02345c683ff,NjU3MjI0MTg0ODY2,**** **** 4866,9541412930,,BANDIPORA,Bandipora,Nadihal,623,41,2763,0.0
79495507228,1_623_41_2761_005015,,GH NABI DAR,,,72,Male,Owner,Marginal  Farmer(Farmer having land <1 Hectare),PENDING,,,false,,OPERATOR,293f9ddce208ad8f6961a93931e7ddd81892e8c4d75e170c909d65d196df05aa,MzI0NjkwNTQ0Njk5,**** **** 4699,9149515135,,BANDIPORA,Bandipora,Gamroo,623,41,2761,49.0
23259308815,1_623_6811_2789_005005,,Gh Mohmmad Rather,,,66,Male,Owner,Marginal  Farmer(Farmer having land <1 Hectare),PENDING,,,false,,OPERATOR,42ce5b0ab74fb32c63ddda190a2d10f3e6197362c0fa454ac73f0ec3e9c7ab96,NDkyMjAxMDk2Nzgx,**** **** 6781,9906267785,,BANDIPORA,Hajin,Kani Pora,623,6811,2789,43.0
12375867342,1_623_41_2768_005035,,ALI MOHAMMAD LONE,,,75,Male,Owner,Marginal  Farmer(Farmer having land <1 Hectare),PENDING,,,false,,OPERATOR,66db0b9dc3ca3dfa82140b962584e7f69b8b30d3c29ec1b81262025f209cb096,OTEzOTAzNzQ5MDQx,**** **** 9041,6006331256,,BANDIPORA,Bandipora,Garoora,623,41,2768,23.0
79367020358,1_623_42_2820_005016,,Habibullah Dobi,,,84,Male,Owner,Marginal  Farmer(Farmer having land <1 Hectare),PENDING,,,false,,OPERATOR,7c0702e45e7d9567f790928bcbe5310b2312f82ae9b2bf5ea0a0e739faa73aa8,ODYxNzI1ODE0MTE2,**** **** 4116,7006589621,,BANDIPORA,Sonawari,Sumbal Inderkote,623,42,2820,44.0
36753643835,1_623_6811_2789_005004,,Mohd Ayoub Rather,,,43,Male,Owner,Marginal  Farmer(Farmer having land <1 Hectare),PENDING,,,false,,OPERATOR,53783bb203e677a53ff754402686221d84604f7d92b56aff4d2f5af010ddbfff,OTIwNjMyNDc5MzQ4,**** **** 9348,9622518321,,BANDIPORA,Hajin,Kani Pora,623,6811,2789,43.0
55188141197,1_623_6809_2744_005017,,Ajaz Ahmad Reshi,,,29,Male,Owner,Marginal  Farmer(Farmer having land <1 Hectare),PENDING,,,false,,OPERATOR,41b8196066d2f14f8521edbed08b0d194cffcd857437f5530cfbbdf1a20b38b4,OTc0OTU2MzMyODM4,**** **** 2838,8491872992,,BANDIPORA,Aloosa,Mangnipora,623,6809,2744,45.0
87080054090,1_623_6811_2789_005019,,MOHD YOUSUF RATHER,,,47,Male,Owner,Marginal  Farmer(Farmer having land <1 Hectare),PENDING,,,false,,OPERATOR,081a4b18cc75554234f869d6fbd8b37f6a6f3b83fd361d3d2a5db4b0b669791f,NDk1OTkyOTk3ODQ2,**** **** 7846,6005562148,,BANDIPORA,Hajin,Kani Pora,623,6811,2789,62.0
14601823362,1_623_6812_2725_005012,,Nazir Ahmad Khan,,,54,Male,Owner,Marginal  Farmer(Farmer having land <1 Hectare),PENDING,,,false,,OPERATOR,e7723bd7acc0c240c3d1e9ba72f26f8ae87e9f26ccf2d2c89928da74bbf9c816,NjYwODY3MDc0MDk0,**** **** 4094,9103014780,,BANDIPORA,Tulail,Gujran,623,6812,2725,46.0
78058362899,1_623_42_2794_005110,,Bashir Ahmad Khan,,,49,Male,Owner,Marginal  Farmer(Farmer having land <1 Hectare),PENDING,,,false,,OPERATOR,7e678baf6b1619a39d0741d2815a9b51d9135b792d2a85e88fbb976dcc626c93,NTExMzEzNTMxMjc0,**** **** 1274,9697610349,,BANDIPORA,Sonawari,Asham,623,42,2794,49.0
43359399601,1_623_42_2808_005021,,Abdul Gaffar Hamal,,,67,Male,Owner,Marginal  Farmer(Farmer having land <1 Hectare),PENDING,,,false,,OPERATOR,223e6b8f453e591d1e69d3ded187e7673290de074c7d079ae9e26d117eda6d4e,NzUwMzI3OTA4MDE5,**** **** 8019,7006408963,,BANDIPORA,Sonawari,Gund i Khalil,623,42,2808,33.0
25571169351,1_623_41_2763_005005,,MUSHTAQ AHMAD WANI,,,54,Male,Owner,Marginal  Farmer(Farmer having land <1 Hectare),PENDING,,,false,,OPERATOR,5da44f5f26e6a92bb8213092cb1129b9bc3cac816a07a8c05a43ac18317158d6,Mjc5NDQ2MTgxNzU2,**** **** 1756,9103212661,,BANDIPORA,Bandipora,Nadihal,623,41,2763,55.0
87536776588,1_623_42_2794_005124,,Gh Mohd Shah,,,71,Male,Owner,Marginal  Farmer(Farmer having land <1 Hectare),PENDING,,,false,,OPERATOR,854d1af89dd61c1af306c95eb67439079368af804f9325f9f1cdb2a8527328a0,NDYxMzcyNDA3ODQz,**** **** 7843,8899884210,,BANDIPORA,Sonawari,Asham,623,42,2794,41.0
35559579111,1_623_41_2742_005000,,HILAL AHMAD MIR,,,50,Male,Owner,Marginal  Farmer(Farmer having land <1 Hectare),PENDING,,,false,,OPERATOR,9748ba469b52ce2625d5e522a2e1dab48561bec482f8ca4b3dbd8bab7bf48aa1,MjQzNDA0MjA4ODU2,**** **** 8856,9682614819,,BANDIPORA,Bandipora,Panjigam,623,41,2742,0.0
67530187396,1_623_42_2808_005022,,Sundari Begum,,,49,Female,Owner,Marginal  Farmer(Farmer having land <1 Hectare),PENDING,,,false,,OPERATOR,b400fc9a1b0345def69924bb3cd57e0251d215b1ac56ad5910fc8e0daafbdbae,ODkzMDMzMzAyMzM3,**** **** 2337,7006408963,,BANDIPORA,Sonawari,Gund i Khalil,623,42,2808,50.0
67491988341,1_623_42_2812_005034,,Mohammad Akbar Dar,,,74,Male,Owner,Marginal  Farmer(Farmer having land <1 Hectare),PENDING,,,false,,OPERATOR,4a51eeff9dee45fda63ec571511bcb51ce514c90fb2472e46073462be8b8ed73,ODIwMTE2MzcyODY3,**** **** 2867,9906858649,,BANDIPORA,Sonawari,Sarai Dangarpora,623,42,2812,0.0
86413278773,1_623_40_2708_005108,,Abdul Jabar Lone,,,74,Male,Owner,Marginal  Farmer(Farmer having land <1 Hectare),PENDING,,,false,,OPERATOR,13d29f533a1b3817b663d0190c7c9254b866a59cc4c880188d85d970a7c90e53,NjA3OTY0ODcyNzE4,**** **** 2718,9484192622,,BANDIPORA,Gurez,Shah Pora - Achoora (Churwan),623,40,2708,55.0
49709722668,1_623_6812_2725_005014,,Mohd Anwar Lone,,,36,Male,Owner,Marginal  Farmer(Farmer having land <1 Hectare),PENDING,,,false,,OPERATOR,120635fd608fb59b8136066a5077af7ec1f9ddd7567e457bfc5bfa7e8eb7f2f2,NTM2NDIxNTE1NDk1,**** **** 5495,9149695016,,BANDIPORA,Tulail,Gujran,623,6812,2725,55.0
94288337419,1_623_6811_2778_005030,,AB SALAAM DAR,,,66,Male,Owner,Marginal  Farmer(Farmer having land <1 Hectare),PENDING,,,false,,OPERATOR,4992e86478c3669daf2efbdaa2678ec02ce67ab38d04581843abaaa83baae524,NTIzMjAwMDkzOTUx,**** **** 3951,9697074475,,BANDIPORA,Hajin,Gundi Saderkote,623,6811,2778,43.0
67893540365,1_623_6811_2784_005009,,Bashir Ahmad Bhat,,,54,Male,Owner,Marginal  Farmer(Farmer having land <1 Hectare),PENDING,,,false,9541533405,OPERATOR,13322d207240d01042cb12ffdf8a9130c8455c4d004f626b1934557467d957f8,NjY3ODU0MDkzNjUz,**** **** 3653,9541533405,,BANDIPORA,Hajin,Gundi Boon,623,6811,2784,56.0
45437640581,1_623_6812_2712_005005,,Bashir Ahmad Lone,,,62,Male,Owner,Marginal  Farmer(Farmer having land <1 Hectare),PENDING,,,false,,OPERATOR,f07ba2457b89d45ca9a857f5889001cc778e82ea6e640b24d6d05ebcc3c54324,OTI5MzY5NzMyNzMw,**** **** 2730,7006409865,,BANDIPORA,Tulail,Dengithal,623,6812,2712,61.0
17748346179,1_623_6809_2744_005030,,Nazir Ahmad Wani,,,75,Male,Owner,Marginal  Farmer(Farmer having land <1 Hectare),PENDING,,,false,,OPERATOR,31461436e73a77c727a8210e23ff22d9c2bac45d75d8e2db59d25a96bc776c06,ODI4MjI2NDkzNzkx,**** **** 3791,9149708463,,BANDIPORA,Aloosa,Mangnipora,623,6809,2744,56.0
45231582761,1_623_42_2794_005111,,GH MOHD RATHER,,,78,Male,Owner,Marginal  Farmer(Farmer having land <1 Hectare),PENDING,,,false,,OPERATOR,ad45f29a599ddb8ff6bf236fc7023a974ad7b0be59d4ff4df91c334a9780f2a3,ODg2MTg1MDIwMzk5,**** **** 0399,9906954180,,BANDIPORA,Sonawari,Asham,623,42,2794,51.0
88163591354,1_623_6811_2700_005047,,Abdul Rashid Dar,,,58,Male,Owner,Marginal  Farmer(Farmer having land <1 Hectare),PENDING,,,false,,OPERATOR,f3dff7343a96f0fe33b39c73409678fb63f357cc9c8730e24b43290d8351f819,NjA2NTgzMzE5NjE5,**** **** 9619,7006565358,,BANDIPORA,Hajin,Gulshanpora,623,6811,2700,55.0
86372774380,1_623_6809_2744_005018,,Mohd Yaseen Khan,,,76,Male,Owner,Marginal  Farmer(Farmer having land <1 Hectare),PENDING,,,false,,OPERATOR,6b7b392f5cadaaa757726632eb47e3445f06aac35bba7b2e5917368e92443c62,MjUzNzA1NzI3OTUw,**** **** 7950,9697777188,,BANDIPORA,Aloosa,Mangnipora,623,6809,2744,53.0
96099424406,1_623_6811_2789_005006,,Mohd Ashan Ganie,,,71,Male,Owner,Marginal  Farmer(Farmer having land <1 Hectare),PENDING,,,false,,OPERATOR,bdfea595cd082399ed8668242edb67953c417494b0e1eae76d24bd14077c207a,MjUzNDQxMDM5NDYw,**** **** 9460,9797362861,,BANDIPORA,Hajin,Kani Pora,623,6811,2789,0.0
33968348930,1_623_6809_2744_005019,,Gh Rasool Dar,,,64,Male,Owner,Marginal  Farmer(Farmer having land <1 Hectare),PENDING,,,false,,OPERATOR,c4a9dfa9b8514152f25f7e4e1f6a1f4418a072aff41a3d96aa3cbd506dd43e22,OTQ2NjUzNzgzODYy,**** **** 3862,9541025776,,BANDIPORA,Aloosa,Mangnipora,623,6809,2744,56.0
60887348300,1_623_6811_2784_005007,,BASHIR AHMAD GANAIE,,,48,Male,Owner,Marginal  Farmer(Farmer having land <1 Hectare),PENDING,,,false,,OPERATOR,9a8770c3882fce32cfd2bbdb9c6028aa307273495465d01e34eb019f7f11731e,NTcyMDM0OTU4NjQx,**** **** 8641,9797362857,,BANDIPORA,Hajin,Gundi Boon,623,6811,2784,56.0
77759045218,1_623_42_2800_005010,,Gh Nabi Mir,,,86,Male,Owner,Marginal  Farmer(Farmer having land <1 Hectare),PENDING,,,false,,OPERATOR,dead1f10430ff29882a501ef003d2cf4dbd472316637f05c4f427db8b1fb8368,NzA3NTU5MTQwMTE4,**** **** 0118,9541659711,,BANDIPORA,Sonawari,Rakh Shilvat,623,42,2800,52.0
83675101096,1_623_6811_2789_005008,,Abdul Ahad Rather,,,62,Male,Owner,Marginal  Farmer(Farmer having land <1 Hectare),PENDING,,,false,,OPERATOR,0d11c59a80081d877a98a239dcf1203945f4d96f91a041aa85e3737f4fa3c62d,NzEwMTc0MzY0NTI5,**** **** 4529,6005038504,,BANDIPORA,Hajin,Kani Pora,623,6811,2789,44.0
44190329376,1_623_41_2761_005006,,Bashir Ahmad Dar,,,62,Male,Owner,Marginal  Farmer(Farmer having land <1 Hectare),PENDING,,,false,,OPERATOR,b3ad2c55a2781549a8fbad42af4218cade92d4d6a47299645b91f6367196bca7,MjkzNDk3MjU1OTc2,**** **** 5976,9596324885,,BANDIPORA,Bandipora,Gamroo,623,41,2761,49.0
46796688932,1_623_6811_2789_005009,,Mohd Akram Rather,,,55,Male,Owner,Marginal  Farmer(Farmer having land <1 Hectare),PENDING,,,false,,OPERATOR,d7b3025442723a38dd6179fd7b7adb2c2219c0bdbd5752c3e0d36e19001c1336,OTA4OTQ5MTkwNDM2,**** **** 0436,7006405829,,BANDIPORA,Hajin,Kani Pora,623,6811,2789,43.0
31454464793,1_623_41_2740_005024,,AB RASHID MAGRAY,,,71,Male,Owner,Marginal  Farmer(Farmer having land <1 Hectare),PENDING,,,false,,OPERATOR,38c4519c283cd1c5304cc1b414394864507f3fa33ce05b1d9179402d84485c9a,ODQzMDExMzQzNjQy,**** **** 3642,9596524480,,BANDIPORA,Bandipora,Khayar,623,41,2740,53.0
69597042952,1_623_42_2794_005112,,Zahoor Ahmad Kaloo,,,50,Male,Owner,Marginal  Farmer(Farmer having land <1 Hectare),PENDING,,,false,,OPERATOR,51a77e8355c0439f14aa41df245c7c43fab89aafc91058725659254576b4490b,ODUxOTY3MDMwNTMw,**** **** 0530,7006683156,,BANDIPORA,Sonawari,Asham,623,42,2794,56.0
51969934049,1_623_6811_2784_005008,,Bilal Ahmad Sheikh,,,38,Male,Owner,Marginal  Farmer(Farmer having land <1 Hectare),PENDING,,,false,,OPERATOR,30e722d1de42b012b9009e2b238f2e97447796403708ad038f3d6f20d5cc8f1e,Njc3MDgzOTQ0NDQy,**** **** 4442,7006141963,,BANDIPORA,Hajin,Gundi Boon,623,6811,2784,56.0
41133856619,1_623_42_2810_005043,,ALI MOHD BHAT,,,78,Male,Owner,Marginal  Farmer(Farmer having land <1 Hectare),PENDING,,,false,,OPERATOR,7f6608e11fa64483cb152e728f709c3a363005defd5df761ea6595edb6d2f7bd,OTU4ODUwNzcyNjU0,**** **** 2654,9906997674,,BANDIPORA,Sonawari,Odina,623,42,2810,52.0
79398648541,1_623_40_2705_005018,,Nadeem Ahmad Lone,,,51,Male,Owner,Marginal  Farmer(Farmer having land <1 Hectare),PENDING,,,false,,OPERATOR,344a829a29d532abdcc8b1945651b9924acd373d668800283080378950674e3d,NjQwOTQ1Nzk2Nzkz,**** **** 6793,7006843726,,BANDIPORA,Gurez,Badwan,623,40,2705,66.0
34074641829,1_623_6812_2725_005002,,AB RASHID KHAN,,,58,Male,Owner,Marginal  Farmer(Farmer having land <1 Hectare),PENDING,,,false,,OPERATOR,02b9dba5022c14feee756adcfca3f3295f687323ddce37b288e7672f3220d8bd,NTAyMDQ2NjI3NzE4,**** **** 7718,6005445686,,BANDIPORA,Tulail,Gujran,623,6812,2725,44.0
12531338631,1_623_6812_2725_005027,,Shair Ahmad Khan,,,66,Male,Owner,Marginal  Farmer(Farmer having land <1 Hectare),PENDING,,,false,,OPERATOR,39da63e8daad2b06baa3fc35e957add1a5e881ceb8baf63a91bc2cce105d23cf,OTY0MzE5OTA0NjMz,**** **** 4633,9103010150,,BANDIPORA,Tulail,Gujran,623,6812,2725,22.0
75598221652,1_623_42_2794_005122,,Saif Ud Din Khan,,,64,Male,Owner,Marginal  Farmer(Farmer having land <1 Hectare),PENDING,,,false,,OPERATOR,9131557cee0a88da60d9985cc23a2523cdd740ee4661f236e47dd2d2c6c9f60c,OTM0MjUzMTY4MDIw,**** **** 8020,9906823931,,BANDIPORA,Sonawari,Asham,623,42,2794,61.0
29059856879,1_623_6812_2725_005000,,Shafi Mir,,,60,Male,Owner,Marginal  Farmer(Farmer having land <1 Hectare),PENDING,,,false,,OPERATOR,2431ce5f1fcfc234538cc5461ee58ad44e5790082fbf5603e7993d38aa755c59,MzMwMTAxNjkwODY0,**** **** 0864,9103046307,,BANDIPORA,Tulail,Gujran,623,6812,2725,0.0
45453953930,1_623_42_2812_005035,,Irshad Ahmad Rather,,,41,Male,Owner,Marginal  Farmer(Farmer having land <1 Hectare),PENDING,,,false,,OPERATOR,f4190b61b17b74c580d0fc9e8badbf76368ffd2f3f7a89a994bbeecd9b7b08f3,MjcxMDIwOTIxODA5,**** **** 1809,7006950060,,BANDIPORA,Sonawari,Sarai Dangarpora,623,42,2812,74.0
65540112150,1_623_6811_2789_005007,,Ab Rasheed Rather,,,37,Male,Owner,Marginal  Farmer(Farmer having land <1 Hectare),PENDING,,,false,,OPERATOR,f4ba3803dd0e316275f7e03ed1b8f2234c19583ac487ca1f0b42a5de095db037,Mzg0Mzg3ODU1OTg3,**** **** 5987,9149413054,,BANDIPORA,Hajin,Kani Pora,623,6811,2789,0.0
99946917099,1_623_42_2820_005003,,MOHD MAQBOOL KOCHI,,,79,Male,Owner,Marginal  Farmer(Farmer having land <1 Hectare),PENDING,,,false,,OPERATOR,4dcb02ee4ed41d8afa5b0c2888f9d960f3c422cc0c418900fa85bb52b0a630e8,NzQzMjAzNjUxMzc4,**** **** 1378,8803834547,,BANDIPORA,Sonawari,Sumbal Inderkote,623,42,2820,0.0
85748835074,1_623_6812_2725_005001,,Fazul Mir,,,47,Male,Owner,Marginal  Farmer(Farmer having land <1 Hectare),PENDING,,,false,,OPERATOR,71b6e0f3590f0521158f44b57bc36f86ad2123294bb6ba5fab71bd1e76b6f50a,Njk3MDg5MzEyOTUw,**** **** 2950,8825026064,,BANDIPORA,Tulail,Gujran,623,6812,2725,0.0
54945821441,1_623_41_2763_005000,,Ghulam Mohi Ud Din Wani,,,64,Male,Owner,Marginal  Farmer(Farmer having land <1 Hectare),PENDING,,,false,,OPERATOR,d55395e7d2e276605d3cbce4749abf379db8fb6fc800d92edda6fc0ce404adfa,NjY3NzY4NjAxNDk1,**** **** 1495,9149538460,,BANDIPORA,Bandipora,Nadihal,623,41,2763,0.0
61214940069,1_623_42_2808_005023,,IMRAN HASSAN,,,29,Male,Owner,Marginal  Farmer(Farmer having land <1 Hectare),PENDING,,,false,,OPERATOR,19544669f324db087f56c2dac3592589be10337f5d33e55ef56634d1489b4c6b,ODUzNjczNjk4ODgy,**** **** 8882,9541155057,,BANDIPORA,Sonawari,Gund i Khalil,623,42,2808,0.0
80943407952,1_623_40_2705_005017,,SAJAD AHMAD LONE,,,56,Male,Owner,Marginal  Farmer(Farmer having land <1 Hectare),PENDING,,,false,,OPERATOR,2df1bb23f6f1be7cfcf8eeb4aa3ec66940f7051c798e69fb952e2cf696adbfca,NjU4ODc1Mzg3MDg0,**** **** 7084,7889426285,,BANDIPORA,Gurez,Badwan,623,40,2705,66.0
69153014779,1_623_42_2812_005036,,Ashiq Hussain Dar,,,56,Male,Owner,Marginal  Farmer(Farmer having land <1 Hectare),PENDING,,,false,,OPERATOR,6ca9f24932d389700e62cbb974558050290155e9b913cd0c94610b863f8ff6fc,Mjc0MzY2NzgxNDU0,**** **** 1454,8825081188,,BANDIPORA,Sonawari,Sarai Dangarpora,623,42,2812,41.0
30159206780,1_623_42_2797_005051,,Wali Mohammad Bhat,,,68,Male,Owner,Marginal  Farmer(Farmer having land <1 Hectare),PENDING,,,false,,OPERATOR,4c71087e4b0dfe3235232ab8cb9b5ba2bc85aa43811a11e8a34f955f7f3af6d9,MzE1Nzc2OTQ3MDc1,**** **** 7075,9906781178,,BANDIPORA,Sonawari,Hilalabad,623,42,2797,47.0
60959033565,1_623_42_2820_005004,,ABDUL REHMAN BABA,,,66,Male,Owner,Marginal  Farmer(Farmer having land <1 Hectare),PENDING,,,false,,OPERATOR,5dad191058a09de37b4f097c2dbbf01de10604b357fc19afb2ab66da36a48bfb,NDgyMjcyMTE4NTMz,**** **** 8533,7006336193,,BANDIPORA,Sonawari,Sumbal Inderkote,623,42,2820,0.0
86167786739,1_623_42_2800_005013,,SARA BEGUM,,,71,Female,Owner,Marginal  Farmer(Farmer having land <1 Hectare),PENDING,,,false,,OPERATOR,6fe9f99337fd2603996359081c9c231710320e8c62a35c25889b585d43eb55b4,MzA1MTYzOTUwMzE4,**** **** 0318,7006603980,,BANDIPORA,Sonawari,Rakh Shilvat,623,42,2800,25.0
64445266480,1_623_42_2820_005017,,Parvaiz Ahmad Dar,,,55,Male,Owner,Marginal  Farmer(Farmer having land <1 Hectare),PENDING,,,false,,OPERATOR,47288f86bf9b97acad1438376e93836ca5285a04b42e5a5aa44abd477419444e,ODU5MDY2NzU3MTk2,**** **** 7196,9622437132,,BANDIPORA,Sonawari,Sumbal Inderkote,623,42,2820,65.0
98467509148,1_623_41_2740_005025,,Pervez Ahmad Malik,,,46,Male,Owner,Marginal  Farmer(Farmer having land <1 Hectare),PENDING,,,false,,OPERATOR,da8bff1268ed39ca58aabb5475523de0a4ecfdf709241e5ab74a1d33e4466961,NDI3MzI3NDAxNzQ3,**** **** 1747,9682130581,,BANDIPORA,Bandipora,Khayar,623,41,2740,45.0
93268821163,1_623_41_2761_005007,,Mohd Maqbool Sheikh,,,44,Male,Owner,Marginal  Farmer(Farmer having land <1 Hectare),PENDING,,,false,,OPERATOR,b1cb0b1b4ab60740406d8d308cd803e7b3eca7882541a682a005af6e157c64ef,NzU3NzA3NzgxMTU4,**** **** 1158,9622575822,,BANDIPORA,Bandipora,Gamroo,623,41,2761,53.0
41164483576,1_623_42_2794_005123,,Abdul Hamid Dar,,,69,Male,Owner,Marginal  Farmer(Farmer having land <1 Hectare),PENDING,,,false,,OPERATOR,f6dfb7851873bf7b339adf350f7f69cf5bf40642e31d1a3a8b10c78773741c9d,Njg4MDUzMDgyNzU5,**** **** 2759,9103131439,,BANDIPORA,Sonawari,Asham,623,42,2794,65.0
34048836295,1_623_42_2800_005011,,Gh Ahmad Dar,,,81,Male,Owner,Marginal  Farmer(Farmer having land <1 Hectare),PENDING,,,false,,OPERATOR,cb8f06a359deb7d96619f0cc883d7bf888524ac46475d942461aff396ffc972b,ODA1MjEzNzU5Njc1,**** **** 9675,9906717341,,BANDIPORA,Sonawari,Rakh Shilvat,623,42,2800,23.0
32090410178,1_623_6811_2789_005017,,Jana Begum,,,83,Female,Owner,Marginal  Farmer(Farmer having land <1 Hectare),PENDING,,,false,,OPERATOR,a96a5eba79e945c3cf00431a13bc12fe0a429cc1a6bf7ccf9541a76b0d205e33,MzExOTc1NDQ4Nzc2,**** **** 8776,7006456646,,BANDIPORA,Hajin,Kani Pora,623,6811,2789,25.0
31841338933,1_623_42_2812_005041,,Gh Mohammad Mir,,,61,Male,Owner,Marginal  Farmer(Farmer having land <1 Hectare),PENDING,,,false,,OPERATOR,95059cab886a048fa4d50b7c7aa81b57abdf1ddaa7c96334bef395c969de0b25,Nzc1MDU3NjYyMTAz,**** **** 2103,9797886971,,BANDIPORA,Sonawari,Sarai Dangarpora,623,42,2812,43.0
89096556529,1_623_41_2768_005022,,Fazal Qadir Ganaie,,,67,Male,Owner,Marginal  Farmer(Farmer having land <1 Hectare),PENDING,,,false,,OPERATOR,113e4d6789957125d319e736dc5fd17c0a06337094fb1f6b63ff1deaff4fea9e,OTcyMTg5NzAzNDAz,**** **** 3403,9149966847,,BANDIPORA,Bandipora,Garoora,623,41,2768,56.0
52980799727,1_623_40_2707_005089,,Rafeeqa Begum,,,47,Female,Owner,Marginal  Farmer(Farmer having land <1 Hectare),PENDING,,,false,,OPERATOR,5b082604ccfff2ef51199429c1719613462d44b95c439b53e31947f64be1cbb9,Nzk3MDMwNDYxMzUy,**** **** 1352,8825079821,,BANDIPORA,Gurez,Markoot,623,40,2707,50.0
74838945106,1_623_41_2740_005026,,Mohd Muzaffer Malik,,,62,Male,Owner,Marginal  Farmer(Farmer having land <1 Hectare),PENDING,,,false,,OPERATOR,c3913a2a19c8e574a0576a8123e0b1f4430b469db98fb9e1ae7607f9b161cdb0,NTA1NzYzOTg5Nzk3,**** **** 9797,9906813296,,BANDIPORA,Bandipora,Khayar,623,41,2740,53.0
46530508541,1_623_42_2815_005006,,MUSHTAQ AHMAD DHOBI,,,50,Male,Owner,Marginal  Farmer(Farmer having land <1 Hectare),PENDING,,,false,,OPERATOR,50129a27ee9257c9f14592e39895c1e07ae26eec726d6f98abc80560a182c3e8,NjUyNzEwMjk3MjY4,**** **** 7268,9596612781,,BANDIPORA,Sonawari,Wahid pora,623,42,2815,66.0
98707984109,1_623_41_2768_005036,,MOHAMMAD YOUSUF LONE,,,67,Male,Owner,Marginal  Farmer(Farmer having land <1 Hectare),PENDING,,,false,,OPERATOR,f1561e7dcafd4a8ac387e58e98fb2d09ff983a343860514cda1b0cee0619a57c,NDY3NDE2MDAxMTA5,**** **** 1109,9103722797,,BANDIPORA,Bandipora,Garoora,623,41,2768,61.0
71957445805,1_623_42_2815_005016,,Jameela,,,41,Female,Owner,Marginal  Farmer(Farmer having land <1 Hectare),PENDING,,,false,,OPERATOR,636929f130bb5694f4d371f7efd8ce2bcf24f273bd39b7c1c6adc09a126346c7,NDU0MjExNDYwMDI1,**** **** 0025,9541276933,,BANDIPORA,Sonawari,Wahid pora,623,42,2815,69.0
34235160213,1_623_41_2763_005015,,ABDUL RASHID WANI,,,51,Male,Owner,Marginal  Farmer(Farmer having land <1 Hectare),PENDING,,,false,,OPERATOR,a5ca230f93e20b70c6bcdcb8e907ffee654a9047f4ade073e9fa907034ddb64d,MjYxODQ4NDU2NjY0,**** **** 6664,9541662040,,BANDIPORA,Bandipora,Nadihal,623,41,2763,45.0
68206280805,1_623_40_936275_005047,,NISAR AHMAD LONE,,,48,Male,Owner,Marginal  Farmer(Farmer having land <1 Hectare),PENDING,,,false,,OPERATOR,0612e0c7889bdba7cf29822dd94e4742fb3bae015b663f6c723c820641284ba1,NTQwODQ1ODAwNzgx,**** **** 0781,9469639486,,BANDIPORA,Gurez,Gulshanpora,623,40,936275,23.0
94770095402,1_623_41_2742_005010,,Mohd Sadaq Khan,,,64,Male,Owner,Marginal  Farmer(Farmer having land <1 Hectare),PENDING,,,false,,OPERATOR,f677c87a840ff52c7460b9ef20e5bd67f49616059a5715391c5dcd7df6bfb254,MzY4NjMxMTMxNDYx,**** **** 1461,7889532534,,BANDIPORA,Bandipora,Panjigam,623,41,2742,0.0
65360086488,1_623_42_2810_005052,,GHULAM MOHI DIN BHAT,,,53,Male,Owner,Marginal  Farmer(Farmer having land <1 Hectare),PENDING,,,false,,OPERATOR,6de0afe3ca081fc3df4b161f513d676fcfcc3fe626f4ed2fac598b1a0df9631f,NzEzOTY0Mzg1NDg2,**** **** 5486,9797177159,,BANDIPORA,Sonawari,Odina,623,42,2810,0.0
78118586947,1_623_6811_2784_005018,,Ab Majeed Shah,,,66,Male,Owner,Marginal  Farmer(Farmer having land <1 Hectare),PENDING,,,false,,OPERATOR,398df51b2614daff24d390106323ea3ac33b5df20058ef70cdb6c13ce2f3137e,NTM3NjI5Njc3MTY5,**** **** 7169,9682519065,,BANDIPORA,Hajin,Gundi Boon,623,6811,2784,25.0
65960526191,1_623_41_2740_005036,,Farooq Ahmad Shah,,,64,Male,Owner,Marginal  Farmer(Farmer having land <1 Hectare),PENDING,,,false,,OPERATOR,6695381cfad853e83d5df5becc59d33a1e32232932afa772d2db533300e454c6,Njk5NjA0MDE0NTU1,**** **** 4555,9596705517,,BANDIPORA,Bandipora,Khayar,623,41,2740,56.0
78826800490,1_623_42_2804_005012,,Sabia Amin,,,49,Female,Owner,Marginal  Farmer(Farmer having land <1 Hectare),APPROVED,,,false,,OPERATOR,966ba182c439ad347878b1f6793dd82549a484259e1358a79dbb6c63206b79cc,NjU4ODQ0Njc4MDIw,**** **** 8020,9419060898,,BANDIPORA,Sonawari,Rakh Sultan Pora,623,42,2804,99.0
60843103805,1_623_42_2810_005051,,Abdul Rahim Bhat,,,58,Male,Owner,Marginal  Farmer(Farmer having land <1 Hectare),PENDING,,,false,,OPERATOR,d35e266e1e96de7fe90993b7be21de8b68fc641112fd99af9ef34b411afc5f0a,MzczNTk4OTg0MDU2,**** **** 4056,7006913808,,BANDIPORA,Sonawari,Odina,623,42,2810,61.0
94842730036,1_623_40_936275_005054,,Abdul Majeed Lone,,,62,Male,Owner,Marginal  Farmer(Farmer having land <1 Hectare),PENDING,,,false,,OPERATOR,c7162c0ae734a520fb7f72db4725a8dd7f1754e7178db29ba1c2923bb19469fa,NTc3MDg5NzgwOTU0,**** **** 0954,6005560077,,BANDIPORA,Gurez,Gulshanpora,623,40,936275,56.0
81746258440,1_623_42_2810_005069,,Mohd Yaqoob Parray,,,34,Male,Owner,Marginal  Farmer(Farmer having land <1 Hectare),PENDING,,,false,,OPERATOR,aa5f5d0d83c3682f6494ee3b2f80befb798f3da61e424e061cb69b5bed86d407,NDU5MjMxOTU3ODU4,**** **** 7858,9682518910,,BANDIPORA,Sonawari,Odina,623,42,2810,53.0
67578586960,1_623_6809_2748_005375,,SHAREEFA BEGUM,,,48,Female,Owner,Marginal  Farmer(Farmer having land <1 Hectare),PENDING,,,false,,OPERATOR,7ae3f4f0a8eafd7605d05d787d59caf3193783b88f2398556ab485ad2df52889,NTI4ODQ1MDgzNTcw,**** **** 3570,7780936174,,BANDIPORA,Aloosa,Ashtangoo,623,6809,2748,49.0
63165860787,1_623_41_2740_005027,,Aijaz Ahmad Malik,,,50,Male,Owner,Marginal  Farmer(Farmer having land <1 Hectare),PENDING,,,false,,OPERATOR,916dd307f90baf39ed2aa228beec56a66e15c8d1eec0c2d178e6c705c9b64dee,MjA5NjU3ODEwOTg0,**** **** 0984,9622814050,,BANDIPORA,Bandipora,Khayar,623,41,2740,61.0
49178602959,1_623_41_936283_005005,,Ghulam Nabi Bhat,,,74,Male,Owner,Marginal  Farmer(Farmer having land <1 Hectare),PENDING,,,false,,OPERATOR,389e0e155ff8a7d8ca1438427e01d4168b321043f2e6b149b11242ad51780e31,NTYyMzcwNjg2ODQ2,**** **** 6846,7889724573,,BANDIPORA,Bandipora,Watapora,623,41,936283,46.0
38824848983,1_623_41_2761_005016,,Ziya Begum,,,56,Female,Owner,Marginal  Farmer(Farmer having land <1 Hectare),PENDING,,,false,,OPERATOR,ae0d81991d744b9032a0b0fb07c872f7acba928388210dcb68afa5b245799277,NDIyODcyNTA3NTA4,**** **** 7508,9103466689,,BANDIPORA,Bandipora,Gamroo,623,41,2761,13.0
87616608543,1_623_42_2820_005018,,Ghulam Mohammad Dar,,,82,Male,Owner,Marginal  Farmer(Farmer having land <1 Hectare),PENDING,,,false,,OPERATOR,3f43cca1fe10824403a929c3c426229c09dcf843fedec30811a7143343c5e073,MzgyMzM0NTA1MDMx,**** **** 5031,9682657173,,BANDIPORA,Sonawari,Sumbal Inderkote,623,42,2820,0.0
32339870269,1_623_42_2812_005055,,GULZAR AH RATHER,,,50,Male,Owner,Marginal  Farmer(Farmer having land <1 Hectare),PENDING,,,false,,OPERATOR,7707bc6e679d5d5b3ac1ed1eddabc0fb5d44fc84d48545c1401e86c4946904ca,MzUyNDI3MzQwMjQ5,**** **** 0249,9906010736,,BANDIPORA,Sonawari,Sarai Dangarpora,623,42,2812,35.0
47929988263,1_623_42_2797_005058,,ALI MOHD BHAT,,,86,Male,Owner,Marginal  Farmer(Farmer having land <1 Hectare),PENDING,,,false,,OPERATOR,145e851721aca6817fde3bb0a1e655879fa940813f89097c1e64bfee27b32342,NTkzNjQ5MjI1ODI1,**** **** 5825,8825013184,,BANDIPORA,Sonawari,Hilalabad,623,42,2797,53.0
19805846996,1_623_42_2815_005017,,GHULAM QADIR MIR,,,61,Male,Owner,Marginal  Farmer(Farmer having land <1 Hectare),PENDING,,,false,,OPERATOR,1aa7eae3b4c8d989c7c18725fe36afe8ea037cfd2779f68c50d5ac9824b106f6,NzIxMzE5MjU3ODMw,**** **** 7830,9797876939,,BANDIPORA,Sonawari,Wahid pora,623,42,2815,43.0
58072631371,1_623_42_2812_005043,,MOHAMMAD YOUSUF RATHER,,,61,Male,Owner,Marginal  Farmer(Farmer having land <1 Hectare),PENDING,,,false,,OPERATOR,40cb69b621288522b8276abeba913b494bc801de979809433a36ffb3d8f251ec,NzIyNjg0OTEwOTAx,**** **** 0901,6005362398,,BANDIPORA,Sonawari,Sarai Dangarpora,623,42,2812,0.0
53067267209,1_623_6811_2789_005027,,Bashir Ahmad Dar,,,46,Male,Owner,Marginal  Farmer(Farmer having land <1 Hectare),PENDING,,,false,,OPERATOR,f93b616f797e9311c98eb07f026a49e39ac7d7e93c6d87db1e20ce05c494283c,OTE2NDMzMzE4MzYz,**** **** 8363,9797893850,,BANDIPORA,Hajin,Kani Pora,623,6811,2789,66.0
58398279858,1_623_42_2810_005070,,MOHD QAZIM BHAT,,,65,Male,Owner,Marginal  Farmer(Farmer having land <1 Hectare),PENDING,,,false,,OPERATOR,0a60d1e0cd14650b31d27e2cb6bc9a2e0594a31078ebad2ef6c96a0d5f8379dd,NjQ0MzY3Njc4NjY4,**** **** 8668,9858959028,,BANDIPORA,Sonawari,Odina,623,42,2810,31.0
30623639680,1_623_6812_2725_005029,,M SUMMANDAER MIR,,,35,Male,Owner,Marginal  Farmer(Farmer having land <1 Hectare),PENDING,,,false,,OPERATOR,a1ed19c2328ddab01af578f07cb6d990a865eddbc8b7b22f35fe970dd8313779,NjA3MDk2MTIxOTY2,**** **** 1966,9103299839,,BANDIPORA,Tulail,Gujran,623,6812,2725,20.0
67958637074,1_623_41_936279_005001,,Barkatullah Lone,,,73,Male,Owner,Marginal  Farmer(Farmer having land <1 Hectare),PENDING,,,false,,OPERATOR,49784410f1b702188968a3c2473e689ac18c4028e29dbf0686cbac4af0186b57,NjE2NTI2NDc1MjEy,**** **** 5212,9596339324,,BANDIPORA,Bandipora,Ayatmulla,623,41,936279,49.0
54524242598,1_623_6809_2744_005032,,Gh Hassan Chopan,,,56,Male,Owner,Marginal  Farmer(Farmer having land <1 Hectare),PENDING,,,false,,OPERATOR,cd7e2d7a59260c930a3846e60032aebb9cb1c7f72ea6e8a99028be66679f983a,NzYzMzM5NzEyMTMw,**** **** 2130,7889849702,,BANDIPORA,Aloosa,Mangnipora,623,6809,2744,46.0
24825429021,1_623_40_2705_005034,,Mohd Ismail Lone,,,42,Male,Owner,Marginal  Farmer(Farmer having land <1 Hectare),PENDING,,,false,,OPERATOR,ae9bd139d32c83cf0e8f9b8a46eef1e3009bcb788bc14b331b6bd1654f9aa6c7,NDk2NTY0NjMyMzA0,**** **** 2304,6005488161,,BANDIPORA,Gurez,Badwan,623,40,2705,66.0
32646650747,1_623_6812_2725_005015,,MOHD GULZAR LONE,,,66,Male,Owner,Marginal  Farmer(Farmer having land <1 Hectare),PENDING,,,false,7006821168,OPERATOR,8d8c2278ae46c3bc7821c8959ca45c6addbfc02a741514555a7bd94fa9804f17,ODQwNzkwMTgyNjk4,**** **** 2698,7006821168,,BANDIPORA,Tulail,Gujran,623,6812,2725,43.0
18604344219,1_623_6812_2712_005008,,MOHMMAD KHALIL LONE,,,80,Male,Owner,Marginal  Farmer(Farmer having land <1 Hectare),PENDING,,,false,,OPERATOR,f0a5290f1b82340f595eeeb14f9f06fbbdf71ab593ae2273930eee0d2e8c7369,NzI3Njk1NjIxMTcx,**** **** 1171,6005344705,,BANDIPORA,Tulail,Dengithal,623,6812,2712,22.0
18057415811,1_623_42_2800_005020,,Bashir Ahmad Ganai,,,45,Male,Owner,Marginal  Farmer(Farmer having land <1 Hectare),PENDING,,,false,,OPERATOR,0f712dd4cbe93e4abf4aa1f2dc571221f31b9b3ea236ea269426ec376b4c433a,ODk4Nzg1NTE5NzM0,**** **** 9734,8803097318,,BANDIPORA,Sonawari,Rakh Shilvat,623,42,2800,61.0
42184481854,1_623_41_2768_005038,,BASHIR AHMAD WANI,,,67,Male,Owner,Marginal  Farmer(Farmer having land <1 Hectare),PENDING,,,false,,OPERATOR,196bfabf181d77b004e43c8143ba0adf2081701cc287dc6b326683a630279987,Mjc4MjYxNDYzMjEw,**** **** 3210,8493932278,,BANDIPORA,Bandipora,Garoora,623,41,2768,56.0
46493694624,1_623_6812_2725_005030,,MOHD MUNWAR LONE,,,50,Male,Owner,Marginal  Farmer(Farmer having land <1 Hectare),PENDING,,,false,,OPERATOR,23246d1978ebf810da48045a3818332731c468041281f6d85483e4d3d9df95e8,MjgwMDk3MzU2MTQ1,**** **** 6145,6006783817,,BANDIPORA,Tulail,Gujran,623,6812,2725,43.0
25267668096,1_623_40_2705_005025,,Gulnaza Begum,,,42,Female,Owner,Marginal  Farmer(Farmer having land <1 Hectare),PENDING,,,false,,OPERATOR,4e3f5d527f1d395a2bf8d3209a94a49055a538b195b56e0301e66205e0356452,NTUyNTUzOTg2ODg4,**** **** 6888,7889649540,,BANDIPORA,Gurez,Badwan,623,40,2705,50.0
42257092520,1_623_41_936281_005010,,Mohd Yaseen Dar,,,55,Male,Owner,Marginal  Farmer(Farmer having land <1 Hectare),PENDING,,,false,,OPERATOR,607366b070056d33c8815a3fe39501b790518bbecdf5ab790e8fb2a9bf439e72,NjQwNTA3Mjk3MTcw,**** **** 7170,7889635452,,BANDIPORA,Bandipora,Nass,623,41,936281,63.0
45344600735,1_623_6811_2784_005031,,ALI MOHD SHEIKH,,,71,Male,Owner,Marginal  Farmer(Farmer having land <1 Hectare),PENDING,,,false,,OPERATOR,c4c097be1f9439c0b04af99a29461d0534f8b866575831e98772b0bde7fc6f25,OTkwNjc4ODE2NDMw,**** **** 6430,7780839183,,BANDIPORA,Hajin,Gundi Boon,623,6811,2784,43.0
19100449499,1_623_6812_2725_005046,,Abdul Majied Lone,,,55,Male,Owner,Marginal  Farmer(Farmer having land <1 Hectare),APPROVED,,,false,,OPERATOR,9fc489014956a111444427645e1636233d5bb26f3ddc58383057bc62c8cda327,MzAyNTYzNTgxNjg5,**** **** 1689,9186063632,,BANDIPORA,Tulail,Gujran,623,6812,2725,61.0
52259489787,1_623_40_2707_005108,,Farooq Ahmad Nasiroo,,,37,Male,Owner,Marginal  Farmer(Farmer having land <1 Hectare),PENDING,,,false,,OPERATOR,c1847d10b94d598fcbf97463a20e2141706361ecfdf3815d6e4f11a54b882182,NDUyNDc4NDgwNTAx,**** **** 0501,8825002139,,BANDIPORA,Gurez,Markoot,623,40,2707,63.0
91543656087,1_623_6812_2712_005022,,Masood Ahmad Lone,,,39,Male,Owner,Marginal  Farmer(Farmer having land <1 Hectare),PENDING,,,false,,OPERATOR,88f9203a14d6a9ac89f89c5b4536b9bf1f0aace4849dd4f4721f1e82873227f2,MzQyMjI2NTgwOTI0,**** **** 0924,9103160227,,BANDIPORA,Tulail,Dengithal,623,6812,2712,61.0
25929319745,1_623_6810_2777_005049,,Ali Mohammad Rather,,,59,Male,Owner,Marginal  Farmer(Farmer having land <1 Hectare),APPROVED,,,false,,OPERATOR,ad4f1c9d9516d82cc6aa0349c8010c38bde6a409db50193d5fc4d33412777dd2,OTEzMDA3MDM2NDUz,**** **** 6453,9797770264,,BANDIPORA,Ajas,Ajas,623,6810,2777,33.0
71438112363,1_623_6811_2778_005031,,MOHD YOUSF DAR,,,51,Male,Owner,Marginal  Farmer(Farmer having land <1 Hectare),PENDING,,,false,,OPERATOR,3928020a44b8e70bfa2c18320c054a9108452ee9ea2e4f35404a5e4002612305,NzY3NDg2Njg5NDk3,**** **** 9497,7298916659,,BANDIPORA,Hajin,Gundi Saderkote,623,6811,2778,53.0
19639657174,1_623_42_2794_005126,,Ab Hamid Kaloo,,,43,Male,Owner,Marginal  Farmer(Farmer having land <1 Hectare),PENDING,,,false,,OPERATOR,4e6c35546227a882660670809d2132863ab83e2c448bb10f0c8dc6e57c50275f,ODU0NjI5NzM1Nzcy,**** **** 5772,8899091935,,BANDIPORA,Sonawari,Asham,623,42,2794,63.0
18598099158,1_623_42_2812_005066,,MOHD ASSADULLAH RATHER,,,76,Male,Owner,Marginal  Farmer(Farmer having land <1 Hectare),PENDING,,,false,,OPERATOR,644945f10f4caaf68451ab43141b091536d450a9ddd87ee1eb66d2020a4d4cdd,MjE5MTExMzMzNDA2,**** **** 3406,9622513115,,BANDIPORA,Sonawari,Sarai Dangarpora,623,42,2812,22.0
44850808251,1_623_6810_2777_005058,,Ruqia Akhter,,,34,Female,Owner,Marginal  Farmer(Farmer having land <1 Hectare),PENDING,,,false,,OPERATOR,535a07a0d9dfd1ad3e23946b107233ebb1ce0a0f61a098b5db447781b9200b91,MzQ5ODA4MzIwOTgy,**** **** 0982,6006099734,,BANDIPORA,Ajas,Ajas,623,6810,2777,0.0
79012781554,1_623_6809_2744_005034,,Ghulam Rasool Parray,,,64,Male,Owner,Marginal  Farmer(Farmer having land <1 Hectare),PENDING,,,false,,OPERATOR,c1a657b3869be05b878e9fa993188f660f8a8d8cfa78dfc2f30dd34efb3610ac,MzQ2ODE0Mjg2Nzg3,**** **** 6787,8803133346,,BANDIPORA,Aloosa,Mangnipora,623,6809,2744,0.0
51436854698,1_623_41_2761_005009,,Sheikh Farooq Ahmed,,,61,Male,Owner,Marginal  Farmer(Farmer having land <1 Hectare),PENDING,,,false,,OPERATOR,ed47e5606ef6b76db4c525db0104b3aed4a76e07aaefc888f4bd73dd7ce91074,NDUwNDQwMjQxMDA5,**** **** 1009,9596045410,,BANDIPORA,Bandipora,Gamroo,623,41,2761,56.0
53919714043,1_623_6811_2789_005018,,Bashir Ahmad Malik,,,63,Male,Owner,Marginal  Farmer(Farmer having land <1 Hectare),PENDING,,,false,,OPERATOR,bafe3ee97db1dd0fd17c89279f7df51a640a819710e909ebbb273024c3d3c520,NjQ4OTE3OTQ4OTUx,**** **** 8951,9797906850,,BANDIPORA,Hajin,Kani Pora,623,6811,2789,56.0
56604820700,1_623_6809_2744_005025,,Ab Hafiz Khan,,,51,Male,Owner,Marginal  Farmer(Farmer having land <1 Hectare),PENDING,,,false,,OPERATOR,b9c4455746e3b10fd20630bc2f7c5ab44466f534fe2b5285a3a69fef2326bb09,MzI1MjYyNzgzMDUx,**** **** 3051,9149620315,,BANDIPORA,Aloosa,Mangnipora,623,6809,2744,0.0
68586778438,1_623_40_2708_005095,,BASHIR AHMAD LONE,,,46,Male,Owner,Marginal  Farmer(Farmer having land <1 Hectare),PENDING,,,false,,OPERATOR,4ec67ccd1ddc7610fb2818ea8292b0cbb1b3ccc93f6f83a71889db54d61c0ca9,NjIzNzg2NTY4Mjkw,**** **** 8290,7006983836,,BANDIPORA,Gurez,Shah Pora - Achoora (Churwan),623,40,2708,46.0
46167262458,1_623_42_2804_005006,,Gh Hussain Malik,,,64,Male,Owner,Marginal  Farmer(Farmer having land <1 Hectare),PENDING,,,false,,OPERATOR,c2460823075e910ecc940e28421b1416ba86be69619797db6743e883ee08acdd,NzQwNDMyMTI5MzAy,**** **** 9302,8082949095,,BANDIPORA,Sonawari,Rakh Sultan Pora,623,42,2804,32.0
28235204079,1_623_42_2812_005042,,Ghulam Hasan Rather,,,66,Male,Owner,Marginal  Farmer(Farmer having land <1 Hectare),PENDING,,,false,,OPERATOR,5410ed8620672c40f47e961b6bce38f48354de82522b047ccf81b0d52aea1b92,ODM0MjU5NDM3OTE0,**** **** 7914,6006909640,,BANDIPORA,Sonawari,Sarai Dangarpora,623,42,2812,33.0
60089526158,1_623_42_2809_005013,,Ghulam Qadir Bhat,,,53,Male,Owner,Marginal  Farmer(Farmer having land <1 Hectare),PENDING,,,false,,OPERATOR,96881df29d17a02a37aa9f295a734f8a396272ab8d8713d7e3eaa4ce2a338672,NDc0ODYwODI0NjY5,**** **** 4669,9906507170,,BANDIPORA,Sonawari,Trigam,623,42,2809,28.0
25032891818,1_623_6809_2744_005026,,Bashir Ahmad Wani,,,76,Male,Owner,Marginal  Farmer(Farmer having land <1 Hectare),PENDING,,,false,,OPERATOR,fcaf77f503d3f3607eef06622293b65c7243839e7893df41b53430b6b5b6d0b7,MzM2MTA0MDEzNzE1,**** **** 3715,9149708463,,BANDIPORA,Aloosa,Mangnipora,623,6809,2744,56.0
37985670508,1_623_6811_2700_005048,,SHAHMALAH BEGUM,,,66,Female,Owner,Marginal  Farmer(Farmer having land <1 Hectare),PENDING,,,false,,OPERATOR,9bc79d47380f997d7f3958b9fbadd10aa28e75bf46078846395b10f543243634,MzYxMzc0NzYyNDc2,**** **** 2476,7006449546,,BANDIPORA,Hajin,Gulshanpora,623,6811,2700,13.0
82437652608,1_623_40_2707_005090,,Gulab Lone,,,54,Male,Owner,Marginal  Farmer(Farmer having land <1 Hectare),PENDING,,,false,,OPERATOR,9abbf6de21d1a8bb9d5bda0bd26c523fadc7b5e4fedc395310368976950dc515,NDMyMjU3Njk1NzMz,**** **** 5733,9469474829,,BANDIPORA,Gurez,Markoot,623,40,2707,45.0
47973142917,1_623_6812_2712_005007,,GHULAM RASOOL LONE,,,71,Male,Owner,Marginal  Farmer(Farmer having land <1 Hectare),PENDING,,,false,,OPERATOR,d22a4b9fdecdf3c8436659eda577ac29d2f97c553bd4a37cf7f841a4c56cc555,NTI1NDk5ODU2Mzg0,**** **** 6384,9103075106,,BANDIPORA,Tulail,Dengithal,623,6812,2712,43.0
91819029909,1_623_42_2810_005050,,GHULAM AHMAD BHAT,,,70,Male,Owner,Marginal  Farmer(Farmer having land <1 Hectare),PENDING,,,false,,OPERATOR,e518b31fc80fe4bb2d854a79bc27aa398e1f2bd39fc61e727a0314fe07c82313,MjkzOTc1NjM3MzE0,**** **** 7314,9103911366,,BANDIPORA,Sonawari,Odina,623,42,2810,23.0
53872146717,1_623_42_2815_005007,,GHULAM NABI MIR,,,70,Male,Owner,Marginal  Farmer(Farmer having land <1 Hectare),PENDING,,,false,,OPERATOR,6b3f6214d5a6d9940144fe314cea5a28f8c3e01ee39a1d8cabe6038d7db9d4f9,NDY4MTE5ODYyMzQ0,**** **** 2344,9596865367,,BANDIPORA,Sonawari,Wahid pora,623,42,2815,43.0
59027021365,1_623_41_2761_005008,,Ghulam Rasool Lone,,,70,Male,Owner,Marginal  Farmer(Farmer having land <1 Hectare),PENDING,,,false,,OPERATOR,f47ddd81b0324b4a44e650fd1a60138d7d2a76106a72f72286d6994a1912d598,OTcyMjUzMDA1NzIz,**** **** 5723,9622852802,,BANDIPORA,Bandipora,Gamroo,623,41,2761,56.0
56698660592,1_623_41_2768_005023,,Gh Mohammad Rather,,,62,Male,Owner,Marginal  Farmer(Farmer having land <1 Hectare),PENDING,,,false,,OPERATOR,e8128852d8882e5521fc755d08049a811d2755878b7f6e049d67c695cd439624,NTIyNTAwNDY5NzQz,**** **** 9743,9419045352,,BANDIPORA,Bandipora,Garoora,623,41,2768,61.0
39463624275,1_623_6811_2774_005000,,Ishfaq Ahmad Khan,,,33,Male,Owner,Marginal  Farmer(Farmer having land <1 Hectare),PENDING,,,false,,OPERATOR,0240690791e5e6a2041c19a90e977ed8f691a2eebcc095f49e9bbc8c8d4f28f4,Mjk1NTMxNjU0MzQ0,**** **** 4344,9797953904,,BANDIPORA,Hajin,Rakh i Hajin,623,6811,2774,66.0
14925067108,1_623_42_2804_005007,,SYED AHMAD SHAH,,,38,Male,Owner,Marginal  Farmer(Farmer having land <1 Hectare),PENDING,,,false,,OPERATOR,4e0d824f62c20c2444d6810ed44659680afcb644a93cb8e5f9ddf10fdceda9a7,MzQ1NTU4MjU0MDYy,**** **** 4062,7006363123,,BANDIPORA,Sonawari,Rakh Sultan Pora,623,42,2804,66.0
27729091276,1_623_6811_2789_005020,,Abdul Majeed Ganie,,,57,Male,Owner,Marginal  Farmer(Farmer having land <1 Hectare),PENDING,,,false,,OPERATOR,5c40334e5127656fd3b3bf7a9568718d1415bb86fb4a8569c8f53db2eaf1410f,NjkwNjMzNzg3NTg4,**** **** 7588,9797300176,,BANDIPORA,Hajin,Kani Pora,623,6811,2789,35.0
50467256842,1_623_42_2815_005008,,Sarwa Begum,,,66,Female,Owner,Marginal  Farmer(Farmer having land <1 Hectare),PENDING,,,false,,OPERATOR,da5680f65567153f5f9f15bf9bfe07858b49ba2d6c77b89a314ddf8057c3e955,MjE0OTMxNTEwOTU4,**** **** 0958,9596826584,,BANDIPORA,Sonawari,Wahid pora,623,42,2815,50.0
58588796538,1_623_41_2740_005028,,Mohmad Amin Malik,,,53,Male,Owner,Marginal  Farmer(Farmer having land <1 Hectare),PENDING,,,false,,OPERATOR,80b818528b26e6d88d2206797e4852ac7cc5d7da1c7f3b839d5c90b452831051,NTAwNzMwMjU1Mjg4,**** **** 5288,8803854547,,BANDIPORA,Bandipora,Khayar,623,41,2740,65.0
48483433439,1_623_42_2794_005125,,Farooq Ahmad Kaloo,,,40,Male,Owner,Marginal  Farmer(Farmer having land <1 Hectare),PENDING,,,false,,OPERATOR,e50aa1ab238fae644559ea3d4755ba8e8511a467a38174ebf07fee6497ae16e5,MjQxNjc3NTc5NTQ4,**** **** 9548,9906831246,,BANDIPORA,Sonawari,Asham,623,42,2794,66.0
91706756708,1_623_42_2812_005044,,Ghulam Mohammad Rather,,,56,Male,Owner,Marginal  Farmer(Farmer having land <1 Hectare),PENDING,,,false,,OPERATOR,5e42d2bc45174d00b4009b44bf987134beef666bf2f03c450ffe792e729d4d1b,NTkxNjEzMTE1Mjkx,**** **** 5291,9596229832,,BANDIPORA,Sonawari,Sarai Dangarpora,623,42,2812,0.0
29561432102,1_623_42_2820_005007,,MUNEER AHMAD NAJAR,,,40,Male,Owner,Marginal  Farmer(Farmer having land <1 Hectare),PENDING,,,false,,OPERATOR,5eccf1d8d3361554bc650bf77ede65288164cb30eb391e275d9e3ec59a65c568,OTM4NDQ5MjAzNDM1,**** **** 3435,7006329227,,BANDIPORA,Sonawari,Sumbal Inderkote,623,42,2820,45.0
61858167208,1_623_42_2797_005059,,SHARIFA BEGUM,,,61,Female,Owner,Marginal  Farmer(Farmer having land <1 Hectare),PENDING,,,false,,OPERATOR,1375270087e9d39467b3e870d1952275a992ce977cbf8dc2de1f02ccb9550f48,NTIwNzQ1OTkwNDAy,**** **** 0402,6005435470,,BANDIPORA,Sonawari,Hilalabad,623,42,2797,50.0
96808246594,1_623_41_2768_005024,,Mubarik Sultan Lone,,,36,Male,Owner,Marginal  Farmer(Farmer having land <1 Hectare),PENDING,,,false,,OPERATOR,b4709eb1dde320e89a3904892897cbfa11a40550e0edceff8fbd8cb371de10a4,OTUxMjM5OTI2ODQx,**** **** 6841,7006246031,,BANDIPORA,Bandipora,Garoora,623,41,2768,65.0
40659806328,1_623_42_2809_005014,,GH MOHD PARAY,,,76,Male,Owner,Marginal  Farmer(Farmer having land <1 Hectare),PENDING,,,false,,OPERATOR,f615464156d613996e401a578026ddfd65a1b859117a8921549ada99ab581c85,ODQ0MzM3MTA1MDE2,**** **** 5016,8491020493,,BANDIPORA,Sonawari,Trigam,623,42,2809,0.0
14058725998,1_623_41_2763_005008,,NAZIR AHMAD BHAT,,,63,Male,Owner,Marginal  Farmer(Farmer having land <1 Hectare),PENDING,,,false,,OPERATOR,1f7e89572fb4b6e9db8b6b73ab89897d5ee50d227884f03ea4d1d8672d342529,OTQ0MzI4NDM5MzE4,**** **** 9318,9541817822,,BANDIPORA,Bandipora,Nadihal,623,41,2763,46.0
90775227835,1_623_40_2708_005096,,Guldana Begum,,,66,Female,Owner,Marginal  Farmer(Farmer having land <1 Hectare),PENDING,,,false,,OPERATOR,286e1ede47b013a41f929d2311c412c2c72507d0a5093e9c436216b7ade22bb8,NjYyMTcyOTQwNDEz,**** **** 0413,7889662249,,BANDIPORA,Gurez,Shah Pora - Achoora (Churwan),623,40,2708,70.0
97374943451,1_623_41_936283_005007,,ZAHOOR AHMAD BHAT,,,53,Male,Owner,Marginal  Farmer(Farmer having land <1 Hectare),PENDING,,,false,,OPERATOR,e5e1799ed97003a8625d4e9b4b17b4c7bb3f43387e8ff56505e36ebbeecf2d89,Mzk1ODgxNzYyMDI1,**** **** 2025,9149710342,,BANDIPORA,Bandipora,Watapora,623,41,936283,65.0
21358104287,1_623_41_2742_005001,,Mushtaq Ahmad Mir,,,48,Male,Owner,Marginal  Farmer(Farmer having land <1 Hectare),PENDING,,,false,,OPERATOR,807c5ddcb99a51871c418511982103e3f1c029647fbbe295e5904c8d7d97e2ff,ODE1MDA1NjE1OTQ1,**** **** 5945,9797291879,,BANDIPORA,Bandipora,Panjigam,623,41,2742,0.0
59113818588,1_623_42_2820_005027,,TAJA BEGUM,,,72,Female,Owner,Marginal  Farmer(Farmer having land <1 Hectare),PENDING,,,false,,OPERATOR,bed5ae1d069960a01d8f63a1297b59d18ccdcc09709e6e7c696af5d0a19c5acc,MjI4NDg2MTA3NDM1,**** **** 7435,9419500558,,BANDIPORA,Sonawari,Sumbal Inderkote,623,42,2820,0.0
10916434260,1_623_41_2768_005040,,Ali Mohammad Rather,,,50,Male,Owner,Marginal  Farmer(Farmer having land <1 Hectare),PENDING,,,false,,OPERATOR,64b49047349409ceba58730c74ed6e1aa0cdfe577c6b0a49fc10895bd2f75576,OTAzNzQxODI5ODg2,**** **** 9886,6006303307,,BANDIPORA,Bandipora,Garoora,623,41,2768,46.0
90517204404,1_623_6812_2716_005096,,Abdul Quyoom Khan,,,42,Male,Owner,Marginal  Farmer(Farmer having land <1 Hectare),PENDING,,,false,,OPERATOR,78b6cf32a8c1606a2124e4a3d590fe610c6d55a24b03082ed0e860ec14b005a6,NzMxMDI3MTQ5MTU5,**** **** 9159,9149931135,,BANDIPORA,Tulail,Neeru,623,6812,2716,59.0
12350879649,1_623_41_2768_005063,,MUSHTAQ AHMAD LONE,,,52,Male,Owner,Marginal  Farmer(Farmer having land <1 Hectare),PENDING,,,false,,OPERATOR,098de14a3f3b916b9aff3fafc40e8331a599ca53524622d6d3f2cbd5636abd32,NjkzMTU4MjA3Mzg2,**** **** 7386,9797163669,,BANDIPORA,Bandipora,Garoora,623,41,2768,56.0
51952347012,1_623_40_936275_005061,,Nazir Ahmad Lone,,,61,Male,Owner,Marginal  Farmer(Farmer having land <1 Hectare),PENDING,,,false,,OPERATOR,d08957bca4d50fcef2dce9a6a72cea159a995a60129c8256face5510459cd4c5,NDQ2MDU2NDgzNzUy,**** **** 3752,6005515602,,BANDIPORA,Gurez,Gulshanpora,623,40,936275,56.0
45669232247,1_623_6811_2778_005044,,Raja Begum,,,68,Female,Owner,Marginal  Farmer(Farmer having land <1 Hectare),PENDING,,,false,,OPERATOR,28d63295af6c77614cda4c98863f767251b6e5690ae6f464a1883b72f6d305cc,NzE1NTQ2NDI0MjYw,**** **** 4260,9622444984,,BANDIPORA,Hajin,Gundi Saderkote,623,6811,2778,25.0
49523256323,1_623_6812_2725_005054,,Mohd Jamal Mir,,,61,Male,Owner,Marginal  Farmer(Farmer having land <1 Hectare),PENDING,,,false,,OPERATOR,33d371e7929e395089a4f43a416d81e3df231236c8cc118b470eeb5bdd0f3bbf,NjQwMDYzMjk4NjA4,**** **** 8608,9682631037,,BANDIPORA,Tulail,Gujran,623,6812,2725,43.0
37958564525,1_623_42_2810_005053,,Abdul Rahman Bhat,,,66,Male,Owner,Marginal  Farmer(Farmer having land <1 Hectare),PENDING,,,false,,OPERATOR,384a7eb5a978404a1a7fe7789e242a8839d77d1d979a4dab89734ec08c995fa4,Mjk1NTE5Mjc4MTU3,**** **** 8157,9682375599,,BANDIPORA,Sonawari,Odina,623,42,2810,0.0
85898211306,1_623_41_2740_005039,,Fayaz Ahmad,,,38,Male,Owner,Marginal  Farmer(Farmer having land <1 Hectare),APPROVED,,,false,,OPERATOR,c5cb55666e02687c6a564eb6dbb8c49edc5b098e5d2821e6a31fe06e74da6fd2,NTkxMDUwNDY3ODI2,**** **** 7826,9906568925,,BANDIPORA,Bandipora,Khayar,623,41,2740,90.0
35234297529,1_623_6812_2712_005010,,Gh Rasool Lone,,,57,Male,Owner,Marginal  Farmer(Farmer having land <1 Hectare),PENDING,,,false,,OPERATOR,c2bebb32823adcdcdf7e90b0ef0fd2dfb05defc1ee07c2430d56ba7339fe0e93,NDg4ODU3MzQ3MTgz,**** **** 7183,6005026194,,BANDIPORA,Tulail,Dengithal,623,6812,2712,43.0
56432460238,1_623_42_2797_005061,,Musarrat,,,41,Female,Owner,Marginal  Farmer(Farmer having land <1 Hectare),APPROVED,,,false,,OPERATOR,dd52556fad95debdfaa62e78d9d7ed22fc08ddc59c3b3751bf77b7a09520da95,OTYyNTYwMjQwNTA5,**** **** 0509,9906821202,,BANDIPORA,Sonawari,Hilalabad,623,42,2797,88.0
62298391639,1_623_42_2797_005083,,Ab Majeed Reshi,,,40,Male,Owner,Marginal  Farmer(Farmer having land <1 Hectare),PENDING,,,false,,OPERATOR,f5122f627fd2f01bd1eaefd274e46ad72e045b56819352aa5d6625c1d96cf0e7,MjY2NDcxNDc4OTQz,**** **** 8943,9697499793,,BANDIPORA,Sonawari,Hilalabad,623,42,2797,44.0
23971075972,1_623_41_936283_005010,,Mohd Hussain Najar,,,60,Male,Owner,Marginal  Farmer(Farmer having land <1 Hectare),PENDING,,,false,,OPERATOR,61749cea6901c3dd24824fbbee4b068a7ac510225daf93b2b428cb12b5553dba,NTM4MTU1NjEzOTg3,**** **** 3987,6005829041,,BANDIPORA,Bandipora,Watapora,623,41,936283,43.0
85980731799,1_623_40_2707_005092,,AMINA BEGUM,,,49,Female,Owner,Marginal  Farmer(Farmer having land <1 Hectare),PENDING,,,false,,OPERATOR,23fdf4e7157cee121bc0610b132576b575e282f2e6349aeaa757bf2f024d4775,NTY0NTU3NjMzMjgw,**** **** 3280,6005000452,,BANDIPORA,Gurez,Markoot,623,40,2707,69.0
68513371241,1_623_6812_2725_005016,,Mohd Yousuf Lone,,,72,Male,Owner,Marginal  Farmer(Farmer having land <1 Hectare),PENDING,,,false,,OPERATOR,3c6f521ed7e1d51147400e98f5bb18a1d1195b7022156012ce8517263e9dfaac,Mjk0NDk2MTgxMTY1,**** **** 1165,7006397144,,BANDIPORA,Tulail,Gujran,623,6812,2725,52.0
29955867690,1_623_42_2794_005128,,GHULAM NABI KOUL,,,56,Male,Owner,Marginal  Farmer(Farmer having land <1 Hectare),PENDING,,,false,,OPERATOR,0aa7b16dc829752e16da8c6715dbf5523afe653d1a2f22a31bfe39bb9fe5867b,ODgzMTQxNjU0ODc4,**** **** 4878,9622545680,,BANDIPORA,Sonawari,Asham,623,42,2794,46.0
73703301697,1_623_6810_2777_005069,,Mumtaz Ahmad Lone,,,57,Male,Owner,Marginal  Farmer(Farmer having land <1 Hectare),APPROVED,,,false,,OPERATOR,1c6b9f5546ab789f50307fc5d5b51cfab6ccff6515654b40c0849131ff8d4839,MjQ1MDk2MDI1NjYx,**** **** 5661,9541537220,,BANDIPORA,Ajas,Ajas,623,6810,2777,56.0
78275244084,1_623_41_2764_005013,,Mohammad Akbar Wani,,,58,Male,Owner,Marginal  Farmer(Farmer having land <1 Hectare),PENDING,,,false,,OPERATOR,e8d8d9c057f6c50fad86d81466766843cef8b32a0723aee443abd2e291d14650,NzIxNDU1MTc3MjM3,**** **** 7237,9622155283,,BANDIPORA,Bandipora,Gund Dachina,623,41,2764,43.0
25344566072,1_623_42_2797_005069,,Basharat Hussain Reshi,,,53,Male,Owner,Marginal  Farmer(Farmer having land <1 Hectare),PENDING,,,false,,OPERATOR,31114f69ad43fac1653d4ee659a045dd702e4723508e482b77f719af1d344f33,MzM0Mzc4ODQ1NjE2,**** **** 5616,7889904810,,BANDIPORA,Sonawari,Hilalabad,623,42,2797,75.0
23590243428,1_623_6810_2777_005060,,Mohammad Shafi Rather,,,67,Male,Owner,Marginal  Farmer(Farmer having land <1 Hectare),APPROVED,,,false,,OPERATOR,097524ee8e955450441a19a8eaa12be39ed58b6c110eca935e14e6554fd78d07,NDU1NjAxOTA2ODcy,**** **** 6872,9797782587,,BANDIPORA,Ajas,Ajas,623,6810,2777,46.0
59346083044,1_623_6810_2777_005050,,Saif Ud Din Rather,,,76,Male,Owner,Marginal  Farmer(Farmer having land <1 Hectare),APPROVED,,,false,,OPERATOR,68a27f9a89d2619338b0ff958abd07f0fcc491a53572292680af5f05039456e5,MjE2NTQzOTA3NzIz,**** **** 7723,7051994897,,BANDIPORA,Ajas,Ajas,623,6810,2777,51.0
16247218747,1_623_41_2768_005026,,MOHAMMAD RAMZAN SHEIKH,,,75,Male,Owner,Marginal  Farmer(Farmer having land <1 Hectare),PENDING,,,false,,OPERATOR,fde9a260157695dc129dce0a2957e4b607b55b2386da4559801b90d9bbe4069d,MjY1ODM5OTMzOTkx,**** **** 3991,9622750740,,BANDIPORA,Bandipora,Garoora,623,41,2768,0.0
30767763919,1_623_42_2794_005161,,MOHD LATEEF KHAN,,,40,Male,Owner,Marginal  Farmer(Farmer having land <1 Hectare),PENDING,,,false,,OPERATOR,ca41b547f8f94c91c9e09f9b6da31b876678e5cb01924aef9ab68292057f293e,MjA3NTkzODMwNDc3,**** **** 0477,9906545627,,BANDIPORA,Sonawari,Asham,623,42,2794,43.0
14141335649,1_623_41_2742_005012,,SHAHNAWAZ KHAN,,,56,Male,Owner,Marginal  Farmer(Farmer having land <1 Hectare),PENDING,,,false,,OPERATOR,7c012f510090c6a83fab22ba9929761aafdcfedbbb9e17804595cf2041ec3aa2,NzM2NDcxNDUyNTYx,**** **** 2561,9906517783,,BANDIPORA,Bandipora,Panjigam,623,41,2742,0.0
58553629850,1_623_42_2800_005030,,Mohd Shafi Khan,,,63,Male,Owner,Marginal  Farmer(Farmer having land <1 Hectare),PENDING,,,false,,OPERATOR,e0428d3809d786d69e940d056c9529bcdedd301fd3d573c1cc58fa1a03a9ae93,NjUyNDg1ODQwNTQ5,**** **** 0549,9596757570,,BANDIPORA,Sonawari,Rakh Shilvat,623,42,2800,43.0
29158910092,1_623_42_2804_005022,,Shabir Ahmad Pandith,,,42,Male,Owner,Marginal  Farmer(Farmer having land <1 Hectare),PENDING,,,false,,OPERATOR,c5aa4189d83327b2e0ae2a131e9be545ed50947a39c822cac2b0d67b189d3935,ODg0MTgwOTMxMTEx,**** **** 1111,9858312719,,BANDIPORA,Sonawari,Rakh Sultan Pora,623,42,2804,49.0
76337602421,1_623_42_2804_005008,,Syed Mehmood Shah,,,49,Male,Owner,Marginal  Farmer(Farmer having land <1 Hectare),PENDING,,,false,,OPERATOR,c1d23a01dbbdde8526df4c23b4fcfc37531a5244da577dddaf7a89fca1207a80,NzA3NDE5OTgzNDQy,**** **** 3442,8491063933,,BANDIPORA,Sonawari,Rakh Sultan Pora,623,42,2804,55.0
92945126385,1_623_6811_2774_005002,,Manzoor Ahmad Dar,,,61,Male,Owner,Marginal  Farmer(Farmer having land <1 Hectare),PENDING,,,false,,OPERATOR,9cccff7e357dbea534d7fae60e1c8d354d30cc1c6f81f15232f150927833f64f,NDEwNzUzNTg0MTEx,**** **** 4111,9622804695,,BANDIPORA,Hajin,Rakh i Hajin,623,6811,2774,64.0
69589216058,1_623_42_2794_005139,,Mohd Shafi Dar,,,58,Male,Owner,Marginal  Farmer(Farmer having land <1 Hectare),PENDING,,,false,,OPERATOR,a14a84cdd1c3c4bf1fe269a9f2b77e5aad5c95b8154d01edec1b53f8704d5a64,OTQ3ODA1MDkwMjc1,**** **** 0275,9149423501,,BANDIPORA,Sonawari,Asham,623,42,2794,43.0
40373409985,1_623_41_2761_005027,,MUSHTAQ AHMAD LONE,,,60,Male,Owner,Marginal  Farmer(Farmer having land <1 Hectare),PENDING,,,false,,OPERATOR,dc059386f870fa39aa8db2d92e8f9032c3952dfda647bff77f0934ca9f853b30,OTczMTUwOTgyODUx,**** **** 2851,9797799747,,BANDIPORA,Bandipora,Gamroo,623,41,2761,61.0
43256015461,1_623_42_2797_005084,,Mohd Shafi Rather,,,54,Male,Owner,Marginal  Farmer(Farmer having land <1 Hectare),PENDING,,,false,,OPERATOR,38dbaef47a407136ba07df2af474b0ac9ad3c3be64ceea68ffcf233f15a19985,NzcyMDg2MTYzMzk0,**** **** 3394,9419991063,,BANDIPORA,Sonawari,Hilalabad,623,42,2797,62.0
95479573208,1_623_40_2708_005120,,Ahmadullah Lone,,,57,Male,Owner,Marginal  Farmer(Farmer having land <1 Hectare),PENDING,,,false,,OPERATOR,3dd277017df38b4c3a0d3d68f0c7aed7af34d9510da08d3a270968e8dd96cdcd,NDc3MDA2NzMzMDMw,**** **** 3030,7889924889,,BANDIPORA,Gurez,Shah Pora - Achoora (Churwan),623,40,2708,44.0
39944279359,1_623_42_2810_005059,,Farida Bano,,,49,Female,Owner,Marginal  Farmer(Farmer having land <1 Hectare),PENDING,,,false,,OPERATOR,95303fd11102e62436e2feea50e9c27254aa8f4e755c3fbc42ce3ee926e4a6b1,Mzg0NjUwNzIyODI5,**** **** 2829,9622272769,,BANDIPORA,Sonawari,Odina,623,42,2810,35.0
20509163401,1_623_42_2815_005009,,Mohd. Maqbool Bhat,,,76,Male,Owner,Marginal  Farmer(Farmer having land <1 Hectare),PENDING,,,false,,OPERATOR,0720b729e6ec3865c60f07f7160d83ad5bedc9bc6bf8f64b0bc883e3c743e1df,Mjg4NTI4MTY4MDE1,**** **** 8015,9622882829,,BANDIPORA,Sonawari,Wahid pora,623,42,2815,32.0
96350555951,1_623_6811_2784_005024,,Abdul Majeed Bhat,,,43,Male,Owner,Marginal  Farmer(Farmer having land <1 Hectare),PENDING,,,false,,OPERATOR,9b03eed4ceea05632ebdbc2e5719cbaae7702cf5f059dcd1786c8841dd5147d3,MjMyNzM2OTQ3OTUz,**** **** 7953,9149481270,,BANDIPORA,Hajin,Gundi Boon,623,6811,2784,46.0
36070650672,1_623_41_2730_005002,,Fareeda Begum,,,61,Female,Owner,Marginal  Farmer(Farmer having land <1 Hectare),PENDING,,,false,,OPERATOR,557f9da0ad8a70757512cee7a6434c5aabf4efcc121ebd722cc3360a32a6f8c8,NDI0ODEzMzA1MzMz,**** **** 5333,7006263575,,BANDIPORA,Bandipora,Athwatoo,623,41,2730,46.0
79569950094,1_623_6811_2774_005001,,Abdul Majeed Khan,,,54,Male,Owner,Marginal  Farmer(Farmer having land <1 Hectare),PENDING,,,false,,OPERATOR,7032eebb245bb3a471bc3f269ea9b79f3cc09801939179ddbdc4d72dc38d3fcc,OTExNTM2MDA4MTYw,**** **** 8160,9697691560,,BANDIPORA,Hajin,Rakh i Hajin,623,6811,2774,56.0
66609310915,1_623_42_2820_005008,,BARKAT AHMAD NAJAR,,,35,Male,Owner,Marginal  Farmer(Farmer having land <1 Hectare),PENDING,,,false,,OPERATOR,309bb1698279fa97ecbdad401026345a2483dcdbc6afeccea7ad7c646c1d90ba,ODgxOTgxMDY1MTg1,**** **** 5185,6005306757,,BANDIPORA,Sonawari,Sumbal Inderkote,623,42,2820,65.0
55160978536,1_623_6811_2784_005010,,Mohammad Sultan Itoo,,,81,Male,Owner,Marginal  Farmer(Farmer having land <1 Hectare),PENDING,,,false,,OPERATOR,53ecaef78688cd809d78479559ef232e9c8e6793de028659adefd5040cb76390,Njk4NjY2MjI4MzIx,**** **** 8321,9906603449,,BANDIPORA,Hajin,Gundi Boon,623,6811,2784,56.0
69246051770,1_623_41_2768_005025,,ZAHOOR AHMAD GANAIE,,,54,Male,Owner,Marginal  Farmer(Farmer having land <1 Hectare),PENDING,,,false,9906707270,OPERATOR,edfc8715243fa4403136a77b0c90559ed8686cdabc36d8aaa80727a834043b8e,MzM1OTYxMzIyMTE0,**** **** 2114,9906707270,,BANDIPORA,Bandipora,Garoora,623,41,2768,0.0
91420986359,1_623_6811_2789_005021,,GULAH GANIE,,,61,Male,Owner,Marginal  Farmer(Farmer having land <1 Hectare),PENDING,,,false,,OPERATOR,58443dcf0245011482a4ec97c3d5833cd830d11ef6a585a69bf5869f80881278,NjQwMzM1OTc1Mjk3,**** **** 5297,8899669144,,BANDIPORA,Hajin,Kani Pora,623,6811,2789,0.0
51273904313,1_623_42_2797_005060,,Mohd Yousuf Reshi,,,48,Male,Owner,Marginal  Farmer(Farmer having land <1 Hectare),PENDING,,,false,,OPERATOR,8d43b4c73fa86e05a9029364a530ff191d8578caffa7165e7686928ad38ead87,NDk2MTQ2MjM1NDcw,**** **** 5470,7889955177,,BANDIPORA,Sonawari,Hilalabad,623,42,2797,43.0
44323425561,1_623_42_2794_005127,,Muneer Ahmad Kaloo,,,25,Male,Owner,Marginal  Farmer(Farmer having land <1 Hectare),PENDING,,,false,,OPERATOR,528731646fcd6ff2f0fb67e010f76ddd6f596197269fc8a810ded7edacb6e02d,OTY3NTE0NTQ4MDg3,**** **** 8087,7006313765,,BANDIPORA,Sonawari,Asham,623,42,2794,66.0
52727256964,1_623_42_2794_005160,,Ajaz Ahmad Khan,,,46,Male,Owner,Marginal  Farmer(Farmer having land <1 Hectare),PENDING,,,false,,OPERATOR,86f74d718fd5d53018493e1fc73d9a12ee6fb8b80260056bfa9aecf3a9e308b5,ODE3NDg3Nzc3NzUw,**** **** 7750,8825097761,,BANDIPORA,Sonawari,Asham,623,42,2794,63.0
61251753140,1_623_6812_2712_005009,,Farooq Ahmad Lone,,,52,Male,Owner,Marginal  Farmer(Farmer having land <1 Hectare),PENDING,,,false,,OPERATOR,67d52b406ac018cbf1dd5618a55072810763dfc0316db733f0c29a0f4f4d8a6a,NjQxMzE2NTY0OTUw,**** **** 4950,6006133762,,BANDIPORA,Tulail,Dengithal,623,6812,2712,0.0
96196781539,1_623_42_2800_005014,,Ab Karim Dar,,,67,Male,Owner,Marginal  Farmer(Farmer having land <1 Hectare),PENDING,,,false,,OPERATOR,89e13d049d2e9c9c05367138d02eac466b7af82e24a99fcab93adf5efc651798,MjMyNTczMTAzNjIz,**** **** 3623,8803907790,,BANDIPORA,Sonawari,Rakh Shilvat,623,42,2800,0.0
38663785264,1_623_41_2740_005029,,Ghulam Rasool Ganaie,,,73,Male,Owner,Marginal  Farmer(Farmer having land <1 Hectare),PENDING,,,false,,OPERATOR,c6147214154f12af488395dd62593d7d900085f83505ac6c053a4bcddf5af5a9,MjAyNzIyMjMxNzQz,**** **** 1743,9541657622,,BANDIPORA,Bandipora,Khayar,623,41,2740,66.0
92026933494,1_623_6811_2700_005049,,Mohammad Mqbool Darzi,,,72,Male,Owner,Marginal  Farmer(Farmer having land <1 Hectare),PENDING,,,false,,OPERATOR,a8cbccaaaf107c45af91b79056f24c5d15b6e7dc6b10849ab6f62faf3099770d,NjA0MzU2NDM1MDAz,**** **** 5003,9596461991,,BANDIPORA,Hajin,Gulshanpora,623,6811,2700,46.0
59320578425,1_623_40_2708_005097,,Mohd Sultan Lone,,,57,Male,Owner,Marginal  Farmer(Farmer having land <1 Hectare),PENDING,,,false,,OPERATOR,ac94e593d5d18304c722f0a256fa4bef883680170844e95c25d07c177dc28a99,ODI1MDIxMTYwNDgy,**** **** 0482,6006974302,,BANDIPORA,Gurez,Shah Pora - Achoora (Churwan),623,40,2708,56.0
72968074967,1_623_41_2768_005027,,Gh Ahmad Ganie,,,58,Male,Owner,Marginal  Farmer(Farmer having land <1 Hectare),PENDING,,,false,,OPERATOR,ad429652532cbec2ff8bffaf36302c97a881daf6bf9434c6428b6e739e8186da,MzM1NDk4MzU1ODM2,**** **** 5836,7006235151,,BANDIPORA,Bandipora,Garoora,623,41,2768,0.0
76413301494,1_623_6812_2716_005084,,Ab Rashid Khan,,,41,Male,Owner,Marginal  Farmer(Farmer having land <1 Hectare),PENDING,,,false,,OPERATOR,79fb7375e357a3496b0aaf3047d8a6eb5a62eaf626979e9c26aee867a45d45e5,MjYzOTI4MDA1MDc5,**** **** 5079,6005188068,,BANDIPORA,Tulail,Neeru,623,6812,2716,0.0
48913589434,1_623_42_2800_005022,,Raja Begum,,,71,Female,Owner,Marginal  Farmer(Farmer having land <1 Hectare),PENDING,,,false,,OPERATOR,4c357f24bd4c15de431c181fab0b5de090c247d2050107deaab7116129d5a5b9,NDc4MTAxNDUxNDYx,**** **** 1461,9858424820,,BANDIPORA,Sonawari,Rakh Shilvat,623,42,2800,35.0
53510634346,1_623_6812_2712_005011,,Gulnoora Begum,,,57,Female,Owner,Marginal  Farmer(Farmer having land <1 Hectare),PENDING,,,false,,OPERATOR,d906d1c334ac9f2d0d5973f1c9caeeedbad10c29c4760dc21ef13d488496f364,OTA1MTk5ODM5Njgx,**** **** 9681,6006910684,,BANDIPORA,Tulail,Dengithal,623,6812,2712,50.0
32099959684,1_623_41_2761_005025,,Bashir Ahmad Sheikh,,,64,Male,Owner,Marginal  Farmer(Farmer having land <1 Hectare),PENDING,,,false,,OPERATOR,dd4c3a2e3b7309e191957fec7824867730dfc4f3dd2b896fba619e230684564c,ODU0MjU4OTkyODE0,**** **** 2814,9622567461,,BANDIPORA,Bandipora,Gamroo,623,41,2761,56.0
73228342495,1_623_42_2807_005004,,JABEENA BANO,,,34,Female,Owner,Marginal  Farmer(Farmer having land <1 Hectare),PENDING,,,false,,OPERATOR,9b68ec304b6df4b37abbcfcef93bf3a6c1178d71c4913eea55e1db46b2d6b7d8,NzA0NTc4MjQ2ODg5,**** **** 6889,9622772651,,BANDIPORA,Sonawari,Ganastan,623,42,2807,54.0
64914755020,1_623_42_2810_005054,,KHADIJA AKTHAR,,,51,Female,Owner,Marginal  Farmer(Farmer having land <1 Hectare),PENDING,,,false,,OPERATOR,6388287ab64649d288bc9e5331f3f79457ff8133f993c62644ad83eb0661d566,ODA5MTM3ODU1NDc5,**** **** 5479,9107221928,,BANDIPORA,Sonawari,Odina,623,42,2810,34.0
39364411851,1_623_41_2742_005016,,FAROOQ AHMAD MIR,,,50,Male,Owner,Marginal  Farmer(Farmer having land <1 Hectare),PENDING,,,false,,OPERATOR,17893dcca13e8ddfa12f19bc9f01112136bf66a832d7d3c6344135a1f4acc6cc,NzE4OTA0MzkzNjA4,**** **** 3608,9906810277,,BANDIPORA,Bandipora,Panjigam,623,41,2742,0.0
27870951466,1_623_42_2820_005009,,GHULAM RASOOL DAR,,,79,Male,Owner,Marginal  Farmer(Farmer having land <1 Hectare),PENDING,,,false,,OPERATOR,d6edecc0d0ce7db4c6fcf13f794d953e85ce924420cb2d2472efe5134d6693f8,NDc3OTg0NDc1NjAx,**** **** 5601,8491855750,,BANDIPORA,Sonawari,Sumbal Inderkote,623,42,2820,66.0
39941799883,1_623_41_2768_005054,,FAYAZ AHMAD RATHER,,,54,Male,Owner,Marginal  Farmer(Farmer having land <1 Hectare),PENDING,,,false,,OPERATOR,b7893137075fd244aecda903d3c0175cd7b91e0004f3b309dda68761c6e5c288,OTExMzYyODc2MjMx,**** **** 6231,9906856868,,BANDIPORA,Bandipora,Garoora,623,41,2768,65.0
72268506491,1_623_42_2794_005129,,MOHD SHABAN KHAN,,,57,Male,Owner,Marginal  Farmer(Farmer having land <1 Hectare),PENDING,,,false,,OPERATOR,100d17d35ad1dd3ca20dd34e511101a8b423f6cbd60da3bc0283890610730a47,ODYwMTAxNjU4MzEx,**** **** 8311,9149938693,,BANDIPORA,Sonawari,Asham,623,42,2794,43.0
66405355923,1_623_40_2705_005027,,Wahida Gaffar,,,26,Female,Owner,Marginal  Farmer(Farmer having land <1 Hectare),PENDING,,,false,,OPERATOR,658cd0dad8c00b7051184abd18e35b8aa9de75826d51d65eef78a93fd043e556,NzY0ODc2Njk0MjAy,**** **** 4202,7780995824,,BANDIPORA,Gurez,Badwan,623,40,2705,54.0
16380962557,1_623_40_2708_005098,,Ruksana Parveen,,,51,Female,Owner,Marginal  Farmer(Farmer having land <1 Hectare),PENDING,,,false,,OPERATOR,9f74a5e05a2b1271229c989174ec2a7c68ca5c38a27288399cf81cb634a006be,ODI4MjIzMzY4MTM2,**** **** 8136,7889814112,,BANDIPORA,Gurez,Shah Pora - Achoora (Churwan),623,40,2708,50.0
74516506011,1_623_42_2794_005151,,Firdous Ahmad Dar,,,41,Male,Owner,Marginal  Farmer(Farmer having land <1 Hectare),PENDING,,,false,,OPERATOR,c5a54ea0b33749b26990d06b7c265b71cfbd025b36c8d5edf9a302aac3bce8ab,MjQ0MjYwMjA4MTkx,**** **** 8191,7006892254,,BANDIPORA,Sonawari,Asham,623,42,2794,65.0
35030664473,1_623_41_2763_005009,,Ghulam Qadir Dar,,,58,Male,Owner,Marginal  Farmer(Farmer having land <1 Hectare),PENDING,,,false,,OPERATOR,89e3f244e97725fa21958fe4257de4d43883fb36d10d9ce024cfdfbf6b5019bf,MjY1ODY5MjA3MDU1,**** **** 7055,8825033082,,BANDIPORA,Bandipora,Nadihal,623,41,2763,45.0
61604147421,1_623_42_2812_005045,,NOORI BEGUM,,,64,Female,Owner,Marginal  Farmer(Farmer having land <1 Hectare),PENDING,,,false,,OPERATOR,8764c2a1788eb91063aac82953fbffc50a59d3220f0a9fddeb51e161ec41bd77,MjA4NTQyOTI5MDM5,**** **** 9039,9149474966,,BANDIPORA,Sonawari,Sarai Dangarpora,623,42,2812,25.0
15536046471,1_623_40_2707_005094,,Hummera Yaseen,,,20,Female,Owner,Marginal  Farmer(Farmer having land <1 Hectare),PENDING,,,false,,OPERATOR,44dbfc4ba9ea523a8b799e00df52c3d2692db6fe7bda7d50ba9bb4dcbf1909b0,Nzk2OTgyMDg3Mjcw,**** **** 7270,9149692884,,BANDIPORA,Gurez,Markoot,623,40,2707,0.0
67445176473,1_623_6811_2784_005025,,Hamza Ganie,,,72,Male,Owner,Marginal  Farmer(Farmer having land <1 Hectare),PENDING,,,false,,OPERATOR,1db204fe5f72a45a1acfea83cdc220ed1d4576fa5876f3c06cdf68a7aeff1573,NjM0MTYxMTEwMTI0,**** **** 0124,7006305839,,BANDIPORA,Hajin,Gundi Boon,623,6811,2784,0.0
18254650450,1_623_6811_2778_005036,,WALI MOHD DAR,,,53,Male,Owner,Marginal  Farmer(Farmer having land <1 Hectare),PENDING,,,false,,OPERATOR,efd330dbd9c51a66d78b6180d1479eb10896ea6161ac13f8bc990082b7515d90,NzQwOTg4MTM1NDMy,**** **** 5432,7051995028,,BANDIPORA,Hajin,Gundi Saderkote,623,6811,2778,43.0
99090891227,1_623_6812_2712_005012,,Mohammad Anwar Lone,,,64,Male,Owner,Marginal  Farmer(Farmer having land <1 Hectare),PENDING,,,false,,OPERATOR,5c5ebd385cc22079592beea6bc45a0f8908e992022a349ea9bf2ec771aee1d9b,NjE4NTY2OTE3NTkw,**** **** 7590,6006910684,,BANDIPORA,Tulail,Dengithal,623,6812,2712,0.0
96766663122,1_623_6811_2784_005012,,Ghulam Nabi Sheikh,,,71,Male,Owner,Small Farmer (Farmer having Land >=1 & <2 Hectare),PENDING,,,false,,OPERATOR,cb179b60509652575081921a3630f4922b8f530fe934a85f9b04bcf5206f2985,MzY0OTM2MzU0OTY0,**** **** 4964,7889455371,,BANDIPORA,Hajin,Gundi Boon,623,6811,2784,46.0
97594603324,1_623_6811_2789_005022,,Gh Hassan Ganie,,,62,Male,Owner,Marginal  Farmer(Farmer having land <1 Hectare),PENDING,,,false,,OPERATOR,1c5ff64ed265d93537c12cc1cc43b6f567c1772e40cb96202df05314b561b202,MzM4NDA1NzIyMDA0,**** **** 2004,9103908690,,BANDIPORA,Hajin,Kani Pora,623,6811,2789,0.0
33396424536,1_623_41_2764_005005,,JAMEEL AHMAD WANI,,,56,Male,Owner,Marginal  Farmer(Farmer having land <1 Hectare),PENDING,,,false,,OPERATOR,2f35d4f4237029c7a55df1a66914a034f0ab0975714545d6ae8485f052b1726f,ODE3MjMwNTg4MzU4,**** **** 8358,6005177256,,BANDIPORA,Bandipora,Gund Dachina,623,41,2764,56.0
98829861640,1_623_41_2761_005026,,Reyaz Ahmad Rather,,,58,Male,Owner,Marginal  Farmer(Farmer having land <1 Hectare),PENDING,,,false,,OPERATOR,00cb0ba0be1f6e81e6fded7897f2c3677f2c8df41a5f78fb6fa538ad41955022,ODIwNDYwMTI5OTkz,**** **** 9993,9906517410,,BANDIPORA,Bandipora,Gamroo,623,41,2761,66.0
95940608052,1_623_6811_2784_005026,,MOHD RAJAB SHEIKH,,,76,Male,Owner,Marginal  Farmer(Farmer having land <1 Hectare),PENDING,,,false,,OPERATOR,7fddc80885b2d008e12ea9083c8902b540153e91469892a772ed1267cff02f85,MjYxMTQ4MTI3NzU0,**** **** 7754,9682157657,,BANDIPORA,Hajin,Gundi Boon,623,6811,2784,38.0
93251788386,1_623_41_2761_005019,,Abdul Hameed Sheikh,,,45,Male,Owner,Marginal  Farmer(Farmer having land <1 Hectare),PENDING,,,false,,OPERATOR,b177fa4029fd1d404bf093c6eaeae2e8983c75ee8af4f64bcbb7a07252fae490,OTEwMDIzMjQwMjAx,**** **** 0201,9622728986,,BANDIPORA,Bandipora,Gamroo,623,41,2761,54.0
65791575527,1_623_41_2742_005003,,Hidayat Ullah Khan,,,30,Male,Owner,Marginal  Farmer(Farmer having land <1 Hectare),PENDING,,,false,,OPERATOR,9fa8b4c7011e6b49f268ea07b80b65bed22127b905d14242e5be175251573613,NjMwMzAwMzUyOTk0,**** **** 2994,9622798007,,BANDIPORA,Bandipora,Panjigam,623,41,2742,65.0
32880518408,1_623_42_2797_005071,,Siraj Ud Din Reshi,,,52,Male,Owner,Marginal  Farmer(Farmer having land <1 Hectare),PENDING,,,false,,OPERATOR,47b90fe5f6d641ef904ee144233d7247b176bffbbf89159aa63cf06f497cffff,MzE0ODEyNDc1OTcx,**** **** 5971,7780820886,,BANDIPORA,Sonawari,Hilalabad,623,42,2797,54.0
60258838765,1_623_42_2809_005022,,Abdul Khaliq Parray,,,59,Male,Owner,Marginal  Farmer(Farmer having land <1 Hectare),PENDING,,,false,,OPERATOR,0d49518a3522c48ca430e24c335d216a614b8f4bc6eec77f4fe0a3bd52be0348,NDM5NzE0NTY4OTAz,**** **** 8903,8899811179,,BANDIPORA,Sonawari,Trigam,623,42,2809,56.0
45234068948,1_623_42_2800_005016,,Mohd Shafi Mir,,,61,Male,Owner,Marginal  Farmer(Farmer having land <1 Hectare),PENDING,,,false,,OPERATOR,5aa4db60ae14be16fcd4118701bc4e707a058e6216a0389a27bb7f4e8b883bf3,NTc4MzI0NTk4NTU2,**** **** 8556,9622685179,,BANDIPORA,Sonawari,Rakh Shilvat,623,42,2800,0.0
27395641956,1_623_42_2794_005140,,IRSHAD AHMAD BHAT,,,32,Male,Owner,Marginal  Farmer(Farmer having land <1 Hectare),PENDING,,,false,,OPERATOR,af853637eca7e24d11f83da52b106c7a5b57d0a9ee33d96b93b831372cdf655f,OTA3NDk5MjExNDA3,**** **** 1407,7889929973,,BANDIPORA,Sonawari,Asham,623,42,2794,63.0
84410181067,1_623_42_2797_005070,,MOHD MAQBOOL BHAT,,,71,Male,Owner,Marginal  Farmer(Farmer having land <1 Hectare),PENDING,,,false,,OPERATOR,e61c2bffae88c9bc0f69e466265f5a41fb65070321f400f90dcdcc9e4df604c0,NTg1MDcxNzIzNDg3,**** **** 3487,9858891290,,BANDIPORA,Sonawari,Hilalabad,623,42,2797,43.0
99923117608,1_623_42_2797_005085,,Mohd Shafi Reshi,,,41,Male,Owner,Marginal  Farmer(Farmer having land <1 Hectare),PENDING,,,false,,OPERATOR,0b17d738de2ec7f400aba20504befb3de7bde95bfc4384f86bf0dd7878dd8d1c,ODYzODUyODUwNDE3,**** **** 0417,9697499793,,BANDIPORA,Sonawari,Hilalabad,623,42,2797,43.0
20426507993,1_623_42_2794_005130,,Abdul Hameed Parray,,,36,Male,Owner,Marginal  Farmer(Farmer having land <1 Hectare),PENDING,,,false,,OPERATOR,d68a0761c377f3b0ac9cc3930658dd5827ee93ce15acc54ebbb5d50a63c06376,ODcwODMxNzc2MjMx,**** **** 6231,9541150987,,BANDIPORA,Sonawari,Asham,623,42,2794,34.0
39881763521,1_623_41_2764_005004,,Abdur Rahman Wani,,,65,Male,Owner,Marginal  Farmer(Farmer having land <1 Hectare),PENDING,,,false,,OPERATOR,e95995d7ab49b35d6b676a013529ad017e5a839fcb3714d8acbd8264a13f20ce,Nzg0OTIzMzI1Nzcx,**** **** 5771,9797102258,,BANDIPORA,Bandipora,Gund Dachina,623,41,2764,0.0
97050000894,1_623_6811_2784_005011,,AB AZIZ BHAT,,,66,Male,Owner,Marginal  Farmer(Farmer having land <1 Hectare),PENDING,,,false,,OPERATOR,04de72e3c4a118ebc7dad14323660251ad19382b4a1de8ac7acf5e70f8dfa165,NDI5MTE4NTc5NTE2,**** **** 9516,9906527607,,BANDIPORA,Hajin,Gundi Boon,623,6811,2784,54.0
14731620974,1_623_41_2740_005030,,Hilal Ahmad Malik,,,49,Male,Owner,Marginal  Farmer(Farmer having land <1 Hectare),PENDING,,,false,,OPERATOR,464aabf3f891b93999b2a9ec55e25cd86cdbaa55d550b0b3932a325aadd04853,OTg4MTQ0NzYzODIz,**** **** 3823,7780965298,,BANDIPORA,Bandipora,Khayar,623,41,2740,61.0
49836157656,1_623_41_2742_005002,,Mohd Abass Khan,,,53,Male,Owner,Marginal  Farmer(Farmer having land <1 Hectare),PENDING,,,false,,OPERATOR,c9cf3e3e97356ab38c29cdf057722093b91b9c90f9033bd229d37845ea64c30d,NDU5NzI5NTUzMjQ2,**** **** 3246,9596233217,,BANDIPORA,Bandipora,Panjigam,623,41,2742,63.0
75399205824,1_623_6812_2725_005017,,GH RASOOL KHAN,,,56,Male,Owner,Marginal  Farmer(Farmer having land <1 Hectare),PENDING,,,false,,OPERATOR,b10137a50e45b76c25bafafab8a75b4132a746d9e024e7fc4561a9a525d8e59d,OTgzNzM0NDMzMDkz,**** **** 3093,6006494118,,BANDIPORA,Tulail,Gujran,623,6812,2725,23.0
92359016508,1_623_40_2705_005026,,Mohd Iqball Lone,,,31,Male,Owner,Marginal  Farmer(Farmer having land <1 Hectare),PENDING,,,false,,OPERATOR,0f2a5a1a78e34cb4bb1da9974a23e1a6afcb629e6b8b9b9b886ab9df696d9f58,NzcxNDI3OTk4MDI0,**** **** 8024,6005369945,,BANDIPORA,Gurez,Badwan,623,40,2705,65.0
55022624870,1_623_40_2707_005093,,Zakir Yaseen Akhoon,,,19,Male,Owner,Marginal  Farmer(Farmer having land <1 Hectare),PENDING,,,false,,OPERATOR,62af1430e827ad17148742fca355248140fb6734b8f0d31f2d80cd2f9d925a73,OTc5NDQxNTU3Mzk3,**** **** 7397,6005434441,,BANDIPORA,Gurez,Markoot,623,40,2707,32.0
97531547909,1_623_42_2810_005055,,MOHD JAFFAR BHAT,,,46,Male,Owner,Marginal  Farmer(Farmer having land <1 Hectare),PENDING,,,false,,OPERATOR,8a8617e961b7ff2f1d81f537b50a3d3e49c2b32379908a865b0aab6f61f9fad5,NDA0NTE4MzEyNDg5,**** **** 2489,7006967732,,BANDIPORA,Sonawari,Odina,623,42,2810,32.0
84533211169,1_623_42_2800_005015,,Farooq Ahmad Khan,,,43,Male,Owner,Marginal  Farmer(Farmer having land <1 Hectare),PENDING,,,false,,OPERATOR,921fd0e93f1e33c3c5958d38f26e64189651ad79b971acf69ac139536e2c5ad1,NjY5ODg3MzQ1ODg3,**** **** 5887,7006525184,,BANDIPORA,Sonawari,Rakh Shilvat,623,42,2800,56.0
29485284593,1_623_41_936283_005001,,Bashir Ahmad Bhat,,,46,Male,Owner,Marginal  Farmer(Farmer having land <1 Hectare),PENDING,,,false,,OPERATOR,9eec1550397c5de900b3f3b298dacf0da2a62aa5c866db7643a0351cdd81d559,NTI5NjM4OTIyMTg3,**** **** 2187,7006234186,,BANDIPORA,Bandipora,Watapora,623,41,936283,0.0
38090235141,1_623_41_2761_005010,,Irfan Ahmad Lone,,,34,Male,Owner,Marginal  Farmer(Farmer having land <1 Hectare),PENDING,,,false,,OPERATOR,fde973b9f8a1de2942f1e94f8c0ae72c529082c408d167c296f7f33c877d8a90,MzEwMDcyNzUwOTIx,**** **** 0921,6005797925,,BANDIPORA,Bandipora,Gamroo,623,41,2761,56.0
96697894079,1_623_41_2740_005031,,Ghulam Mohi Uddin Malik,,,56,Male,Owner,Marginal  Farmer(Farmer having land <1 Hectare),PENDING,,,false,,OPERATOR,caadf5420dcf90b2796ed69fdf82d79d41b31f09133362900b7dc07831e64266,Mzc4ODk4Nzg2OTc0,**** **** 6974,9906731657,,BANDIPORA,Bandipora,Khayar,623,41,2740,62.0
69503586041,1_623_40_2707_005095,,Rubeena Yaseen,,,24,Female,Owner,Marginal  Farmer(Farmer having land <1 Hectare),PENDING,,,false,,OPERATOR,32f99811d7046a9f78099e55807b571f76df167827cfa990c9c65072c6258219,MzYxNjU5MjgwMDc5,**** **** 0079,7006826280,,BANDIPORA,Gurez,Markoot,623,40,2707,55.0
23939530580,1_623_42_2812_005047,,RAJA BANO,,,41,Female,Owner,Marginal  Farmer(Farmer having land <1 Hectare),PENDING,,,false,,OPERATOR,58e873334f262e5773ddd189ff8cbeec58408c011eb08a913041dc062c955569,NzA5MjUyNTQ3MDc0,**** **** 7074,7889626206,,BANDIPORA,Sonawari,Sarai Dangarpora,623,42,2812,70.0
45916538279,1_623_42_2810_005056,,MOHD IBRAHIM BHAT,,,86,Male,Owner,Marginal  Farmer(Farmer having land <1 Hectare),PENDING,,,false,,OPERATOR,459af3b7788a1bc96915734c3b2a4808cf9180aaa1455c65eb5d7532e11b990a,OTYyMjIzODQ5MjE2,**** **** 9216,7889483468,,BANDIPORA,Sonawari,Odina,623,42,2810,43.0
13662852815,1_623_6812_2716_005087,,Mohammad Hussain Lone,,,26,Male,Owner,Marginal  Farmer(Farmer having land <1 Hectare),PENDING,,,false,,OPERATOR,42fdca56b82e66fc3c6b83b4524da764574e7be112d4b191bb1aa45ba1c5f290,NDAzMTM1MjczOTg1,**** **** 3985,9541393364,,BANDIPORA,Tulail,Neeru,623,6812,2716,56.0
65259053580,1_623_6811_2778_005035,,Saif Ud Din Dar,,,96,Male,Owner,Marginal  Farmer(Farmer having land <1 Hectare),PENDING,,,false,,OPERATOR,094eee24c04f3908b28951997e2706f6b683ba400a4d70d747359bef08841b2e,OTY5Njg4MDAwMDMz,**** **** 0033,9622453295,,BANDIPORA,Hajin,Gundi Saderkote,623,6811,2778,0.0
67804848964,1_623_41_2768_005065,,ABDUL AHAD LONE,,,76,Male,Owner,Marginal  Farmer(Farmer having land <1 Hectare),PENDING,,,false,,OPERATOR,3b7044558c4962cce1d59b2da4a658b0a5f3fb5714effc206518cd0dc55200a8,NTA4NzY1NjY5Mjk1,**** **** 9295,9622644185,,BANDIPORA,Bandipora,Garoora,623,41,2768,23.0
59426271396,1_623_6811_2789_005023,,AB RAHIM RATHER,,,58,Male,Owner,Marginal  Farmer(Farmer having land <1 Hectare),PENDING,,,false,,OPERATOR,e8bae5379c077d0229826421970814619325346b59cf90eb10a3b813f7cd39cd,MzQ3NTk0OTYxNzk4,**** **** 1798,9622368274,,BANDIPORA,Hajin,Kani Pora,623,6811,2789,54.0
78525960167,1_623_6812_2725_005020,,Faqir Mohd Mir,,,43,Male,Owner,Marginal  Farmer(Farmer having land <1 Hectare),PENDING,,,false,,OPERATOR,0231214abd8a2b12eb54b6de539243b424b58a1103e6f8c211271d153276386f,OTA4ODQyODE0MDk4,**** **** 4098,6006832502,,BANDIPORA,Tulail,Gujran,623,6812,2725,53.0
81026204050,1_623_41_2742_005004,,Zamrud Habib,,,46,Male,Owner,Marginal  Farmer(Farmer having land <1 Hectare),PENDING,,,false,,OPERATOR,cfaa5c7073a5107613f22da1e6f1c64c43cf29fe98b85fa8a5a73071622909ea,OTIwODUwOTk5NjI5,**** **** 9629,7006644600,,BANDIPORA,Bandipora,Panjigam,623,41,2742,0.0
35386946515,1_623_41_2764_005009,,Mohd Yousuf Wani,,,60,Male,Owner,Marginal  Farmer(Farmer having land <1 Hectare),PENDING,,,false,,OPERATOR,730e3687dbb728b8779a4c0c96a3c696752242bda50c8211413dd61c722b3be1,NDU3MjM5MzgyMzEw,**** **** 2310,9596212476,,BANDIPORA,Bandipora,Gund Dachina,623,41,2764,56.0
51493088727,1_623_40_2705_005028,,Mohd Afzal Mir,,,63,Male,Owner,Marginal  Farmer(Farmer having land <1 Hectare),PENDING,,,false,,OPERATOR,aac445b39a0f844c110c28837e3a4603cc1215c10c6d0ca37996bc4143c5de88,MjQxNzQ3NTU5NTEx,**** **** 9511,6006193212,,BANDIPORA,Gurez,Badwan,623,40,2705,53.0
29218471159,1_623_6811_2700_005050,,Firdous Ahmad Malla,,,41,Male,Owner,Marginal  Farmer(Farmer having land <1 Hectare),PENDING,,,false,,OPERATOR,378b96171c1f3291b5eac9d8d2eedc708889fd20e2a28f825e12cbbdf020bac7,ODEyNjc1ODEzNjI0,**** **** 3624,9149803632,,BANDIPORA,Hajin,Gulshanpora,623,6811,2700,44.0
85122353666,1_623_41_2761_005017,,Abdul Hamid Dar,,,70,Male,Owner,Marginal  Farmer(Farmer having land <1 Hectare),PENDING,,,false,,OPERATOR,4908f0d319dca940452c2eddaaed964cc91b20facd3e6f3ea7ee6cdb3c393d7f,ODI5Mzg3NDkzNDQy,**** **** 3442,9622762364,,BANDIPORA,Bandipora,Gamroo,623,41,2761,54.0
50786780876,1_623_6809_2744_005033,,Tanveer Ahmad Chopan,,,39,Male,Owner,Marginal  Farmer(Farmer having land <1 Hectare),PENDING,,,false,,OPERATOR,1746bd7623ea85ba8e78d14d562c7aa0c1cc157e3f3034d32441d940adb4e667,NjU3MTI0Nzc0Mzcx,**** **** 4371,8899282454,,BANDIPORA,Aloosa,Mangnipora,623,6809,2744,65.0
23280708203,1_623_42_2794_005138,,MOHD AKBAR RATHER,,,69,Male,Owner,Marginal  Farmer(Farmer having land <1 Hectare),PENDING,,,false,,OPERATOR,d3f27366d49b95e00ecd34b5dfb32dc40411c910ae66157831ea9e699d3b36a3,NjU5NzA4ODY1MTc5,**** **** 5179,9596121153,,BANDIPORA,Sonawari,Asham,623,42,2794,33.0
65592965567,1_623_41_2768_005029,,MOHAMMAD RAMZAN GANAIE,,,77,Male,Owner,Marginal  Farmer(Farmer having land <1 Hectare),PENDING,,,false,,OPERATOR,4e81d46921138dc6fbed0fae9f36c4f1635d774d7eec60998e51634a6240df6d,NjIwNDY5NzY5MDY3,**** **** 9067,9596380311,,BANDIPORA,Bandipora,Garoora,623,41,2768,0.0
68584918876,1_623_6812_2725_005031,,MOHD DILBAR KHAN,,,64,Male,Owner,Marginal  Farmer(Farmer having land <1 Hectare),PENDING,,,false,,OPERATOR,e79acd7733cafeb81898a936bcfcb1b2a9f8e0beb7737816ff9ca6d765929ced,Nzc1NTM2NDcxMzE5,**** **** 1319,6006523339,,BANDIPORA,Tulail,Gujran,623,6812,2725,23.0
50139560285,1_623_6811_2784_005021,,Riyaz Ahmad Bhat,,,48,Male,Owner,Marginal  Farmer(Farmer having land <1 Hectare),PENDING,,,false,,OPERATOR,bfc13f21887b6c441389e82e7d96393470664606f80b1f494e9312f166b4d8af,MzkyMDkwOTA0MTY5,**** **** 4169,6005545817,,BANDIPORA,Hajin,Gundi Boon,623,6811,2784,46.0
80359034526,1_623_42_2797_005068,,Faroq Ahmad Bhat,,,56,Male,Owner,Marginal  Farmer(Farmer having land <1 Hectare),PENDING,,,false,,OPERATOR,937cbfe3804436bc8642615debc166bdd9878496e364025ceb7c0f7005434bdd,OTE4NDA5NzExNTU1,**** **** 1555,9149991255,,BANDIPORA,Sonawari,Hilalabad,623,42,2797,46.0
15198121205,1_623_42_2794_005131,,Parveena Begum,,,37,Female,Owner,Marginal  Farmer(Farmer having land <1 Hectare),APPROVED,,,false,,OPERATOR,a46a9d5114d2a24306ca6b2b0acdf4fbdec391dceae720b3ef63a74904bbfcba,MjE4MTUzODgyMDM3,**** **** 2037,9797419399,,BANDIPORA,Sonawari,Asham,623,42,2794,90.0
31519788277,1_623_42_2815_005018,,Mohammad Ashraf Rather,,,53,Male,Owner,Marginal  Farmer(Farmer having land <1 Hectare),PENDING,,,false,,OPERATOR,1b2531b1224ec67a64ffb2692fd7d06866275bc27a4f3b0850e45861ed4c4fa0,ODQ5NzM5ODA0NDA0,**** **** 4404,7889987588,,BANDIPORA,Sonawari,Wahid pora,623,42,2815,65.0
81273027573,1_623_42_2800_005021,,Nazir Ahmad Khan,,,49,Male,Owner,Marginal  Farmer(Farmer having land <1 Hectare),PENDING,,,false,,OPERATOR,ac4482301fd14f222d362edc7fac36258b014d2f755d7c168cbff2cac371b733,NDE5MDI2MzYyMTMx,**** **** 2131,9541726002,,BANDIPORA,Sonawari,Rakh Shilvat,623,42,2800,56.0
92528764084,1_623_40_2707_005096,,Tasleema Banoo,,,26,Female,Owner,Marginal  Farmer(Farmer having land <1 Hectare),PENDING,,,false,,OPERATOR,9a54455d6f5498ffa27b620bf5eb2eda1c4ff1f4ee0d1a860c43162d4bb8f9b5,NTYxNjUzMDMyMTU1,**** **** 2155,7006492884,,BANDIPORA,Gurez,Markoot,623,40,2707,0.0
54337099462,1_623_6812_2716_005083,,Bilal Ahmad Khan,,,26,Male,Owner,Marginal  Farmer(Farmer having land <1 Hectare),PENDING,,,false,,OPERATOR,947fdd31de5831be86ff6f24696f2841d4d0a2928c1b56f5b6239c7ef6ef2dc8,NzQxMzEyODM5NzMx,**** **** 9731,9149656471,,BANDIPORA,Tulail,Neeru,623,6812,2716,0.0
37002040557,1_623_6811_2784_005022,,Gulzar Ahmad War,,,44,Male,Owner,Marginal  Farmer(Farmer having land <1 Hectare),PENDING,,,false,,OPERATOR,234ef1382ba171a753a1b050fd3366d90bc632e793ad18786a5ac538d1e608c0,MzU0NzE1ODI5OTc2,**** **** 9976,9797740461,,BANDIPORA,Hajin,Gundi Boon,623,6811,2784,56.0
50597414475,1_623_40_2705_005029,,Mohd Mushtaq Mir,,,53,Male,Owner,Marginal  Farmer(Farmer having land <1 Hectare),PENDING,,,false,,OPERATOR,4097588dafaff2de55f9c015592d5028bf6201c69b27d98cdf27044725c2a4ca,Njc0NzA0OTIzMjE0,**** **** 3214,7780835820,,BANDIPORA,Gurez,Badwan,623,40,2705,0.0
89504381109,1_623_41_936283_005009,,Mohammad Anwer Najar,,,64,Male,Owner,Marginal  Farmer(Farmer having land <1 Hectare),PENDING,,,false,,OPERATOR,6644af08cb5dc0e22abd52a14bc6ad274b82032fc6861ae27efd0a1c6195a67b,NTIxMTQxMjg3NjIz,**** **** 7623,7780912038,,BANDIPORA,Bandipora,Watapora,623,41,936283,35.0
36751787212,1_623_41_2763_005018,,BASHIR AHMAD BHAT,,,40,Male,Owner,Marginal  Farmer(Farmer having land <1 Hectare),PENDING,,,false,,OPERATOR,f497d13c0b80b2ac797187e4ac421f4c90d517a1376b50f02c647e29696e9ec8,NDY4MzA4OTk4ODMz,**** **** 8833,7006960098,,BANDIPORA,Bandipora,Nadihal,623,41,2763,44.0
47749765992,1_623_42_2812_005057,,Mohd Asadullah Rather,,,56,Male,Owner,Marginal  Farmer(Farmer having land <1 Hectare),PENDING,,,false,,OPERATOR,0986b3bee6a8667162c2776cf7b4930ced5c1993dae5c0aa7b06323f471a9a3d,NjI2Mzk3OTY4Mzg3,**** **** 8387,9906974416,,BANDIPORA,Sonawari,Sarai Dangarpora,623,42,2812,0.0
61993832871,1_623_6811_2784_005014,,Mohd Akbar Bhat,,,80,Male,Owner,Marginal  Farmer(Farmer having land <1 Hectare),PENDING,,,false,,OPERATOR,c500045fb3c4ec76959f1a4f3fca8f344e1c841b7c7041f1ecfd438020b97cb4,ODUyMjE2NTI2MjA2,**** **** 6206,9149635440,,BANDIPORA,Hajin,Gundi Boon,623,6811,2784,0.0
99992412385,1_623_42_2800_005031,,Habla Begum,,,78,Female,Owner,Marginal  Farmer(Farmer having land <1 Hectare),APPROVED,,,false,,OPERATOR,dbf3f8741b99e03e2a2f10e072f864d42f690499f25db9e226eeb9351fef3dc0,MjgzNTUyMjIyNTU2,**** **** 2556,9906481093,,BANDIPORA,Sonawari,Rakh Shilvat,623,42,2800,90.0
99122080883,1_623_40_2708_005101,,Jamil Ahmad Lone,,,44,Male,Owner,Marginal  Farmer(Farmer having land <1 Hectare),PENDING,,,false,,OPERATOR,acd089aee5829bd2ed7b4bede02f59dbf0ebb84e1d4f4488cfcb9d1ae3ecafad,NzEzMzYyMTYzODI2,**** **** 3826,6006332917,,BANDIPORA,Gurez,Shah Pora - Achoora (Churwan),623,40,2708,65.0
46175768443,1_623_42_2804_005015,,Gh Hussain Batoo,,,55,Male,Owner,Marginal  Farmer(Farmer having land <1 Hectare),PENDING,,,false,,OPERATOR,600c5067c935b6c2529c30fe11954e57c1d9baf055c8177036df151597922728,Njg5MDk3NjI2OTAz,**** **** 6903,9622471062,,BANDIPORA,Sonawari,Rakh Sultan Pora,623,42,2804,46.0
21716671025,1_623_42_2794_005141,,MOHD YOUSF BHAT,,,55,Male,Owner,Marginal  Farmer(Farmer having land <1 Hectare),PENDING,,,false,,OPERATOR,ab0f61780b284826831b232db079a998a36aa2238e6f906888216739aefe5a4f,OTMxNzU2Nzg0MTU0,**** **** 4154,9682555604,,BANDIPORA,Sonawari,Asham,623,42,2794,43.0
56781749547,1_623_40_2707_005097,,Bibi Begum,,,52,Female,Owner,Marginal  Farmer(Farmer having land <1 Hectare),PENDING,,,false,,OPERATOR,3a3aa1de4ae3c9de828e95821e016ce16fe519826a93d43fcb02e5c4db67ac72,OTk5MjI4OTg5NTM4,**** **** 9538,9682601994,,BANDIPORA,Gurez,Markoot,623,40,2707,46.0
57450508619,1_623_6810_2777_005027,,Mahtaba Begum,,,66,Female,Owner,Marginal  Farmer(Farmer having land <1 Hectare),APPROVED,,,false,,OPERATOR,15a846676a255d09311cb1c1b235d957ee02b3a0c1634de11db2231f06a4d26a,NTAwNDgxNjY1MjQ0,**** **** 5244,7051457642,,BANDIPORA,Ajas,Ajas,623,6810,2777,32.0
46576533281,1_623_6811_2700_005051,,MOHD ASHRAF BHAT,,,44,Male,Owner,Marginal  Farmer(Farmer having land <1 Hectare),PENDING,,,false,,OPERATOR,906e779b83da6d10ceb64965dc7e56bf24f8d48151384c3ddcbac82e42a46ec6,OTE3NTg1MDQ1Nzkw,**** **** 5790,9149717190,,BANDIPORA,Hajin,Gulshanpora,623,6811,2700,63.0
52682885146,1_623_6812_2725_005018,,MOHD SUHBAN KHAN,,,52,Male,Owner,Marginal  Farmer(Farmer having land <1 Hectare),PENDING,,,false,,OPERATOR,325b996e4c902b3a26ffe686d4931469e8fa180b67244417214bb252c36df2e1,OTE3MzEwNDM1MDQ0,**** **** 5044,8899998290,,BANDIPORA,Tulail,Gujran,623,6812,2725,45.0
28857392686,1_623_42_2797_005062,,WALI MOHD BHAT,,,61,Male,Owner,Marginal  Farmer(Farmer having land <1 Hectare),PENDING,,,false,,OPERATOR,b47fc8e7931942e52df0646267dbd982a50e77f665f850ccf8fc664dd17a27e0,Nzg0OTY3OTc0NTAy,**** **** 4502,9103185147,,BANDIPORA,Sonawari,Hilalabad,623,42,2797,43.0
80383084049,1_623_6812_2725_005019,,Ab Hameed Khan,,,46,Male,Owner,Marginal  Farmer(Farmer having land <1 Hectare),PENDING,,,false,,OPERATOR,f6afe399d9e4887b0a585d714e7bbad66cb8e349c5c13ddc298199f1c71a8b5c,NzE1NTI0MjEwMDU4,**** **** 0058,9149502684,,BANDIPORA,Tulail,Gujran,623,6812,2725,44.0
15697843128,1_623_40_2708_005099,,Reehana Parveen,,,51,Female,Owner,Marginal  Farmer(Farmer having land <1 Hectare),PENDING,,,false,,OPERATOR,c3dc980a0761d0c9a02465285e5aa450189e0ae705cf3c54b602853395a93b02,ODExMDUxMTM3MjM4,**** **** 7238,6005440568,,BANDIPORA,Gurez,Shah Pora - Achoora (Churwan),623,40,2708,49.0
51025291300,1_623_42_2812_005046,,Zarina,,,54,Female,Owner,Marginal  Farmer(Farmer having land <1 Hectare),PENDING,,,false,,OPERATOR,01940e6413771a1da7da0874caca0a55c382317c8bbfccf7c77835fb4f515bae,NDMxNTA1MzA1NzMx,**** **** 5731,6006964742,,BANDIPORA,Sonawari,Sarai Dangarpora,623,42,2812,70.0
74424358524,1_623_42_2815_005010,,Sarah Begum,,,56,Female,Owner,Marginal  Farmer(Farmer having land <1 Hectare),PENDING,,,false,,OPERATOR,0deb6b4825cfac8291901631a439f7459d834d104c0bfe970ffd046c310a2d3d,NDA3Mzc5OTQwODUy,**** **** 0852,9596474473,,BANDIPORA,Sonawari,Wahid pora,623,42,2815,0.0
89573507014,1_623_41_2768_005028,,GHULAM MOHAMMAD BHAT,,,67,Male,Owner,Marginal  Farmer(Farmer having land <1 Hectare),PENDING,,,false,,OPERATOR,b472e72e0b1c7f4476ac31c34ff2af585c973480a262441236caad0e25ef5787,NzI2NzY2NjQ4OTIw,**** **** 8920,7298584743,,BANDIPORA,Bandipora,Garoora,623,41,2768,53.0
68455638274,1_623_41_936281_005006,,Abdul Rehman Sheikh,,,69,Male,Owner,Marginal  Farmer(Farmer having land <1 Hectare),PENDING,,,false,,OPERATOR,6399aa8dcd6a506b893f857a833741d1eb34b9682a05cde455fed16ab72756f9,ODQzNjk1NDY4MTU0,**** **** 8154,9796570707,,BANDIPORA,Bandipora,Nass,623,41,936281,66.0
57297149588,1_623_42_2802_005004,,Mohammad Ishaq Valu,,,88,Male,Owner,Marginal  Farmer(Farmer having land <1 Hectare),PENDING,,,false,,OPERATOR,fa0380b3d02a1650ffe39e23b23ff8cad0364212ae5ad6f4876bfe1d3a980a9d,Njk5MTU1NDM1MzUx,**** **** 5351,9103550209,,BANDIPORA,Sonawari,NOWGAM,623,42,2802,37.0
34636748424,1_623_6811_2784_005013,,Mohd Akram Ganai,,,72,Male,Owner,Small Farmer (Farmer having Land >=1 & <2 Hectare),PENDING,,,false,,OPERATOR,0802ca4a5e7cc869e37f02c846486d878876aefe9ca5d3d6c241d8e0436dd013,MjE5ODExOTM1MTYy,**** **** 5162,7889728255,,BANDIPORA,Hajin,Gundi Boon,623,6811,2784,0.0
80684018185,1_623_6812_2712_005013,,Mohammad Munawar Lone,,,65,Male,Owner,Marginal  Farmer(Farmer having land <1 Hectare),PENDING,,,false,,OPERATOR,0c53c08854737293c83258e4435caf1e285c4955ce422454003670c3a32f3f55,NTQxMDM1MzAzMTA1,**** **** 3105,6006398421,,BANDIPORA,Tulail,Dengithal,623,6812,2712,0.0
69819033304,1_623_41_2742_005014,,Zahoor Iqbal Khan,,,51,Male,Owner,Marginal  Farmer(Farmer having land <1 Hectare),PENDING,,,false,,OPERATOR,dfa5e9773aa3611aa843b1ff1f17173d6c7cc56dd310acef6a9a3cf07a285d5c,ODkwMTM5NjYyMTAw,**** **** 2100,7889528073,,BANDIPORA,Bandipora,Panjigam,623,41,2742,65.0
61043425882,1_623_6811_2784_005028,,GULZAR AHMAD WANI,,,58,Male,Owner,Marginal  Farmer(Farmer having land <1 Hectare),PENDING,,,false,,OPERATOR,a9ab3981e0e715e89f0dbfe474b4ee877c916e18fc0ca6b2cc3fdb6f5fd5d1f6,NDI5Nzg1MTM5Mjc1,**** **** 9275,9596122648,,BANDIPORA,Hajin,Gundi Boon,623,6811,2784,46.0
94274577872,1_623_6810_2777_005059,,Ghulam Ahmad Rather,,,72,Male,Owner,Marginal  Farmer(Farmer having land <1 Hectare),APPROVED,,,false,,OPERATOR,4a4a1bcb07d87179a219b854abf089b4728d743d001cbae3e6233f4eb5d4a668,ODIwODg1Mzc3OTIz,**** **** 7923,9596207942,,BANDIPORA,Ajas,Ajas,623,6810,2777,43.0
14471113694,1_623_40_2707_005109,,Atta Mohammad Lone,,,71,Male,Owner,Marginal  Farmer(Farmer having land <1 Hectare),PENDING,,,false,,OPERATOR,27fbc621017c0724566043f739b5af181de3d9844f8e3ec57807cd931330b466,MjU5NjMzOTcwNzA4,**** **** 0708,6006079019,,BANDIPORA,Gurez,Markoot,623,40,2707,46.0
63024190169,1_623_6811_2784_005029,,Abdul Khaliq Shah,,,83,Male,Owner,Marginal  Farmer(Farmer having land <1 Hectare),PENDING,,,false,,OPERATOR,e4e09a6a7d585c1635f0fb58be36a67ef752488aba2c227bc4236678b54a31e3,MzE0NTQ0ODYzNzI0,**** **** 3724,9906935883,,BANDIPORA,Hajin,Gundi Boon,623,6811,2784,38.0
72662214371,1_623_41_2740_005033,,Mohammad Shaban Magray,,,60,Male,Owner,Marginal  Farmer(Farmer having land <1 Hectare),PENDING,,,false,,OPERATOR,36c3e7a16a2ea2e8fbf6381fe7988808438aab7df10d5ab03d907dd48a558217,ODc3OTY0NTk5MDEx,**** **** 9011,9797186315,,BANDIPORA,Bandipora,Khayar,623,41,2740,56.0
96424359396,1_623_6812_2725_005034,,MOHD KHALIL LONE,,,66,Male,Owner,Marginal  Farmer(Farmer having land <1 Hectare),APPROVED,,,false,,OPERATOR,a5875b16ac05733bab1de42d8c0218113328c05ea234ba300cd6baf8a3f5bf2a,NTEwMzY2MjMxMDgz,**** **** 1083,6005592881,,BANDIPORA,Tulail,Gujran,623,6812,2725,43.0
32994806462,1_623_41_2740_005060,,Ghulam Hassan Malik,,,70,Male,Owner,Marginal  Farmer(Farmer having land <1 Hectare),PENDING,,,false,,OPERATOR,d66970df2d17f737fa51d01136e811ca2d64c44cb03c11c256b8d540d7e1ff07,ODQ5NDAzOTA0OTA5,**** **** 4909,9797256538,,BANDIPORA,Bandipora,Khayar,623,41,2740,56.0
81351107121,1_623_6812_2716_005081,,FAROOQ AHMAD MIR,,,36,Male,Owner,Marginal  Farmer(Farmer having land <1 Hectare),PENDING,,,false,,OPERATOR,86ca86fbba72ffafe3d70fec7c7b9b9c5b4733918811eb066d9b4b50a460ede2,Njk1NzkxMTQxNTc0,**** **** 1574,6006731761,,BANDIPORA,Tulail,Neeru,623,6812,2716,56.0
66384102123,1_623_42_2794_005142,,Ab Quyoom Khan,,,53,Male,Owner,Marginal  Farmer(Farmer having land <1 Hectare),PENDING,,,false,,OPERATOR,12bff6c17fc4cfe961d7d54ffa090cf92e7a51c648a99739157f2c0c06c7c80f,NjU0OTUyNTY4NTg4,**** **** 8588,6005760040,,BANDIPORA,Sonawari,Asham,623,42,2794,61.0
84771711918,1_623_41_2740_005055,,SHOWKET AHMAD LONE,,,49,Male,Owner,Marginal  Farmer(Farmer having land <1 Hectare),PENDING,,,false,,OPERATOR,ed82de29ac910daf362e6f7497321bfd4cb2a80c8cac2f16f958947bb6c79256,MjU4MjY5MzgwMzg4,**** **** 0388,7051532379,,BANDIPORA,Bandipora,Khayar,623,41,2740,0.0
86127800145,1_623_41_2763_005011,,Gh Rasool Wani,,,64,Male,Owner,Marginal  Farmer(Farmer having land <1 Hectare),PENDING,,,false,,OPERATOR,6ab3d663440401d543407b8cf5cdce8995a1b8b0f492bc1bef9ea68daab23c83,NDk3MTU5MTAxMjA5,**** **** 1209,9797759912,,BANDIPORA,Bandipora,Nadihal,623,41,2763,53.0
49428462161,1_623_41_2768_005031,,Mohmad Abdullah Sheikh,,,65,Male,Owner,Marginal  Farmer(Farmer having land <1 Hectare),PENDING,,,false,,OPERATOR,1459e3aa734f5874f28e7a1c30fec22f7afd5228ecbd3c9801e9d15d747b6128,MjU1MTM3OTAyODg1,**** **** 2885,6006306511,,BANDIPORA,Bandipora,Garoora,623,41,2768,55.0
36094615021,1_623_41_936281_005009,,Mushtaq Ahmad Sheikh,,,45,Male,Owner,Marginal  Farmer(Farmer having land <1 Hectare),PENDING,,,false,,OPERATOR,01f4e79140d37a9d8a1e28f1065c5cd6ca254032458337bb4d5961898c60c929,NTA3Njc3ODQ5ODE0,**** **** 9814,8899629970,,BANDIPORA,Bandipora,Nass,623,41,936281,56.0
72665503517,1_623_6811_2789_005025,,Mohammad Akbar Rather,,,60,Male,Owner,Marginal  Farmer(Farmer having land <1 Hectare),PENDING,,,false,,OPERATOR,68600cec618fbe1bc626afe9e6cf4e7d353c3dd676c51333b822cb7b8e79e568,MzgyNzQ5MjA4NTU4,**** **** 8558,9596882973,,BANDIPORA,Hajin,Kani Pora,623,6811,2789,53.0
14846331630,1_623_40_2708_005102,,Zahoor Ahmad Akhoon,,,48,Male,Owner,Marginal  Farmer(Farmer having land <1 Hectare),PENDING,,,false,,OPERATOR,efd549feadcb4d821a048c457af0ff13ba58b4d9c8640656f349d8b238687b4a,NzEzOTc0NjQ1ODc3,**** **** 5877,6005497483,,BANDIPORA,Gurez,Shah Pora - Achoora (Churwan),623,40,2708,54.0
59271795209,1_623_42_2810_005057,,MOHAMMAD YOUSUF BHAT,,,60,Male,Owner,Marginal  Farmer(Farmer having land <1 Hectare),PENDING,,,false,,OPERATOR,884e3da7ef321d33e31bada3b775c8812c2eee2961a047ce88cab8a5deabccfc,MjE3MzU4ODM2Njcy,**** **** 6672,9541211959,,BANDIPORA,Sonawari,Odina,623,42,2810,61.0
31868680048,1_623_40_936275_005051,,ABDUL REHMAN WANI,,,64,Male,Owner,Marginal  Farmer(Farmer having land <1 Hectare),PENDING,,,false,,OPERATOR,bb9f9356dde077ba302255c8aedf8f83cdb490c368187cf518ef8dfde6850071,MzA3Mjk0MTYwMjQz,**** **** 0243,9484288290,,BANDIPORA,Gurez,Gulshanpora,623,40,936275,23.0
61090873417,1_623_41_2742_005024,,MOHD AMIN KHAN,,,70,Male,Owner,Marginal  Farmer(Farmer having land <1 Hectare),PENDING,,,false,,OPERATOR,6750a0d3e910934ed326437435cea9a34315949fd1b6f5a79b83648db41491f3,MjczMDc5NTkwMTY2,**** **** 0166,8491828203,,BANDIPORA,Bandipora,Panjigam,623,41,2742,53.0
31643894519,1_623_6811_2784_005015,,Mohammad Ayoub Bhat,,,58,Male,Owner,Marginal  Farmer(Farmer having land <1 Hectare),PENDING,,,false,,OPERATOR,4818e6c5d906a3bc0368155d2ef16e2f74795d214a637566b23b29872cdc08a9,NDM1NzkzOTkzOTcy,**** **** 3972,9103599811,,BANDIPORA,Hajin,Gundi Boon,623,6811,2784,56.0
26227539682,1_623_42_2797_005065,,AB RAHEEM BHAT,,,76,Male,Owner,Marginal  Farmer(Farmer having land <1 Hectare),PENDING,,,false,,OPERATOR,7b6787e09d77a19fa9b3466202afe8ad155d50f24dd4a6d294a9b496e658915b,ODQ2OTExMjk3MTYy,**** **** 7162,9596214359,,BANDIPORA,Sonawari,Hilalabad,623,42,2797,43.0
40480008310,1_623_41_2740_005042,,Reyaz Ahmad Lone,,,28,Male,Owner,Marginal  Farmer(Farmer having land <1 Hectare),PENDING,,,false,,OPERATOR,6753d98f789c3248aa17d98b3c1aabe797935f27f1b7d1779b5fcaa9075ef3ec,OTUwNTE0Njk4MzU5,**** **** 8359,6005474210,,BANDIPORA,Bandipora,Khayar,623,41,2740,66.0
48044962833,1_623_6811_2774_005006,,Kousar Altaf,,,30,Female,Owner,Marginal  Farmer(Farmer having land <1 Hectare),PENDING,,,false,,OPERATOR,e5236ee6680dd3d005e47a82ce3a33da6b247285fc355c765c2eba0762fdf127,NDUxOTkxMzc1MTg5,**** **** 5189,9906518095,,BANDIPORA,Hajin,Rakh i Hajin,623,6811,2774,25.0
54136726071,1_623_40_2708_005103,,NOOR MOHD LONE,,,60,Male,Owner,Marginal  Farmer(Farmer having land <1 Hectare),PENDING,,,false,,OPERATOR,00342b1a27aec37961735ff6411fb617bacfedb490d7698991990b86c74ae947,MzUyNzAwODYwODA4,**** **** 0808,6005649790,,BANDIPORA,Gurez,Shah Pora - Achoora (Churwan),623,40,2708,44.0
40507750796,1_623_42_2804_005009,,Abid Hussain Malla,,,35,Male,Owner,Marginal  Farmer(Farmer having land <1 Hectare),PENDING,,,false,,OPERATOR,9d9f1f6e59282ffb453c0d72e930edbe52fcdc75471e890673d5b59266c15bac,MjgwMjE5MDY3Mjk5,**** **** 7299,7006925330,,BANDIPORA,Sonawari,Rakh Sultan Pora,623,42,2804,65.0
81149552890,1_623_40_2707_005098,,Ali Mohd Lone,,,48,Male,Owner,Marginal  Farmer(Farmer having land <1 Hectare),PENDING,,,false,,OPERATOR,2ce4dfa087b4ea4e0d1bdb68077cf877f9abdf75940150ad2e2b22d9db766bc8,NjY2Mjk3ODI1OTMx,**** **** 5931,7006497232,,BANDIPORA,Gurez,Markoot,623,40,2707,62.0
92089407584,1_623_6810_2777_005070,,Gh Mohd Rather,,,61,Male,Owner,Marginal  Farmer(Farmer having land <1 Hectare),PENDING,,,false,,OPERATOR,ac59c0956ab2ba55eff2f7d86f6f78be3b9cbb771c715036eac257de2f82d8bc,MzY2MjgwNTg4ODc4,**** **** 8878,9622549469,,BANDIPORA,Ajas,Ajas,623,6810,2777,0.0
89715716992,1_623_41_2742_005015,,Mohamad Maqsood Khan,,,56,Male,Owner,Marginal  Farmer(Farmer having land <1 Hectare),PENDING,,,false,,OPERATOR,c92072b7edf920ea743072d71b2027b589c978e9645f754d55366e258c29eeda,MzAzMzE1MTEwNzY0,**** **** 0764,9596300205,,BANDIPORA,Bandipora,Panjigam,623,41,2742,66.0
60184881503,1_623_6812_2716_005088,,Manzoor Ahmed Lone,,,21,Male,Owner,Marginal  Farmer(Farmer having land <1 Hectare),PENDING,,,false,,OPERATOR,0cbb9465e8a8ffe0b60c63b586bd0e36988dc290846d8c5ca7256ebb5532441f,OTI2ODczMzM1ODY3,**** **** 5867,6006128989,,BANDIPORA,Tulail,Neeru,623,6812,2716,56.0
36093373450,1_623_42_2804_005023,,Ghulam Mohd Malla,,,51,Male,Owner,Marginal  Farmer(Farmer having land <1 Hectare),PENDING,,,false,,OPERATOR,d17dcb71e3596290ad933e7eb647e63b9baae902bd82364b43cdaee627cd8a70,ODQ4NTk1NzQ5NzM2,**** **** 9736,9797728083,,BANDIPORA,Sonawari,Rakh Sultan Pora,623,42,2804,62.0
13990268581,1_623_41_2763_005029,,Abdul Rehman Bhat,,,73,Male,Owner,Marginal  Farmer(Farmer having land <1 Hectare),PENDING,,,false,,OPERATOR,a2d85b82d88d852f0c707c43dc7ea8adf71dfff3f7d4ab2e07d976cfa54a336b,MzU5OTMzOTE4MjM3,**** **** 8237,9906448504,,BANDIPORA,Bandipora,Nadihal,623,41,2763,55.0
37842867969,1_623_6811_2784_005030,,Nazir Ahmad Butt,,,39,Male,Owner,Marginal  Farmer(Farmer having land <1 Hectare),PENDING,,,false,,OPERATOR,b686d0690a81384120371bbd3443755d086ee3907d434f9521281b27aee0fed0,NDU4NTA1MzkwODcy,**** **** 0872,6005485348,,BANDIPORA,Hajin,Gundi Boon,623,6811,2784,56.0
29746272852,1_623_41_2761_005036,,Farooq Ahmad Sheikh,,,54,Male,Owner,Marginal  Farmer(Farmer having land <1 Hectare),PENDING,,,false,,OPERATOR,1c6378d67ca34f6e329a15a375ff756c5b5ac08948322f19473612cd1a203908,ODE4NDMzMzExMjgy,**** **** 1282,9682536656,,BANDIPORA,Bandipora,Gamroo,623,41,2761,56.0
97866233928,1_623_6812_2712_005017,,Farooq Ahmad Shiekh,,,46,Male,Owner,Marginal  Farmer(Farmer having land <1 Hectare),PENDING,,,false,,OPERATOR,602e95f1dbe9b3640a3e53b483dfb6eb66a9eaadcc243d867e3a0fb12bd0a918,NzM0MzgxNzI2MTE2,**** **** 6116,9682643179,,BANDIPORA,Tulail,Dengithal,623,6812,2712,0.0
41045836086,1_623_42_2797_005072,,GH NABI BHAT,,,46,Male,Owner,Marginal  Farmer(Farmer having land <1 Hectare),PENDING,,,false,,OPERATOR,d90f46a8e4f46297053c76ac22ac89766c1ccfd9747274210928b60f5cafedb6,MjU0ODkyNDU1NTk0,**** **** 5594,9906496675,,BANDIPORA,Sonawari,Hilalabad,623,42,2797,43.0
57116987068,1_623_41_936281_005014,,Ghulam Mohammad Nagoo,,,66,Male,Owner,Marginal  Farmer(Farmer having land <1 Hectare),PENDING,,,false,,OPERATOR,dc4b52b586c1751c48f553941e5cf9e41fb936abd1b0ffdd819070c277d53e39,MzY3OTQyMjkzMDcy,**** **** 3072,9797815875,,BANDIPORA,Bandipora,Nass,623,41,936281,0.0
73677309848,1_623_42_2820_005012,,Manzoor Ahmad Reshi,,,48,Male,Owner,Marginal  Farmer(Farmer having land <1 Hectare),PENDING,,,false,,OPERATOR,5678a93f3d5d2448c1a39e1fcbf889e9580238703884c190b60426296c431730,NjQzMzcyODE0NDkw,**** **** 4490,9682381515,,BANDIPORA,Sonawari,Sumbal Inderkote,623,42,2820,0.0
58402282014,1_623_41_936283_005002,,Mohammd Khalil Bhat,,,71,Male,Owner,Marginal  Farmer(Farmer having land <1 Hectare),PENDING,,,false,,OPERATOR,e521640376612c528c0ff8253cb0519e791865afa59a3cdb286880cea6c6ada0,NzkwMDU4MTEwMjQx,**** **** 0241,7051678326,,BANDIPORA,Bandipora,Watapora,623,41,936283,0.0
64756598645,1_623_40_2708_005100,,Gh Mohi Duian Lone,,,66,Male,Owner,Marginal  Farmer(Farmer having land <1 Hectare),PENDING,,,false,,OPERATOR,2c15d56e6ca5c00a1edad564b70b5c3ae215679bfbeb97c2c379d8a6793a79d5,ODUyNTkxNDE0ODQ0,**** **** 4844,9622699291,,BANDIPORA,Gurez,Shah Pora - Achoora (Churwan),623,40,2708,35.0
33428410662,1_623_42_2815_005011,,Abdul Khaliq Parra,,,57,Male,Owner,Marginal  Farmer(Farmer having land <1 Hectare),PENDING,,,false,,OPERATOR,8e580d794a47797bed97ced465c1daea259f7e7bfa807039c4e513582bb2c3d8,NTQzMDcyNDE0NDU0,**** **** 4454,7298746651,,BANDIPORA,Sonawari,Wahid pora,623,42,2815,31.0
79929314601,1_623_41_2763_005010,,Ghulam Rasool Bhat,,,73,Male,Owner,Marginal  Farmer(Farmer having land <1 Hectare),PENDING,,,false,,OPERATOR,d6337babee681026bb107536905a292bff40eeb7d73e0d2ee6f5a2bf42449579,NTgxOTg5ODUwMjUx,**** **** 0251,8899434014,,BANDIPORA,Bandipora,Nadihal,623,41,2763,46.0
91689406505,1_623_40_936275_005048,,JAMEEL AHMAD HAJAM,,,52,Male,Owner,Marginal  Farmer(Farmer having land <1 Hectare),PENDING,,,false,,OPERATOR,c6a65de6ac4bb9e3f0f4783011a8657f075246810e35111e4af89e0b4fc15edc,NzM2MDI4MjY1MDk0,**** **** 5094,9149432121,,BANDIPORA,Gurez,Gulshanpora,623,40,936275,22.0
26505027450,1_623_6811_2774_005003,,GH RASOOL DAR,,,66,Male,Owner,Marginal  Farmer(Farmer having land <1 Hectare),PENDING,,,false,,OPERATOR,4da17de0fe07840976d7f47e86eef38ddb0cdc5f1a6823d6986e5157f2d26172,NzMwNTQ1OTQ0OTc3,**** **** 4977,8899878732,,BANDIPORA,Hajin,Rakh i Hajin,623,6811,2774,43.0
23813914301,1_623_41_2761_005011,,Abdul Rahim Lone,,,65,Male,Owner,Marginal  Farmer(Farmer having land <1 Hectare),PENDING,,,false,,OPERATOR,e7563fcf7e34be0c743eedb47365be0c88e7989f4e1026232d5b54e6f95def78,MjMyMDk0Mzk5MjY3,**** **** 9267,9541795334,,BANDIPORA,Bandipora,Gamroo,623,41,2761,56.0
77901097530,1_623_41_936281_005007,,Gulzar Ahmad Nagoo,,,65,Male,Owner,Marginal  Farmer(Farmer having land <1 Hectare),PENDING,,,false,,OPERATOR,b47ae36199fb4db16c8fe412dda0ba86f96b4e82850e8677c5560ad41fc56451,NDQ5OTMxNDUxOTI5,**** **** 1929,9906444391,,BANDIPORA,Bandipora,Nass,623,41,936281,66.0
44717871595,1_623_6812_2712_005014,,ABDUL AZIZ LONE,,,85,Male,Owner,Marginal  Farmer(Farmer having land <1 Hectare),PENDING,,,false,,OPERATOR,e4e29edfb4ae053679b1f940915566f1dd66c0ab1cd8ba7b77f11b33f1dd8275,NTk2MjQ4NzY2Nzgx,**** **** 6781,9103555917,,BANDIPORA,Tulail,Dengithal,623,6812,2712,23.0
68739600186,1_623_42_2800_005017,,Abdul Majeed Malla,,,56,Male,Owner,Marginal  Farmer(Farmer having land <1 Hectare),PENDING,,,false,,OPERATOR,01345f8f11a6caaff145b4ddafad861b2128c895db3a9ae6aff8860ad30d0d00,OTQ1ODU4OTE4NDA5,**** **** 8409,9541496603,,BANDIPORA,Sonawari,Rakh Shilvat,623,42,2800,0.0
30892981297,1_623_42_2820_005010,,Zahoor Ahmad Reshi,,,47,Male,Owner,Marginal  Farmer(Farmer having land <1 Hectare),PENDING,,,false,,OPERATOR,320d6b80ef7ea6199080c991988e0c0e33fae676df88901375f2548667347740,Nzk4MTY3Mjg5MjUw,**** **** 9250,6006373896,,BANDIPORA,Sonawari,Sumbal Inderkote,623,42,2820,0.0
51097002465,1_623_6811_2789_005024,,ABDUL AHAD DAR,,,66,Male,Owner,Marginal  Farmer(Farmer having land <1 Hectare),PENDING,,,false,,OPERATOR,b7f537c5937543e8ab0328de07421e1bef7445a9e0a51cb549e725ccc2c093a6,MjA0NzAzNDIyNzc2,**** **** 2776,9682147342,,BANDIPORA,Hajin,Kani Pora,623,6811,2789,33.0
33520232233,1_623_6810_2777_005053,,Bashir Ahmad Bhat,,,51,Male,Owner,Marginal  Farmer(Farmer having land <1 Hectare),APPROVED,,,false,,OPERATOR,832517c141a91dbd46e92b265eff69debb6000e2d205c07202774a59144f3617,MjMyNDgyMzk0MDUy,**** **** 4052,9622811097,,BANDIPORA,Ajas,Ajas,623,6810,2777,56.0
13232305477,1_623_42_2794_005132,,Rubeena Begum,,,42,Female,Owner,Marginal  Farmer(Farmer having land <1 Hectare),APPROVED,,,false,,OPERATOR,7839cc4d9e4f1bb63b6fc6438177cad4033285790bd9bebbf36959e68eb30275,NTUyNTkxNTY2NjQx,**** **** 6641,8899091935,,BANDIPORA,Sonawari,Asham,623,42,2794,88.0
44213277647,1_623_42_2815_005012,,Abdul Rashid Dar,,,61,Male,Owner,Marginal  Farmer(Farmer having land <1 Hectare),PENDING,,,false,,OPERATOR,309c64385639007a7bf67b180adb3e686889ba38c50af9cc9406c47ba96fa183,NDQ3MDExNDI4NjIy,**** **** 8622,9596026696,,BANDIPORA,Sonawari,Wahid pora,623,42,2815,55.0
19407955826,1_623_42_2808_005026,,Farooq Ahmad Bhat,,,48,Male,Owner,Marginal  Farmer(Farmer having land <1 Hectare),PENDING,,,false,,OPERATOR,af2cd956a7ae08e3774884dbc7a5b6d8541e7db520a09aa87c43f543fce00ff0,NDMyODc1MDA0MTcx,**** **** 4171,7889343486,,BANDIPORA,Sonawari,Gund i Khalil,623,42,2808,65.0
59649410319,1_623_40_936275_005049,,GH MOHD LONE,,,68,Male,Owner,Marginal  Farmer(Farmer having land <1 Hectare),PENDING,,,false,,OPERATOR,ceede6d907d51e0333924f1d1c3823d36f5933f5430e3d3d68522805c084019e,OTQxODM3NDM1NTA1,**** **** 5505,7889650063,,BANDIPORA,Gurez,Gulshanpora,623,40,936275,51.0
61121171945,1_623_41_2742_005005,,Tariq Ahmad Khan,,,45,Male,Owner,Marginal  Farmer(Farmer having land <1 Hectare),PENDING,,,false,,OPERATOR,5ad42804cd289bc2388b29a8f3f2974241c13decce99c9c33ba7ffb249887893,NzE1Nzg5MTE2NTEz,**** **** 6513,9596660415,,BANDIPORA,Bandipora,Panjigam,623,41,2742,46.0
13065822384,1_623_42_2797_005063,,GH AHMAD PARAY,,,66,Male,Owner,Marginal  Farmer(Farmer having land <1 Hectare),PENDING,,,false,,OPERATOR,e5258c1055e8c9e8fcb01160485c55eb054da544a7d44dad9e923ed5d0472c67,MzE2MDQ4MDYwOTUw,**** **** 0950,6006807395,,BANDIPORA,Sonawari,Hilalabad,623,42,2797,43.0
53359158822,1_623_41_2768_005030,,MOHAMMAD ANWAR GANAIE,,,82,Male,Owner,Small Farmer (Farmer having Land >=1 & <2 Hectare),PENDING,,,false,,OPERATOR,2dd0f369effe13373743c8d0fdf5876d4dd61a53d62dc984df09c370cb441326,NTQwMzI3NzI3MDc2,**** **** 7076,8899470039,,BANDIPORA,Bandipora,Garoora,623,41,2768,46.0
22777565271,1_623_42_2808_005027,,NOOR MOHD BHAT,,,73,Male,Owner,Marginal  Farmer(Farmer having land <1 Hectare),PENDING,,,false,,OPERATOR,1f4de39cd8458b95b69f8819414fbdd6f3ffe713789581348efd20800eae1ab3,OTQwNTUzMjIzNTA5,**** **** 3509,7889343486,,BANDIPORA,Sonawari,Gund i Khalil,623,42,2808,52.0
14823709093,1_623_42_2812_005048,,Nazir Ahmad Rather,,,46,Male,Owner,Marginal  Farmer(Farmer having land <1 Hectare),PENDING,,,false,,OPERATOR,1971bbf1a81fc207292642ccfb842e4bf7310bfb08021899e4fc4e5289c58887,OTM3MTg0OTMzOTcw,**** **** 3970,7889759872,,BANDIPORA,Sonawari,Sarai Dangarpora,623,42,2812,56.0
83886449716,1_623_6812_2725_005021,,Gh Mlohd Khan,,,66,Male,Owner,Marginal  Farmer(Farmer having land <1 Hectare),PENDING,,,false,,OPERATOR,8bb7a722b26a0225bda607a38b397d0fa45253c0bb4a17e5ef8b3216f0e61c62,MjQxMzkwOTU3Nzcw,**** **** 7770,6006174162,,BANDIPORA,Tulail,Gujran,623,6812,2725,25.0
32520160623,1_623_41_936281_005008,,Javid Ahmad Paray,,,38,Male,Owner,Marginal  Farmer(Farmer having land <1 Hectare),PENDING,,,false,,OPERATOR,8af4206d49cc76f52c54f1d88b8dfdf76693b9c95ec92a8b7598a7c50a2a6c27,NjUxMDk2OTA2MzY1,**** **** 6365,7051491375,,BANDIPORA,Bandipora,Nass,623,41,936281,66.0
76407836331,1_623_40_2705_005030,,Ghulam Mohammad Mir,,,79,Male,Owner,Marginal  Farmer(Farmer having land <1 Hectare),PENDING,,,false,,OPERATOR,8acd1f6fd8851d0f0470a8ed943420227144b7a5f278993c5e9a1468db14478f,NTIxMTczMTA0NzQy,**** **** 4742,9797853375,,BANDIPORA,Gurez,Badwan,623,40,2705,56.0
58126450644,1_623_42_2794_005133,,MOHD SIULTAN KHAN,,,51,Male,Owner,Marginal  Farmer(Farmer having land <1 Hectare),PENDING,,,false,,OPERATOR,a8bcfabd3afbfc8bb0a3de20350e3b03a9666476451597a1210f66749b1fe3a3,NDQzNDM3NDMwNDU4,**** **** 0458,7006717510,,BANDIPORA,Sonawari,Asham,623,42,2794,25.0
69840634639,1_623_6812_2712_005015,,Gh Mohmed Sheikh,,,69,Male,Owner,Marginal  Farmer(Farmer having land <1 Hectare),PENDING,,,false,,OPERATOR,b28c577dabfdf80bcb0debd09444dcaf2b0a796bf1d4de88fe895b910bc698d9,NDkzMTU1MTI5Njc0,**** **** 9674,6005603602,,BANDIPORA,Tulail,Dengithal,623,6812,2712,43.0
51213655408,1_623_41_2764_005006,,Mohmad Abdullah Wani,,,67,Male,Owner,Marginal  Farmer(Farmer having land <1 Hectare),PENDING,,,false,,OPERATOR,3d58436ba67f90da286718a63d06245d6d5211a4ee8d20ba0a7fb884d6d87aac,OTgzMzg1ODk4Mjc5,**** **** 8279,8899950758,,BANDIPORA,Bandipora,Gund Dachina,623,41,2764,64.0
63431311478,1_623_42_2812_005049,,Ghulam Mohammad Kawa,,,33,Male,Owner,Marginal  Farmer(Farmer having land <1 Hectare),PENDING,,,false,,OPERATOR,1c183d2bdb75c4115bc6acef4e59ce0817fb2e158fe41e4e8fedb9a57f243daa,NjI4NjgyMjUzNzg4,**** **** 3788,9149599802,,BANDIPORA,Sonawari,Sarai Dangarpora,623,42,2812,65.0
92785933840,1_623_42_2797_005064,,Shamus Din Rather,,,47,Male,Owner,Marginal  Farmer(Farmer having land <1 Hectare),PENDING,,,false,,OPERATOR,74d1966c924458f6e70808947972aacde51e8a31de5310a2d02b9ebf5ac16012,ODY3ODY4MjA5MzQ4,**** **** 9348,9469060377,,BANDIPORA,Sonawari,Hilalabad,623,42,2797,44.0
46200492486,1_623_42_2812_005050,,Nazir Ahmad Rather,,,86,Male,Owner,Marginal  Farmer(Farmer having land <1 Hectare),PENDING,,,false,,OPERATOR,2437f9b7b21c93fee803f5c41a15508d2b368dcd93149957455af7380c7e649a,ODI2MjQyOTQyNjY5,**** **** 2669,9906494950,,BANDIPORA,Sonawari,Sarai Dangarpora,623,42,2812,0.0
54329188908,1_623_41_2742_005006,,Showkat Ali Mir,,,54,Male,Owner,Marginal  Farmer(Farmer having land <1 Hectare),PENDING,,,false,,OPERATOR,a1e301795b4d09366912e98cf4c1ceef35cb3796b32ede196cdd614e4a746d57,MjMyNTY4Nzc2MTIz,**** **** 6123,9596921539,,BANDIPORA,Bandipora,Panjigam,623,41,2742,56.0
48307502948,1_623_6812_2725_005022,,Kamal Lone,,,66,Male,Owner,Marginal  Farmer(Farmer having land <1 Hectare),PENDING,,,false,,OPERATOR,92a912d5fa0e18dc7518f37b0e0cd4bb95cae0cdbc699435ab5ec9b662c703e3,OTg5OTA3MDA5Njg3,**** **** 9687,6006971410,,BANDIPORA,Tulail,Gujran,623,6812,2725,0.0
42303889310,1_623_42_2794_005134,,Ab Majid Bhat,,,56,Male,Owner,Marginal  Farmer(Farmer having land <1 Hectare),PENDING,,,false,,OPERATOR,f17dca4d154daddeb923dd462ed06f2edda3561e68a02bc5c81e8acdfda96042,Njc1OTQ1MjA3MDM0,**** **** 7034,9596195561,,BANDIPORA,Sonawari,Asham,623,42,2794,53.0
64579373479,1_623_6812_2712_005016,,Mohd RAMZAN SHEIKH,,,51,Male,Owner,Marginal  Farmer(Farmer having land <1 Hectare),PENDING,,,false,,OPERATOR,a5060ba925409306e6668dea4d8bb108678c6e06b818559367d461b6579f8386,NjE1OTI1MDMzMzM5,**** **** 3339,9682641450,,BANDIPORA,Tulail,Dengithal,623,6812,2712,62.0
28394680253,1_623_6811_2778_005028,,Ishfaq Ahmad Bhat,,,30,Male,Owner,Marginal  Farmer(Farmer having land <1 Hectare),PENDING,,,false,,OPERATOR,6857a779d5bc05e3aa3c9ca868fc769f2fa75756dd9b6e2e43f6d18ef9fd8fdc,NDU3NDMzNzczNTQw,**** **** 3540,7889539072,,BANDIPORA,Hajin,Gundi Saderkote,623,6811,2778,56.0
72917896828,1_623_6812_2725_005055,,AB QADIR KHAN,,,66,Male,Owner,Marginal  Farmer(Farmer having land <1 Hectare),PENDING,,,false,,OPERATOR,4b92ce761bd8c97d3c5c8dceca38a976ba222299b36df318a48c537005e3998e,MjUxNDEyOTg5MDkw,**** **** 9090,7006140177,,BANDIPORA,Tulail,Gujran,623,6812,2725,22.0
13073498417,1_623_42_2810_005061,,MOHD SHABAN BHAT,,,60,Male,Owner,Marginal  Farmer(Farmer having land <1 Hectare),PENDING,,,false,,OPERATOR,b8960217066883ad1efc1f0b514bdcbd4a94bf764dcb3b3e1aa7428d3c876343,MjE4MTMyOTI2MjUz,**** **** 6253,9149875108,,BANDIPORA,Sonawari,Odina,623,42,2810,0.0
77376475135,1_623_41_936283_005008,,FAROOQ AHMAD KHAN,,,63,Male,Owner,Marginal  Farmer(Farmer having land <1 Hectare),PENDING,,,false,,OPERATOR,d3f98c7f09858770818337c8aed085d9a2775c44eb8c34a32ad754ae3ede5776,ODczODcwMzUyNTU5,**** **** 2559,7006461847,,BANDIPORA,Bandipora,Watapora,623,41,936283,46.0
31775804427,1_623_6812_2725_005023,,Mohd Ashraf Khan,,,46,Male,Owner,Marginal  Farmer(Farmer having land <1 Hectare),PENDING,,,false,,OPERATOR,e4ac90abe8a86001f3ae261835c5d635732bc172cb2ca335f7b066848082e0b7,MzAxMDgyOTk2Mzk2,**** **** 6396,9103091201,,BANDIPORA,Tulail,Gujran,623,6812,2725,0.0
77967247442,1_623_41_936279_005002,,Rehmatullah Lone,,,76,Male,Owner,Marginal  Farmer(Farmer having land <1 Hectare),PENDING,,,false,,OPERATOR,775a7c4024758b4878198db1d430a37a6a4309f5516b8a0d801f9e9084700558,ODE1NjA4OTc0NDg1,**** **** 4485,7006309081,,BANDIPORA,Bandipora,Ayatmulla,623,41,936279,48.0
79220543371,1_623_42_2815_005013,,Abdul Hameed Mir,,,56,Male,Owner,Marginal  Farmer(Farmer having land <1 Hectare),PENDING,,,false,,OPERATOR,e08d3d5a49b8d952ad8a7e9dcba3b4d725610cb3f3d899673831307c1b8a8f38,OTI0MTE2MjM1MTcx,**** **** 5171,9596227362,,BANDIPORA,Sonawari,Wahid pora,623,42,2815,44.0
55044435602,1_623_6811_2778_005029,,ABDUL AHAD KHAN,,,71,Male,Owner,Marginal  Farmer(Farmer having land <1 Hectare),PENDING,,,false,,OPERATOR,4f0adb37e9902b6d9349647d46d3a6e834c9b191fae0e7ef2fcc9212ab8ff491,NjYyMzg0MTU0Mjky,**** **** 4292,6006671700,,BANDIPORA,Hajin,Gundi Saderkote,623,6811,2778,0.0
35182761256,1_623_6811_2778_005032,,GH RASOOL WANI,,,65,Male,Owner,Marginal  Farmer(Farmer having land <1 Hectare),PENDING,,,false,,OPERATOR,67c51607920d9a60b163e87670429227fca2085969dd06514674ce2df5cb3ef7,OTY2MDA1NzUzMTcy,**** **** 3172,9622929442,,BANDIPORA,Hajin,Gundi Saderkote,623,6811,2778,43.0
42865614831,1_623_6811_2774_005005,,Ghulam Ahmad Khan,,,61,Male,Owner,Marginal  Farmer(Farmer having land <1 Hectare),PENDING,,,false,,OPERATOR,33429239bce00715fef569d4c1fe03b4ad64eac9e454aad2eb220797d40fb889,ODQ3MzA5MTU1ODMy,**** **** 5832,8899937459,,BANDIPORA,Hajin,Rakh i Hajin,623,6811,2774,56.0
97307280678,1_623_6812_2712_005018,,Tariq Hussain Sheikh,,,36,Male,Owner,Marginal  Farmer(Farmer having land <1 Hectare),PENDING,,,false,,OPERATOR,cbd3819e84e6ba3fdd07b973eb1778eb00520d108e7688a51858dc487bb9218a,NTc0NDI5MDQyNDQy,**** **** 2442,9682657217,,BANDIPORA,Tulail,Dengithal,623,6812,2712,0.0
20928279935,1_623_40_936275_005052,,Bashir Ahmad Lone,,,59,Male,Owner,Marginal  Farmer(Farmer having land <1 Hectare),PENDING,,,false,,OPERATOR,a4933c55008d0c2dcac177db304cced4c4215fdf394cc4c6476804e305f6b9e8,NzI2MTQzMzE4MDAz,**** **** 8003,7780922131,,BANDIPORA,Gurez,Gulshanpora,623,40,936275,64.0
67187761898,1_623_42_2794_005135,,Afroza Banoo,,,53,Female,Owner,Marginal  Farmer(Farmer having land <1 Hectare),PENDING,,,false,,OPERATOR,b309436838afa8aa9a39623a5b93cee002fd40e83fa5b021f9c7e625fb477bed,ODI3NzE2MTM4NDA1,**** **** 8405,9149885221,,BANDIPORA,Sonawari,Asham,623,42,2794,25.0
34513994527,1_623_42_2812_005056,,Nazir Ahmad Mir,,,61,Male,Owner,Marginal  Farmer(Farmer having land <1 Hectare),PENDING,,,false,,OPERATOR,da0b68161e9ad95d9ac07f0b73220e5f6b98df83023461759b6ec5d3c97dec97,OTAwMDQyMTE5NDA0,**** **** 9404,9469217949,,BANDIPORA,Sonawari,Sarai Dangarpora,623,42,2812,61.0
42430684837,1_623_42_2815_005019,,MUGLI BEGUM,,,71,Female,Owner,Marginal  Farmer(Farmer having land <1 Hectare),PENDING,,,false,,OPERATOR,009860409b4607ebc953517f0a5a21af50f4cf5db947b282eff3b905d42c8d4a,NDc5MjIwNDIzMzMw,**** **** 3330,7006589621,,BANDIPORA,Sonawari,Wahid pora,623,42,2815,70.0
66884253012,1_623_6811_2700_005053,,Mohd Maqsood Dar,,,91,Male,Owner,Small Farmer (Farmer having Land >=1 & <2 Hectare),PENDING,,,false,,OPERATOR,fdad3f09583de5da5de99af5d521182638517a87174f8f03fa47cab46ad66807,MzA3MTUzMzgwNzY3,**** **** 0767,7889706232,,BANDIPORA,Hajin,Gulshanpora,623,6811,2700,0.0
47350572753,1_623_41_2764_005010,,Hameeda Begum,,,61,Female,Owner,Marginal  Farmer(Farmer having land <1 Hectare),PENDING,,,false,,OPERATOR,54a9d88fee0f3b6d348ddaa0f3a220e95b379961c7936029ab2f2bee25ff5a08,NjA2MTk0NjM2MTg2,**** **** 6186,9419635051,,BANDIPORA,Bandipora,Gund Dachina,623,41,2764,50.0
63749756430,1_623_41_2763_005013,,Sajad Hussain Bhat,,,54,Male,Owner,Marginal  Farmer(Farmer having land <1 Hectare),PENDING,,,false,,OPERATOR,09b2fac242f7dd09cdddf2a1f76f434a0162fe8e54df229fb46da88b15dde389,NzY0MTYxMDkyMjM0,**** **** 2234,9797137623,,BANDIPORA,Bandipora,Nadihal,623,41,2763,46.0
28708023537,1_623_6811_2784_005023,,Reyaz Ahmad Shah,,,41,Male,Owner,Marginal  Farmer(Farmer having land <1 Hectare),PENDING,,,false,,OPERATOR,1cd8e46e938e91557472bff44f986ed741f421f06d082934350aa82d1c961860,MjM2NTIwOTg5MDE1,**** **** 9015,6005771994,,BANDIPORA,Hajin,Gundi Boon,623,6811,2784,56.0
91572362403,1_623_42_2804_005014,,GHULAM HASSAN DAR,,,61,Male,Owner,Small Farmer (Farmer having Land >=1 & <2 Hectare),PENDING,,,false,,OPERATOR,79d9791050957c385947eb236c6737c8e290c463e63156c68840e3526dd6c5f9,NTgzMjk3NzY3MTU2,**** **** 7156,7006866946,,BANDIPORA,Sonawari,Rakh Sultan Pora,623,42,2804,55.0
17872200624,1_623_6811_2778_005033,,MOHD SULTAN DAR,,,59,Male,Owner,Marginal  Farmer(Farmer having land <1 Hectare),PENDING,,,false,,OPERATOR,30aff655951978f10994dd856aa0b85aa3c04058c91798b7d93a218083fafee5,MjY4MTc0Njc2NzY0,**** **** 6764,9697262738,,BANDIPORA,Hajin,Gundi Saderkote,623,6811,2778,0.0
31799232397,1_623_40_2708_005104,,Jameela Begum,,,47,Female,Owner,Marginal  Farmer(Farmer having land <1 Hectare),PENDING,,,false,,OPERATOR,a0c0469807c1c0b351d0767373d2be2758c40498b3024fe2c06cd8cfa50f7964,OTE2MjkzMjczMDgw,**** **** 3080,7889807076,,BANDIPORA,Gurez,Shah Pora - Achoora (Churwan),623,40,2708,69.0
24718138798,1_623_6812_2725_005032,,Abdul Rashid Lone,,,40,Male,Owner,Marginal  Farmer(Farmer having land <1 Hectare),PENDING,,,false,,OPERATOR,de6d110c293ddc3822c6f0d31f9ea6070ff4a76a30036e3d356450ef933a411e,NjY2NjM2NTA1MDQ2,**** **** 5046,6006500904,,BANDIPORA,Tulail,Gujran,623,6812,2725,47.0
38941188000,1_623_41_2740_005040,,Rubeena Akhtar,,,46,Female,Owner,Marginal  Farmer(Farmer having land <1 Hectare),PENDING,,,false,,OPERATOR,1567a26229b81fde6e7a0c7932294440a7830db2318fd962e42c53e0cdf3aec8,Mjg1MTc2OTY0MDg5,**** **** 4089,6005922249,,BANDIPORA,Bandipora,Khayar,623,41,2740,25.0
43281967839,1_623_41_2768_005033,,Bashir Ahmad Ganie,,,69,Male,Owner,Marginal  Farmer(Farmer having land <1 Hectare),PENDING,,,false,,OPERATOR,b209eaac93392f10f3ea6c16ef88adb7f7db47aec41a22ee0199b4046d692fe3,OTEyMjI2NzM3NTA4,**** **** 7508,7006602054,,BANDIPORA,Bandipora,Garoora,623,41,2768,56.0
73730905760,1_623_41_936281_005011,,ABDUL RASHID MIR,,,48,Male,Owner,Marginal  Farmer(Farmer having land <1 Hectare),PENDING,,,false,,OPERATOR,5734b50b1f8a2094834330f639e0ac87bfb1a771d8e996ead9bce7eade24a4a7,MzM4ODc1NTI0OTQ3,**** **** 4947,9622808301,,BANDIPORA,Bandipora,Nass,623,41,936281,56.0
31086791094,1_623_41_936283_005003,,HABIBULLAH BHAT,,,66,Male,Owner,Marginal  Farmer(Farmer having land <1 Hectare),PENDING,,,false,,OPERATOR,74bd8dacf50e41501e0e72869e9c1e09c1d8a7346d1c01a882f18cafbd854845,MjU2ODIyNjU2ODQ3,**** **** 6847,6005601233,,BANDIPORA,Bandipora,Watapora,623,41,936283,0.0
97272948220,1_623_42_2820_005014,,MUSHTAQ AHMED BABA,,,50,Male,Owner,Marginal  Farmer(Farmer having land <1 Hectare),PENDING,,,false,,OPERATOR,848326899aee9aba1c08a56e208add25b7676e579ab0345f1a0a7c9f14f56933,MjAyNDg0MzU3NjUx,**** **** 7651,9797422564,,BANDIPORA,Sonawari,Sumbal Inderkote,623,42,2820,46.0
38974246432,1_623_6809_2748_005377,,MOHD ASHRAF WANI,,,48,Male,Owner,Marginal  Farmer(Farmer having land <1 Hectare),PENDING,,,false,,OPERATOR,cb9001745f02f6b6ff9ed25eb06b3dc8471eb6618bd0a65195d30b0192ece8ac,ODA1MDI3MTg5OTcz,**** **** 9973,9596460274,,BANDIPORA,Aloosa,Ashtangoo,623,6809,2748,0.0
39550821688,1_623_41_2761_005013,,Bashir Ahmad Dar,,,51,Male,Owner,Marginal  Farmer(Farmer having land <1 Hectare),PENDING,,,false,,OPERATOR,276e3d4122a8dd3ab46bfaba94244ec9fa991a283a8b15a9fc16781a0bfcd840,NTgwNjgyMjMwMDAy,**** **** 0002,9797583566,,BANDIPORA,Bandipora,Gamroo,623,41,2761,46.0
93025691255,1_623_42_2815_005020,,Javid Ahmad Mir,,,39,Male,Owner,Marginal  Farmer(Farmer having land <1 Hectare),PENDING,,,false,,OPERATOR,e44a8e8842e2dc1c4d52b15931ae245b992c300fc95c24e27264ec7b4e6555a7,ODgwNjI0NTEzMDEw,**** **** 3010,7889446852,,BANDIPORA,Sonawari,Wahid pora,623,42,2815,42.0
77687582145,1_623_41_2742_005013,,Zaiba Begum,,,61,Female,Owner,Marginal  Farmer(Farmer having land <1 Hectare),PENDING,,,false,,OPERATOR,7830d01b99bdb0d19c331c7b8ebb639203fc08f4d90ac9f017b12dc991afa24a,OTMxNjA1MTIwMTA4,**** **** 0108,9596046580,,BANDIPORA,Bandipora,Panjigam,623,41,2742,0.0
18990872040,1_623_41_2763_005017,,Aashiq Hussain Wani,,,40,Male,Owner,Marginal  Farmer(Farmer having land <1 Hectare),PENDING,,,false,,OPERATOR,e45f3696702512e73d523e80fa2612ecf6a2115e511207c7486f1bb9f6f0378e,MzYxMDg5MTUzMzkx,**** **** 3391,9622421422,,BANDIPORA,Bandipora,Nadihal,623,41,2763,0.0
54476272150,1_623_41_2740_005041,,Firdous Ahmad Lone,,,32,Male,Owner,Marginal  Farmer(Farmer having land <1 Hectare),PENDING,,,false,,OPERATOR,8127b1e504c08240f8915e7a3ab8873ee07992c36a3daad58b2dd5926772acf9,MjkxNDc0NDM1MDE3,**** **** 5017,9103568543,,BANDIPORA,Bandipora,Khayar,623,41,2740,65.0
47615131366,1_623_6811_2778_005034,,MOHD LATEF DAR,,,38,Male,Owner,Marginal  Farmer(Farmer having land <1 Hectare),PENDING,,,false,,OPERATOR,26314683e50ef9dffa0d356924c3c39bb74a0f863a72480ac5495fccfd66f1a1,NjM4NDIwNDgyNjE1,**** **** 2615,9697779659,,BANDIPORA,Hajin,Gundi Saderkote,623,6811,2778,42.0
97865282417,1_623_6812_2716_005085,,Ab Salam Mir,,,72,Male,Owner,Marginal  Farmer(Farmer having land <1 Hectare),PENDING,,,false,,OPERATOR,7523a498f017b725b8be12d6e9516334d9b361f6474e161106f5e4dfe5a8c1b2,MzUyNTQ4MTA4NzM1,**** **** 8735,7889319542,,BANDIPORA,Tulail,Neeru,623,6812,2716,23.0
39874286107,1_623_42_2815_005014,,Abdul Hameed Dar,,,57,Male,Owner,Marginal  Farmer(Farmer having land <1 Hectare),PENDING,,,false,,OPERATOR,db240e40415db7f62950ec25eb1a3024f55218f5d9341fe57e57da3f984c534c,NzM2NTIyMzk0ODAw,**** **** 4800,7889459983,,BANDIPORA,Sonawari,Wahid pora,623,42,2815,55.0
35490667238,1_623_6811_2789_005028,,AB MAJEED DAR,,,53,Male,Owner,Marginal  Farmer(Farmer having land <1 Hectare),PENDING,,,false,,OPERATOR,065908f1874d2e1d660905b71e32ffab177d854246f24b42653d7156074a89b4,NjI0NTMxMDAzMjgz,**** **** 3283,9149545645,,BANDIPORA,Hajin,Kani Pora,623,6811,2789,56.0
64784620388,1_623_41_2761_005018,,Gh Ahmad Sheikh,,,64,Male,Owner,Marginal  Farmer(Farmer having land <1 Hectare),PENDING,,,false,,OPERATOR,63c1535af4344c8df93de65ca706dd4fd69803a4c7b90c4ff3eb17ba0c03640f,NTI2NzUxOTQzMzgy,**** **** 3382,8082741193,,BANDIPORA,Bandipora,Gamroo,623,41,2761,43.0
22156646612,1_623_6812_2725_005033,,Faqir Mohd Khan,,,64,Male,Owner,Marginal  Farmer(Farmer having land <1 Hectare),APPROVED,,,false,,OPERATOR,623614d2de92c3dbc2f0e884a217976c0adfa1435ce32b87df58c995c0d48006,MjM5MzUwNDg4NzU5,**** **** 8759,8899663096,,BANDIPORA,Tulail,Gujran,623,6812,2725,44.0
82993094907,1_623_6812_2716_005086,,Taja Begum,,,51,Female,Owner,Marginal  Farmer(Farmer having land <1 Hectare),PENDING,,,false,,OPERATOR,2b2be38b2a333569bd5fedcdc0ad2a0ff53f7171e01f2469087b6c29d9873be9,Njc3MTc3MzE5OTkx,**** **** 9991,8493046466,,BANDIPORA,Tulail,Neeru,623,6812,2716,70.0
65728920192,1_623_6811_2784_005027,,BASHIR AHMAD SHEIKH,,,59,Male,Owner,Marginal  Farmer(Farmer having land <1 Hectare),PENDING,,,false,,OPERATOR,519ef4d59aec12bf0207d2ad0f06c12728fc30cd4207cd998dc6bce38df828a3,ODc2NDczMjc2Mzkw,**** **** 6390,9906252860,,BANDIPORA,Hajin,Gundi Boon,623,6811,2784,0.0
69222146263,1_623_40_2707_005100,,GH QADIR MIR,,,64,Male,Owner,Marginal  Farmer(Farmer having land <1 Hectare),PENDING,,,false,,OPERATOR,63bc37a91603600ab9ea8e1af80cb23a42e8ac5a4f2dda8bbc257b9c51a4fe48,Njk5MzIyNjQyMTkx,**** **** 2191,6005856704,,BANDIPORA,Gurez,Markoot,623,40,2707,53.0
95438801803,1_623_6812_2725_005047,,Nissar Ahmad Khan,,,48,Male,Owner,Marginal  Farmer(Farmer having land <1 Hectare),APPROVED,,,false,,OPERATOR,df90a92ba28fdd6d697108c8000df0ebb8ba1007e659b02c9a7f5f378d5abca9,Njc1MzcyMjgxMTcy,**** **** 1172,9797843516,,BANDIPORA,Tulail,Gujran,623,6812,2725,45.0
99189795731,1_623_41_2761_005012,,ABDUL RASHID DAR,,,65,Male,Owner,Marginal  Farmer(Farmer having land <1 Hectare),PENDING,,,false,,OPERATOR,611b751d1b8d2de43818f262e19f7b4b8c7bdbd375dfd4fb757a38e59458b2ef,ODQzNDgyMzA5Mjk5,**** **** 9299,9541214776,,BANDIPORA,Bandipora,Gamroo,623,41,2761,43.0
18180577484,1_623_41_2740_005034,,Abdul Majeed Malik,,,72,Male,Owner,Marginal  Farmer(Farmer having land <1 Hectare),PENDING,,,false,,OPERATOR,5b86260baf8ed399e84e6bdcefe989e9e7dc888334dabe1f3a76e5d0afcc3a29,Njk4MTA3MzQ0MTAy,**** **** 4102,9906468428,,BANDIPORA,Bandipora,Khayar,623,41,2740,46.0
12340833608,1_623_42_2812_005051,,MOHD ASSADULLAH DAR,,,61,Male,Owner,Marginal  Farmer(Farmer having land <1 Hectare),PENDING,,,false,,OPERATOR,45a93529e6863d26f88078f8ee67b9f753c921326cd4f9e6357f1746120295fe,NjUwMDY5NDUzNDY2,**** **** 3466,9906294850,,BANDIPORA,Sonawari,Sarai Dangarpora,623,42,2812,0.0
28005248975,1_623_42_2820_005011,,Kulsuma Begum,,,37,Female,Owner,Marginal  Farmer(Farmer having land <1 Hectare),PENDING,,,false,,OPERATOR,954635ee545090f141ad14459a633fedcd711d20f32f03e3c123d61a8ef540c4,OTg0OTkzODU0NzY2,**** **** 4766,7780860057,,BANDIPORA,Sonawari,Sumbal Inderkote,623,42,2820,50.0
85624423048,1_623_6811_2784_005016,,GH MOHD SHAH,,,64,Male,Owner,Small Farmer (Farmer having Land >=1 & <2 Hectare),PENDING,,,false,,OPERATOR,5ebe78f343f51b5ebdeb3b13f7a359a76e912eb42b683b0fa68707f55ac8cc20,ODUwNjg0NDAxOTI0,**** **** 1924,9186103245,,BANDIPORA,Hajin,Gundi Boon,623,6811,2784,0.0
95253519664,1_623_41_2768_005032,,BASHIR AHMAD LONE,,,62,Male,Owner,Marginal  Farmer(Farmer having land <1 Hectare),PENDING,,,false,,OPERATOR,b3dd910f664e7677e3a4c072cb44008f1eb95abb20450fb867430a2fad2c6d67,MjEwNzU4NzE5ODAw,**** **** 9800,9541608708,,BANDIPORA,Bandipora,Garoora,623,41,2768,46.0
96795378902,1_623_6809_2748_005376,,Nazir Ahmad Khanday,,,53,Male,Owner,Marginal  Farmer(Farmer having land <1 Hectare),PENDING,,,false,,OPERATOR,edd15938c2650482143fe805fc595f5cdd693ac1f47a5d5f72381875f415a3ca,MzE5OTI3ODA5NDAx,**** **** 9401,6005278148,,BANDIPORA,Aloosa,Ashtangoo,623,6809,2748,22.0
49117715938,1_623_6809_2744_005027,,Mohd Shaban Bhat,,,61,Male,Owner,Marginal  Farmer(Farmer having land <1 Hectare),PENDING,,,false,,OPERATOR,9435d9fec2c5af3f93560a4a2ac6995ac2a69b3f40e6e57992cfe97f1bf6f273,MjA1MDM1MjM0Mzcz,**** **** 4373,9596495478,,BANDIPORA,Aloosa,Mangnipora,623,6809,2744,43.0
90346948508,1_623_42_2809_005015,,TARIQ AHMAD TELI,,,44,Male,Owner,Marginal  Farmer(Farmer having land <1 Hectare),PENDING,,,false,,OPERATOR,ba480b77cc7d98aeede39374067d4981be7f3007952b571b8c1613509d8a582e,OTE0ODc4OTMzMDEx,**** **** 3011,9541883708,,BANDIPORA,Sonawari,Trigam,623,42,2809,66.0
71637565823,1_623_41_2742_005007,,Masood Ur Rehman Khan,,,65,Male,Owner,Marginal  Farmer(Farmer having land <1 Hectare),PENDING,,,false,,OPERATOR,6294d5c399f7d71ea44b2d0a7aad80e12428ec47c3ce60274c2d9dc7b57daf2c,NDYwNTk2MDU4ODY0,**** **** 8864,7006799790,,BANDIPORA,Bandipora,Panjigam,623,41,2742,44.0
28075472996,1_623_42_2820_005013,,Nazir Ahmad Baba,,,50,Male,Owner,Marginal  Farmer(Farmer having land <1 Hectare),PENDING,,,false,,OPERATOR,d0183a2d647a1b11ade431808fea32d2d73844b644a3138582f3a5e156c3ff77,NTc4MDQzODkyNDQ1,**** **** 2445,7006554783,,BANDIPORA,Sonawari,Sumbal Inderkote,623,42,2820,46.0
43883620902,1_623_42_2809_005016,,Bilal Ahmad Teli,,,36,Male,Owner,Marginal  Farmer(Farmer having land <1 Hectare),PENDING,,,false,,OPERATOR,ebaa92995bb1a5fa50c493df28449b32caac3685bd5c66b147ea2889c04f0bb4,OTcwNTgzMjc5NDgz,**** **** 9483,9622515186,,BANDIPORA,Sonawari,Trigam,623,42,2809,56.0
42485535763,1_623_41_2740_005035,,Gh Mohammad Malik,,,63,Male,Owner,Marginal  Farmer(Farmer having land <1 Hectare),PENDING,,,false,,OPERATOR,f164c409ab9a0b72aadd739916fd80507bda5f10e38066c1c80f6837f8058de9,OTUyNDExNTU0MjI0,**** **** 4224,9797113066,,BANDIPORA,Bandipora,Khayar,623,41,2740,53.0
31649586700,1_623_42_2820_005028,,ATIQA BEGUM,,,36,Female,Owner,Marginal  Farmer(Farmer having land <1 Hectare),APPROVED,,,false,,OPERATOR,889ab4331c75b9ddac70b65b561267ce09cd9232c3cf677a3860c4ab6129a3d2,OTA1OTcwNzE5MDMy,**** **** 9032,9149416236,,BANDIPORA,Sonawari,Sumbal Inderkote,623,42,2820,89.0
69764630743,1_623_40_936275_005062,,Mohd Abdullah Bhat,,,47,Male,Owner,Marginal  Farmer(Farmer having land <1 Hectare),PENDING,,,false,,OPERATOR,278a1cdda66846ccc95c292c7e73922fed27c6b0742e9633a64d2c270027a355,MzEyMjA4NzExMjYw,**** **** 1260,6006422101,,BANDIPORA,Gurez,Gulshanpora,623,40,936275,46.0
48184355875,1_623_42_2812_005068,,BILAL AH BHAT,,,41,Male,Owner,Marginal  Farmer(Farmer having land <1 Hectare),PENDING,,,false,,OPERATOR,000643c34b80adb2c6f9663ff81a76a9f7453280c02f804b837ec673a8fc9eec,NzgzMTYxMTg4NTQ1,**** **** 8545,6005651512,,BANDIPORA,Sonawari,Sarai Dangarpora,623,42,2812,42.0
11435510869,1_623_41_2742_005021,,Gh Mohi Ud Din Khan,,,69,Male,Owner,Marginal  Farmer(Farmer having land <1 Hectare),PENDING,,,false,,OPERATOR,a25962c6fc31d505791d949505d5ad60db8a9087aac2c4aa928cd889b4472004,NTA1MjgzNzg5ODQ0,**** **** 9844,9906809967,,BANDIPORA,Bandipora,Panjigam,623,41,2742,56.0
90567777874,1_623_6810_2777_005071,,Ruqiya Jan,,,30,Female,Owner,Marginal  Farmer(Farmer having land <1 Hectare),APPROVED,,,false,,OPERATOR,1903e88dcbe05a9c9e2638e5207f20da329f44058613d9bb5992523958387f4b,MjYzNTAwNjkyOTg4,**** **** 2988,9906292127,,BANDIPORA,Ajas,Ajas,623,6810,2777,53.0
46817515854,1_623_6809_2744_005028,,Massrat Parveen,,,35,Female,Owner,Marginal  Farmer(Farmer having land <1 Hectare),APPROVED,,,false,,OPERATOR,85f611da982eafc2be87ac2a90d05121bcb9fad2f3db92a9d31f6505880a6d64,ODUyNDIzMTAwNjk4,**** **** 0698,9697831883,,BANDIPORA,Aloosa,Mangnipora,623,6809,2744,89.0
40220346011,1_623_41_2768_005056,,Khurshid Ahmad Ganai,,,52,Male,Owner,Marginal  Farmer(Farmer having land <1 Hectare),PENDING,,,false,,OPERATOR,97f06d168086e548e897b413471488b3757c3febc0efb489734094a7f20373d1,ODQ4NjA1ODYxNTc2,**** **** 1576,9596871023,,BANDIPORA,Bandipora,Garoora,623,41,2768,56.0
23771991926,1_623_6811_2789_005026,,Gh Ahmad Ganie,,,71,Male,Owner,Marginal  Farmer(Farmer having land <1 Hectare),PENDING,,,false,,OPERATOR,0900661f1b064dce0629b1fa4c5999025a4bbb1a8acee911c7c6b4483f5314e8,NTg1OTY0MTUxODY0,**** **** 1864,9103108860,,BANDIPORA,Hajin,Kani Pora,623,6811,2789,0.0
20427988912,1_623_6810_2777_005054,,Atta Ullah Lone,,,65,Male,Owner,Marginal  Farmer(Farmer having land <1 Hectare),APPROVED,,,false,,OPERATOR,8253d564650714e42263fc4e6354e74a534fe188c5b972a7d8b064e5e83c5d78,NzQyNTkxNzQ0MzA1,**** **** 4305,9103666382,,BANDIPORA,Ajas,Ajas,623,6810,2777,56.0
79007844415,1_623_6812_2725_005025,,Gh Qadir Khan,,,59,Male,Owner,Marginal  Farmer(Farmer having land <1 Hectare),PENDING,,,false,,OPERATOR,8a9440221fd492045ca70e01e824e06c516c12282adbec22a4d05c02cfff6469,MjM3Nzg0MTEwMTA4,**** **** 0108,9103008360,,BANDIPORA,Tulail,Gujran,623,6812,2725,22.0
86933351240,1_623_42_2804_005011,,Abid Hussain Dar,,,26,Male,Owner,Marginal  Farmer(Farmer having land <1 Hectare),PENDING,,,false,,OPERATOR,861c8d93c09baddce5c1514364fabd23a88102479dc2ada1a28326bfd2ce565f,ODkyMzE4NzU0NjQ5,**** **** 4649,9149910697,,BANDIPORA,Sonawari,Rakh Sultan Pora,623,42,2804,56.0
94983118219,1_623_41_2742_005008,,SHAMISU DIN KHAN,,,61,Male,Owner,Marginal  Farmer(Farmer having land <1 Hectare),PENDING,,,false,,OPERATOR,eed117bcb555d6e94cebc9e064827dedf348ab06075fbf793353c72312c9fc46,Mjk3MTUwNTI2OTM2,**** **** 6936,9103531021,,BANDIPORA,Bandipora,Panjigam,623,41,2742,0.0
65903924984,1_623_6811_2778_005045,,Ruqiya Bano,,,45,Female,Owner,Marginal  Farmer(Farmer having land <1 Hectare),PENDING,,,false,,OPERATOR,69b4a7aa5582e1bc7d970f7d1359c6fbf98a20184771f5ebe33478ed5587f8b9,NzczMDM4NzIzOTYy,**** **** 3962,7889934842,,BANDIPORA,Hajin,Gundi Saderkote,623,6811,2778,0.0
14587115019,1_623_41_2768_005034,,Abdul Rahman Ganie,,,72,Male,Owner,Marginal  Farmer(Farmer having land <1 Hectare),PENDING,,,false,,OPERATOR,787030c07d969baa1999a3950927fb16b38756a43e7d4a7dd5da3e6a598b7fe5,OTExODEyMzQ0NjY3,**** **** 4667,9622646901,,BANDIPORA,Bandipora,Garoora,623,41,2768,56.0
90035120808,1_623_42_2804_005024,,SHABIR AHMAD MALLA,,,40,Male,Owner,Marginal  Farmer(Farmer having land <1 Hectare),PENDING,,,false,,OPERATOR,aecd1fa2893e1977887b7fed2fbd262673f0a58270c4f34ff2cde61e4f778d00,NTg4MDc3MTM0NzA5,**** **** 4709,9797406517,,BANDIPORA,Sonawari,Rakh Sultan Pora,623,42,2804,66.0
69590428323,1_623_42_2820_005015,,Bashir Ahmad Dar,,,53,Male,Owner,Marginal  Farmer(Farmer having land <1 Hectare),PENDING,,,false,,OPERATOR,63756933b6453aaed0723976e3af335b7ad98116f1921c8dc911858e4a1aedea,NTU0MjY3MzYwMzQz,**** **** 0343,8491855750,,BANDIPORA,Sonawari,Sumbal Inderkote,623,42,2820,66.0
47717466645,1_623_41_2740_005054,,Nazir Ahmad Malik,,,55,Male,Owner,Marginal  Farmer(Farmer having land <1 Hectare),PENDING,,,false,,OPERATOR,2711c67e5894105c444696a49b5fce86c1405e85b4c8cb05be56773ab53b560e,NTYwOTg1NDQwMTAy,**** **** 0102,7006217853,,BANDIPORA,Bandipora,Khayar,623,41,2740,46.0
82377187882,1_623_42_2810_005062,,MOHAMMAD QASIM BHAT,,,64,Male,Owner,Marginal  Farmer(Farmer having land <1 Hectare),PENDING,,,false,,OPERATOR,409839dd992cee784fd22210a7ce825cfb317a5bb034ad17fc730cd326bec8a5,NTA4NDkzOTQzNDQ5,**** **** 3449,9682613008,,BANDIPORA,Sonawari,Odina,623,42,2810,61.0
38100494519,1_623_42_2804_005021,,Mohd Yaseen Malla,,,32,Male,Owner,Marginal  Farmer(Farmer having land <1 Hectare),PENDING,,,false,,OPERATOR,dacda68695abcdb6ca37feb13e64b755fe446addbf4f99c5fd6f979d61e2089f,OTczMTg1NjAwNzY3,**** **** 0767,9596327639,,BANDIPORA,Sonawari,Rakh Sultan Pora,623,42,2804,61.0
28760815739,1_623_40_2708_005119,,Mohmad Khalil Lone,,,62,Male,Owner,Marginal  Farmer(Farmer having land <1 Hectare),PENDING,,,false,,OPERATOR,4c2cbf59041c5274f9dc6fe467321908e53e14da418f8642814e5cd3ec958f49,ODQ1MTcwMDA2MTI5,**** **** 6129,6006845456,,BANDIPORA,Gurez,Shah Pora - Achoora (Churwan),623,40,2708,59.0
21400828072,1_623_42_2794_005152,,Saleema Begum,,,61,Female,Owner,Marginal  Farmer(Farmer having land <1 Hectare),PENDING,,,false,,OPERATOR,bd02bd2a2c5666674ba1fd9f7760f7fd217727165244860774531afc31a2f6ec,NDM3Nzk0NjI1OTcx,**** **** 5971,9622695090,,BANDIPORA,Sonawari,Asham,623,42,2794,70.0
22193560978,1_623_41_936279_005006,,MOHMAD IQBAL MALIK,,,43,Male,Owner,Marginal  Farmer(Farmer having land <1 Hectare),PENDING,,,false,,OPERATOR,127349934bf46c403729997fb18e45aeb83ee9bbedf948eca53c23bc2ecf28b5,MzQ1ODgwNTcyMDU2,**** **** 2056,9906620970,,BANDIPORA,Bandipora,Ayatmulla,623,41,936279,64.0
76805185037,1_623_42_2809_005023,,Ali Mohd Mir,,,38,Male,Owner,Marginal  Farmer(Farmer having land <1 Hectare),PENDING,,,false,,OPERATOR,7051065096c935c338fe20b1ccd74a6427b9a7f9556bb367b3ac8275e99cfb53,NDUwMDYxMTc0MTM1,**** **** 4135,9541394557,,BANDIPORA,Sonawari,Trigam,623,42,2809,33.0
79402360310,1_623_42_2820_005020,,Abdul Rashid Dhobee,,,58,Male,Owner,Marginal  Farmer(Farmer having land <1 Hectare),PENDING,,,false,,OPERATOR,b1ff33033687f73c9b4c6354cbd6cde4ceb739a3ebe728db41851a46bb015bc5,NDM5ODU0Njc5MTY4,**** **** 9168,9055353624,,BANDIPORA,Sonawari,Sumbal Inderkote,623,42,2820,61.0
89451415935,1_623_6811_2774_005012,,Mohsena Zahoor,,,26,Female,Owner,Marginal  Farmer(Farmer having land <1 Hectare),PENDING,,,false,,OPERATOR,dcd317bffab668a94e1a13f1d4063b7984f7a7a4ffe6ddebe4d68deff185f223,NjM1MjQwOTI0MDAx,**** **** 4001,7889361016,,BANDIPORA,Hajin,Rakh i Hajin,623,6811,2774,34.0
16716055642,1_623_40_2705_005035,,BASHIR AHMAD MIR,,,58,Male,Owner,Marginal  Farmer(Farmer having land <1 Hectare),PENDING,,,false,,OPERATOR,d74a513b940b86c7ed1a8f147f9d0fafbe3f27a2eb5d10ffe6e333875b082121,Njk0NTE2MDY5MTEw,**** **** 9110,7006853812,,BANDIPORA,Gurez,Badwan,623,40,2705,56.0
99518489742,1_623_6809_2744_005035,,GH MOHD BHAT,,,71,Male,Owner,Marginal  Farmer(Farmer having land <1 Hectare),PENDING,,,false,,OPERATOR,4e65d03100ed4a21b1e1cc1a39d55092b4eb31552bca6263dd00cf3b15d5e096,NDc2OTcxMTUzODUz,**** **** 3853,6006070728,,BANDIPORA,Aloosa,Mangnipora,623,6809,2744,20.0
16267142976,1_623_41_2764_005015,,ABDUL GAFFAR WANI,,,57,Male,Owner,Marginal  Farmer(Farmer having land <1 Hectare),PENDING,,,false,,OPERATOR,a1dc42edca70e47f8ca6c433e6d8a25721a58e90ef492335435d5e6ac37be06e,NjczMzI4MzE3NTg1,**** **** 7585,7006563275,,BANDIPORA,Bandipora,Gund Dachina,623,41,2764,53.0
66008187743,1_623_6812_2725_005037,,Zameer Ahmad Khan,,,39,Male,Owner,Marginal  Farmer(Farmer having land <1 Hectare),APPROVED,,,false,,OPERATOR,bcb507aedfb305f170878ae20bca2e56f48c6313a23222b96658b5e91658cfb9,MjYwOTM4NTM4NjA5,**** **** 8609,6006992571,,BANDIPORA,Tulail,Gujran,623,6812,2725,66.0
58047009425,1_623_42_2809_005019,,Nazir Ahmad Rather,,,46,Male,Owner,Marginal  Farmer(Farmer having land <1 Hectare),PENDING,,,false,,OPERATOR,d2e1d04735f854a771a04c3862213591a07489b7cd99f084cb36cfbf5a2c725f,Mjc5ODQ5NjEwODAy,**** **** 0802,9596077573,,BANDIPORA,Sonawari,Trigam,623,42,2809,56.0
11608026795,1_623_6812_2716_005089,,Zahoor Ahmad Lone,,,35,Male,Owner,Marginal  Farmer(Farmer having land <1 Hectare),PENDING,,,false,,OPERATOR,ee528d26332b5e0a8e046c1b67af929f51f337309f974d2c6ff63a5710930914,NDA3MDM0ODE3MzI1,**** **** 7325,9682504094,,BANDIPORA,Tulail,Neeru,623,6812,2716,56.0
34417176248,1_623_41_2763_005019,,Mudasir Ahmad Khan Pathan,,,36,Male,Owner,Marginal  Farmer(Farmer having land <1 Hectare),PENDING,,,false,,OPERATOR,848d8bf750d65cd42b43cb57eab621f0296e9e5e56afa61b3fc3623ec58251f6,NDA0ODc5NTg5NDIw,**** **** 9420,9622643835,,BANDIPORA,Bandipora,Nadihal,623,41,2763,49.0
98291162294,1_623_41_2761_005020,,Syeed Hussain Dar,,,51,Male,Owner,Marginal  Farmer(Farmer having land <1 Hectare),PENDING,,,false,,OPERATOR,d5f68ab2b03c8afd06bfa6237f0e85951b7829e588cee3ebd56010712bc5e419,MzE1NDczODE1NzMz,**** **** 5733,9622557213,,BANDIPORA,Bandipora,Gamroo,623,41,2761,33.0
45145193565,1_623_6811_2784_005032,,AB RASHID SHEIKH,,,50,Male,Owner,Marginal  Farmer(Farmer having land <1 Hectare),PENDING,,,false,,OPERATOR,40aa1fa6c9ab9d1105fefd82ea681ce931116595e23aedaa2c06025ff1737e2d,NjU1NDM2NTkxMzAz,**** **** 1303,9682551048,,BANDIPORA,Hajin,Gundi Boon,623,6811,2784,44.0
84400595391,1_623_42_2812_005058,,Noori,,,75,Female,Owner,Marginal  Farmer(Farmer having land <1 Hectare),PENDING,,,false,,OPERATOR,db98039efba08261f6e78920dfe089fdd44dd98efaa7d48a7a68226225cc3edb,NjUxODgxMjM3MzMy,**** **** 7332,9419899538,,BANDIPORA,Sonawari,Sarai Dangarpora,623,42,2812,50.0
70995181075,1_623_6809_2748_005378,,MOHD ASHRAF KHANDAY,,,67,Male,Owner,Marginal  Farmer(Farmer having land <1 Hectare),PENDING,,,false,,OPERATOR,4e0e58b7dd2bcf930c7d17ee3efaee05fdaf23b080e12fbd089004a4eda5ffbc,NDc0MTAwNTg4NTg3,**** **** 8587,7889598987,,BANDIPORA,Aloosa,Ashtangoo,623,6809,2748,23.0
70726905402,1_623_42_2812_005059,,Mohammad Qasim Dar,,,76,Male,Owner,Marginal  Farmer(Farmer having land <1 Hectare),PENDING,,,false,,OPERATOR,0c3d8dac8e9dc827847aaf68efae9e634efea2d42855b28d2b2a1fa17eb8091d,NTQ3NzU4NDIxODMx,**** **** 1831,7006589091,,BANDIPORA,Sonawari,Sarai Dangarpora,623,42,2812,0.0
69755703463,1_623_6811_2784_005033,,FAROOQ AHMAD,,,51,Male,Owner,Marginal  Farmer(Farmer having land <1 Hectare),PENDING,,,false,,OPERATOR,e54b3b1627306457e1d160709244ccd939f13a2484f994017eb94044b6927128,NTIzMjQzNzY2NDE0,**** **** 6414,6005749196,,BANDIPORA,Hajin,Gundi Boon,623,6811,2784,70.0
32197993640,1_623_42_2794_005154,,FAROOQ AHMAD KHAN,,,54,Male,Owner,Marginal  Farmer(Farmer having land <1 Hectare),PENDING,,,false,,OPERATOR,ff6b23c25e4d743967d296fc3eda9c0285ecd1a8ef962b826e87d98d636a1c6a,OTAzMjU1MjkxMTI2,**** **** 1126,9906131625,,BANDIPORA,Sonawari,Asham,623,42,2794,65.0
23543798582,1_623_41_936279_005007,,Aeyaz Ahmad Wani,,,42,Male,Owner,Marginal  Farmer(Farmer having land <1 Hectare),PENDING,,,false,,OPERATOR,54ddfa0b14412872bda583190935663446a210902a58881156ea0e437dfcb825,MjcxMjEwNzkyMjQw,**** **** 2240,9086430779,,BANDIPORA,Bandipora,Ayatmulla,623,41,936279,36.0
88053262324,1_623_42_2804_005017,,Ali Mohammad Sham,,,56,Male,Owner,Marginal  Farmer(Farmer having land <1 Hectare),PENDING,,,false,,OPERATOR,e796109485b7c5ea7b10802cbc5b2b840d0ec3ac84d2f323e9863cefacd9accc,OTIyODIxODY0Njg5,**** **** 4689,9697414445,,BANDIPORA,Sonawari,Rakh Sultan Pora,623,42,2804,49.0
47465866941,1_623_42_2800_005023,,Ab Majeed Khan,,,66,Male,Owner,Marginal  Farmer(Farmer having land <1 Hectare),PENDING,,,false,,OPERATOR,109b2dd6dc3a90f810257505ebdae70e5f77ace50fdd75c9d391fcf32fbc9c07,ODA3NzkyODYxNjQ1,**** **** 1645,6005660902,,BANDIPORA,Sonawari,Rakh Shilvat,623,42,2800,53.0
58333092435,1_623_6811_2778_005038,,Ab Majeed Wani,,,58,Male,Owner,Marginal  Farmer(Farmer having land <1 Hectare),PENDING,,,false,,OPERATOR,baefcd497e17fd86bf51dc021d4facaa9aafbf647406298f6b2757988d1926ba,NDgxNzAyMDg0MDcw,**** **** 4070,7006845850,,BANDIPORA,Hajin,Gundi Saderkote,623,6811,2778,44.0
65791848055,1_623_41_2761_005029,,Gulam Hassan Dar,,,67,Male,Owner,Marginal  Farmer(Farmer having land <1 Hectare),PENDING,,,false,,OPERATOR,9e8df2554b0f2fa6d958bc64dc02d0e611fa626781f90f75a9f376e532d21d29,MjcwNDgzNTQ2ODI4,**** **** 6828,9541028648,,BANDIPORA,Bandipora,Gamroo,623,41,2761,46.0
84256516861,1_623_41_2742_005022,,AB RASHID KHAN ',,,69,Male,Owner,Marginal  Farmer(Farmer having land <1 Hectare),PENDING,,,false,,OPERATOR,bc41abc2304d85c1488dd9e6ece0d3d12d211aabd90cac29eb5e49357ab87d97,ODM4NTg0OTk3ODY3,**** **** 7867,8493874201,,BANDIPORA,Bandipora,Panjigam,623,41,2742,41.0
16463498005,1_623_6812_2725_005038,,Ab Samad Khan,,,58,Male,Owner,Marginal  Farmer(Farmer having land <1 Hectare),APPROVED,,,false,,OPERATOR,d4608bf7c2d9302a395c34944653f2d166fc1390b1dc387dab3e83a6b10e364d,ODA5ODM3NDY2ODEy,**** **** 6812,8899495004,,BANDIPORA,Tulail,Gujran,623,6812,2725,59.0
51057754642,1_623_6811_2784_005035,,GH AHMAD WAAR,,,64,Male,Owner,Marginal  Farmer(Farmer having land <1 Hectare),PENDING,,,false,,OPERATOR,487607594676f787135b134c2bf28aec67cd1b7be0b52d3e9e147a461da3d02e,MzI5MTk4MDgwNjg0,**** **** 0684,6006950438,,BANDIPORA,Hajin,Gundi Boon,623,6811,2784,43.0
21978695133,1_623_41_2764_005022,,MUSHTAQ AHMAD MALLA,,,59,Male,Owner,Marginal  Farmer(Farmer having land <1 Hectare),PENDING,,,false,,OPERATOR,cafca90115c64d20781ed3c4ba5da10e2e440f6232a40901179cae0de393a956,NjI3MDQ4ODAzNzA2,**** **** 3706,9797222035,,BANDIPORA,Bandipora,Gund Dachina,623,41,2764,46.0
58891539813,1_623_6812_2716_005098,,Mohammad Yaseen Lone,,,25,Male,Owner,Marginal  Farmer(Farmer having land <1 Hectare),PENDING,,,false,,OPERATOR,75bbe82a9c16ba1acad9662cb78cd892c68a6eb887525dcd9677e990647dc01f,ODQ2MDQ0ODM2NDE2,**** **** 6416,9103101529,,BANDIPORA,Tulail,Neeru,623,6812,2716,32.0
35698577843,1_623_6811_2774_005014,,SYEDA BEGUM,,,64,Female,Owner,Marginal  Farmer(Farmer having land <1 Hectare),PENDING,,,false,,OPERATOR,9ffd79b0be2f9b92772bee879c936cbe2fe0a1d97fb8a9ad1db65304846a55af,NTYwNDM1Nzc2Nzk0,**** **** 6794,9797953904,,BANDIPORA,Hajin,Rakh i Hajin,623,6811,2774,69.0
89365411179,1_623_6812_2725_005049,,AB AZIZ LONE,,,68,Male,Owner,Marginal  Farmer(Farmer having land <1 Hectare),APPROVED,,,false,,OPERATOR,5666abf57900a385df8504dbcb9c6f31bea8d0d74312ae1cade831b36d31dde2,NDk3NTA0NjYyMDQ3,**** **** 2047,6005155029,,BANDIPORA,Tulail,Gujran,623,6812,2725,37.0
37561343938,1_623_41_2740_005061,,GHULAM RASOOL LONE,,,61,Male,Owner,Marginal  Farmer(Farmer having land <1 Hectare),PENDING,,,false,,OPERATOR,989543f3a8c0e6aaaff0fabb38eb2a73527b4256882751e697133487fb3269f6,NTg4OTYxNDY3MTY4,**** **** 7168,8493992085,,BANDIPORA,Bandipora,Khayar,623,41,2740,56.0
23320973429,1_623_40_2705_005036,,Gh Mohd Mapnoo,,,44,Male,Owner,Marginal  Farmer(Farmer having land <1 Hectare),PENDING,,,false,,OPERATOR,eb399762f3730964dd8a868f042ba41eb7e46c3df91ef55cd608eb6666352e79,NTUxMTc0ODcyMTgw,**** **** 2180,6005453533,,BANDIPORA,Gurez,Badwan,623,40,2705,0.0
44687735855,1_623_42_2812_005061,,Abdul Hameed Kawa,,,46,Male,Owner,Marginal  Farmer(Farmer having land <1 Hectare),PENDING,,,false,,OPERATOR,379446291fc9301fdc98986840da30bcb9d99b94d981ff932870e64e1357d21e,MzUzNzAxOTMwNDg3,**** **** 0487,9541157929,,BANDIPORA,Sonawari,Sarai Dangarpora,623,42,2812,56.0
69816538151,1_623_41_2743_005000,,Mohmad Rafeeq Sheikh,,,45,Male,Owner,Marginal  Farmer(Farmer having land <1 Hectare),PENDING,,,false,,OPERATOR,50b13dde52a2bc00d8e3bbc20088d40708f486f91f655b44f35852f0d20534cf,OTc2MjIwNDE5MjEy,**** **** 9212,9596152648,,BANDIPORA,Bandipora,Onagam,623,41,2743,53.0
69210555373,1_623_42_2797_005073,,Ghulam Mohammad Wagay,,,66,Male,Owner,Marginal  Farmer(Farmer having land <1 Hectare),PENDING,,,false,,OPERATOR,66bb56d75b69f3b190e529e00f6aa599a325c279c062e6aa9648700db9175609,NTYzODc3Mzc1ODk5,**** **** 5899,8494067234,,BANDIPORA,Sonawari,Hilalabad,623,42,2797,0.0
31913465742,1_623_41_936281_005015,,Abdul Majeed Lone,,,61,Male,Owner,Marginal  Farmer(Farmer having land <1 Hectare),PENDING,,,false,,OPERATOR,c96e44652c6504ace50d0a23178b11b4d35a94a391cae7652f6241b714a13ab4,NjI5NjcyNjk5NDc0,**** **** 9474,9906898310,,BANDIPORA,Bandipora,Nass,623,41,936281,0.0
92933178303,1_623_42_2808_005033,,AFROZA BANO,,,41,Female,Owner,Marginal  Farmer(Farmer having land <1 Hectare),PENDING,,,false,,OPERATOR,ba19258f90a39568afa8403e881bc15f914bc32330baf8ad3a9f9306ba153cfb,NTU1MDg4ODQ1NjY0,**** **** 5664,8493936398,,BANDIPORA,Sonawari,Gund i Khalil,623,42,2808,0.0
63351761683,1_623_41_936281_005025,,GHULAM NABI DAR,,,72,Male,Owner,Marginal  Farmer(Farmer having land <1 Hectare),PENDING,,,false,,OPERATOR,ce9bbee0711f97615f2779023765b4300cd48a2096ff12d3e3959992977200cf,NTIzMjY1MTQwNDIy,**** **** 0422,9622794409,,BANDIPORA,Bandipora,Nass,623,41,936281,66.0
53548430260,1_623_41_2740_005063,,Zubeida Begum,,,64,Female,Owner,Marginal  Farmer(Farmer having land <1 Hectare),PENDING,,,false,,OPERATOR,cef2a39dbc55019a3a09d13eccf8a45812a1491f9672f6b0d19bd5c53dfc8c6d,Njg1NzU0NTA4OTQ5,**** **** 8949,8803342227,,BANDIPORA,Bandipora,Khayar,623,41,2740,25.0
91134419267,1_623_6811_2778_005037,,ZAHOOR AHMAD DAR,,,38,Male,Owner,Marginal  Farmer(Farmer having land <1 Hectare),PENDING,,,false,,OPERATOR,15ada0319e558b8eb1137803cb85070e27aad2fefc710818e915ab18a328cf52,NjYzOTcwOTk3NDc4,**** **** 7478,9858300961,,BANDIPORA,Hajin,Gundi Saderkote,623,6811,2778,56.0
45844989399,1_623_42_2809_005018,,Mushtaq Ahmad Bhat,,,42,Male,Owner,Marginal  Farmer(Farmer having land <1 Hectare),PENDING,,,false,,OPERATOR,067d27a89a4aded435ca8534987f0833bddc54a0680d305adf840ef7bc1240ab,NzA1NDk5Mzk0NTgz,**** **** 4583,9622439088,,BANDIPORA,Sonawari,Trigam,623,42,2809,49.0
16908805357,1_623_6812_2716_005090,,MOHD GULZAR LONE,,,80,Male,Owner,Marginal  Farmer(Farmer having land <1 Hectare),PENDING,,,false,,OPERATOR,dad8467fdbbec5b255e0b2e2d62be436f8d89d8a2281dbc6df3a44b6544db06b,Mzk5MTA1ODY2NTky,**** **** 6592,6005440711,,BANDIPORA,Tulail,Neeru,623,6812,2716,38.0
78980544130,1_623_6810_2777_005062,,Mohd Shaban Dar,,,73,Male,Owner,Marginal  Farmer(Farmer having land <1 Hectare),PENDING,,,false,,OPERATOR,06ef348d036b19d849b859cdb66c97166c2a5b02907d057f2f7862497963530b,ODA2NjkyMzcxMjY5,**** **** 1269,8899876450,,BANDIPORA,Ajas,Ajas,623,6810,2777,0.0
17979850082,1_623_42_2804_005016,,Gh Hussain Waloo,,,80,Male,Owner,Small Farmer (Farmer having Land >=1 & <2 Hectare),PENDING,,,false,,OPERATOR,c74cc4c4429bae985bad218a52244e824ed1f9f40ca9a01d79082628cadf26e8,MjU0ODg5MTMwNzgy,**** **** 0782,7006112680,,BANDIPORA,Sonawari,Rakh Sultan Pora,623,42,2804,31.0
39422268866,1_623_42_2812_005060,,Mohd Afzal Rather,,,64,Male,Owner,Marginal  Farmer(Farmer having land <1 Hectare),PENDING,,,false,,OPERATOR,a84754c542a8c438d8e95cd98a9e9101632078dfd766e60e9653a0a8650276e6,NTg2NDQwMDI0NDgz,**** **** 4483,9419878185,,BANDIPORA,Sonawari,Sarai Dangarpora,623,42,2812,43.0
21954347118,1_623_6811_2784_005034,,FAROOQ AHMAD BHAT,,,53,Male,Owner,Marginal  Farmer(Farmer having land <1 Hectare),PENDING,,,false,,OPERATOR,7002b296f8b6e1867c8dec56c7c670ce044e3e1c125db573ff36bac3433ce60d,MzIzOTY1MTY5NzEx,**** **** 9711,7051589234,,BANDIPORA,Hajin,Gundi Boon,623,6811,2784,55.0
92747825785,1_623_42_2808_005028,,MEHRAJ UD DIN WAGAY,,,55,Male,Owner,Marginal  Farmer(Farmer having land <1 Hectare),PENDING,,,false,,OPERATOR,aaa2eedd9dae50894ad59ec03617b6a029f787fdd701896cb5ecb4c02594a1f9,Nzk1MDk0OTAxMzM2,**** **** 1336,7051460531,,BANDIPORA,Sonawari,Gund i Khalil,623,42,2808,0.0
68163323745,1_623_6811_2789_005029,,MOHD ABDULLAH DAR,,,87,Male,Owner,Marginal  Farmer(Farmer having land <1 Hectare),PENDING,,,false,,OPERATOR,f4b4a42e8c70326fc767dc57a8fbaf5ef97dbd9ef947ffcfbd76fd69612b0904,NjY3MjMxMDQ5NTc4,**** **** 9578,9797516764,,BANDIPORA,Hajin,Kani Pora,623,6811,2789,43.0
62263700821,1_623_41_2768_005061,,Bashir Ahmad Lone,,,66,Male,Owner,Marginal  Farmer(Farmer having land <1 Hectare),PENDING,,,false,,OPERATOR,2bc9a541d2b2d6cd0d5b82acd783836030d8bfafc1aa8470193d710c33edbaf2,NTY3Nzg4MzY5NzI1,**** **** 9725,9596513237,,BANDIPORA,Bandipora,Garoora,623,41,2768,65.0
81679281959,1_623_42_2808_005029,,Ghulam Ahmad Kumar,,,71,Male,Owner,Marginal  Farmer(Farmer having land <1 Hectare),PENDING,,,false,,OPERATOR,92c7ca6a00386b14648d9e5fca1ea84196652ff18a4eaadf506c7cf22368e402,NzE5OTkwODM3NTA0,**** **** 7504,9906787845,,BANDIPORA,Sonawari,Gund i Khalil,623,42,2808,61.0
10261196414,1_623_42_2797_005074,,MOHD YOUSUF BHAT,,,68,Male,Owner,Marginal  Farmer(Farmer having land <1 Hectare),PENDING,,,false,,OPERATOR,b12ac1a2faca2c90f19b4dcaee4fb084288d03552564bbe8701042ba2eac2aae,MjI4ODgxNTA4NTA5,**** **** 8509,6005451112,,BANDIPORA,Sonawari,Hilalabad,623,42,2797,43.0
25203041185,1_623_40_2705_005037,,FAROOQ AHMAD LONE,,,47,Male,Owner,Marginal  Farmer(Farmer having land <1 Hectare),PENDING,,,false,,OPERATOR,092007fdd2e8857ef41b3a745acce7877e839fae9c1c01df1fbf965341edf588,NzE4MTQxMTQ1MzIz,**** **** 5323,7006867942,,BANDIPORA,Gurez,Badwan,623,40,2705,65.0
21160027537,1_623_42_2812_005071,,Mitha Bano,,,44,Female,Owner,Marginal  Farmer(Farmer having land <1 Hectare),PENDING,,,false,,OPERATOR,71a78dd6378ad2d5d354ee882c3a02a2f9da96f50b2f198bffb6e02a408b1d74,Mjg3MDcyOTA4MDA4,**** **** 8008,9149819166,,BANDIPORA,Sonawari,Sarai Dangarpora,623,42,2812,0.0
69023243570,1_623_42_2794_005148,,Ab Rehman Rather,,,76,Male,Owner,Marginal  Farmer(Farmer having land <1 Hectare),PENDING,,,false,,OPERATOR,0d2895654f017f74a9dc7e67bbaabd34d5441135bfc33f0ad24c02d737c4964a,NTQ4NTA2NTk4Nzk0,**** **** 8794,9596208366,,BANDIPORA,Sonawari,Asham,623,42,2794,23.0
32534964594,1_623_41_936279_005004,,Gh Nabi Lone,,,70,Male,Owner,Marginal  Farmer(Farmer having land <1 Hectare),PENDING,,,false,,OPERATOR,424a24952a4836d7252f9455a944a8df6d914da2f17873a183880d3b4e0e3425,MzU3NDAwMTQ5NjA1,**** **** 9605,6005535735,,BANDIPORA,Bandipora,Ayatmulla,623,41,936279,43.0
15559589629,1_623_42_2810_005065,,FIDA HUSSAIN PARRAY,,,46,Male,Owner,Marginal  Farmer(Farmer having land <1 Hectare),PENDING,,,false,,OPERATOR,c16c81d11b44402de55a289beaf28066fd460bd8e719e213ba7159eb6c476774,NDg2MjcwNzMwNTIz,**** **** 0523,9682511416,,BANDIPORA,Sonawari,Odina,623,42,2810,35.0
98219954864,1_623_40_2705_005046,,MOHD MUNWAR HAJAM,,,86,Male,Owner,Marginal  Farmer(Farmer having land <1 Hectare),PENDING,,,false,,OPERATOR,163c192d9df596e50db2d9021db804491981d988032a492fba82b9eeb0ba3748,NzUwNTU5MDU4NzQw,**** **** 8740,6005400924,,BANDIPORA,Gurez,Badwan,623,40,2705,46.0
45237992267,1_623_42_2812_005067,,Kifayat Hussain,,,48,Male,Owner,Marginal  Farmer(Farmer having land <1 Hectare),PENDING,,,false,,OPERATOR,bf6bd4191ff6a2cb5d18809d5ea6e214b6d270afb02082039e7e0416cc499634,Njk4Mzc2MjgxOTgx,**** **** 1981,7006263814,,BANDIPORA,Sonawari,Sarai Dangarpora,623,42,2812,70.0
66625641527,1_623_41_2768_005055,,BASHIR AHMAD LONE,,,66,Male,Owner,Marginal  Farmer(Farmer having land <1 Hectare),PENDING,,,false,,OPERATOR,b2eb6f9e74f359edde76fb80cd1cdf5f5d11a37bd3d41345f39d270e38463a05,MzgyNTUxOTY0Mzc1,**** **** 4375,7051995064,,BANDIPORA,Bandipora,Garoora,623,41,2768,56.0
54178391910,1_623_42_2794_005153,,Mudasir Majeed Khan,,,32,Male,Owner,Marginal  Farmer(Farmer having land <1 Hectare),PENDING,,,false,,OPERATOR,0c9b50f0c0b3512f994fd40bf29d55d308572ce4ddaf436f48d2f49de18ac90b,NjcxMTE3ODE5OTM3,**** **** 9937,8899925928,,BANDIPORA,Sonawari,Asham,623,42,2794,66.0
70208688861,1_623_41_2742_005020,,BASHIR AHMAD KHAN,,,66,Male,Owner,Marginal  Farmer(Farmer having land <1 Hectare),PENDING,,,false,,OPERATOR,d7ff55496239a8d179e1b835d3a4e723c06585ee1762e6b6dc0da7c7976877b0,ODg3MTIxMzM1NTQ5,**** **** 5549,9906548563,,BANDIPORA,Bandipora,Panjigam,623,41,2742,56.0
17432114564,1_623_41_2761_005028,,Fayaz Ahmad Sheikh,,,40,Male,Owner,Marginal  Farmer(Farmer having land <1 Hectare),PENDING,,,false,,OPERATOR,f74f655798d794682d806a476497b4c3da0f39cb049c8112ecfcbe4ce06d8c12,ODUxMjQ2Njk5MDg2,**** **** 9086,7780999587,,BANDIPORA,Bandipora,Gamroo,623,41,2761,56.0
20574856596,1_623_6811_2774_005013,,Haseena Begum,,,49,Female,Owner,Marginal  Farmer(Farmer having land <1 Hectare),PENDING,,,false,,OPERATOR,4e9c4c6a68ebfec455827c80d32c2ae0df2bfc44d0ce9ea9fbaa9f31a4e67482,MzYzODc2NDc0MTU1,**** **** 4155,7006283413,,BANDIPORA,Hajin,Rakh i Hajin,623,6811,2774,50.0
39281700375,1_623_42_2797_005086,,Manzoor Ahmad Wagay,,,59,Male,Owner,Marginal  Farmer(Farmer having land <1 Hectare),PENDING,,,false,,OPERATOR,e38ad8347671970c2e46b771e78af8f95cff4113d5bc0373360a3068c813ae77,ODkzMDUwMTY2MDc4,**** **** 6078,7006158134,,BANDIPORA,Sonawari,Hilalabad,623,42,2797,0.0
79738172188,1_623_6812_2716_005097,,Naseema Begum,,,36,Female,Owner,Marginal  Farmer(Farmer having land <1 Hectare),PENDING,,,false,,OPERATOR,c9e8de641656c9ef5f4f1a35b2842c40b27fce97a95b9465a70d67b544af914d,OTMwMTc5NTAxMzc5,**** **** 1379,6006461090,,BANDIPORA,Tulail,Neeru,623,6812,2716,69.0
57619519924,1_623_41_2740_005056,,Ali Mohd Malik,,,61,Male,Owner,Marginal  Farmer(Farmer having land <1 Hectare),PENDING,,,false,,OPERATOR,320032b3adf4de7d347f427a825ee3555eafda35ae467e289798ace408befe90,MjQ0MDAxNDY3Mjc0,**** **** 7274,9622690832,,BANDIPORA,Bandipora,Khayar,623,41,2740,53.0
68674995199,1_623_42_2800_005032,,Bashir Ah Dar,,,59,Male,Owner,Marginal  Farmer(Farmer having land <1 Hectare),PENDING,,,false,,OPERATOR,a9080cfc731e0bc35773318aabaaba7a19de52bda339988c9a24650caf8bee3f,NTAyNjk4MjUxODg3,**** **** 1887,9697342627,,BANDIPORA,Sonawari,Rakh Shilvat,623,42,2800,25.0
13953479696,1_623_41_2763_005021,,Aijaz Ahmad Wani,,,44,Male,Owner,Marginal  Farmer(Farmer having land <1 Hectare),PENDING,,,false,,OPERATOR,ff4e1d95ac57248d0252e0728c8cc6b6f20042459453b6847bc6ef01bd77cd93,NDg5ODIxNTEzNjY2,**** **** 3666,6005337740,,BANDIPORA,Bandipora,Nadihal,623,41,2763,46.0
29447044247,1_623_40_2707_005110,,Tariq Ahmad Nasir,,,42,Male,Owner,Marginal  Farmer(Farmer having land <1 Hectare),PENDING,,,false,,OPERATOR,ea6f71cea867541a3b6154f8cc7a11f4326b4eb270ce83dbfdbd83846aafbce3,MjY5NDM1ODgwOTQy,**** **** 0942,7889823640,,BANDIPORA,Gurez,Markoot,623,40,2707,63.0
17874749779,1_623_41_936281_005016,,Abdul Majeed Mir,,,57,Male,Owner,Marginal  Farmer(Farmer having land <1 Hectare),PENDING,,,false,,OPERATOR,e34a0db173a3f70aee5c52b565b9fb012a9cabace8d290c51ceaeb637ab659ea,NDIwMDc4Njk0MTA3,**** **** 4107,9596697872,,BANDIPORA,Bandipora,Nass,623,41,936281,66.0
62432402326,1_623_41_2740_005044,,SHABIR AHMAD GANIE,,,47,Male,Owner,Marginal  Farmer(Farmer having land <1 Hectare),PENDING,,,false,,OPERATOR,7ec8f8f4caba7f1b52ca6e93c0a897b3c25514ca48626120cfb767ebf86249a3,ODgxNjE3MjgyMzQ0,**** **** 2344,9797784520,,BANDIPORA,Bandipora,Khayar,623,41,2740,33.0
74143721514,1_623_6811_2774_005015,,Gh Mohi Ud Din Dar,,,51,Male,Owner,Marginal  Farmer(Farmer having land <1 Hectare),PENDING,,,false,,OPERATOR,3a1ef0d3ba3f1522a64ae69e52e1ea03a690caebafb78391e2fa4c0ebd34ea59,ODcyMDkyMDA5ODMw,**** **** 9830,8082535188,,BANDIPORA,Hajin,Rakh i Hajin,623,6811,2774,53.0
86965720358,1_623_40_2705_005087,,SHABIR AHMAD LONE,,,41,Male,Owner,Marginal  Farmer(Farmer having land <1 Hectare),PENDING,,,false,,OPERATOR,f4ea26c437cfc1f6ff91dec8fad736e1faf897c7471433713d0a500edbb2d0b8,NjYwMDExMTE4Mzky,**** **** 8392,6006046294,,BANDIPORA,Gurez,Badwan,623,40,2705,66.0
37826067648,1_623_41_936283_005011,,SHOWKAT AHMAD BHAT,,,55,Male,Owner,Marginal  Farmer(Farmer having land <1 Hectare),PENDING,,,false,,OPERATOR,e3b83f4c7fca8e5a80561b541619cc21573530326e9b5966304bca9677a51860,Mzg0MTQxNDQ2Mzc0,**** **** 6374,8899525939,,BANDIPORA,Bandipora,Watapora,623,41,936283,0.0
34388686478,1_623_40_2708_005111,,Abdul Gani Lone,,,44,Male,Owner,Marginal  Farmer(Farmer having land <1 Hectare),PENDING,,,false,,OPERATOR,0f855370ad78e5d1132fd3a0d7357f9c1629d347393c64308b9730200670d750,OTk2NzA2MzQ1NDcw,**** **** 5470,7006060554,,BANDIPORA,Gurez,Shah Pora - Achoora (Churwan),623,40,2708,55.0
53954570853,1_623_41_2764_005016,,MOHD SHAFI BHAT,,,55,Male,Owner,Marginal  Farmer(Farmer having land <1 Hectare),PENDING,,,false,,OPERATOR,17ea5fbbeae4755071396694af78392ff7e21e988628cc0d1b6a7bb74414c63f,NjI1OTEyMTc0NDk1,**** **** 4495,9469838965,,BANDIPORA,Bandipora,Gund Dachina,623,41,2764,46.0
78963988921,1_623_6811_2789_005030,,Mohmad Iqbal Dar,,,63,Male,Owner,Marginal  Farmer(Farmer having land <1 Hectare),PENDING,,,false,,OPERATOR,86d842140fa0925e9eed0601dbc5100472a2c7a80fa8fc52280b8a9809443484,MzYwMjIwMzYxMDA0,**** **** 1004,9149612452,,BANDIPORA,Hajin,Kani Pora,623,6811,2789,43.0
28605098627,1_623_42_2800_005033,,Gh Qadir Dar,,,71,Male,Owner,Marginal  Farmer(Farmer having land <1 Hectare),PENDING,,,false,,OPERATOR,fcbbc3deb1ae288cc8c5f1cd45590caf094e20a79980705d41ac8f0a30b2dfc0,MzYzODMyNTkyNzE0,**** **** 2714,9906414119,,BANDIPORA,Sonawari,Rakh Shilvat,623,42,2800,43.0
74841115535,1_623_40_2705_005050,,MANZOOR AHMAD MAPNOO,,,41,Male,Owner,Marginal  Farmer(Farmer having land <1 Hectare),PENDING,,,false,,OPERATOR,e82184632c7eebf3015847e386f95e95380134d2ac0a08ee2f024c6a04b9c6a0,Nzg1MDU3MTk1Njgy,**** **** 5682,7889420760,,BANDIPORA,Gurez,Badwan,623,40,2705,65.0
53287860671,1_623_42_2800_005034,,Malla Shaban,,,82,Male,Owner,Marginal  Farmer(Farmer having land <1 Hectare),PENDING,,,false,,OPERATOR,0ebd9f1c45f4eaab99b92a3ced012652f798504c8ea7ea6de355d6d9150621d7,Mjg2NDMwMTg1MDIw,**** **** 5020,9906481093,,BANDIPORA,Sonawari,Rakh Shilvat,623,42,2800,45.0
69757151557,1_623_41_2761_005034,,Javeed Ur Rehman,,,42,Male,Owner,Marginal  Farmer(Farmer having land <1 Hectare),APPROVED,,,false,,OPERATOR,89442fde640584ffab08d3da85a157644bb7ac5acaf02d9a5abfea6bcae71326,NDg1NjI4MTM0MTk1,**** **** 4195,7889382123,,BANDIPORA,Bandipora,Gamroo,623,41,2761,89.0
68086196840,1_623_6809_2744_005038,,MUSHTAQ AHMAD CHOPAN,,,51,Male,Owner,Marginal  Farmer(Farmer having land <1 Hectare),PENDING,,,false,,OPERATOR,11cb380a4adeb74b268363fc7fbcae00d820887b90dba0cf00ef17b7ccde48ca,NDkxNjM0Njc0NDg3,**** **** 4487,9103135597,,BANDIPORA,Aloosa,Mangnipora,623,6809,2744,46.0
89707474960,1_623_42_2800_005025,,Ab Rashid Malla,,,63,Male,Owner,Marginal  Farmer(Farmer having land <1 Hectare),PENDING,,,false,,OPERATOR,0d0d24784dc5c02189d32c660c039623f637ed6d5060b0ae974a139c10fbea70,NTM1MTU0OTg0NTE3,**** **** 4517,7298906116,,BANDIPORA,Sonawari,Rakh Shilvat,623,42,2800,0.0
35090038704,1_623_42_2804_005028,,Gulfam Shaban,,,48,Female,Owner,Marginal  Farmer(Farmer having land <1 Hectare),APPROVED,,,false,,OPERATOR,951685c49b96dd82b8415a75d0565f84d47b06e03b425a70907f3df8d85f500b,Nzg3NjI4OTk1OTQ0,**** **** 5944,7889416884,,BANDIPORA,Sonawari,Rakh Sultan Pora,623,42,2804,88.0
95526683140,1_623_41_2764_005023,,Javaid Ahmad Malla,,,46,Male,Owner,Marginal  Farmer(Farmer having land <1 Hectare),PENDING,,,false,,OPERATOR,eb651ad17f29173340130b4e5bab552cec93c0916783e6eea2833fbcc98c796b,NDAyMTg5NzUyODA5,**** **** 2809,9682364058,,BANDIPORA,Bandipora,Gund Dachina,623,41,2764,64.0
25911898831,1_623_42_2794_005144,,Mohd Khalil Bhat,,,63,Male,Owner,Marginal  Farmer(Farmer having land <1 Hectare),PENDING,,,false,,OPERATOR,d7b4ff2cdf58358a2a96cf5cedc7bbfcf29ecae618a3a69ed4b3a35d5d2aed71,NzM5NTczODEyNzcx,**** **** 2771,7889509316,,BANDIPORA,Sonawari,Asham,623,42,2794,53.0
24726779945,1_623_42_2820_005031,,Abdul Rahim Khanday,,,74,Male,Owner,Marginal  Farmer(Farmer having land <1 Hectare),PENDING,,,false,,OPERATOR,7b72731b5556c57fea2b94de5bac181768daf3e3af1d0841f9d0fad4ce509725,NjYxNDEwMzk2NzY1,**** **** 6765,9419089043,,BANDIPORA,Sonawari,Sumbal Inderkote,623,42,2820,66.0
28954351557,1_623_42_2808_005032,,Ghulam Mohammad Hamal,,,61,Male,Owner,Small Farmer (Farmer having Land >=1 & <2 Hectare),PENDING,,,false,,OPERATOR,1f59f921c535497a367fb5e2e0b1565d20ce7f801f20a7e8d6761f2dc2a694e2,NDM0MjgxODI2Mzk2,**** **** 6396,9596354993,,BANDIPORA,Sonawari,Gund i Khalil,623,42,2808,38.0
60168553429,1_623_42_2800_005024,,Fatima Begum,,,58,Female,Owner,Marginal  Farmer(Farmer having land <1 Hectare),PENDING,,,false,,OPERATOR,d4094eb222a22a0f78daca0251694d4ee0e668d1ed296e1f2ad161d4aa47bde2,MzM2NjQ4MDc3NzMy,**** **** 7732,9858198847,,BANDIPORA,Sonawari,Rakh Shilvat,623,42,2800,70.0
80729349450,1_623_40_2708_005110,,Nani Begum,,,61,Female,Owner,Marginal  Farmer(Farmer having land <1 Hectare),PENDING,,,false,,OPERATOR,1d9be80798e9689826ca257b19dd247f6dac2a67604fa9ef26ed78c4b842e028,NzQ3ODAxNzgxNDQ5,**** **** 1449,6005046527,,BANDIPORA,Gurez,Shah Pora - Achoora (Churwan),623,40,2708,25.0
47198123919,1_623_6809_2744_005036,,Abdul Khaliq Parray,,,71,Male,Owner,Marginal  Farmer(Farmer having land <1 Hectare),PENDING,,,false,,OPERATOR,460224b748c6f2f6b9c17a12ffae6c110cd0adab34d1684574b62aaf52a13f53,OTE0MzU2Mzk4ODcy,**** **** 8872,7006939905,,BANDIPORA,Aloosa,Mangnipora,623,6809,2744,54.0
94381789402,1_623_42_2820_005021,,Ab Majeed Dhobi,,,48,Male,Owner,Marginal  Farmer(Farmer having land <1 Hectare),PENDING,,,false,,OPERATOR,843af13a5c3363af34cfda24e3cc3383769e537a3eb7d8133c0870054c56d56e,NTI5MTcxMDYwNDE1,**** **** 0415,8494017099,,BANDIPORA,Sonawari,Sumbal Inderkote,623,42,2820,0.0
41697097594,1_623_6812_2716_005091,,AB AZIZ LONE,,,45,Male,Owner,Marginal  Farmer(Farmer having land <1 Hectare),PENDING,,,false,,OPERATOR,4c2d19edf1e3b7e5045ac67bfda52b9d55d88f6f96824f0b3c7f51c6a40099f8,ODYyMDU5MjQ2MTIw,**** **** 6120,9103584736,,BANDIPORA,Tulail,Neeru,623,6812,2716,53.0
10143123790,1_623_42_2815_005021,,MUSHTAQ AHMAD DAR,,,55,Male,Owner,Marginal  Farmer(Farmer having land <1 Hectare),PENDING,,,false,,OPERATOR,dcdf92447cf46c84506cde56c1347f69461ebceddb35621a1b502b87f50a97c7,NjAzNTA2MjI3MzI2,**** **** 7326,9541101517,,BANDIPORA,Sonawari,Wahid pora,623,42,2815,43.0
39408324092,1_623_41_2763_005020,,Mohd Ashraf Wani,,,65,Male,Owner,Marginal  Farmer(Farmer having land <1 Hectare),PENDING,,,false,,OPERATOR,8865faed210c63a54edf5a913d6195680afa9701c23bbc7d7fa5d639e9de994a,ODQ2Nzk2NjQzNDE4,**** **** 3418,8899088772,,BANDIPORA,Bandipora,Nadihal,623,41,2763,53.0
18880605494,1_623_6812_2725_005039,,MOHD SHABAN MIR,,,50,Male,Owner,Marginal  Farmer(Farmer having land <1 Hectare),APPROVED,,,false,,OPERATOR,cbc89d4b230db968557caf786e9364a488a7bf59e92ec1f2db531aca59bd60ad,NDcwMjM3MDM0MjIx,**** **** 4221,6006889409,,BANDIPORA,Tulail,Gujran,623,6812,2725,43.0
71899031847,1_623_6809_2744_005037,,Hafiz Nazir Ahmad Gojar,,,55,Male,Owner,Marginal  Farmer(Farmer having land <1 Hectare),PENDING,,,false,9103953244,OPERATOR,4bbc52ed95cb8dbc06e2bcd0846b186644bede18a12dc780312c62b8baab5c24,MzUyMTExODM4MTEx,**** **** 8111,9103953244,,BANDIPORA,Aloosa,Mangnipora,623,6809,2744,0.0
71845480424,1_623_40_2708_005123,,Zeenab Begum,,,52,Female,Owner,Marginal  Farmer(Farmer having land <1 Hectare),PENDING,,,false,,OPERATOR,4712104b0f6eec4ae7862fb55add489ca23a2cef4cfb349cfd134c23932a4c13,Mjg1NjUzODA0NDU4,**** **** 4458,9149931419,,BANDIPORA,Gurez,Shah Pora - Achoora (Churwan),623,40,2708,49.0
50122074690,1_623_41_2740_005058,,Ghulam Mohd Shah,,,56,Male,Owner,Marginal  Farmer(Farmer having land <1 Hectare),PENDING,,,false,,OPERATOR,a292a9c3f1e54e9e71b6575ca83f52ffda44c08f19b3d8bc559eea95859f59ef,ODk3ODQ2ODI4NDQ4,**** **** 8448,8491075057,,BANDIPORA,Bandipora,Khayar,623,41,2740,53.0
32257157121,1_623_42_2810_005064,,SHOWKAT ALI DAR,,,38,Male,Owner,Marginal  Farmer(Farmer having land <1 Hectare),PENDING,,,false,,OPERATOR,0754d406a4f6c3e571f3c6db4d23a06c31176491da33f9c09fa9857161d76962,OTA5NTYwMDU2MjMx,**** **** 6231,8082405220,,BANDIPORA,Sonawari,Odina,623,42,2810,0.0
73954997827,1_623_40_2705_005051,,Mohd Mushtaq Mapnoo,,,46,Male,Owner,Marginal  Farmer(Farmer having land <1 Hectare),PENDING,,,false,,OPERATOR,a3c259d45d3d8ae2acdb100f2fb8565337e976d3853ddc146c7aad9f63cff5a6,MzE5MDg5MDA3NjY4,**** **** 7668,7780901037,,BANDIPORA,Gurez,Badwan,623,40,2705,0.0
36464230190,1_623_41_936279_005008,,Ghulam Qadir Sofi,,,52,Male,Owner,Marginal  Farmer(Farmer having land <1 Hectare),PENDING,,,false,,OPERATOR,624146642a05fcb3779c45397a697ffd4ee4a6173523eddbc525723ef9f2d620,NzY3NjEyNDQ2NDU2,**** **** 6456,9622765605,,BANDIPORA,Bandipora,Ayatmulla,623,41,936279,45.0
97138161558,1_623_42_2794_005155,,Rafeeqa Begum,,,57,Female,Owner,Marginal  Farmer(Farmer having land <1 Hectare),PENDING,,,false,,OPERATOR,0846839b74a5b8e9268d755227b9493c95ddf68528de961a68bf2ba753eafb91,ODg0NTcyNTY2OTYz,**** **** 6963,7006817162,,BANDIPORA,Sonawari,Asham,623,42,2794,50.0
24498965203,1_623_41_2768_005059,,MOHAMMAD SULTAN LONE,,,58,Male,Owner,Marginal  Farmer(Farmer having land <1 Hectare),PENDING,,,false,,OPERATOR,5afb2b12c28df3bc7e67c66ed31757cbdededac7133f1a19a96fa3f68abb7df3,Nzk2NTY1ODc2NTM1,**** **** 6535,6005262829,,BANDIPORA,Bandipora,Garoora,623,41,2768,58.0
85161884492,1_623_6811_2789_005038,,Gh Mohi Din Dar,,,71,Male,Owner,Marginal  Farmer(Farmer having land <1 Hectare),PENDING,,,false,,OPERATOR,577fd5f49eb6c6a599d83ca578980addc4a48edfd771890c27f40ee3569e970e,NDg3MDExNjkyNzc4,**** **** 2778,9149457794,,BANDIPORA,Hajin,Kani Pora,623,6811,2789,48.0
44335415602,1_623_42_2810_005060,,Shahda Begum,,,66,Female,Owner,Marginal  Farmer(Farmer having land <1 Hectare),PENDING,,,false,,OPERATOR,dcb5d3644f07b6523b8551b7036f797f0fea1f8eeefefb2605bdcc739b16f5bb,OTY2MDk0MjM1NDYz,**** **** 5463,9149692289,,BANDIPORA,Sonawari,Odina,623,42,2810,0.0
64389609375,1_623_41_2763_005022,,Mohammad Sarwar Wani,,,41,Male,Owner,Marginal  Farmer(Farmer having land <1 Hectare),PENDING,,,false,,OPERATOR,77623c2c955e9e402f9895cd3a6a6b3590227cd1240e462f315f1788623ec9dc,NTgxMTg2NDc3ODI1,**** **** 7825,8493074988,,BANDIPORA,Bandipora,Nadihal,623,41,2763,66.0
31186578491,1_623_40_2708_005122,,Gh Mohiud Din Lone,,,58,Male,Owner,Marginal  Farmer(Farmer having land <1 Hectare),PENDING,,,false,,OPERATOR,40ed00069f626132e873a4f5df0d6f6d544e9060a3b04ab07b5d1864461c7b22,OTEyMTc3NDYzMjYw,**** **** 3260,9419512843,,BANDIPORA,Gurez,Shah Pora - Achoora (Churwan),623,40,2708,64.0
73935320327,1_623_42_2820_005034,,Mehnaz Begum,,,37,Female,Owner,Marginal  Farmer(Farmer having land <1 Hectare),PENDING,,,false,,OPERATOR,fceec1e671770ed6f6cdf9a90783a4403da4aa96eaa75b01d3ba8271bdd1704a,Mzk2NzUyNzg5NTc3,**** **** 9577,7889355485,,BANDIPORA,Sonawari,Sumbal Inderkote,623,42,2820,0.0
64944989453,1_623_6812_2725_005053,,Ahmad Lone,,,71,Male,Owner,Small Farmer (Farmer having Land >=1 & <2 Hectare),APPROVED,,,false,,OPERATOR,3b62752c4d893c66d4caf9f424ca25a7bc12664ff5347d6f5087a442cfea4e79,MjQ1NTQxMzkwMjUw,**** **** 0250,6005747558,,BANDIPORA,Tulail,Gujran,623,6812,2725,35.0
32044746454,1_623_41_936281_005017,,Ghulam Nabi Mir,,,58,Male,Owner,Marginal  Farmer(Farmer having land <1 Hectare),PENDING,,,false,,OPERATOR,8e597882bf24818691ac06c9091992442c605fad87faee6137c44c01981cc63f,NjMzOTU3NzIyOTAx,**** **** 2901,9797804639,,BANDIPORA,Bandipora,Nass,623,41,936281,55.0
83379900123,1_623_41_2740_005045,,Gh Nabi Chopan,,,66,Male,Owner,Marginal  Farmer(Farmer having land <1 Hectare),PENDING,,,false,,OPERATOR,e50e62f6a54a4b550732e5db155af22948194c8b00665a4f67a7e961cbc0855c,ODU5ODAyMDI5MDc1,**** **** 9075,9682379972,,BANDIPORA,Bandipora,Khayar,623,41,2740,0.0
59318164786,1_623_42_2809_005020,,Fayaz Ahmad Tali,,,34,Male,Owner,Marginal  Farmer(Farmer having land <1 Hectare),PENDING,,,false,,OPERATOR,bffcb95c72546d6b7c43e49dc296add5e52903e40394cf6408a1a821969373d5,NzQ5ODI1Mjg5NjE0,**** **** 9614,9149582957,,BANDIPORA,Sonawari,Trigam,623,42,2809,0.0
76163799736,1_623_6812_2725_005050,,HABIB ULLAH LONE,,,49,Male,Owner,Marginal  Farmer(Farmer having land <1 Hectare),APPROVED,,,false,,OPERATOR,c74cfd3e3098b153ae39f23a4e6e5323adde46ad1c873cab7d757ff7bddfc63e,NTM5MzA1MjA0NDY0,**** **** 4464,8899117137,,BANDIPORA,Tulail,Gujran,623,6812,2725,46.0
68569991574,1_623_42_2800_005035,,Manzoor Ahmad Malla,,,50,Male,Owner,Marginal  Farmer(Farmer having land <1 Hectare),PENDING,,,false,,OPERATOR,fa2fbba06eef3fdcc35d7dace93b31bce255cc93512f5e7c1abe945b2d3012a6,ODk5ODM4MzI0ODcw,**** **** 4870,7889666170,,BANDIPORA,Sonawari,Rakh Shilvat,623,42,2800,56.0
46921682917,1_623_6810_2777_005074,,Mohd Sabir Bhat,,,66,Male,Owner,Marginal  Farmer(Farmer having land <1 Hectare),APPROVED,,,false,,OPERATOR,51913ea32781a6c59e1273bc5baef2a7dcae78d3451a3202e80089ea78718f19,ODg1NzI2NTcyOTgy,**** **** 2982,9906693289,,BANDIPORA,Ajas,Ajas,623,6810,2777,33.0
75034456300,1_623_41_2768_005042,,Nana Bano,,,55,Female,Owner,Marginal  Farmer(Farmer having land <1 Hectare),PENDING,,,false,,OPERATOR,cea0d8c6cbe4cca8bd3dcd42ea529ba66413c4eb317aaccb0b30d281cd2ecab5,ODExNjMxOTgzMDI1,**** **** 3025,8491992109,,BANDIPORA,Bandipora,Garoora,623,41,2768,50.0
14689417583,1_623_42_2797_005076,,Ab Hameed Bhat,,,41,Male,Owner,Marginal  Farmer(Farmer having land <1 Hectare),PENDING,,,false,,OPERATOR,91c2447335d2e17e64ee08420cb47404573d32084cd173cae280fff594108c16,NTIxMTE2NzU5MzM4,**** **** 9338,6005223058,,BANDIPORA,Sonawari,Hilalabad,623,42,2797,44.0
29456641272,1_623_41_936279_005009,,Ab Karim Wani,,,65,Male,Owner,Marginal  Farmer(Farmer having land <1 Hectare),PENDING,,,false,,OPERATOR,536a10c45189df2a745ed1d45e265d4b3c6c7b0dd3fac8bbb79fca39db422d30,Mzg3MTI4MTA2NzA0,**** **** 6704,6005625511,,BANDIPORA,Bandipora,Ayatmulla,623,41,936279,42.0
31094614185,1_623_6811_2778_005041,,FAROOQ AHMAD BHAT,,,46,Male,Owner,Marginal  Farmer(Farmer having land <1 Hectare),PENDING,,,false,,OPERATOR,7116fd4eca17bcab2611330eb06968ade6c76b543fb2e4181c0851a762074340,NTg1OTg3NDQ1NDEy,**** **** 5412,9906658537,,BANDIPORA,Hajin,Gundi Saderkote,623,6811,2778,56.0
12314893816,1_623_42_2810_005063,,Gh Mohammad Bhat,,,67,Male,Owner,Marginal  Farmer(Farmer having land <1 Hectare),PENDING,,,false,,OPERATOR,3de52bf41ec7f798a6f6f8b376ce976e6ecd6c408f1bafb24ee27dcd494b3263,OTUyMzczNTkzMjgz,**** **** 3283,6005944483,,BANDIPORA,Sonawari,Odina,623,42,2810,0.0
53954765344,1_623_42_2820_005029,,Mir Umer Altaf,,,16,Male,Owner,Marginal  Farmer(Farmer having land <1 Hectare),PENDING,,,false,,OPERATOR,19e9fa73b71bb4ca9cb47a7828644e89060e404d94e4da267fdcf31e2bd51a78,NDgxNTU0OTgyMTMz,**** **** 2133,9149416236,,BANDIPORA,Sonawari,Sumbal Inderkote,623,42,2820,45.0
60245370662,1_623_6812_2725_005048,,MOHAMMAD ALI MIR,,,71,Male,Owner,Marginal  Farmer(Farmer having land <1 Hectare),APPROVED,,,false,,OPERATOR,585ed792150de43b13f457fa522c1c5979439601d452d8337b9f81bbb6b7e008,Nzg4OTc0MzQ1NzY4,**** **** 5768,9103030224,,BANDIPORA,Tulail,Gujran,623,6812,2725,43.0
19677700136,1_623_41_2740_005046,,Noor Ud Din Malik,,,62,Male,Owner,Marginal  Farmer(Farmer having land <1 Hectare),PENDING,,,false,,OPERATOR,e2fd610f388a4614c96d7a9a78f151d6ffcb18de7f27e2e7a453540e030dd7e6,NTczMzA3OTk5NjI1,**** **** 9625,9858426082,,BANDIPORA,Bandipora,Khayar,623,41,2740,61.0
70432234980,1_623_40_2705_005047,,GH AHMAD LONE,,,61,Male,Owner,Marginal  Farmer(Farmer having land <1 Hectare),PENDING,,,false,,OPERATOR,14be8c03e03006c8c1b3ab886783d52981f29c3263acdbb590dac02bb4c02119,NzkzMzE3OTAyMTkx,**** **** 2191,9682151195,,BANDIPORA,Gurez,Badwan,623,40,2705,43.0
65183831363,1_623_42_2809_005024,,Gh Ahmad Bhat,,,85,Male,Owner,Marginal  Farmer(Farmer having land <1 Hectare),PENDING,,,false,,OPERATOR,9d0c1a2b91e567b925b539595e9e823824dd88d38a47a73286f75e3a91ffb3d5,ODgwNzYyMjkwNzQx,**** **** 0741,9469161933,,BANDIPORA,Sonawari,Trigam,623,42,2809,0.0
50154580946,1_623_41_2768_005057,,Abdul Khaliq Ganie,,,83,Male,Owner,Marginal  Farmer(Farmer having land <1 Hectare),PENDING,,,false,,OPERATOR,74e7349f3569396e432f31fd84a785f7d6a4fb9bd6318a2cdaf01064be1fba74,MzEwMTU1MDk5NTAz,**** **** 9503,9906628324,,BANDIPORA,Bandipora,Garoora,623,41,2768,61.0
47841445950,1_623_42_2797_005087,,GH AHMAD MIR,,,63,Male,Owner,Marginal  Farmer(Farmer having land <1 Hectare),PENDING,,,false,,OPERATOR,4ba8ffba7a1b1c9161eda5bd6f6942d4499ee4182d3d7333624df9e2a267eb6b,NTM1NDc1NjY5ODgx,**** **** 9881,9697484242,,BANDIPORA,Sonawari,Hilalabad,623,42,2797,43.0
25869657326,1_623_42_2815_005022,,Mohd Afzal Dar,,,56,Male,Owner,Marginal  Farmer(Farmer having land <1 Hectare),PENDING,,,false,,OPERATOR,fbf991eb367056ee6fdbacf2927704152d113ed48a2bcf3ef1d6c6e7bb3d93fe,NDk1NjYzMTI1MzIy,**** **** 5322,6005959636,,BANDIPORA,Sonawari,Wahid pora,623,42,2815,56.0
92708615663,1_623_6812_2716_005092,,Jumma Lone,,,48,Male,Owner,Marginal  Farmer(Farmer having land <1 Hectare),PENDING,,,false,,OPERATOR,a3fc2dc8bf95c898133d84c8c76f7e84abf08f5afade3ef42c04c55f60a15df5,NjE2NzY0MjUzMzk5,**** **** 3399,9149894381,,BANDIPORA,Tulail,Neeru,623,6812,2716,44.0
85897645852,1_623_41_2768_005039,,Nazir Ahmad Dandroo,,,55,Male,Owner,Marginal  Farmer(Farmer having land <1 Hectare),PENDING,,,false,,OPERATOR,92779cb554c48f75735f2fe271bd56afc2fc45c9ecf52270096898e4d8cd0102,NjY5NTMyMDg3NjY2,**** **** 7666,9541283312,,BANDIPORA,Bandipora,Garoora,623,41,2768,70.0
83385984636,1_623_6811_2778_005039,,Ghulam Hassan Dar,,,49,Male,Owner,Marginal  Farmer(Farmer having land <1 Hectare),PENDING,,,false,,OPERATOR,4e9e6a2b7d52621f04654b8aa3ced5c9ef74fc83f2f32ad7cece3441a0ec10ad,MjYzNDU0MTE3NjE0,**** **** 7614,8082787889,,BANDIPORA,Hajin,Gundi Saderkote,623,6811,2778,66.0
47321365434,1_623_42_2794_005143,,GH AHMAD WANI,,,72,Male,Owner,Marginal  Farmer(Farmer having land <1 Hectare),PENDING,,,false,,OPERATOR,7852bba6e1bffe98d89ed50ff17b2dcf84a43a93d47b8d3ac3a30a9ee2c9f22c,NjU0NTI2NjQ3ODA0,**** **** 7804,9419400212,,BANDIPORA,Sonawari,Asham,623,42,2794,43.0
96346627020,1_623_40_2705_005038,,MOHD HANIF MAPNOO,,,51,Male,Owner,Marginal  Farmer(Farmer having land <1 Hectare),PENDING,,,false,,OPERATOR,e9c17d87ddabb83590873ccffc9978ddc1ff1e6283e545b221823be347ac1a34,OTY2NjIyMjc0MDA1,**** **** 4005,7006578870,,BANDIPORA,Gurez,Badwan,623,40,2705,46.0
43164029997,1_623_42_2797_005075,,Tabasum Jabeen,,,46,Female,Owner,Marginal  Farmer(Farmer having land <1 Hectare),APPROVED,,,false,,OPERATOR,f61f77bcb1effe5d8c5cfee656c8a3b85aa3ca989fb15315740e25d9bb63ec1a,OTg5NDEyMjI1OTI5,**** **** 5929,8492935239,,BANDIPORA,Sonawari,Hilalabad,623,42,2797,90.0
41249087451,1_623_6810_2777_005063,,Zahoor Ahmad Rather,,,60,Male,Owner,Marginal  Farmer(Farmer having land <1 Hectare),APPROVED,,,false,,OPERATOR,50dab8e7a50f68e9b6cbb8cd539039af66d94357005130ab89097e1293b00c24,NTEzOTY2ODU4NDMx,**** **** 8431,9906404006,,BANDIPORA,Ajas,Ajas,623,6810,2777,69.0
52817384977,1_623_6811_2778_005040,,Ab Satar Dar,,,66,Male,Owner,Marginal  Farmer(Farmer having land <1 Hectare),PENDING,,,false,,OPERATOR,f7e9a332367406cd2369a3cc124ae266d3706d967c9881dd5de9bc18dcff4ae2,Mjk3MzE1MzY5Mzgw,**** **** 9380,6005339553,,BANDIPORA,Hajin,Gundi Saderkote,623,6811,2778,54.0
94177905691,1_623_42_2820_005022,,Ghulam Ahmad Dar,,,49,Male,Owner,Marginal  Farmer(Farmer having land <1 Hectare),PENDING,,,false,,OPERATOR,5183321c6d5c23a60cfff846ae654df2e41f8a97f4fc539d621e57a0e3db824b,NzM5ODQwNjIyNzU5,**** **** 2759,8899116724,,BANDIPORA,Sonawari,Sumbal Inderkote,623,42,2820,0.0
71542646319,1_623_42_2812_005062,,Mohd Abdullah Rather,,,61,Male,Owner,Marginal  Farmer(Farmer having land <1 Hectare),PENDING,,,false,,OPERATOR,0fe55ba3b295ecf19dff6d1cf41ba9a451dd0e7bccc31357fb2fb69d09c25e4b,MzQwMzEyOTIwMjMy,**** **** 0232,9797565388,,BANDIPORA,Sonawari,Sarai Dangarpora,623,42,2812,43.0
72540321199,1_623_6811_2772_005007,,Ghulam Mohammad Kawa,,,64,Male,Owner,Marginal  Farmer(Farmer having land <1 Hectare),PENDING,,,false,,OPERATOR,7a1a81e4d9e1b23c0e63579160650583e8d9e0fa3844dba2a8e7cb3594ddc195,NTgwMjc2MzM4OTcw,**** **** 8970,9596066149,,BANDIPORA,Hajin,Sari Hari Karan Gund,623,6811,2772,56.0
30744408266,1_623_41_2768_005041,,MOHAMMAD ANWAR LONE,,,57,Male,Owner,Marginal  Farmer(Farmer having land <1 Hectare),PENDING,,,false,,OPERATOR,d57b8553d0771af3d22fd8b71da268bfca84a5920f1b4b1487759280a1294298,OTc4MjAyOTQ5MzIx,**** **** 9321,7006704898,,BANDIPORA,Bandipora,Garoora,623,41,2768,46.0
29857751161,1_623_40_2708_005112,,Bashir Ahmad Wani,,,63,Male,Owner,Marginal  Farmer(Farmer having land <1 Hectare),PENDING,,,false,,OPERATOR,e133d0b30a5ad1053c408389eae08e26cf6c1f3799c6e71ff8d34f0ee990a843,NjAxMTMxMzEzNTUw,**** **** 3550,6005229200,,BANDIPORA,Gurez,Shah Pora - Achoora (Churwan),623,40,2708,70.0
15228045424,1_623_6809_2744_005039,,Firdous Ahmad Chopan,,,46,Male,Owner,Marginal  Farmer(Farmer having land <1 Hectare),PENDING,,,false,,OPERATOR,95036cdb3575a7a4f2bd96e7b3c7de75d3736cc80b04494bc97b4468a7f169ba,NDYxNDQ4ODM1Nzc1,**** **** 5775,7298271834,,BANDIPORA,Aloosa,Mangnipora,623,6809,2744,0.0
39064494667,1_623_6811_2700_005054,,Ab Hamid Parey,,,48,Male,Owner,Marginal  Farmer(Farmer having land <1 Hectare),PENDING,,,false,,OPERATOR,687d2cb9ef34c7a5e4f6e0f9bcd2922706457253711e16a1be873d6fb50f19c0,NjAxMDc0Nzg0NTQw,**** **** 4540,8899024707,,BANDIPORA,Hajin,Gulshanpora,623,6811,2700,43.0
30290583738,1_623_40_936275_005055,,MOHD ANWAR LONE,,,42,Male,Owner,Marginal  Farmer(Farmer having land <1 Hectare),PENDING,,,false,,OPERATOR,77965db551a9f8878f3474fe9c5c8bef00d2bb7208c4ec1b035c1b49dc9b143a,MjUzODYxNDIyOTYw,**** **** 2960,9469020216,,BANDIPORA,Gurez,Gulshanpora,623,40,936275,58.0
26978795228,1_623_42_2794_005145,,Mohd Yousuf Shah,,,71,Male,Owner,Marginal  Farmer(Farmer having land <1 Hectare),PENDING,,,false,,OPERATOR,f193cd2532b9e8cab27ac5f4d33708f45e4bc6c8e438bb94ce4b520d889e8660,ODgzNzg4NTIyMzQ4,**** **** 2348,9596458041,,BANDIPORA,Sonawari,Asham,623,42,2794,43.0
80770116711,1_623_6810_2777_005064,,Sanaullah Rather,,,71,Male,Owner,Marginal  Farmer(Farmer having land <1 Hectare),APPROVED,,,false,,OPERATOR,0644b9e97bb3ed51a5cad8190bc89ac02a186d955c9cd13ab201d312a0216949,ODU0ODA2ODE0MTUz,**** **** 4153,9622800583,,BANDIPORA,Ajas,Ajas,623,6810,2777,56.0
88383679717,1_623_42_2800_005026,,Bashir Ahmad Dar,,,61,Male,Owner,Marginal  Farmer(Farmer having land <1 Hectare),PENDING,,,false,,OPERATOR,621b3d1aad16c30722f037aea1299b0f76576b9b82ebf9bfcf05963a8a4fe013,OTU1OTc3NDQ3NTk1,**** **** 7595,9858335414,,BANDIPORA,Sonawari,Rakh Shilvat,623,42,2800,55.0
46696099401,1_623_41_936279_005003,,Masoodah Akhter,,,48,Female,Owner,Marginal  Farmer(Farmer having land <1 Hectare),PENDING,,,false,,OPERATOR,1b42a52497c36b3c7c48155b368ceeb7a53b2bc1b777ace39bded2489562b196,OTAxNzk5NzM4MDE3,**** **** 8017,7780956130,,BANDIPORA,Bandipora,Ayatmulla,623,41,936279,0.0
79518891802,1_623_41_936281_005018,,Mohd Sultan Nagoo,,,66,Male,Owner,Marginal  Farmer(Farmer having land <1 Hectare),PENDING,,,false,,OPERATOR,286db2916559c07893626ac1817c0b7fd4837884cea38a8d14365eda87988ba1,MjU3MTYxNzkyMDg5,**** **** 2089,9906490952,,BANDIPORA,Bandipora,Nass,623,41,936281,58.0
27917025565,1_623_40_2708_005113,,Hakeem Mapno,,,61,Male,Owner,Marginal  Farmer(Farmer having land <1 Hectare),PENDING,,,false,,OPERATOR,8deaf1a7d0f0cb3b87b1fe894b71f3bfad88bdd48dc21fb48731f803e458101e,MjIwNTkzMjY1NDQ5,**** **** 5449,9103574184,,BANDIPORA,Gurez,Shah Pora - Achoora (Churwan),623,40,2708,35.0
94519563780,1_623_6811_2774_005007,,Javhar Ahmad Bhat,,,49,Male,Owner,Marginal  Farmer(Farmer having land <1 Hectare),PENDING,,,false,,OPERATOR,4b47016c2bf2c41476123ff49ec91ed03fc988216e63f87dfa36553e13fecbd5,NTg4NzIxMzA2NTE5,**** **** 6519,9906131465,,BANDIPORA,Hajin,Rakh i Hajin,623,6811,2774,0.0
78616380179,1_623_40_2708_005121,,Razia Bano,,,40,Female,Owner,Marginal  Farmer(Farmer having land <1 Hectare),PENDING,,,false,,OPERATOR,8516cde113137e469c058e0c6071e0ee2cc6b7cc59b7ddeb76a1051d95e0d91a,NzIzNjU5NzUwNTUw,**** **** 0550,7889924889,,BANDIPORA,Gurez,Shah Pora - Achoora (Churwan),623,40,2708,25.0
82634530077,1_623_41_2764_005018,,ALI MOHD MALLA,,,67,Male,Owner,Marginal  Farmer(Farmer having land <1 Hectare),PENDING,,,false,,OPERATOR,fd743ab79966e2bfe4da9540b053cfffcce003f0be4c988594c0f4c35ad1c220,NTQ4NjcyNzA1NTA5,**** **** 5509,9149933839,,BANDIPORA,Bandipora,Gund Dachina,623,41,2764,63.0
19295076094,1_623_40_2705_005039,,Mohd Khalil Lone,,,47,Male,Owner,Marginal  Farmer(Farmer having land <1 Hectare),PENDING,,,false,,OPERATOR,ed08f33097c4ef1a5586fb0a1237d6c4b16ff8bd2613a718a397e395201b3b97,NzY5NjQ4Nzc3Mzc1,**** **** 7375,9149459159,,BANDIPORA,Gurez,Badwan,623,40,2705,0.0
78075089897,1_623_40_2705_005048,,Mohmad Ishaq Lone,,,35,Male,Owner,Marginal  Farmer(Farmer having land <1 Hectare),PENDING,,,false,,OPERATOR,62567b4f258bcc6bb05a2ebc520fbc4ce51820a632af8f13d6f445f1fe6e8dc3,NzQ2NjM3NzI2NjA5,**** **** 6609,9682590571,,BANDIPORA,Gurez,Badwan,623,40,2705,64.0
24067153519,1_623_41_2740_005057,,Zulfikar Malik,,,77,Male,Owner,Marginal  Farmer(Farmer having land <1 Hectare),PENDING,,,false,,OPERATOR,fe360b7be9e553d604b7d2410a2df6af243ec5175830700a23ec467c04dd67c2,NTI2MTIzMDY3Mzc0,**** **** 7374,9596188524,,BANDIPORA,Bandipora,Khayar,623,41,2740,34.0
64467346718,1_623_42_2812_005069,,Shafeeqa Bano,,,37,Female,Owner,Marginal  Farmer(Farmer having land <1 Hectare),PENDING,,,false,,OPERATOR,5d3525f576d00f9062ead4e2c23f77f448d33c9f0146836c505eaf807477edfc,NTQ2NjI1ODcyOTIw,**** **** 2920,7006263814,,BANDIPORA,Sonawari,Sarai Dangarpora,623,42,2812,53.0
57588905679,1_623_41_936281_005023,,Sona Ullah Mir,,,71,Male,Owner,Marginal  Farmer(Farmer having land <1 Hectare),PENDING,,,false,,OPERATOR,e4bf6affcf8584a649a87ff3f90a94accb6f830a514bf2203c6dcd2863163f7e,NTg3NzI5MDIyNTAw,**** **** 2500,7780828176,,BANDIPORA,Bandipora,Nass,623,41,936281,66.0
86957730808,1_623_41_2768_005058,,Nazir Ahmad Wani,,,62,Male,Owner,Marginal  Farmer(Farmer having land <1 Hectare),PENDING,,,false,,OPERATOR,1bd5b487f9e501734abd3320f91871d51dd5f405010a66df845f26460d09d857,NTM3NjIyMzMwOTQx,**** **** 0941,9906004137,,BANDIPORA,Bandipora,Garoora,623,41,2768,65.0
66118968288,1_623_40_2705_005088,,Nazir Ahmad Lone,,,54,Male,Owner,Marginal  Farmer(Farmer having land <1 Hectare),PENDING,,,false,,OPERATOR,c59dc20716dc13d54dcb0f828cdc4fdf0be8ebfd557a8d8c1a683ef8e55af93c,NzY2OTc1Mzg1NTM5,**** **** 5539,9797822053,,BANDIPORA,Gurez,Badwan,623,40,2705,66.0
12630890064,1_623_6811_2772_005008,,ABDUL GAFFAR KHANDY,,,62,Male,Owner,Marginal  Farmer(Farmer having land <1 Hectare),PENDING,,,false,,OPERATOR,8c0df7a28c678087bb5ee5049d976fe2ab099823448ba6d599e856f67fc0792d,NDA4MzkyNzQwOTcy,**** **** 0972,9906631066,,BANDIPORA,Hajin,Sari Hari Karan Gund,623,6811,2772,56.0
69889833345,1_623_41_2763_005023,,Tariq Ahmad Khan,,,47,Male,Owner,Marginal  Farmer(Farmer having land <1 Hectare),PENDING,,,false,,OPERATOR,17b035b85fbbf3c0dd8c7f4f5aa8fcf7f544ce6355a7bb7e5c860628defd6953,Njg2MjMwNTc4NDI5,**** **** 8429,9906995328,,BANDIPORA,Bandipora,Nadihal,623,41,2763,49.0
48193538095,1_623_42_2815_005029,,Hajra Begum,,,74,Female,Owner,Marginal  Farmer(Farmer having land <1 Hectare),PENDING,,,false,,OPERATOR,b156d4ac522e9069e18716ba446874b52f3cbeda2d264dc4a47f9cc46c824cb6,MjEzMjg1MTE1NDAx,**** **** 5401,8082921973,,BANDIPORA,Sonawari,Wahid pora,623,42,2815,25.0
83892721016,1_623_6810_2777_005073,,RASHID LONE,,,77,Male,Owner,Marginal  Farmer(Farmer having land <1 Hectare),PENDING,,,false,,OPERATOR,965e05062b57e8c5b45f7c97cb1b9c623c17eaca461fac5e6792edc126c01484,NTc1NjYyMTEzNzM4,**** **** 3738,9622809804,,BANDIPORA,Ajas,Ajas,623,6810,2777,0.0
42715171210,1_623_42_2804_005025,,Mohd Ibrahim Mir,,,66,Male,Owner,Marginal  Farmer(Farmer having land <1 Hectare),PENDING,,,false,,OPERATOR,886c748800fd97b400c2c3f073ba55d1548a17e86f234bb67a05178cb8d982fb,MzA1Mjk0NzI3Nzg1,**** **** 7785,8899456575,,BANDIPORA,Sonawari,Rakh Sultan Pora,623,42,2804,0.0
42348680367,1_623_41_2761_005030,,Ali Mohd Lone,,,81,Male,Owner,Marginal  Farmer(Farmer having land <1 Hectare),PENDING,,,false,,OPERATOR,1ff1a716650f39fc96ebbe58a20c9f2691fa58bd537faaac1a6a78c1ce3e761a,MjU5Mjc1MTM4Mjk3,**** **** 8297,7006576481,,BANDIPORA,Bandipora,Gamroo,623,41,2761,43.0
15765943568,1_623_41_2763_005027,,Mohd Abdullah Mir,,,66,Male,Owner,Marginal  Farmer(Farmer having land <1 Hectare),PENDING,,,false,,OPERATOR,5feea649769ca90c5c121b4e256c88e9a1ee2f9c8126f2af3330dd0effacf95b,NTAzOTcwODIxNTYw,**** **** 1560,9622712417,,BANDIPORA,Bandipora,Nadihal,623,41,2763,22.0
83414324196,1_623_42_2820_005030,,Ruby Bano,,,53,Female,Owner,Marginal  Farmer(Farmer having land <1 Hectare),PENDING,,,false,,OPERATOR,21014fac3692a464022ea7b447463cfef99cab0f2cc21f59c46978f7ccbd600b,OTg1OTI5NDQ0Mzk5,**** **** 4399,9596357733,,BANDIPORA,Sonawari,Sumbal Inderkote,623,42,2820,0.0
92570982968,1_623_40_2705_005049,,Bilal Lone,,,29,Male,Owner,Marginal  Farmer(Farmer having land <1 Hectare),PENDING,,,false,,OPERATOR,3b32b48fad3783df436309f109dfebc4d388088d09df8bd123f66fb2ef2c63a0,OTY4NDQwOTE1Mzky,**** **** 5392,7889906741,,BANDIPORA,Gurez,Badwan,623,40,2705,33.0
18939057928,1_623_42_2812_005070,,Ali Mohd Dar,,,59,Male,Owner,Marginal  Farmer(Farmer having land <1 Hectare),PENDING,,,false,,OPERATOR,51a5e401e57dbb579327549ba011bd08195bcee16ea5eeee0cd65fe83979fdf6,Njc0NTg0MDY1OTc0,**** **** 5974,6005742066,,BANDIPORA,Sonawari,Sarai Dangarpora,623,42,2812,43.0
73869438804,1_623_42_2808_005031,,Jahangir Ahmad Wagay,,,40,Male,Owner,Marginal  Farmer(Farmer having land <1 Hectare),PENDING,,,false,,OPERATOR,5d9231edb836ee23c947ffea48b3c2035f5359a442f32a0ab154defba5105f2d,NTQwNTc1NDM3NzI2,**** **** 7726,9906776047,,BANDIPORA,Sonawari,Gund i Khalil,623,42,2808,0.0
83205241825,1_623_41_2768_005044,,Saif Ud Din Ganie,,,79,Male,Owner,Marginal  Farmer(Farmer having land <1 Hectare),PENDING,,,false,,OPERATOR,5661e8c056a28ecafe465c5be75c5dc3fb774a0b5b2dcffeabf7b8778ae715ea,NjkzMTcwMjk2OTAy,**** **** 6902,7051866982,,BANDIPORA,Bandipora,Garoora,623,41,2768,62.0
76612719718,1_623_40_2707_005118,,Gh Mohd Mir,,,77,Male,Owner,Marginal  Farmer(Farmer having land <1 Hectare),PENDING,,,false,,OPERATOR,1790e275b340c30f755487c762449a5e805bb6e849a7c20f60ce76cc281baadc,MzE3MjY2MzA0Mzc1,**** **** 4375,6005628057,,BANDIPORA,Gurez,Markoot,623,40,2707,41.0
77355709600,1_623_6811_2700_005055,,Abdul Khaliq Bhat,,,56,Male,Owner,Marginal  Farmer(Farmer having land <1 Hectare),PENDING,,,false,,OPERATOR,decfd3d37787689f12647390e3a45a3e619df881e07cc4c6a9e002179962d0aa,MzUwNDM2NzQxODI2,**** **** 1826,8082785549,,BANDIPORA,Hajin,Gulshanpora,623,6811,2700,0.0
22912570386,1_623_42_2815_005030,,Mohammad Maqbool Rather,,,62,Male,Owner,Marginal  Farmer(Farmer having land <1 Hectare),PENDING,,,false,,OPERATOR,93b35c32fa14711500ddada30ca8fbe4bfa9e8622ce22344fa4abf9e6957d5c9,NDc2MDMyNDEwOTI5,**** **** 0929,7889336009,,BANDIPORA,Sonawari,Wahid pora,623,42,2815,0.0
51354960517,1_623_41_2761_005031,,Abdul Rahim Dar,,,72,Male,Owner,Marginal  Farmer(Farmer having land <1 Hectare),PENDING,,,false,,OPERATOR,64bc2e88fad76c086e32d95cba16eae55569e136ddfb2073f2df286840096ff3,ODYwOTc3MjAwMDE3,**** **** 0017,8491062584,,BANDIPORA,Bandipora,Gamroo,623,41,2761,66.0
51452177404,1_623_42_2804_005026,,Ghulam Hassan Malla,,,51,Male,Owner,Marginal  Farmer(Farmer having land <1 Hectare),PENDING,,,false,,OPERATOR,fb4474f40a441dc2f656ff02b6d82a4ce477524f841dd010cd7a03c6e2dcd3d0,OTAwNzEyNzI3NTkw,**** **** 7590,9858451641,,BANDIPORA,Sonawari,Rakh Sultan Pora,623,42,2804,65.0
32786316969,1_623_40_936275_005063,,Waseem Hassan Lone,,,34,Male,Owner,Marginal  Farmer(Farmer having land <1 Hectare),PENDING,,,false,,OPERATOR,cd3a5118fc44541e942ad71418b1bbc87092b760bedaf4d45ece64492c97e7e3,NzI3OTI1OTkyODYz,**** **** 2863,9469014428,,BANDIPORA,Gurez,Gulshanpora,623,40,936275,63.0
89505005589,1_623_40_2705_005040,,Gh Mohd Lone,,,64,Male,Owner,Marginal  Farmer(Farmer having land <1 Hectare),PENDING,,,false,,OPERATOR,51ecaf776e07075e03ae4544ec99dea66ed2a9494faf7127cf6e189f9f11db7f,MjMyNjMzMDk3ODQ0,**** **** 7844,7889737745,,BANDIPORA,Gurez,Badwan,623,40,2705,43.0
16730572279,1_623_42_2808_005030,,Fatima Begum,,,65,Female,Owner,Marginal  Farmer(Farmer having land <1 Hectare),PENDING,,,false,,OPERATOR,67538b14139537a543041e617992320a94f155391250a54332dfc6a1b2f15882,MjQwMTgzOTk3ODA5,**** **** 7809,9541244286,,BANDIPORA,Sonawari,Gund i Khalil,623,42,2808,54.0
17881633906,1_623_41_2768_005060,,MOHAMMAD MOUSA GANAIE,,,58,Male,Owner,Marginal  Farmer(Farmer having land <1 Hectare),PENDING,,,false,,OPERATOR,e5bb66e5666691b94bc94985502fcfbc153da9b495889ba6bb0879b3849d4a1e,Mzg4NDM2NDk4Mzk2,**** **** 8396,9469528373,,BANDIPORA,Bandipora,Garoora,623,41,2768,62.0
37081033214,1_623_42_2800_005028,,Ab Hamid Khan,,,56,Male,Owner,Marginal  Farmer(Farmer having land <1 Hectare),PENDING,,,false,,OPERATOR,bc3dd547bdcc7c26ef64aaec6187191fabeac97fad66accb8776862b842c548e,ODMwMjA2MjI0ODAx,**** **** 4801,9858198847,,BANDIPORA,Sonawari,Rakh Shilvat,623,42,2800,45.0
32559579388,1_623_42_2815_005031,,Ab Majeed Rather,,,56,Male,Owner,Marginal  Farmer(Farmer having land <1 Hectare),PENDING,,,false,,OPERATOR,82aed62bbaf3f2f04d7eff8407c86c95f7e70883b09f5ec7ffdd0bd482b432dd,OTExNTI1ODEzMzk5,**** **** 3399,7780889898,,BANDIPORA,Sonawari,Wahid pora,623,42,2815,44.0
93207591651,1_623_41_2740_005047,,Abdul Salam Tantray,,,76,Male,Owner,Marginal  Farmer(Farmer having land <1 Hectare),PENDING,,,false,,OPERATOR,9c5ec52a3897ab533128108c23223b5beda8343eaf703348eb1e327d4f3efd04,OTYyNTE2NjExMTIz,**** **** 1123,9906795341,,BANDIPORA,Bandipora,Khayar,623,41,2740,23.0
40254519958,1_623_41_936281_005026,,Nisar Ahmad Sheikh,,,44,Male,Owner,Marginal  Farmer(Farmer having land <1 Hectare),PENDING,,,false,,OPERATOR,239b70629e6ff635a0895374b12517bd3584028f14ce26244d96d907c9356a0b,NjQ5MzA4NDc5MDAx,**** **** 9001,9797783177,,BANDIPORA,Bandipora,Nass,623,41,936281,56.0
82760295463,1_623_40_2707_005113,,Baghi Begum,,,68,Female,Owner,Marginal  Farmer(Farmer having land <1 Hectare),PENDING,,,false,,OPERATOR,fe26d0be13feab6bbaf97ae93afebc7e86696e70f647dbea178c7c5d4d6577ac,MjcyNzk3OTg4MTk5,**** **** 8199,6005999109,,BANDIPORA,Gurez,Markoot,623,40,2707,53.0
92389182989,1_623_41_2764_005024,,MUSHTAQ AHMAD MALLA,,,47,Male,Owner,Marginal  Farmer(Farmer having land <1 Hectare),PENDING,,,false,,OPERATOR,9f3142a097efa2e264a7b965f92af187b3d246f548309c474c1d643d7932989d,NjgxNTIxNDk2Mzkx,**** **** 6391,9906671200,,BANDIPORA,Bandipora,Gund Dachina,623,41,2764,69.0
11467489518,1_623_41_936283_005012,,Mohd Amin Bhat,,,57,Male,Owner,Marginal  Farmer(Farmer having land <1 Hectare),PENDING,,,false,,OPERATOR,c67a3c886a8228ab632769255bd1300ededb6d03b7586f73dbc8eb250af6b5e1,NjAwNTk2MjI3NDU5,**** **** 7459,9906443532,,BANDIPORA,Bandipora,Watapora,623,41,936283,42.0
64976375354,1_623_42_2808_005035,,MOHD RAMZAN WAGAY,,,75,Male,Owner,Marginal  Farmer(Farmer having land <1 Hectare),PENDING,,,false,,OPERATOR,aa40a6f08e195965aa46a64e85832807514cc511c431df9ceb275436f6e4bf5b,Njg1ODQyNzA0OTU5,**** **** 4959,8493936398,,BANDIPORA,Sonawari,Gund i Khalil,623,42,2808,43.0
13077474959,1_623_41_2764_005027,,MOHD SULTAN MALLA,,,76,Male,Owner,Marginal  Farmer(Farmer having land <1 Hectare),PENDING,,,false,,OPERATOR,670be73a330efaef5b83e07c4025d83a5526241727a1ffc3564ea75e392fc44e,NjE2MzI5MDE3NzA5,**** **** 7709,6006622389,,BANDIPORA,Bandipora,Gund Dachina,623,41,2764,52.0
23072831172,1_623_6811_2778_005046,,Aabida Jan,,,32,Female,Owner,Marginal  Farmer(Farmer having land <1 Hectare),PENDING,,,false,,OPERATOR,057bf4de9a2a41b9dddb9a269c2b75b5de3847351bc194e59aeffce48183e861,MzMwNjQ3MDQ3NjEz,**** **** 7613,9149681858,,BANDIPORA,Hajin,Gundi Saderkote,623,6811,2778,66.0
11624866660,1_623_41_936283_005014,,GULZAR AHMAD BHAT,,,51,Male,Owner,Marginal  Farmer(Farmer having land <1 Hectare),PENDING,,,false,,OPERATOR,5e3273c9de101aa3496d2c92c84fa7c60357adca03dda3a0ed1ff5c2d82e0ead,NTQzODA0MTcyODcw,**** **** 2870,8491873384,,BANDIPORA,Bandipora,Watapora,623,41,936283,49.0
47487972782,1_623_41_936281_005028,,Mehraj Ahmad Sheikh,,,36,Male,Owner,Marginal  Farmer(Farmer having land <1 Hectare),PENDING,,,false,,OPERATOR,5d9b1a0c070aa40127809ac0a79b4de2948292ade3aa523b40fc8ab732b8478e,NTc1NzcyMjQzMTI5,**** **** 3129,6006720133,,BANDIPORA,Bandipora,Nass,623,41,936281,22.0
67201000187,1_623_41_2768_005043,,Abdul Rashid Ganaie,,,67,Male,Owner,Marginal  Farmer(Farmer having land <1 Hectare),PENDING,,,false,,OPERATOR,58580bee1fe236b6fffc5f4c3d267648067f5b5924c3025cfb282736e16d7c7d,NzUwNjkxMDUzMjg5,**** **** 3289,8491037057,,BANDIPORA,Bandipora,Garoora,623,41,2768,56.0
89016897803,1_623_42_2815_005023,,Manzoor Ahmad Mir,,,49,Male,Owner,Marginal  Farmer(Farmer having land <1 Hectare),PENDING,,,false,,OPERATOR,65b98644f320a494e20e4a61a5af1baad0d8b4a18cab7df37c63c03a6660c22a,MzY5Mjk4NjcyMTQ3,**** **** 2147,9149555812,,BANDIPORA,Sonawari,Wahid pora,623,42,2815,33.0
41306084143,1_623_6811_2778_005042,,MOHD ASHRAF DAR,,,46,Male,Owner,Marginal  Farmer(Farmer having land <1 Hectare),PENDING,,,false,,OPERATOR,a1ab0f51f69a20b6716f0d74893e14e916600dcab1d1a1f92f1c356070cbd9c4,OTIzNzM3MjI1MTEw,**** **** 5110,9622680275,,BANDIPORA,Hajin,Gundi Saderkote,623,6811,2778,43.0
73408832077,1_623_42_2800_005027,,MOHD ASHRAF KHAN,,,52,Male,Owner,Marginal  Farmer(Farmer having land <1 Hectare),PENDING,,,false,,OPERATOR,85212fbc3cdbd24649e98cceb581c4a07223e9af9db3d50b24d99714cc1d89f3,MjE5MjI1MTE1OTUx,**** **** 5951,9797094536,,BANDIPORA,Sonawari,Rakh Shilvat,623,42,2800,0.0
75842997324,1_623_42_2820_005023,,ABDUL HAMEED WANI,,,69,Male,Owner,Marginal  Farmer(Farmer having land <1 Hectare),PENDING,,,false,,OPERATOR,349364c52a6a9c7280b7ba4d254e4b0b361beb8b33382d1c93fcbf9f74c71be3,Mjk5NjQ4NDg0NTI0,**** **** 4524,9797464351,,BANDIPORA,Sonawari,Sumbal Inderkote,623,42,2820,46.0
44949930968,1_623_6811_2774_005008,,Sakeena Bano,,,43,Female,Owner,Marginal  Farmer(Farmer having land <1 Hectare),PENDING,,,false,,OPERATOR,b386590302640a6895a8020e0575e447c13447ced7227e71e8c893308d9b6ab7,NTAwOTEyMjc3ODg3,**** **** 7887,9541695350,,BANDIPORA,Hajin,Rakh i Hajin,623,6811,2774,35.0
31415668146,1_623_6811_2778_005043,,MOHD YOUSUF WANI,,,58,Male,Owner,Marginal  Farmer(Farmer having land <1 Hectare),PENDING,,,false,,OPERATOR,494292ed4f2a3d999765ebc614a3d4a028c13f3f74cf588e56c403102ceb3302,NjYwMzU3MzIxMjAx,**** **** 1201,8899088445,,BANDIPORA,Hajin,Gundi Saderkote,623,6811,2778,43.0
97304737445,1_623_6812_2725_005056,,Mushtaq Ahmad Khan,,,46,Male,Owner,Marginal  Farmer(Farmer having land <1 Hectare),PENDING,,,false,,OPERATOR,60dea5906ef06dff6d0b2d27fa586369bc8c0df1fe9f7cef1025e64abd9d06a0,NDIwNzAyODUwOTI3,**** **** 0927,6006135440,,BANDIPORA,Tulail,Gujran,623,6812,2725,46.0
71721318130,1_623_40_2707_005117,,Mehboob Hussian Samoon,,,61,Male,Owner,Marginal  Farmer(Farmer having land <1 Hectare),PENDING,,,false,,OPERATOR,b0935b675e3c3fe4ee850ecba3ed4f5f5ddd53dd4075a2fef2592cf807fd3791,MjA1MjE1NDIzMDYy,**** **** 3062,9469028374,,BANDIPORA,Gurez,Markoot,623,40,2707,0.0
57978996596,1_623_42_2797_005078,,Haya Aurooj,,,16,Female,Owner,Marginal  Farmer(Farmer having land <1 Hectare),APPROVED,,,false,,OPERATOR,3ab40688daf7e9859b8e8755d0d319820c7deefe52a6a447930a2c14c703277d,NTA0NjU4MzU5OTQy,**** **** 9942,7006888612,,BANDIPORA,Sonawari,Hilalabad,623,42,2797,89.0
80473239624,1_623_42_2804_005027,,Zeba,,,63,Female,Owner,Marginal  Farmer(Farmer having land <1 Hectare),PENDING,,,false,,OPERATOR,92aff595007b64109464fd65b806c7c289ff66d73d8416035a73abc29619e111,NDU5OTQzNjY0Mjk0,**** **** 4294,9622566704,,BANDIPORA,Sonawari,Rakh Sultan Pora,623,42,2804,55.0
58173194666,1_623_42_2797_005090,,Abdul Ahad Wagay,,,59,Male,Owner,Marginal  Farmer(Farmer having land <1 Hectare),PENDING,,,false,,OPERATOR,3b77dc9e31273b3b56624b3fd3200ea6b0d1be13f79b2f6a94193d02af0192eb,MzUyNTY0NDIwOTI2,**** **** 0926,6005610886,,BANDIPORA,Sonawari,Hilalabad,623,42,2797,56.0
42917486307,1_623_42_2820_005032,,MOHD YOUSUF RATHER,,,55,Male,Owner,Marginal  Farmer(Farmer having land <1 Hectare),PENDING,,,false,,OPERATOR,918874dea146a5682901e9bab2884e66d47df6f5c373d8244d981f40d2955b40,OTU2NDQ2NTA1Mjk0,**** **** 5294,7006140400,,BANDIPORA,Sonawari,Sumbal Inderkote,623,42,2820,0.0
50463173592,1_623_42_2809_005021,,NASIMA BEGUM,,,52,Female,Owner,Marginal  Farmer(Farmer having land <1 Hectare),PENDING,,,false,,OPERATOR,d6ba0a472b0bb388008950e1cc7514a56acdbc8798b0d58e98fec5814130ffd3,NzQ5MjQ3NDc1ODI0,**** **** 5824,9906636395,,BANDIPORA,Sonawari,Trigam,623,42,2809,50.0
87491289248,1_623_40_2705_005089,,Mohd Azad Wani,,,55,Male,Owner,Marginal  Farmer(Farmer having land <1 Hectare),PENDING,,,false,,OPERATOR,e9ed80324d75fc00175acfea0255234367163ab31e1d3a1b8287816ffdd46b78,ODM1OTY5ODI3NTcy,**** **** 7572,6005622275,,BANDIPORA,Gurez,Badwan,623,40,2705,56.0
15428259242,1_623_6809_2744_005040,,Mohammad Yousuf Khan,,,63,Male,Owner,Marginal  Farmer(Farmer having land <1 Hectare),PENDING,,,false,,OPERATOR,3f23f63630366887b5e5035609805da8cdb50259696b4b3a8b65c55a5e10ea0c,OTc2MTA5NjE2MDU4,**** **** 6058,6005819924,,BANDIPORA,Aloosa,Mangnipora,623,6809,2744,0.0
68616769443,1_623_6811_2774_005018,,ALTAF AHMAD MIR,,,41,Male,Owner,Marginal  Farmer(Farmer having land <1 Hectare),PENDING,,,false,,OPERATOR,fdf2469a6a09f24b0ed2e4731612dc0cb4965f28c3c4a77d9aaddf021613def4,NDcyOTY4NzM3NTA1,**** **** 7505,6006948002,,BANDIPORA,Hajin,Rakh i Hajin,623,6811,2774,0.0
81465713966,1_623_6812_2725_005052,,MUSHTAQ AHMAD LONE,,,37,Male,Owner,Marginal  Farmer(Farmer having land <1 Hectare),APPROVED,,,false,,OPERATOR,fe8d7b602b57e32c79f7cecf8ef8fed576c9cf070691f76206c9e64a9b965a7c,Mzc5NDQ3ODMzNzk1,**** **** 3795,6006783817,,BANDIPORA,Tulail,Gujran,623,6812,2725,46.0
46798284248,1_623_41_936281_005027,,Irshad Ahmad Sheikh,,,56,Male,Owner,Marginal  Farmer(Farmer having land <1 Hectare),PENDING,,,false,,OPERATOR,8204090506f60ea532e7d58ae5f2541bf6569b0bccdb4e41ade8bd720e6a7234,MjU0MDE4OTU3Mzg1,**** **** 7385,9797800739,,BANDIPORA,Bandipora,Nass,623,41,936281,56.0
86280732109,1_623_41_2740_005059,,Zahoor Ahmad Shah,,,45,Male,Owner,Marginal  Farmer(Farmer having land <1 Hectare),PENDING,,,false,,OPERATOR,84ca735c58a760108623e1cb60741d60fdb1df49989d36050135a442c658f2bd,NjU0MDIzNzU0NjM0,**** **** 4634,9541253563,,BANDIPORA,Bandipora,Khayar,623,41,2740,46.0
33288181703,1_623_41_2768_005046,,Ghulam Nabi Rather,,,69,Male,Owner,Marginal  Farmer(Farmer having land <1 Hectare),PENDING,,,false,,OPERATOR,24019e7c41d0406578ad1b296f8f3098f25363b9a0a5fbf89322922cbecd365e,NDMwMjA4NTc0OTY4,**** **** 4968,9149975214,,BANDIPORA,Bandipora,Garoora,623,41,2768,56.0
95419357861,1_623_41_2761_005033,,Shaha Begum,,,58,Female,Owner,Marginal  Farmer(Farmer having land <1 Hectare),APPROVED,,,false,,OPERATOR,3210363b6e2303851d6d5caac3e87e32486c940b70fea3d76b0dc19511b3122d,ODIyMDM3MjE0NzY2,**** **** 4766,7889382123,,BANDIPORA,Bandipora,Gamroo,623,41,2761,89.0
52958050292,1_623_41_936281_005021,,Fayaz Ahmd Sheikh,,,47,Male,Owner,Marginal  Farmer(Farmer having land <1 Hectare),PENDING,,,false,,OPERATOR,4432aab81b7e72cff4189255d19932cc72d5024f1f2afcf8dacc40f4f0d6bc89,NDYxMDQzMTcyOTQy,**** **** 2942,6005805294,,BANDIPORA,Bandipora,Nass,623,41,936281,70.0
48036783765,1_623_40_2705_005041,,Bashir Ahmad Lone,,,64,Male,Owner,Marginal  Farmer(Farmer having land <1 Hectare),PENDING,,,false,,OPERATOR,8fe3614d20c2d5373715f429c27b8a4ed3db8feb3b5e9a8cb0515dd3560054db,Mzc0MDc4MjU5NTQz,**** **** 9543,6005459506,,BANDIPORA,Gurez,Badwan,623,40,2705,0.0
80938147639,1_623_41_2768_005064,,Farooq Ahmad Ganie,,,58,Male,Owner,Marginal  Farmer(Farmer having land <1 Hectare),PENDING,,,false,,OPERATOR,0c7306400d7a829532e5f8251ec8f53bff36291f662a37513d89026ac601d7b8,NDM1MzM1ODQyNDMx,**** **** 2431,6006813738,,BANDIPORA,Bandipora,Garoora,623,41,2768,56.0
44390382719,1_623_6812_2716_005099,,Gulzar Mir,,,71,Male,Owner,Marginal  Farmer(Farmer having land <1 Hectare),PENDING,,,false,,OPERATOR,7b1c79ec2a667296ef0e8541e03f2520a30da9beb71c7fae4aa0a1ffbcfbc4ea,MzMwNzIyMDUzMjYw,**** **** 3260,6005597593,,BANDIPORA,Tulail,Neeru,623,6812,2716,0.0
88261600048,1_623_40_936275_005064,,Ab Rahim Lone,,,67,Male,Owner,Marginal  Farmer(Farmer having land <1 Hectare),PENDING,,,false,,OPERATOR,123e39b6ed677e303df34fe4cf7de1274e005709d1b05aae5bf2d18cef2c4c15,ODc2ODMwODk0Njc1,**** **** 4675,7889970981,,BANDIPORA,Gurez,Gulshanpora,623,40,936275,54.0
46412601553,1_623_40_2705_005057,,Riyaz Ahmad Chacket,,,39,Male,Owner,Marginal  Farmer(Farmer having land <1 Hectare),PENDING,,,false,,OPERATOR,11b9220f65fae4781011e094f9389c3eb3f38e8459817b58058c9140cfb42b57,Mzg3NjI5NTM2MTA2,**** **** 6106,7006893439,,BANDIPORA,Gurez,Badwan,623,40,2705,46.0
56348320752,1_623_41_2761_005037,,Ghulam Nabi Sheikh,,,68,Male,Owner,Marginal  Farmer(Farmer having land <1 Hectare),PENDING,,,false,,OPERATOR,76c9d18a436ca334a765715587ee56b7225d4e305026512e713d903da88201df,NTIzNjE4MjkwNDY1,**** **** 0465,6005509025,,BANDIPORA,Bandipora,Gamroo,623,41,2761,0.0
32707608551,1_623_42_2800_005036,,Abdul Majeed Dar,,,66,Male,Owner,Marginal  Farmer(Farmer having land <1 Hectare),PENDING,,,false,,OPERATOR,43f71972cc217aeba1eaa706884900565a0ac7a52eb8276cdc2c08082fec3f68,MzMzNjIzNTc0Nzg0,**** **** 4784,9541737396,,BANDIPORA,Sonawari,Rakh Shilvat,623,42,2800,56.0
53515701675,1_623_40_936275_005068,,BASHIR AHMAD LONE,,,59,Male,Owner,Marginal  Farmer(Farmer having land <1 Hectare),PENDING,,,false,,OPERATOR,4f578d51906e2674eb30be90ecd074ca80028ca25b7b89f620494f2ed0fc941f,NTA3NzQ2NjExODg0,**** **** 1884,8899948411,,BANDIPORA,Gurez,Gulshanpora,623,40,936275,46.0
49640871502,1_623_41_2742_005025,,Shabeer Ahmad Khan,,,43,Male,Owner,Marginal  Farmer(Farmer having land <1 Hectare),PENDING,,,false,,OPERATOR,1efd522f85bd582e40027ae8333dc65f1b271e00caa819c054c6e06d9364b111,Mjc1NDQ3NDIwMjM0,**** **** 0234,9797206465,,BANDIPORA,Bandipora,Panjigam,623,41,2742,45.0
60472702888,1_623_42_2804_005018,,Abdul Majeed Pandit,,,42,Male,Owner,Marginal  Farmer(Farmer having land <1 Hectare),PENDING,,,false,,OPERATOR,fc2f9d13b7dd6ee4d49395c25ae0462ced16ea4dada4c43d4989c4c1fac0a436,ODYwNzUxMTQyMjk3,**** **** 2297,7006251827,,BANDIPORA,Sonawari,Rakh Sultan Pora,623,42,2804,49.0
96006021916,1_623_42_2820_005024,,ABDUL REHMAN MIR,,,74,Male,Owner,Marginal  Farmer(Farmer having land <1 Hectare),PENDING,,,false,,OPERATOR,905ec2039db9b6f10c2c63d27438c9153983aca5ba5fe50d7228dc8f2dcfc540,NDMxOTE1NDI1MTk2,**** **** 5196,9419500558,,BANDIPORA,Sonawari,Sumbal Inderkote,623,42,2820,0.0
78524062681,1_623_41_2740_005049,,BASHIR AHMAD MAGRAY,,,52,Male,Owner,Marginal  Farmer(Farmer having land <1 Hectare),PENDING,,,false,,OPERATOR,0fa51d46cf9f2b9422a8a0dc167353d329a194e6e3172744ac76ef09f00abb07,NDc0MjU4ODcxNjUw,**** **** 1650,8803466329,,BANDIPORA,Bandipora,Khayar,623,41,2740,0.0
40618650660,1_623_42_2820_005033,,Saika Sidiqi,,,47,Female,Owner,Marginal  Farmer(Farmer having land <1 Hectare),PENDING,,,false,,OPERATOR,baede7bc52b88c2df18ea4f56123b3028c224beca4da5fbefe424adc93003071,OTY2MDUyMjM1OTM1,**** **** 5935,7006461201,,BANDIPORA,Sonawari,Sumbal Inderkote,623,42,2820,70.0
44097234025,1_623_6812_2725_005057,,AHMAD MIR,,,60,Male,Owner,Marginal  Farmer(Farmer having land <1 Hectare),PENDING,,,false,,OPERATOR,8e29e6366ccae13d9b25af9442e057997bf1f0f546442e6032b8e56392c79f74,NzcyOTI5MDE3NDcy,**** **** 7472,9103004084,,BANDIPORA,Tulail,Gujran,623,6812,2725,0.0
26174503176,1_623_42_2797_005079,,Abdul Ahad Bhat,,,49,Male,Owner,Marginal  Farmer(Farmer having land <1 Hectare),PENDING,,,false,,OPERATOR,8a97c9d66627bd66ed66c9be463cb9cf9449e5bac2111940de137d7f793623e3,MjYyNTUxMTgxOTM3,**** **** 1937,7889936577,,BANDIPORA,Sonawari,Hilalabad,623,42,2797,46.0
32401830202,1_623_41_2742_005018,,Ghulam Mohi Din Khan,,,71,Male,Owner,Marginal  Farmer(Farmer having land <1 Hectare),PENDING,,,false,,OPERATOR,3ecfa54441dfaf45f65e2ce2a9254dc78ea7589f0c9edbeec8be39d9764d5c26,Njk5NDE5NDcxMTc5,**** **** 1179,9103391012,,BANDIPORA,Bandipora,Panjigam,623,41,2742,48.0
54051014238,1_623_41_2768_005045,,Ejaz Ahmad Bhat,,,38,Male,Owner,Marginal  Farmer(Farmer having land <1 Hectare),PENDING,,,false,,OPERATOR,420d7f3a0d8923b3677d9c7abe6ecf09b0aafd51caee00df6c8c1e8c15726440,NTQ2Njg3MjExNTY0,**** **** 1564,6005943403,,BANDIPORA,Bandipora,Garoora,623,41,2768,63.0
48506064258,1_623_42_2797_005077,,Anamul Mursaleen,,,12,Male,Owner,Marginal  Farmer(Farmer having land <1 Hectare),APPROVED,,,false,,OPERATOR,753a5d5dcaf33029f6d13beee4d090c4b92e521e7c5d10121139b9371c7e16c6,Njg5NzIxODQyMzM5,**** **** 2339,7006888612,,BANDIPORA,Sonawari,Hilalabad,623,42,2797,89.0
16298164542,1_623_42_2807_005000,,Ab Majid Bhat,,,47,Male,Owner,Marginal  Farmer(Farmer having land <1 Hectare),PENDING,,,false,,OPERATOR,074def27f5b3132d5d605f4ab62b5ea7c77942ee0080627b0380c6b493ab465d,NTIzMzExNTIyNjUy,**** **** 2652,8803926404,,BANDIPORA,Sonawari,Ganastan,623,42,2807,63.0
19639385595,1_623_40_936275_005056,,MOHD AZAD LONE,,,49,Male,Owner,Marginal  Farmer(Farmer having land <1 Hectare),PENDING,,,false,,OPERATOR,c24826fcc65e6af8b3f6cae676bb894411fd7834b6a7da43496d522c92e8f2fa,Mzc4Mjg1MzEzMDI5,**** **** 3029,9419948879,,BANDIPORA,Gurez,Gulshanpora,623,40,936275,0.0
85869465519,1_623_41_936281_005020,,Ghulam Mohammad Dar,,,69,Male,Owner,Marginal  Farmer(Farmer having land <1 Hectare),PENDING,,,false,,OPERATOR,25969b15492ef4a5d313ce13baa5071356c709c4604b0ae51636f6cfa69fdf15,NzI2NjI4NDU0NjYw,**** **** 4660,9906791390,,BANDIPORA,Bandipora,Nass,623,41,936281,66.0
24183907462,1_623_41_936281_005019,,MOHAMMAD RAMZAN SHEIKH,,,66,Male,Owner,Marginal  Farmer(Farmer having land <1 Hectare),PENDING,,,false,,OPERATOR,d3f3e3ad991d9ea91b50c0c0fcfba01271ad42608b1ab0041083d13fc8a3754d,OTIwODIwODU0OTE1,**** **** 4915,9596331946,,BANDIPORA,Bandipora,Nass,623,41,936281,0.0
70378933911,1_623_41_2763_005024,,Iqra Ashraf,,,21,Female,Owner,Marginal  Farmer(Farmer having land <1 Hectare),PENDING,,,false,,OPERATOR,0241b91ff44a9af8f514c936a97afd05b369682ff7a6e7c23223f9fbf753a7a0,MjA2OTQwMjQyOTAx,**** **** 2901,9697967313,,BANDIPORA,Bandipora,Nadihal,623,41,2763,35.0
20657506833,1_623_42_2800_005029,,Ali Mohammad Malla,,,86,Male,Owner,Marginal  Farmer(Farmer having land <1 Hectare),PENDING,,,false,,OPERATOR,e0aae54a679dbf7916fdcbfbf28b0d2e0f4c4ae2e72c761c581602e7ffc39360,NzEzMTAwOTAxMzI4,**** **** 1328,8082607854,,BANDIPORA,Sonawari,Rakh Shilvat,623,42,2800,33.0
76387114981,1_623_40_2708_005114,,Mir Ahmad Lone,,,76,Male,Owner,Marginal  Farmer(Farmer having land <1 Hectare),PENDING,,,false,,OPERATOR,0f9e377435298388dcf7192b7e880da0a0fa13144e966c1b0bbb4339e56418e4,NjY0ODQzMjYxNTMx,**** **** 1531,9103574184,,BANDIPORA,Gurez,Shah Pora - Achoora (Churwan),623,40,2708,0.0
78921917168,1_623_41_2763_005025,,Ameena Bagum,,,56,Female,Owner,Marginal  Farmer(Farmer having land <1 Hectare),PENDING,,,false,,OPERATOR,3b31b06b2787200984f3e5ddd96fb22dbefa85b354ed1e9bed765787e9129346,NzAwNjkxNTgwODI5,**** **** 0829,9622421422,,BANDIPORA,Bandipora,Nadihal,623,41,2763,54.0
86025662278,1_623_6811_2784_005036,,Abdul Ahad Sheikh,,,65,Male,Owner,Marginal  Farmer(Farmer having land <1 Hectare),PENDING,,,false,,OPERATOR,c12eb737f2fa4b9c4b4eda0eba9ef4202b9416c844900e148ce7851b2c665a96,NjU4NjcxMTQ0MTk3,**** **** 4197,9682157657,,BANDIPORA,Hajin,Gundi Boon,623,6811,2784,55.0
33286335499,1_623_41_936281_005024,,Abdul Rehman Sheikh,,,53,Male,Owner,Marginal  Farmer(Farmer having land <1 Hectare),PENDING,,,false,,OPERATOR,592d38ebf93be7c3f134c08cdf393712e610a5034c3806c44cc8d232e7e27df3,MjYyMDUxNTY3OTI4,**** **** 7928,9596043915,,BANDIPORA,Bandipora,Nass,623,41,936281,23.0
16723230270,1_623_42_2794_005147,,Abdul Majeed Khan,,,60,Male,Owner,Marginal  Farmer(Farmer having land <1 Hectare),PENDING,,,false,,OPERATOR,f54f607e47b6e2cf1551bb5a40b22ab7f0103c80bc2fb1374a5a9f53d53edaba,NzQ3NDY0NTQyNjc2,**** **** 2676,6006545677,,BANDIPORA,Sonawari,Asham,623,42,2794,56.0
61756358297,1_623_41_2764_005019,,Mohammad Anwar Bhat,,,65,Male,Owner,Marginal  Farmer(Farmer having land <1 Hectare),PENDING,,,false,,OPERATOR,b113fa2d03baffaa17e9c8b8f27246be7390e0a03b5db8312998c2b9252bf808,OTU2MjM2MDQzOTUz,**** **** 3953,9622489166,,BANDIPORA,Bandipora,Gund Dachina,623,41,2764,53.0
79263102603,1_623_40_2705_005042,,Gh Rasool Loone,,,65,Male,Owner,Marginal  Farmer(Farmer having land <1 Hectare),PENDING,,,false,,OPERATOR,3e0abdd933871e0234c07ed2419a35efa08afb76331d0e00db48221440021905,NTE2MjExNDg5MTkw,**** **** 9190,9103360028,,BANDIPORA,Gurez,Badwan,623,40,2705,62.0
56689744868,1_623_42_2797_005088,,Fayaz Ahmad Mir,,,53,Male,Owner,Marginal  Farmer(Farmer having land <1 Hectare),PENDING,,,false,,OPERATOR,6cf8d052140e7ea2f2b24b9bf080599ccaacb390c14616254d865ae25ef7aa9b,Mjg2MDQ1NjMxMzM2,**** **** 1336,9149884996,,BANDIPORA,Sonawari,Hilalabad,623,42,2797,43.0
23817110028,1_623_41_2761_005032,,Sona Ullah Dar,,,72,Male,Owner,Marginal  Farmer(Farmer having land <1 Hectare),PENDING,,,false,,OPERATOR,6623580369d05f60209b12473669938eba3ce48a90a20729ca6cbd5d666bb9cd,MzY5NzEwNDkxMTAw,**** **** 1100,8803928039,,BANDIPORA,Bandipora,Gamroo,623,41,2761,65.0
18114555717,1_623_6811_2774_005016,,Shagufta Bano,,,31,Female,Owner,Marginal  Farmer(Farmer having land <1 Hectare),PENDING,,,false,,OPERATOR,cc906855b9b47ca2da6659edfa5f57d958409043f3f9d566e2b7b9bb4098217d,NjgxMjU0MDU4NTgw,**** **** 8580,9906518095,,BANDIPORA,Hajin,Rakh i Hajin,623,6811,2774,55.0
66932525449,1_623_6812_2725_005051,,Ab Salam Lone,,,60,Male,Owner,Marginal  Farmer(Farmer having land <1 Hectare),APPROVED,,,false,,OPERATOR,e40ffbb37c41208e7e70afbedb7ce1c693eb258a93496075140392dcbb5a4597,MzA0MjExNTk3NjI4,**** **** 7628,7006501046,,BANDIPORA,Tulail,Gujran,623,6812,2725,25.0
38512324504,1_623_40_2707_005115,,Mohd Shafi Samoo,,,64,Male,Owner,Marginal  Farmer(Farmer having land <1 Hectare),PENDING,,,false,,OPERATOR,2f6cecb28556f4ec8c88132927ecd4aad99b78e838f3c10ca38fb61f515f217c,NTA4NDIzOTQ4MjM4,**** **** 8238,7006245748,,BANDIPORA,Gurez,Markoot,623,40,2707,43.0
49133734062,1_623_6811_2774_005010,,Mohammad Aslam Khan,,,30,Male,Owner,Marginal  Farmer(Farmer having land <1 Hectare),PENDING,,,false,,OPERATOR,a323b13b32a338af06261ed99e3c3d7a436d35c2a014866bf456b4dab2b570b1,NTgzNTQxMTM2MzQy,**** **** 6342,7006836323,,BANDIPORA,Hajin,Rakh i Hajin,623,6811,2774,65.0
31322001478,1_623_41_2740_005050,,Aijaz Ahmad Malik,,,47,Male,Owner,Marginal  Farmer(Farmer having land <1 Hectare),PENDING,,,false,,OPERATOR,623ca451e8bb27a51344462b8bdf8edc1159f08393748c272a7bf9e33fb70e5c,ODY2NjI0ODM3Njc5,**** **** 7679,7889336218,,BANDIPORA,Bandipora,Khayar,623,41,2740,65.0
27013931470,1_623_42_2804_005019,,Syed Assadullah Shah,,,52,Male,Owner,Marginal  Farmer(Farmer having land <1 Hectare),PENDING,,,false,,OPERATOR,f50e7c954a91eb581f926484ae750a8729358a2fb21b701ebefb7c594fbb8a37,NjM5OTQ2NTM3NTI5,**** **** 7529,7006099767,,BANDIPORA,Sonawari,Rakh Sultan Pora,623,42,2804,32.0
52605476408,1_623_40_936275_005065,,MOHD ANWAR LONE,,,49,Male,Owner,Marginal  Farmer(Farmer having land <1 Hectare),PENDING,,,false,,OPERATOR,3302c89cce1d69c294f0f54738bb6d3948f5fdbf49bb567aa1a18c66070944a5,NjUwMzgxNDIwNDA3,**** **** 0407,9419951388,,BANDIPORA,Gurez,Gulshanpora,623,40,936275,52.0
57715107901,1_623_6810_2777_005068,,Gh Nabi Rather,,,76,Male,Owner,Marginal  Farmer(Farmer having land <1 Hectare),PENDING,,,false,,OPERATOR,ebd1b5b6085d523a308ead63b8104624212fe43a38db7abd01b0227cbe512f53,ODI0NTEyNTQzNzYw,**** **** 3760,9797013997,,BANDIPORA,Ajas,Ajas,623,6810,2777,0.0
12097959337,1_623_42_2797_005091,,Zahoor Ahmad Wagay,,,46,Male,Owner,Marginal  Farmer(Farmer having land <1 Hectare),PENDING,,,false,,OPERATOR,f95790ff8936c464810685a0d1ce16a8c99b71ce41cf6dc60a2280d80ce493a5,OTc1MTY2NzAzMzM5,**** **** 3339,7780899191,,BANDIPORA,Sonawari,Hilalabad,623,42,2797,46.0
60538840264,1_623_6812_2725_005058,,Nazir Ahmad Lone,,,47,Male,Owner,Marginal  Farmer(Farmer having land <1 Hectare),PENDING,,,false,,OPERATOR,ee16a23a923a5deb700812196adc997066ce446e22e7b994a6d6272addca553f,NDM4NDEwODgyNDY5,**** **** 2469,9149467221,,BANDIPORA,Tulail,Gujran,623,6812,2725,46.0
53702441592,1_623_41_2742_005019,,SHOWKET AHMAD KHAN,,,43,Male,Owner,Marginal  Farmer(Farmer having land <1 Hectare),PENDING,,,false,,OPERATOR,1a2822e826fc9085cbdc6ab9352f99df9ebef0fb69a1b27bb3503aad9a41bfa3,NTczMzQ1OTU2NDk1,**** **** 6495,9103404452,,BANDIPORA,Bandipora,Panjigam,623,41,2742,44.0
77796426556,1_623_40_2708_005124,,Mohd. Muzafar Mapnoo,,,41,Male,Owner,Marginal  Farmer(Farmer having land <1 Hectare),PENDING,,,false,,OPERATOR,aa391beff59f307356e353fd362c1d715de6e3516e54e50ab624b445af08f891,NTg1NjM4NDk5MTM2,**** **** 9136,7006221607,,BANDIPORA,Gurez,Shah Pora - Achoora (Churwan),623,40,2708,32.0
60825541940,1_623_42_2797_005089,,Ab Khaliq Wagay,,,75,Male,Owner,Marginal  Farmer(Farmer having land <1 Hectare),PENDING,,,false,,OPERATOR,14c8e6fafaac2c9a3f3262052ed8ae8bbcdec00ed7471838a4e5316df35f00f0,Mzc3NDUyNDcyNTk3,**** **** 2597,7006677361,,BANDIPORA,Sonawari,Hilalabad,623,42,2797,25.0
54761687878,1_623_42_2812_005064,,Nazir Ahmad Malik,,,57,Male,Owner,Marginal  Farmer(Farmer having land <1 Hectare),PENDING,,,false,,OPERATOR,a27d0653ed7dd9958ca4fb9cdbe2d685a4963fb789bb051ebbbb02ff5730b0d5,NTc3MDYzMDY5MTk2,**** **** 9196,6006155230,,BANDIPORA,Sonawari,Sarai Dangarpora,623,42,2812,65.0
48758040578,1_623_41_936283_005013,,Mohd Sayiedullah Bhat,,,78,Male,Owner,Marginal  Farmer(Farmer having land <1 Hectare),PENDING,,,false,,OPERATOR,5d9d9f05255b3ef360271c9c33a11850c02075b5b8caac2940928a2cde5175bc,NTk2NTc1NTY2NDQx,**** **** 6441,9797151180,,BANDIPORA,Bandipora,Watapora,623,41,936283,47.0
11848228083,1_623_42_2808_005034,,Ab Majeed Wagay,,,54,Male,Owner,Marginal  Farmer(Farmer having land <1 Hectare),PENDING,,,false,,OPERATOR,bf33cad870022f129d18a94fdf9ed74b2b0332c1fa1781cab7668f1644ccb9b8,MzQ0NDg4MjYxNDY4,**** **** 1468,9797157511,,BANDIPORA,Sonawari,Gund i Khalil,623,42,2808,0.0
87799134091,1_623_41_936279_005010,,Irfan Kareem Wani,,,36,Male,Owner,Marginal  Farmer(Farmer having land <1 Hectare),PENDING,,,false,,OPERATOR,a8993d431973ca1537600bc3a1dce743fb3d9767167e4cbd8c9702f2cdef5b63,MzI4MTU3NjIwMDk5,**** **** 0099,7780881339,,BANDIPORA,Bandipora,Ayatmulla,623,41,936279,63.0
98662953203,1_623_41_2768_005062,,Mohammad Abdullah Ganie,,,71,Male,Owner,Marginal  Farmer(Farmer having land <1 Hectare),PENDING,,,false,,OPERATOR,1bfd7154b13fae1bcb217f3f9d1b9f3a938fb79c1beb384374251aca489ca254,NjcyMzkyOTQ1NjE3,**** **** 5617,9906869086,,BANDIPORA,Bandipora,Garoora,623,41,2768,56.0
92944786855,1_623_42_2820_005035,,AB AHAD MIR,,,67,Male,Owner,Marginal  Farmer(Farmer having land <1 Hectare),PENDING,,,false,,OPERATOR,daa059f01adbb1b9585c00422cb57c4b16db8a5bdcfbf5f1ff8688de7f8eb750,NzAwODk0ODQ5NjEy,**** **** 9612,8899116283,,BANDIPORA,Sonawari,Sumbal Inderkote,623,42,2820,64.0
34478127360,1_623_6809_2744_005043,,Reyaz Ahmad Dar,,,59,Male,Owner,Marginal  Farmer(Farmer having land <1 Hectare),PENDING,,,false,,OPERATOR,f7e2cb3343d5acca6c7271451c596bb31de9fda9c98ab8a17f0ecd28a6fc1632,NzkzNDk0ODc3NjMw,**** **** 7630,9541020373,,BANDIPORA,Aloosa,Mangnipora,623,6809,2744,56.0
30671731408,1_623_41_2740_005048,,Altaf Hussain Malik,,,43,Male,Owner,Marginal  Farmer(Farmer having land <1 Hectare),PENDING,,,false,,OPERATOR,83c82f9cf36bf43c8cb4cfcba7521d25f7dcee2fa5439d87d218bc297032d204,MzE1MDg4NDUxMjU2,**** **** 1256,6006390939,,BANDIPORA,Bandipora,Khayar,623,41,2740,0.0
98629300737,1_623_40_2705_005053,,Taher Hussain Mir,,,34,Male,Owner,Marginal  Farmer(Farmer having land <1 Hectare),PENDING,,,false,,OPERATOR,c75a0582591de241b7f3fc8355101c570d1cd1349e668a3c7a7cc0a71738fb7b,ODYxOTQ2ODQzNzU3,**** **** 3757,7889501134,,BANDIPORA,Gurez,Badwan,623,40,2705,65.0
85101813531,1_623_42_2807_005001,,Mohammad Aslam Beigh,,,30,Male,Owner,Marginal  Farmer(Farmer having land <1 Hectare),PENDING,,,false,,OPERATOR,0f08f6e256e4ca816e67d21e8c113ab8722116be63600423ebe58fdb34e3dfeb,NDAwMTEyNjI3NTIy,**** **** 7522,6006235829,,BANDIPORA,Sonawari,Ganastan,623,42,2807,65.0
55579006322,1_623_6811_2772_005009,,AB RAZAQ MALLA,,,58,Male,Owner,Marginal  Farmer(Farmer having land <1 Hectare),PENDING,,,false,,OPERATOR,e4662f3acc04456a3760cc3c19a91a1dde1418c0cbbcf6baa82826dcf8bad856,MzgxMTg2NjY0OTIx,**** **** 4921,9596177573,,BANDIPORA,Hajin,Sari Hari Karan Gund,623,6811,2772,43.0
82856663779,1_623_6811_2774_005009,,Haseena Bano,,,45,Female,Owner,Marginal  Farmer(Farmer having land <1 Hectare),PENDING,,,false,,OPERATOR,1aadc00a17abf066bef116de7c92178b0ef317b60311a2bf1ee60af0994c2eef,MjYzNjQ1MzYxNDYw,**** **** 1460,6006541421,,BANDIPORA,Hajin,Rakh i Hajin,623,6811,2774,35.0
70462592008,1_623_6811_2700_005056,,POOSHA BANO,,,51,Female,Owner,Marginal  Farmer(Farmer having land <1 Hectare),PENDING,,,false,,OPERATOR,c529db3b7204ae1e5f7dfa8ebcee5ac629cd12d3833e77e4701505c37a1af52a,OTI3Nzg1ODEyMzIx,**** **** 2321,8082785549,,BANDIPORA,Hajin,Gulshanpora,623,6811,2700,44.0
68013063372,1_623_41_2768_005047,,Rashid Ud Din Rather,,,64,Male,Owner,Marginal  Farmer(Farmer having land <1 Hectare),PENDING,,,false,,OPERATOR,96b17a310b9e085bd9c683da69e039d180309ef8bb56c6d07a9cecffc237c51f,ODcxNjI1MTQ2NzE1,**** **** 6715,7006212549,,BANDIPORA,Bandipora,Garoora,623,41,2768,60.0
65267057087,1_623_40_2707_005104,,Jameel Ahmad Shungroo,,,47,Male,Owner,Marginal  Farmer(Farmer having land <1 Hectare),PENDING,,,false,,OPERATOR,12f4f2df19963339849470dc6d5b7635fac9b6b4ccb23ec65377dbbfe3265e2b,NDg3Mjk2MzQ4OTk2,**** **** 8996,9103969405,,BANDIPORA,Gurez,Markoot,623,40,2707,55.0
50191810409,1_623_6809_2744_005041,,Gh Nabi Khan,,,56,Male,Owner,Marginal  Farmer(Farmer having land <1 Hectare),PENDING,,,false,,OPERATOR,bd877935ad2bcda9d4b31c412bae778242c8cb16eaa3793bbd6a0fa2525e84e3,NDE3NDUxMDE4MDA3,**** **** 8007,8899727890,,BANDIPORA,Aloosa,Mangnipora,623,6809,2744,0.0
96544247155,1_623_41_2742_005017,,Mohammad Saidullah Khan,,,78,Male,Owner,Marginal  Farmer(Farmer having land <1 Hectare),PENDING,,,false,,OPERATOR,3d14d9f4b8e7f7c30c1fd1d66377c4f4ee007d3817d8c00b702d4c63b165a50a,NjgxODk4MDEwODcw,**** **** 0870,9622606215,,BANDIPORA,Bandipora,Panjigam,623,41,2742,62.0
31284864216,1_623_42_2794_005146,,Adil Ahmad Kaloo,,,26,Male,Owner,Marginal  Farmer(Farmer having land <1 Hectare),PENDING,,,false,,OPERATOR,04d318395d42d862fa85a9188279ab2a988800ac010210d706e6507cdbe7d9c6,NzExNjkwMTg2NjA1,**** **** 6605,7006307369,,BANDIPORA,Sonawari,Asham,623,42,2794,56.0
48455773140,1_623_41_2768_005048,,Ghulam Mohd Mir,,,77,Male,Owner,Marginal  Farmer(Farmer having land <1 Hectare),PENDING,,,false,,OPERATOR,d9a56ee8a679381fee13c74f56b678658146a450c289d9490f45ee93996b24bb,MjE2NTU1MjY5Nzgw,**** **** 9780,7006169882,,BANDIPORA,Bandipora,Garoora,623,41,2768,60.0
42849687544,1_623_42_2812_005063,,Saleema Bano,,,66,Female,Owner,Marginal  Farmer(Farmer having land <1 Hectare),PENDING,,,false,,OPERATOR,f812ead0cd81cb4bb68c122b32dae1d5631e1cdede4b5707e1c78c042a4d7928,NzMyNzE5NzczMTI5,**** **** 3129,6006525253,,BANDIPORA,Sonawari,Sarai Dangarpora,623,42,2812,0.0
90292521321,1_623_6810_2777_005067,,Abdul Rahman Lone,,,67,Male,Owner,Marginal  Farmer(Farmer having land <1 Hectare),PENDING,,,false,,OPERATOR,757d8e8ccd09664896dde5f5f2649e8121588eb63990d769017bb0ae430acc13,Nzc3MjkwMDQ1NDQ4,**** **** 5448,9596025296,,BANDIPORA,Ajas,Ajas,623,6810,2777,0.0
95251439107,1_623_42_2815_005024,,Hajra,,,66,Female,Owner,Marginal  Farmer(Farmer having land <1 Hectare),PENDING,,,false,,OPERATOR,18ea369e8c7498e5b8d4c39654775bca54c7fdf843ae6090551b0cf68b473922,ODk4NTE3MzY4OTE3,**** **** 8917,9858371831,,BANDIPORA,Sonawari,Wahid pora,623,42,2815,50.0
66215727264,1_623_41_2763_005028,,MOHAMMAD SUBHAN WANI,,,61,Male,Owner,Marginal  Farmer(Farmer having land <1 Hectare),PENDING,,,false,,OPERATOR,766f81b577555bd0d07b5d7f5f85b80ecbbaa4f92be1c83b5dbaa7ed4d9f53f2,MzgzNDMzNzIyMjgy,**** **** 2282,9906435620,,BANDIPORA,Bandipora,Nadihal,623,41,2763,0.0
48513624986,1_623_40_936275_005067,,MOHD SHAFI LONE,,,56,Male,Owner,Marginal  Farmer(Farmer having land <1 Hectare),PENDING,,,false,,OPERATOR,8d195d6609b7f68e0590b9274de584132d6be7f4bbd10e2485782c6bee2c3657,NjY3MzI4MDk4MDAx,**** **** 8001,9797830689,,BANDIPORA,Gurez,Gulshanpora,623,40,936275,52.0
27084732439,1_623_41_2742_005023,,Mohammad Sultan Khan,,,72,Male,Owner,Marginal  Farmer(Farmer having land <1 Hectare),PENDING,,,false,,OPERATOR,ae39316b4d7ae95a89593680bbea637f712573026ec69420e75db6e322c86a88,MjQ3NzM5NjQzNzQ1,**** **** 3745,9541146337,,BANDIPORA,Bandipora,Panjigam,623,41,2742,56.0
68652101842,1_623_6811_2774_005017,,ZAHOOR AHMAD BHAT,,,56,Male,Owner,Marginal  Farmer(Farmer having land <1 Hectare),PENDING,,,false,,OPERATOR,0ba07e9b6c40a2b357df6bf063bf016cb7cd7345e79edc3637fe080eb777df48,NTc4NDA3NDI4NjEx,**** **** 8611,9622438907,,BANDIPORA,Hajin,Rakh i Hajin,623,6811,2774,46.0
83840603210,1_623_40_2708_005125,,HABIB ULLAH AKHOON,,,66,Male,Owner,Marginal  Farmer(Farmer having land <1 Hectare),PENDING,,,false,,OPERATOR,b7ceab3d33492f2421449d1f14e0558ba5818d78552fc7a747ccd832cb70cdfc,MzAyMDY3ODUzMTA1,**** **** 3105,9484077913,,BANDIPORA,Gurez,Shah Pora - Achoora (Churwan),623,40,2708,46.0
91767852893,1_623_40_2705_005052,,Naseema Begum,,,61,Female,Owner,Marginal  Farmer(Farmer having land <1 Hectare),APPROVED,,,false,,OPERATOR,21f3aadd068ee18a1e3766460b9a006fb3075e7054c8648488a946c47f1f711b,MzcxNDY5MzMzODk1,**** **** 3895,9469023406,,BANDIPORA,Gurez,Badwan,623,40,2705,90.0
80927132617,1_623_42_2807_005003,,Mohd Yousuf Beigh,,,57,Male,Owner,Marginal  Farmer(Farmer having land <1 Hectare),PENDING,,,false,,OPERATOR,7f065e9a13ae2f3a098ce61689fbcaa791933f53e26298fcb0f6e9b12fa8a06b,MjQ1MTc4MTUyMDk4,**** **** 2098,8803447595,,BANDIPORA,Sonawari,Ganastan,623,42,2807,58.0
80169631819,1_623_40_2708_005116,,Shah Mohmmad Lone,,,61,Male,Owner,Marginal  Farmer(Farmer having land <1 Hectare),PENDING,,,false,,OPERATOR,3544d7ec83fd21e1cd3da4ddf2b250bf845426143cef423328e24f98685ce3cd,OTU1NzIzOTk5Njg2,**** **** 9686,9419631329,,BANDIPORA,Gurez,Shah Pora - Achoora (Churwan),623,40,2708,56.0
89022539246,1_623_41_2761_005035,,GHULAM NABI DAR,,,58,Male,Owner,Marginal  Farmer(Farmer having land <1 Hectare),PENDING,,,false,,OPERATOR,e814f8b9e0bfa21ed9795ad4386578e7f92c6bf52d059afa7e72aaad9df12366,OTE5MjY2NDI0NDE5,**** **** 4419,9622066287,,BANDIPORA,Bandipora,Gamroo,623,41,2761,62.0
93721077689,1_623_42_2797_005081,,GH MOHD WAGAY,,,67,Male,Owner,Marginal  Farmer(Farmer having land <1 Hectare),PENDING,,,false,,OPERATOR,efe4deb560321bd0bd2b18d5fa668fa439cf5525d17acea8608efd4fc1310504,Mjc3ODI1MTc0NTc4,**** **** 4578,9697055584,,BANDIPORA,Sonawari,Hilalabad,623,42,2797,41.0
21811805840,1_623_41_2768_005049,,MOHAMMAD ANWAR LONE,,,68,Male,Owner,Marginal  Farmer(Farmer having land <1 Hectare),PENDING,,,false,,OPERATOR,02bfb46213d480b5f98f17fe7066876dcc16d919d876decad9cd04d98c07d647,NjM4ODQ5OTczODYz,**** **** 3863,7780985923,,BANDIPORA,Bandipora,Garoora,623,41,2768,0.0
82243555380,1_623_40_2705_005058,,Mohd Amin Lone,,,57,Male,Owner,Marginal  Farmer(Farmer having land <1 Hectare),PENDING,,,false,,OPERATOR,b81afe353c348e9e34a1201eea53333669a814448e6e84b8b3eeb474333dbd59,OTkwMTM4NTk2NTg5,**** **** 6589,8825074038,,BANDIPORA,Gurez,Badwan,623,40,2705,56.0
51620793018,1_623_40_2705_005055,,Mujubu Rahman Mir,,,36,Male,Owner,Marginal  Farmer(Farmer having land <1 Hectare),PENDING,,,false,,OPERATOR,237a01cb5493cc504a5307282ef23380180e64793f80f2a9b387cf57e948b055,NTg2OTgxNzM5MjIz,**** **** 9223,6005663234,,BANDIPORA,Gurez,Badwan,623,40,2705,0.0
85386227837,1_623_6812_2725_005059,,Mohd Jamal Khan,,,76,Male,Owner,Marginal  Farmer(Farmer having land <1 Hectare),APPROVED,,,false,,OPERATOR,e4bf1055bdba9cf1507847c4b126b46cb99cd865154b612cf11107de112b3627,OTg5MzkyNzYyMDAx,**** **** 2001,9622883744,,BANDIPORA,Tulail,Gujran,623,6812,2725,43.0
75655066851,1_623_42_2809_005025,,Bashir Ahmad Parray,,,46,Male,Owner,Marginal  Farmer(Farmer having land <1 Hectare),PENDING,,,false,,OPERATOR,f2ebc230d8403188967a9410286c8ef13726c0f6c9a426b3421b1462877608bb,NjUxODA2MjkxMDU3,**** **** 1057,9596164527,,BANDIPORA,Sonawari,Trigam,623,42,2809,33.0
17535575911,1_623_40_2705_005054,,ZAIBA BEGUM,,,71,Female,Owner,Marginal  Farmer(Farmer having land <1 Hectare),PENDING,,,false,,OPERATOR,061c4c199f2efd0efdd6a1c31a6776d6e6b67d87de72e35d4d44cc3d7b4b8f0b,OTY1OTAxNDUxMDc4,**** **** 1078,6005634494,,BANDIPORA,Gurez,Badwan,623,40,2705,70.0
73296302251,1_623_41_936283_005015,,Fayaz Ahmad Bhat,,,52,Male,Owner,Marginal  Farmer(Farmer having land <1 Hectare),PENDING,,,false,,OPERATOR,80589142a9dd29ad0206b667d3395094cffd1295f0a873afed217842d71b010f,MjM0NTA5NjcwODY3,**** **** 0867,7006332919,,BANDIPORA,Bandipora,Watapora,623,41,936283,56.0
17497414558,1_623_41_2740_005062,,Iftikhar Ahmad Malik,,,46,Male,Owner,Marginal  Farmer(Farmer having land <1 Hectare),PENDING,,,false,,OPERATOR,33a7e63dee3ecdbf3f9148f35323eb54d8f2628302ade7180cb660149c68ad5d,MzUzOTIwMzgwNTQ0,**** **** 0544,7006237398,,BANDIPORA,Bandipora,Khayar,623,41,2740,43.0
36139303869,1_623_42_2807_005005,,MOHD AFZAL WANI,,,46,Male,Owner,Marginal  Farmer(Farmer having land <1 Hectare),PENDING,,,false,,OPERATOR,50415e58f9a72def3fc0061d4f3ee21cfeadd8b38556bf3bd3719f601cf0b043,NDY3MTgwOTA4MjUy,**** **** 8252,9906654010,,BANDIPORA,Sonawari,Ganastan,623,42,2807,53.0
10457838561,1_623_40_2708_005126,,Jameel Ahmad Teroo,,,41,Male,Owner,Marginal  Farmer(Farmer having land <1 Hectare),PENDING,,,false,,OPERATOR,a86d4b1cbd1596ae5a3e0fe37e480779cd9677c66710f76d49280ea717b3b42d,NjkwNzE5NzYzNDU2,**** **** 3456,7006839774,,BANDIPORA,Gurez,Shah Pora - Achoora (Churwan),623,40,2708,45.0
62885345376,1_623_40_936275_005069,,SARA BEGUM,,,54,Female,Owner,Marginal  Farmer(Farmer having land <1 Hectare),PENDING,,,false,,OPERATOR,37fe533fe23e27e7599cb1eab2ccccb5b2387ebbf5370cdb6500cd0752dabf95,NDUxODczOTI0NTc3,**** **** 4577,9103393021,,BANDIPORA,Gurez,Gulshanpora,623,40,936275,70.0
31247635432,1_623_6811_2778_005047,,MOHD ASHRAF RATHER,,,45,Male,Owner,Marginal  Farmer(Farmer having land <1 Hectare),PENDING,,,false,,OPERATOR,ebf07590fb62c5296cba57b508ec60717124423afd5b7e2f10e0d01b26fc4638,Nzc1OTM0MzYzMTI0,**** **** 3124,8899083213,,BANDIPORA,Hajin,Gundi Saderkote,623,6811,2778,53.0
47545541933,1_623_41_2763_005030,,Ghulam Rasool Khan,,,66,Male,Owner,Marginal  Farmer(Farmer having land <1 Hectare),PENDING,,,false,,OPERATOR,bc814968d59b25f5c712d9651e5caf684e28dcb7785d94bf75201249e879eac7,NzExNjk5NzA4Mjkz,**** **** 8293,9797289871,,BANDIPORA,Bandipora,Nadihal,623,41,2763,45.0
76085967754,1_623_6812_2725_005060,,Faqir Mohmmad Mir,,,61,Male,Owner,Marginal  Farmer(Farmer having land <1 Hectare),APPROVED,,,false,,OPERATOR,3f1ce55bdf9a3ef9239f481bdb619aa112cb530b91ac194a46c6d9460a458429,NjA3NTk4OTI2MTA4,**** **** 6108,6006869991,,BANDIPORA,Tulail,Gujran,623,6812,2725,45.0
36550503508,1_623_41_2764_005025,,Khursheed Ahmad Malla,,,52,Male,Owner,Marginal  Farmer(Farmer having land <1 Hectare),PENDING,,,false,,OPERATOR,99de288de7849cb6f41c57ac66cc5ac87bcc210871158d47c501fc243c5ff4b8,NzkwNDM5NjYwNjM2,**** **** 0636,7006234169,,BANDIPORA,Bandipora,Gund Dachina,623,41,2764,69.0
21793944211,1_623_41_936283_005016,,Abdul Rashid Rather,,,71,Male,Owner,Marginal  Farmer(Farmer having land <1 Hectare),PENDING,,,false,,OPERATOR,f254428074f38bf8fa5b64bf9facb119e7b6dbdfc24c415936034e4dc2b399c5,NzMzMTQ3NjQ2NTg2,**** **** 6586,7006603539,,BANDIPORA,Bandipora,Watapora,623,41,936283,55.0
82047084348,1_623_41_2740_005064,,Mohammad Ahsan Malik,,,72,Male,Owner,Marginal  Farmer(Farmer having land <1 Hectare),PENDING,,,false,,OPERATOR,a7bb4182ab263132ac31736ee5fb439d341e435846c213ca78989b916dc0fbc3,MjExMzA2OTc3OTg5,**** **** 7989,8803342227,,BANDIPORA,Bandipora,Khayar,623,41,2740,60.0
46939983357,1_623_40_2705_005056,,Jaweed Iqbal Lone,,,54,Male,Owner,Marginal  Farmer(Farmer having land <1 Hectare),PENDING,,,false,,OPERATOR,4ab90372e3028e3f647ed01a8b84d805e342fc6beb4b26b6781e31c710ec5989,ODM2ODI5ODI3MDMz,**** **** 7033,8825068646,,BANDIPORA,Gurez,Badwan,623,40,2705,65.0
75878364466,1_623_40_936275_005070,,Mukhti Begum,,,73,Female,Owner,Marginal  Farmer(Farmer having land <1 Hectare),PENDING,,,false,,OPERATOR,98193a1418f31baf25389f1adaaf572cb0d755569ab658cfa81f74c861c9577b,NzQ1NTYwNjQwMzEz,**** **** 0313,9469318914,,BANDIPORA,Gurez,Gulshanpora,623,40,936275,0.0
58709278086,1_623_40_2707_005120,,GH MOHD LONE,,,66,Male,Owner,Marginal  Farmer(Farmer having land <1 Hectare),PENDING,,,false,,OPERATOR,e8d4f76ed63c5c770fed85518c9a4ccbd32a80078465b0d99975d6cf6a08e384,NDgwNTQ3MDQ4MTY2,**** **** 8166,9469430121,,BANDIPORA,Gurez,Markoot,623,40,2707,63.0
99778007185,1_623_6812_2725_005062,,Majied Khan,,,49,Male,Owner,Marginal  Farmer(Farmer having land <1 Hectare),PENDING,,,false,,OPERATOR,a65534ae0048232e84110f959e8ae7a5544734a24663d8956236dbcbb095c397,Mzg4MTUxMzAxMTg0,**** **** 1184,6006424441,,BANDIPORA,Tulail,Gujran,623,6812,2725,0.0
95890255067,1_623_6811_2778_005048,,Ab Qayoom Rather,,,37,Male,Owner,Marginal  Farmer(Farmer having land <1 Hectare),PENDING,,,false,,OPERATOR,6eea140199f00199e981df5133e1af2397b1b467115b07c128a116d186d14cb8,NTE0MTYyMzcwMjgz,**** **** 0283,9149517798,,BANDIPORA,Hajin,Gundi Saderkote,623,6811,2778,0.0
25400286325,1_623_42_2807_005006,,MOHD RAMZAN LONE,,,67,Male,Owner,Marginal  Farmer(Farmer having land <1 Hectare),PENDING,,,false,,OPERATOR,0062d6c3f2084611dce089f41988de80970c5dd59018951383723baa00447038,NTg3MDY4OTg5NTEx,**** **** 9511,9622942903,,BANDIPORA,Sonawari,Ganastan,623,42,2807,33.0
45751200436,1_623_41_2763_005031,,IMRAN KHAN,,,43,Male,Owner,Marginal  Farmer(Farmer having land <1 Hectare),PENDING,,,false,,OPERATOR,de939971f57299f1d82a3ac212287939ef509c81e63968bd1df5d3173edfef68,ODE4NTY1MDkxNTY3,**** **** 1567,9797289871,,BANDIPORA,Bandipora,Nadihal,623,41,2763,70.0
75569744843,1_623_40_2705_005090,,Ab Sabur Mapnoo,,,64,Male,Owner,Marginal  Farmer(Farmer having land <1 Hectare),PENDING,,,false,,OPERATOR,dfce8ce00c79859c972e4ecb2cb1061a28f29a834568d1c2744d2507016f4191,OTY1MzE1NTA2NzA5,**** **** 6709,9419876498,,BANDIPORA,Gurez,Badwan,623,40,2705,58.0
19037536642,1_623_40_936275_005071,,Gh Mohi Din Lone,,,76,Male,Owner,Marginal  Farmer(Farmer having land <1 Hectare),PENDING,,,false,,OPERATOR,22dd61521b74267cb95b4a7413ea5b227ad5e9662a531af660841d4767861213,OTAzOTA4NzE1MDY4,**** **** 5068,9469318914,,BANDIPORA,Gurez,Gulshanpora,623,40,936275,57.0
63667111364,1_623_41_2740_005065,,Umiya Munawar,,,27,Female,Owner,Marginal  Farmer(Farmer having land <1 Hectare),PENDING,,,false,,OPERATOR,c5f21cd017d1f52a046fdc367efd15f6abb2d3020ac302339881155e36c9e7f9,NjIyODc3ODI1NDI5,**** **** 5429,7006970480,,BANDIPORA,Bandipora,Khayar,623,41,2740,0.0
72321225329,1_623_40_2707_005119,,AB REHMAN LONE,,,60,Male,Owner,Marginal  Farmer(Farmer having land <1 Hectare),PENDING,,,false,,OPERATOR,7af6ac87cdf2ab11615b941777210d79d8652c4e13fafdcb4c149cd9f16a2a69,ODI2MjczODA3Mjcy,**** **** 7272,6005768436,,BANDIPORA,Gurez,Markoot,623,40,2707,0.0
30365194107,1_623_6811_2774_005019,,Abdul Qayoom Ganie,,,48,Male,Owner,Marginal  Farmer(Farmer having land <1 Hectare),PENDING,,,false,,OPERATOR,839530d3fad6ef209e642676500c87b8b28adf3b4e5677ecc9db09cbccef203e,MzYwMDM4MDU5ODQ0,**** **** 9844,9906402053,,BANDIPORA,Hajin,Rakh i Hajin,623,6811,2774,46.0
67341428090,1_623_6812_2725_005061,,IMTIYAZ AHMAD,,,30,Male,Owner,Marginal  Farmer(Farmer having land <1 Hectare),APPROVED,,,false,,OPERATOR,1610c08a4eb63e604003466ff71b988ab87b87d4734e8e1d20edf28f33f46b74,MzIwOTc2OTYyNjIw,**** **** 2620,6005672496,,BANDIPORA,Tulail,Gujran,623,6812,2725,69.0
85692990618,1_623_40_2705_005059,,Gh Mustafa Mir,,,47,Male,Owner,Marginal  Farmer(Farmer having land <1 Hectare),PENDING,,,false,,OPERATOR,59662a9f93be49e72eb1894b91765d89d9ed1d13f662e98b9b5ce9c2c9a2dc91,NjY0NDU5MTM0NDU0,**** **** 4454,7889452716,,BANDIPORA,Gurez,Badwan,623,40,2705,62.0
90291288788,1_623_41_936283_005018,,Muzafar Ahmad Bhat,,,64,Male,Owner,Marginal  Farmer(Farmer having land <1 Hectare),PENDING,,,false,,OPERATOR,9466710c83a9ead5abe79464b5f9a60b1b65b61f88aab49a293e4b73d91c8a23,OTg5MDI3MjAwOTU3,**** **** 0957,7006297974,,BANDIPORA,Bandipora,Watapora,623,41,936283,0.0
44702000632,1_623_6811_2778_005049,,Habibullah Mir,,,66,Male,Owner,Marginal  Farmer(Farmer having land <1 Hectare),PENDING,,,false,,OPERATOR,c3ac6c74a70512bd08aff1e20054d427364f9695427673b107784669cdf5d9bd,MzI5ODU3NTEwMjg5,**** **** 0289,9797464231,,BANDIPORA,Hajin,Gundi Saderkote,623,6811,2778,0.0
11764824528,1_623_40_2707_005122,,Abid Hussain Sheikh,,,38,Male,Owner,Marginal  Farmer(Farmer having land <1 Hectare),PENDING,,,false,,OPERATOR,8bef828b1fc79722039aca098a851fe2a2aba436602cbc0244cc90a802c5e71d,OTI5NzcyNjMzNTUy,**** **** 3552,7006635431,,BANDIPORA,Gurez,Markoot,623,40,2707,0.0
21999631560,1_623_41_936283_005017,,Tariq Ahmad Bhat,,,44,Male,Owner,Marginal  Farmer(Farmer having land <1 Hectare),PENDING,,,false,,OPERATOR,b7a1d19de81c1f56d9752e22d9f669274f5d538e48209a0e7a8860650d52a2fd,NTc5MzM2NjE3NzEy,**** **** 7712,7298765377,,BANDIPORA,Bandipora,Watapora,623,41,936283,32.0
57390714062,1_623_41_2764_005026,,Khazir Mohammad Wani,,,52,Male,Owner,Marginal  Farmer(Farmer having land <1 Hectare),PENDING,,,false,,OPERATOR,0c50167e901763fb322bd4e175f279e7030a42cbcbf5a921c9d00555d1d6503b,OTExNTc3MDE2NDk4,**** **** 6498,9797161340,,BANDIPORA,Bandipora,Gund Dachina,623,41,2764,56.0
12667997145,1_623_6811_2774_005020,,Rehana Munawar,,,31,Female,Owner,Marginal  Farmer(Farmer having land <1 Hectare),PENDING,,,false,,OPERATOR,0be1ce716a17f73b7fe1f1dbc815171e4f24341a28f070011d876f444acd3ab9,ODkwMjUwMzU0MDYw,**** **** 4060,9149524329,,BANDIPORA,Hajin,Rakh i Hajin,623,6811,2774,25.0
60054352504,1_623_40_936275_005072,,Ghulam Rasool Lone,,,59,Male,Owner,Marginal  Farmer(Farmer having land <1 Hectare),PENDING,,,false,,OPERATOR,4402c0e6d355c497ded3cab881c021477f4a4a2495781bad69ad183820ce3400,NTY0NjA4ODA5NjAy,**** **** 9602,8492094947,,BANDIPORA,Gurez,Gulshanpora,623,40,936275,33.0
93525120184,1_623_40_2707_005121,,MOHD SULTAN LONE,,,71,Male,Owner,Marginal  Farmer(Farmer having land <1 Hectare),PENDING,,,false,,OPERATOR,3c9193e41b2bbc7f0f9ffb78f6330d82e66792f2f5aacd53cf833cb695ff2395,NDE4Mzg2NTc2ODM4,**** **** 6838,6005075332,,BANDIPORA,Gurez,Markoot,623,40,2707,23.0
87369733536,1_623_41_2763_005032,,Mohd Ashraf Dar,,,51,Male,Owner,Marginal  Farmer(Farmer having land <1 Hectare),PENDING,,,false,,OPERATOR,efd7a3fdc8ec1bc408316bbc34a05eedc1c0c442cca9a3e77e2ed42f4f22b7b3,MjE5NTQ2MDIwNzky,**** **** 0792,9541468557,,BANDIPORA,Bandipora,Nadihal,623,41,2763,53.0
23688910021,1_623_41_936281_005029,,MOHD SHAFI KHAN,,,46,Male,Owner,Marginal  Farmer(Farmer having land <1 Hectare),PENDING,,,false,,OPERATOR,21e702e5653e2b725579373012940ce6a350adb049920ceae7f1fa17a38a4226,NDUyMDYwMjQzNTIy,**** **** 3522,7006780399,,BANDIPORA,Bandipora,Nass,623,41,936281,65.0
57086809041,1_623_6811_2774_005021,,Mohammad Yaqoob Bhat,,,40,Male,Owner,Marginal  Farmer(Farmer having land <1 Hectare),PENDING,,,false,,OPERATOR,51ad6b7bda97ec4a400fb8d2712471b8c9ea4a41debbd4c8742a28bb5fb69808,NzM0NzAyMjEwNzg4,**** **** 0788,9797873739,,BANDIPORA,Hajin,Rakh i Hajin,623,6811,2774,66.0
75941225584,1_623_40_2708_005127,,AB GAFFAR LONE,,,81,Male,Owner,Marginal  Farmer(Farmer having land <1 Hectare),PENDING,,,false,,OPERATOR,f0f5a636bcb12d6aad3d991362d813c6563cc52c887c5b2ffe85a10a2f868970,ODIzMDUzNDU3MDM3,**** **** 7037,9622922172,,BANDIPORA,Gurez,Shah Pora - Achoora (Churwan),623,40,2708,32.0
59415952868,1_623_41_936283_005019,,Mohd Yousuf Bhat,,,64,Male,Owner,Marginal  Farmer(Farmer having land <1 Hectare),PENDING,,,false,,OPERATOR,3a4ece4f77e304d618da9630469046a9d2a1c77283774a410e5c31a94b03ac5e,Nzg0NzY2NTQ2NjIw,**** **** 6620,9906666585,,BANDIPORA,Bandipora,Watapora,623,41,936283,63.0
45155814985,1_623_41_2763_005033,,Ashiq Hussain Dar,,,45,Male,Owner,Marginal  Farmer(Farmer having land <1 Hectare),PENDING,,,false,,OPERATOR,1d90ad380acd71de68b3b34fcb81a49d8ca3b65e70936d567446418b5a3ffd2a,OTkzNTg1MzAwOTc1,**** **** 0975,7006401971,,BANDIPORA,Bandipora,Nadihal,623,41,2763,32.0
27404660355,1_623_41_936283_005020,,MOHD RAFEEQ BHAT,,,50,Male,Owner,Marginal  Farmer(Farmer having land <1 Hectare),PENDING,,,false,,OPERATOR,89816b15a809f7d3190f9f17bb0884160eb0c49efe0c7b75f170b0f52fba3137,NjkwNTgwMzcxMTYz,**** **** 1163,8825017032,,BANDIPORA,Bandipora,Watapora,623,41,936283,53.0
45838098288,1_623_6811_2774_005022,,Shagufta Jan,,,31,Female,Owner,Marginal  Farmer(Farmer having land <1 Hectare),PENDING,,,false,,OPERATOR,369ac84b3b71c245fcc5bac34d7b74309d8cc84ee2b4a80b3d7b591d5ac22468,Mjk1NzIzNzM5NTIz,**** **** 9523,9797873739,,BANDIPORA,Hajin,Rakh i Hajin,623,6811,2774,35.0
43982162328,1_623_6812_2725_005064,,ALTAF HUSAIN KHAN,,,37,Male,Owner,Marginal  Farmer(Farmer having land <1 Hectare),APPROVED,,,false,,OPERATOR,8e6a2871574186e58e6433da382db05a314940f8f05b5774033fd2ffb3041c37,Mjk2NTQxNTAzOTAw,**** **** 3900,6006925538,,BANDIPORA,Tulail,Gujran,623,6812,2725,46.0
89016706978,1_623_41_936279_005011,,FAYAZ AHMAD WANI,,,46,Male,Owner,Marginal  Farmer(Farmer having land <1 Hectare),PENDING,,,false,,OPERATOR,f44285997b538be0eebef4540e8d1a0971ca230d7dd5349586ef92f51a60b704,NjcxNjIwMjc3NDE3,**** **** 7417,9906869416,,BANDIPORA,Bandipora,Ayatmulla,623,41,936279,46.0
61023624921,1_623_40_2707_005123,,HAJRA BEGUM,,,56,Female,Owner,Marginal  Farmer(Farmer having land <1 Hectare),PENDING,,,false,,OPERATOR,4098ad77069d40acbb9de8fee4d4db74529621a83639b0f18a57c3f9599cd3cb,MzM0NjIwMDE3NTAx,**** **** 7501,7780840270,,BANDIPORA,Gurez,Markoot,623,40,2707,50.0
51288342262,1_623_41_2763_005034,,FAROOQ AHMAD KHAN,,,55,Male,Owner,Marginal  Farmer(Farmer having land <1 Hectare),PENDING,,,false,,OPERATOR,6c66899c3702423faba9a04b08628dc58de4fa5cdfe07e81c617a37fda72c003,NTI3NDE2MzEyNjY2,**** **** 2666,9906722565,,BANDIPORA,Bandipora,Nadihal,623,41,2763,46.0
98055160352,1_623_40_2705_005060,,Ab Rashied Lone,,,49,Male,Owner,Marginal  Farmer(Farmer having land <1 Hectare),PENDING,,,false,,OPERATOR,9c153763d22737e2380301619cacf474db1765c095e26b512aeb80146d28f48d,ODY4NTU2OTY1MjE0,**** **** 5214,9419878883,,BANDIPORA,Gurez,Badwan,623,40,2705,62.0
45752976877,1_623_40_936275_005073,,Asmat Jahan,,,35,Female,Owner,Marginal  Farmer(Farmer having land <1 Hectare),PENDING,,,false,,OPERATOR,2ef6865c746de072ae52ebedeecf85eb6b947db20507b43ce49830526d2fb8e2,NjU1NTIyMzg0NDQ2,**** **** 4446,9622452438,,BANDIPORA,Gurez,Gulshanpora,623,40,936275,55.0
91622053020,1_623_41_2761_005038,,Nazir Ahmad Dar,,,47,Male,Owner,Marginal  Farmer(Farmer having land <1 Hectare),PENDING,,,false,,OPERATOR,8f39dd9ebe7f7c32e835bbb6d711590c862265daea0f88a3c3849bd6776025de,ODIwNjI0NTI3OTIx,**** **** 7921,7006454943,,BANDIPORA,Bandipora,Gamroo,623,41,2761,65.0
98388479039,1_623_41_2761_005039,,Abdul Hamid Bhat,,,63,Male,Owner,Marginal  Farmer(Farmer having land <1 Hectare),PENDING,,,false,,OPERATOR,23c179958c0ac613d33276eb9106a18d1836c6efccfe814cd5b7b8e46975e060,NDIxNjQ4OTk2ODk2,**** **** 6896,9858350000,,BANDIPORA,Bandipora,Gamroo,623,41,2761,46.0
37795231944,1_623_40_2707_005125,,Jumma Lone,,,70,Male,Owner,Marginal  Farmer(Farmer having land <1 Hectare),PENDING,,,false,,OPERATOR,1fa6ce21a089f90fedd4be34966a9af6a57c53f8c8df3312c28313e8b9149a69,NTI2MzgzMDc1NTgw,**** **** 5580,9419545376,,BANDIPORA,Gurez,Markoot,623,40,2707,55.0
17974015922,1_623_6810_2777_005003,,Habla Begum,,,61,Female,Owner,Marginal  Farmer(Farmer having land <1 Hectare),APPROVED,,,false,,OPERATOR,f2143102d0e11c4d93e22702588f65488895fbaa7c5baeb4b42e1ece689be3ba,NTM0OTA3MjUyOTU0,**** **** 2954,9797166864,,BANDIPORA,Ajas,Ajas,623,6810,2777,55.0
62382626951,1_623_6810_2777_005004,,Muzaffar Ahmad Rahter,,,64,Male,Owner,Marginal  Farmer(Farmer having land <1 Hectare),APPROVED,,,false,,OPERATOR,e9c7e317739b2e3c3d2862b98d6ccd0d2d1177aed96901141efb1079311060b9,NjMzOTkzMDkyNzUw,**** **** 2750,8899063394,,BANDIPORA,Ajas,Ajas,623,6810,2777,46.0
90501261167,1_623_40_2708_005128,,Firdous Ahmad Mapnoo,,,41,Male,Owner,Marginal  Farmer(Farmer having land <1 Hectare),PENDING,,,false,,OPERATOR,3c6db257d8fbe5d17c4c6244069d93f939ced817748fc5630537923ea8784b37,Njc1NTU4NzE3MTg0,**** **** 7184,7780830265,,BANDIPORA,Gurez,Shah Pora - Achoora (Churwan),623,40,2708,56.0
51330178743,1_623_6810_2777_005000,,Nadeem Ahmad Rather,,,28,Male,Owner,Marginal  Farmer(Farmer having land <1 Hectare),APPROVED,,,false,,OPERATOR,27165eddbe4d7e629cc0f9f056f867122ad91dec848e4d5ade3e0b9ad9ca3c25,MzcyNjUyMzIzODUx,**** **** 3851,9797166864,,BANDIPORA,Ajas,Ajas,623,6810,2777,65.0
68668745755,1_623_6810_2777_005009,,Abdul Hamid Lone,,,66,Male,Owner,Marginal  Farmer(Farmer having land <1 Hectare),APPROVED,,,false,,OPERATOR,64098a3f5515cb6fb5836f9c659740c1760a0a536700295d69639b6aa9417a2d,MjM1MzM0MzQ0OTE1,**** **** 4915,9906504777,,BANDIPORA,Ajas,Ajas,623,6810,2777,44.0
45657157794,1_623_41_2761_005041,,Saida Begum,,,59,Female,Owner,Marginal  Farmer(Farmer having land <1 Hectare),PENDING,,,false,,OPERATOR,8d8e19dc1d06f9afefe9c7ee392af0a6781a5f2bff99ad63a052fb8f420311c1,NTI2OTE4ODI1MzU5,**** **** 5359,9697305817,,BANDIPORA,Bandipora,Gamroo,623,41,2761,44.0
67022173450,1_623_6810_2777_005011,,Zahoor Ahmad Dar,,,50,Male,Owner,Marginal  Farmer(Farmer having land <1 Hectare),APPROVED,,,false,,OPERATOR,dfbb51bd6fd9f04ee337044f1fff675edc68c3cf52e977974135abebcefbd080,NzA0MzkxMjg5MzA4,**** **** 9308,8082442792,,BANDIPORA,Ajas,Ajas,623,6810,2777,49.0
85562444359,1_623_6810_2777_005013,,Gh Ahmad Rather,,,60,Male,Owner,Small Farmer (Farmer having Land >=1 & <2 Hectare),APPROVED,,,false,,OPERATOR,3a1068ffac591a0c4242d9c5d22c5df203003483e2ddd878714705d2bccc9d9e,MzI0MTc1NDk5NzIy,**** **** 9722,8803321553,,BANDIPORA,Ajas,Ajas,623,6810,2777,48.0
61685844445,1_623_41_936283_005021,,Manzoor Ahmad Bhat,,,63,Male,Owner,Marginal  Farmer(Farmer having land <1 Hectare),PENDING,,,false,,OPERATOR,75617e81a12e5fbbc3ea8eca0d8d0dabe01c44b2c07193c3cda4f53ca30ee311,NTM2NjIyMDM0MjQy,**** **** 4242,8899298264,,BANDIPORA,Bandipora,Watapora,623,41,936283,0.0
67505317492,1_623_41_2761_005040,,GH NABI SHEIKH,,,62,Male,Owner,Marginal  Farmer(Farmer having land <1 Hectare),PENDING,,,false,,OPERATOR,3514ec46cbfb65f303dfa3bab315392d5b5b9758e0e4141f5c91d03cd2b63c70,ODYxMTE3MjE3MDMw,**** **** 7030,7051656271,,BANDIPORA,Bandipora,Gamroo,623,41,2761,56.0
40702797729,1_623_6811_2778_005050,,MOHD SULTAN RATHER,,,73,Male,Owner,Marginal  Farmer(Farmer having land <1 Hectare),PENDING,,,false,,OPERATOR,cdb15fdab8b7439bd9635072e772786278abbc6807ab2ec1ea643e0e30f740cd,NjQ1MTY1MTAwNDIx,**** **** 0421,9622312796,,BANDIPORA,Hajin,Gundi Saderkote,623,6811,2778,26.0
89707916800,1_623_6810_2777_005026,,Riyaz Ahmad Rather,,,46,Male,Owner,Marginal  Farmer(Farmer having land <1 Hectare),APPROVED,,,false,,OPERATOR,600bde93be006ac5a1aee84c23858b7c6e1f4bd86fab5d471dcd9125320d5cf6,NDg5MDY0Nzk0OTcx,**** **** 4971,6006186190,,BANDIPORA,Ajas,Ajas,623,6810,2777,52.0
99984896660,1_623_6810_2777_005017,,Abdul Ahad Rather,,,66,Male,Owner,Marginal  Farmer(Farmer having land <1 Hectare),APPROVED,,,false,,OPERATOR,de5a5ffc59253d119f4af9220fcb3a50876be35a12f55d5baa31b06313b70a08,NDY0NzE1OTA5MDgz,**** **** 9083,7051178874,,BANDIPORA,Ajas,Ajas,623,6810,2777,63.0
48319483727,1_623_6810_2777_005023,,Habib Ullah Rather,,,70,Male,Owner,Marginal  Farmer(Farmer having land <1 Hectare),APPROVED,,,false,,OPERATOR,ca79236316695116b7c7a18d511c0136e38367bc6d06fcab225fd27d35d7318f,MzQxMjM2NDAzMjYx,**** **** 3261,9906423546,,BANDIPORA,Ajas,Ajas,623,6810,2777,61.0
41196759839,1_623_6810_2777_005014,,Sarwa Begum,,,73,Female,Owner,Marginal  Farmer(Farmer having land <1 Hectare),APPROVED,,,false,,OPERATOR,13eebdec0adb9f7585201ff368df31d15ee428357709b433e8e63b0382947e46,MjA3NjQ5NTg4MDA2,**** **** 8006,7006482868,,BANDIPORA,Ajas,Ajas,623,6810,2777,50.0
65267147276,1_623_6810_2777_005016,,Ghulam Mohi Ud Din Rather,,,76,Male,Owner,Marginal  Farmer(Farmer having land <1 Hectare),APPROVED,,,false,,OPERATOR,4cedd92ea01497e7c80625fe7b9a5e919d8f7843bbbf47dd49da34519c9870ae,NjI4ODM0MTgxNjMy,**** **** 1632,9622774167,,BANDIPORA,Ajas,Ajas,623,6810,2777,52.0
53510126610,1_623_6810_2777_005021,,Manzoor Ahmad Rather,,,45,Male,Owner,Marginal  Farmer(Farmer having land <1 Hectare),APPROVED,,,false,,OPERATOR,ed13d92ac5fd27dca99448453fbb007c91adadbb5d974da48278155abbc89a22,OTI2MjczNTc4NzEx,**** **** 8711,9906708094,,BANDIPORA,Ajas,Ajas,623,6810,2777,43.0
79193568380,1_623_6810_2777_005025,,Ishfaq Ahmad Rather,,,32,Male,Owner,Marginal  Farmer(Farmer having land <1 Hectare),APPROVED,,,false,,OPERATOR,a84a6127cfec2b5329dc2de07a9af4ebfcfe2da3e157a2711b7ed576a6509d99,NTY1NTA3OTAxODcz,**** **** 1873,9541082139,,BANDIPORA,Ajas,Ajas,623,6810,2777,56.0
52345368516,1_623_6810_2777_005032,,Mohd Ashraf Rather,,,46,Male,Owner,Marginal  Farmer(Farmer having land <1 Hectare),APPROVED,,,false,,OPERATOR,8564c237d0b381328ac333b58cdfe9f83e2737af024317f5e2c642f3723997e7,ODg2Mjc1MDgwNTA3,**** **** 0507,9697387464,,BANDIPORA,Ajas,Ajas,623,6810,2777,63.0
58735458164,1_623_6810_2777_005037,,Gh Ahmad Rather,,,58,Male,Owner,Marginal  Farmer(Farmer having land <1 Hectare),APPROVED,,,false,,OPERATOR,8e349d165e5517af0e2b60c5d7ca418174c6eaa07c42b04bd95bf69bacf6ff72,MjQ4NzEyNTg3OTEy,**** **** 7912,9086218227,,BANDIPORA,Ajas,Ajas,623,6810,2777,53.0
86904785456,1_623_6810_2777_005033,,Gh Mohammad Bhat,,,71,Male,Owner,Marginal  Farmer(Farmer having land <1 Hectare),APPROVED,,,false,,OPERATOR,590027c7a36eeef66b9418043cb7cac1b1e0f8bb653d8df81e160f2b3295236c,NDAyNTI5MjkxMDEx,**** **** 1011,9596356938,,BANDIPORA,Ajas,Ajas,623,6810,2777,23.0
95471653194,1_623_6812_2724_005147,,Gulzar Ahmad Lone,,,61,Male,Owner,Marginal  Farmer(Farmer having land <1 Hectare),APPROVED,,,false,,OPERATOR,da7d21633bea69f1bec324dd8655c266b6b0d4424e5cccb6a2928bbd551ec09a,NDMyOTE4MDEzMTI2,**** **** 3126,7006392103,,BANDIPORA,Tulail,Baduaab,623,6812,2724,46.0
42528382174,1_623_6810_2777_005072,,Mehraj Ud Din Rather,,,39,Male,Owner,Marginal  Farmer(Farmer having land <1 Hectare),APPROVED,,,false,,OPERATOR,999a9317ad169262b791f88975eb2ebe1e83d0e657b6de3d70b401432af242fc,NTY4MDc5NTg2ODIx,**** **** 6821,9906722704,,BANDIPORA,Ajas,Ajas,623,6810,2777,35.0
96800145576,1_623_6810_2777_005039,,Ghulam Mohammad Rather,,,73,Male,Owner,Marginal  Farmer(Farmer having land <1 Hectare),APPROVED,,,false,,OPERATOR,d7bb954ac25e19544fefbc42b05d5c3e259efebce907669918d5980c6191e952,NjU0OTQ1MDY3OTk3,**** **** 7997,9622788835,,BANDIPORA,Ajas,Ajas,623,6810,2777,56.0
63437914141,1_623_40_2707_005126,,Shakeela Banoo,,,42,Female,Owner,Marginal  Farmer(Farmer having land <1 Hectare),PENDING,,,false,,OPERATOR,34fd36fb9034331a27b8e3379e17a8c06a6792cc5dfc2cac471f3dedfb14f0c1,MzYzMzA3NjQxOTA2,**** **** 1906,7889388047,,BANDIPORA,Gurez,Markoot,623,40,2707,44.0
26635790176,1_623_6810_2777_005036,,Ghulam Mohammad Bhat,,,61,Male,Owner,Marginal  Farmer(Farmer having land <1 Hectare),APPROVED,,,false,,OPERATOR,32e701b8623f85d3987559bfed32bcd9602a6c65937415851f6a9742aa860a0a,NDY5NDY0MDM4MjYy,**** **** 8262,9622622995,,BANDIPORA,Ajas,Ajas,623,6810,2777,43.0
73246339231,1_623_6810_2777_005038,,Lal Ud Din Bhat,,,66,Male,Owner,Marginal  Farmer(Farmer having land <1 Hectare),APPROVED,,,false,,OPERATOR,3e84f762b748980945e923cc8f172f29fbc76c1554c3a903efe8ead2fc73e7ce,ODE1MzY3NTk2Nzk4,**** **** 6798,9149438552,,BANDIPORA,Ajas,Ajas,623,6810,2777,60.0
84824900084,1_623_6810_2777_005044,,Wali Mohd Rather,,,67,Male,Owner,Marginal  Farmer(Farmer having land <1 Hectare),APPROVED,,,false,,OPERATOR,97cf67b8dd1e2107a68c8799792e0a6cbe8025847cb6f0ef990515fbf4891619,OTEzMjExNDM5MjI4,**** **** 9228,7051994892,,BANDIPORA,Ajas,Ajas,623,6810,2777,43.0
42391753468,1_623_6810_2777_005040,,Mohd Ashraf Rather,,,48,Male,Owner,Marginal  Farmer(Farmer having land <1 Hectare),APPROVED,,,false,,OPERATOR,9e7011580a65b8bc7a29fa66ca622b0fb7edc984d1c8cea94e77de76feca534e,ODcyMTI0MzcxNTU3,**** **** 1557,9596149161,,BANDIPORA,Ajas,Ajas,623,6810,2777,43.0
11689709031,1_623_6810_2777_005042,,Farooq Ahmad Rather,,,62,Male,Owner,Marginal  Farmer(Farmer having land <1 Hectare),APPROVED,,,false,,OPERATOR,40a4f3ed0ea773d0a0376ec60771408b2a1e8052266459f71a9f4ad8c45986df,MjQ2Nzk1MzAxNDc2,**** **** 1476,9797889082,,BANDIPORA,Ajas,Ajas,623,6810,2777,64.0
53638104171,1_623_6810_2777_005043,,Bashir Ahmad Rather,,,71,Male,Owner,Marginal  Farmer(Farmer having land <1 Hectare),APPROVED,,,false,,OPERATOR,31f6b800b597b997e6501420f998ef3136c61ca0abedad1a959317bb4e7410f1,NjUzNjgwNjkxOTIw,**** **** 1920,9541673982,,BANDIPORA,Ajas,Ajas,623,6810,2777,56.0
35118627851,1_623_6810_2777_005046,,Abdul Rashid Rather,,,67,Male,Owner,Marginal  Farmer(Farmer having land <1 Hectare),APPROVED,,,false,,OPERATOR,f895a022e9a57aaf8d456803fdcedb479cc3884bc209d587aa6b943787e17027,NDA0MzQ5NTQ0MDk3,**** **** 4097,8825016962,,BANDIPORA,Ajas,Ajas,623,6810,2777,66.0
85778038522,1_623_6810_2777_005047,,Nazir Ahmad Rather,,,52,Male,Owner,Marginal  Farmer(Farmer having land <1 Hectare),APPROVED,,,false,,OPERATOR,86fe119b27f7165f0486b7a63af3968d5c772ca602a094242be1af5bab22dde9,NzU0Njc4NzQ2NTE0,**** **** 6514,9596323142,,BANDIPORA,Ajas,Ajas,623,6810,2777,42.0
62325898236,1_623_6810_2777_005048,,Farooq Ahmad Lone,,,49,Male,Owner,Marginal  Farmer(Farmer having land <1 Hectare),APPROVED,,,false,,OPERATOR,03463a7095190e30a868abaa31e5e6dccd7980d1a78ed75dfac1f240a8e60d2b,NDA3NzA2Mzk1NjYw,**** **** 5660,9541181915,,BANDIPORA,Ajas,Ajas,623,6810,2777,49.0
13190330688,1_623_6810_2777_005051,,Gh Mohi Ud Din Rather,,,76,Male,Owner,Marginal  Farmer(Farmer having land <1 Hectare),APPROVED,,,false,,OPERATOR,8a035b797b0bfbd9884eb3d57bfeb1644de0991c25c9ddee6f6a6011f4ca4b6f,NDUyODc1Mjg4NDE2,**** **** 8416,9906481082,,BANDIPORA,Ajas,Ajas,623,6810,2777,62.0
28868245753,1_623_6812_2716_005076,,WAZEER AHMAD MIR,,,42,Male,Owner,Marginal  Farmer(Farmer having land <1 Hectare),APPROVED,,,false,,OPERATOR,ccf2cef63741781c94aa4ed540f88005c443975749c699f1c0c55df91bff0359,MjE0MTQyNTI5MDUz,**** **** 9053,6005265986,,BANDIPORA,Tulail,Neeru,623,6812,2716,46.0
83381466658,1_623_6810_2777_005052,,MOHD SULTAN RATHER,,,63,Male,Owner,Marginal  Farmer(Farmer having land <1 Hectare),APPROVED,,,false,,OPERATOR,432478e119b20c02ec0d50a2b6bd8780cf5b5ad48ab180cbc5271ae18f95e4da,MzU5OTI2MDkwMTI4,**** **** 0128,8491036789,,BANDIPORA,Ajas,Ajas,623,6810,2777,43.0
87558957122,1_623_41_936283_005022,,Sajad Rashid Rather,,,48,Male,Owner,Marginal  Farmer(Farmer having land <1 Hectare),PENDING,,,false,,OPERATOR,b3aac926455ec415a848cc73c1848746fc8dcb867b15f70dd3d93405523fa026,Mzg2NjM2MzgzNzc4,**** **** 3778,6005748343,,BANDIPORA,Bandipora,Watapora,623,41,936283,46.0
16387233892,1_623_6810_2777_005066,,Ghulam Mohi Ud Din Dar,,,56,Male,Owner,Marginal  Farmer(Farmer having land <1 Hectare),APPROVED,,,false,,OPERATOR,6aa9987d3b410b70ea0565a64c9a36c59212ce459f9a84288bedace74ccd3e9c,NzgzODU5MjEzOTM3,**** **** 3937,9596155614,,BANDIPORA,Ajas,Ajas,623,6810,2777,55.0
55436873843,1_623_41_936283_005023,,Nighat Nargis,,,44,Female,Owner,Marginal  Farmer(Farmer having land <1 Hectare),PENDING,,,false,,OPERATOR,d212678c9ca2c1c1c0dfa7a3707df6953536eb1c0ab3ba19272e686a0fcbcffd,MjA4NTA0MTIxODEx,**** **** 1811,9596592437,,BANDIPORA,Bandipora,Watapora,623,41,936283,70.0
78983355364,1_623_42_2794_005156,,Noor Mohd Najar,,,57,Male,Owner,Marginal  Farmer(Farmer having land <1 Hectare),PENDING,,,false,,OPERATOR,bb36317ed7677f9fecdf775ae39f99e1390c9dd391772213723a73c1139c4449,MzQzNjcxMDIyMzE5,**** **** 2319,7889964743,,BANDIPORA,Sonawari,Asham,623,42,2794,53.0
36398710402,1_623_6811_2778_005051,,Farooq Ah Rather,,,44,Male,Owner,Marginal  Farmer(Farmer having land <1 Hectare),PENDING,,,false,,OPERATOR,cb12cfe4b43d208c8d40a92f4b8aa780b79f9a2da6d3e6812bf6965f4788d71f,MzU3NzMxOTEzODYy,**** **** 3862,6005735711,,BANDIPORA,Hajin,Gundi Saderkote,623,6811,2778,35.0
58813084481,1_623_41_936283_005024,,Tasleema Begum,,,48,Female,Owner,Marginal  Farmer(Farmer having land <1 Hectare),APPROVED,,,false,,OPERATOR,b38208f32596178a929e8e050cdde262f72591965beeacbe097cfc2352b4b5df,MzY1OTQ3NjczODQ5,**** **** 3849,6006988258,,BANDIPORA,Bandipora,Watapora,623,41,936283,90.0
30740807285,1_623_6812_2716_005100,,AB MAJEED MIR,,,53,Male,Owner,Marginal  Farmer(Farmer having land <1 Hectare),APPROVED,,,false,,OPERATOR,dfeb8c16fac8006add0116c033982387f05aeaa1c5795a8b9c953e436c88fbc3,ODM0NTY4MDc2NDQ5,**** **** 6449,6006571604,,BANDIPORA,Tulail,Neeru,623,6812,2716,23.0
59240837783,1_623_6812_2725_005043,,AB GANI MIR,,,81,Male,Owner,Marginal  Farmer(Farmer having land <1 Hectare),APPROVED,,,false,,OPERATOR,ee8baa0b792443cdeab356126115716181bd57101fca4030d83a958bcd4815f9,NDA4MzUwMzc5ODQ2,**** **** 9846,6006889409,,BANDIPORA,Tulail,Gujran,623,6812,2725,23.0
18662019459,1_623_6812_2725_005045,,MOHD YOUSAF MIR,,,64,Male,Owner,Marginal  Farmer(Farmer having land <1 Hectare),APPROVED,,,false,,OPERATOR,30c43de6f644ede8d2f0f6e2e221c60a904fffec0c2c3a880d33f9b99a5a7a69,NzkwNDMxMzMxMjEz,**** **** 1213,9682598408,,BANDIPORA,Tulail,Gujran,623,6812,2725,43.0
91103384225,1_623_6812_2725_005036,,Ab Latif Khan,,,28,Male,Owner,Marginal  Farmer(Farmer having land <1 Hectare),APPROVED,,,false,,OPERATOR,90ad69faee63c9fa7d913adec41d69194b97091299e5a37e6f54aa5a615ee2ea,NjIxNjQ4NTA0ODY1,**** **** 4865,7006688550,,BANDIPORA,Tulail,Gujran,623,6812,2725,57.0
70973065200,1_623_6810_2777_005061,,Mohd Maqbool Bhat,,,51,Male,Owner,Marginal  Farmer(Farmer having land <1 Hectare),APPROVED,,,false,9797863966,OPERATOR,ec2ade7584f7928420cc078c3905b8cf0818140a689a7e179b8960b95ccf11d4,NjY4MDA5NzIzNzA4,**** **** 3708,9797863966,,BANDIPORA,Ajas,Ajas,623,6810,2777,43.0
99175999296,1_623_6810_2777_005055,,Mohd Shaban Rather,,,73,Male,Owner,Marginal  Farmer(Farmer having land <1 Hectare),APPROVED,,,false,,OPERATOR,aa3c2f4eb189115234a1677a2812c5ac67b207018727abe321147e0a0b959645,NDE3NjQwNDQ4NjA3,**** **** 8607,6006493748,,BANDIPORA,Ajas,Ajas,623,6810,2777,33.0
55061998307,1_623_6812_2725_005035,,JAVID AHMAD MIR,,,38,Male,Owner,Marginal  Farmer(Farmer having land <1 Hectare),APPROVED,,,false,,OPERATOR,1c98d279c68746312aaf805702929fe8424641fa3cfd7717369f0d828e25503a,NzUwOTc3MzQ4NDIx,**** **** 8421,7889746481,,BANDIPORA,Tulail,Gujran,623,6812,2725,56.0
61508961566,1_623_6812_2725_005042,,Bashir Ahmad Khan,,,63,Male,Owner,Marginal  Farmer(Farmer having land <1 Hectare),APPROVED,,,false,,OPERATOR,a110d4f60a2741340ef2d3fd988c19df978b724e44da6fb4d5c2251ad785ee42,NTM3MTY1Mjg2OTI3,**** **** 6927,6006287071,,BANDIPORA,Tulail,Gujran,623,6812,2725,23.0
63301077903,1_623_6812_2725_005044,,JAMEEL AHMAD LONE,,,42,Male,Owner,Marginal  Farmer(Farmer having land <1 Hectare),APPROVED,,,false,,OPERATOR,03b2f115b864252759fa65a83c5e8df5d6a7b15662bedeaf0402f9d7c3ffd85b,NDgxNzgyNjkwNTU5,**** **** 0559,9103024779,,BANDIPORA,Tulail,Gujran,623,6812,2725,46.0
51783307782,1_623_6810_2777_005065,,Mohd Ayoob Rather,,,45,Male,Owner,Marginal  Farmer(Farmer having land <1 Hectare),APPROVED,,,false,,OPERATOR,7c599bfd8e90ae5be96a52c6db81583fd7fc63fd0d161a5e16521b62eb2da99a,MzU5NDY4NTE1NDI1,**** **** 5425,9797709462,,BANDIPORA,Ajas,Ajas,623,6810,2777,42.0
89768141700,1_623_6812_2725_005041,,FAQEER MOHD KHAN,,,61,Male,Owner,Marginal  Farmer(Farmer having land <1 Hectare),APPROVED,,,false,,OPERATOR,b36498b18f14dfa677d7de28f20121a5b19f133ff2aa623f0af754ca842becfc,NDcxNjU4OTIxMDgy,**** **** 1082,7006225872,,BANDIPORA,Tulail,Gujran,623,6812,2725,21.0
16870887631,1_623_6812_2725_005040,,MOHD HABIB KHAN,,,65,Male,Owner,Marginal  Farmer(Farmer having land <1 Hectare),APPROVED,,,false,,OPERATOR,22c318a742f3b4da94248fe2ae05c56d45a0ba533f43c8ad13da3379ce4c40f0,MjM2MDAzMjk0NzYx,**** **** 4761,7006796246,,BANDIPORA,Tulail,Gujran,623,6812,2725,23.0
69003970080,1_623_6812_2724_005150,,Noori Begum,,,54,Female,Owner,Marginal  Farmer(Farmer having land <1 Hectare),APPROVED,,,false,,OPERATOR,0e31a4f2746bfecb6c60e5c3e3ef61cfe09f7cc5b01a7627653c21af4febda01,MzY5MjgwNjgyODQw,**** **** 2840,6006924940,,BANDIPORA,Tulail,Baduaab,623,6812,2724,70.0
35740750173,1_623_6812_2725_005063,,AB REHMAN KHAN,,,59,Male,Owner,Marginal  Farmer(Farmer having land <1 Hectare),APPROVED,,,false,,OPERATOR,ed62446d9c53f41699721d5c19118ff6a3e2d920066af206925ccfd173b40920,NjE5NjE1NDA2ODAx,**** **** 6801,7780963428,,BANDIPORA,Tulail,Gujran,623,6812,2725,23.0
36672676593,1_623_6811_2778_005053,,Musnaza,,,43,Female,Owner,Marginal  Farmer(Farmer having land <1 Hectare),PENDING,,,false,,OPERATOR,3d0c0e71c87296c87a81d0fbf1ec71b8a9bff63d9acb94a55a74ef1ebfe1e364,ODI3ODI0MjkwNTk1,**** **** 0595,9906769142,,BANDIPORA,Hajin,Gundi Saderkote,623,6811,2778,69.0
55639236825,1_623_6812_2724_005146,,Ghulam Ahmad Beigh,,,65,Male,Owner,Marginal  Farmer(Farmer having land <1 Hectare),APPROVED,,,false,,OPERATOR,379670f347fa4c2e87adece8a1dbc98df7dba0e6e018ede57e2b3663e44618a2,Nzg5MDQ3NTU5OTU4,**** **** 9958,6005438274,,BANDIPORA,Tulail,Baduaab,623,6812,2724,55.0
15575542874,1_623_41_2761_005042,,Gh Mohd Dar,,,73,Male,Owner,Marginal  Farmer(Farmer having land <1 Hectare),PENDING,,,false,,OPERATOR,9d5577bfa1015405472d5b05829724a02f4875553de054214c957821fa49cbb6,NzQyNDc0MDUyMTUx,**** **** 2151,9149433244,,BANDIPORA,Bandipora,Gamroo,623,41,2761,51.0
13055762066,1_623_6812_2724_005148,,Heemali Begum,,,44,Female,Owner,Marginal  Farmer(Farmer having land <1 Hectare),PENDING,,,false,,OPERATOR,871f008dc29ffad24f0e4d4d35463a907223c9195d3cae3884309e1f229d7543,NzcyMDYzODkwOTc4,**** **** 0978,9149709481,,BANDIPORA,Tulail,Baduaab,623,6812,2724,0.0
53068233424,1_623_40_2707_005127,,MOHD ANWER LONE,,,75,Male,Owner,Marginal  Farmer(Farmer having land <1 Hectare),PENDING,,,false,,OPERATOR,bf62b7a96e687dcc374d6a043ea5f2fefc639f4353eff3d25611962cfd70517b,ODgwODA4NTMxNDk1,**** **** 1495,9149456885,,BANDIPORA,Gurez,Markoot,623,40,2707,25.0
29887358782,1_623_6812_2724_005149,,Mehbooba Banoo,,,27,Female,Owner,Marginal  Farmer(Farmer having land <1 Hectare),APPROVED,,,false,,OPERATOR,fad81acd1ce483b86eef0cf1d80778f10987a6ee4a1a2132551fd3b1f720e923,MjkxNzgyNjkwODA2,**** **** 0806,9103189372,,BANDIPORA,Tulail,Baduaab,623,6812,2724,50.0
55819438710,1_623_6811_2778_005052,,Nusrat Javaid,,,39,Female,Owner,Marginal  Farmer(Farmer having land <1 Hectare),PENDING,,,false,,OPERATOR,a7946d337dd70eb028bdf6a1a0756f1f122b00ed1e3563c986961cac1e49b3fe,Nzg3ODQ4NTAyOTc2,**** **** 2976,7006621823,,BANDIPORA,Hajin,Gundi Saderkote,623,6811,2778,45.0
92397044575,1_623_41_936283_005025,,Shariq Ahmad Khan,,,31,Male,Owner,Marginal  Farmer(Farmer having land <1 Hectare),PENDING,,,false,9906888757,OPERATOR,092885533615510a5ee03f80bfed1cddf473db26f024959c4704d62eb408e42d,NzU3NjE1MDI5Njkz,**** **** 9693,9906888757,,BANDIPORA,Bandipora,Watapora,623,41,936283,0.0
66748076551,1_623_40_2707_005130,,Ab Razaq Lone,,,74,Male,Owner,Marginal  Farmer(Farmer having land <1 Hectare),PENDING,,,false,,OPERATOR,0f90913da97b5ef9e132c9d07cf6fde94235563390173c0436db8ef0222e831c,Mzc5ODI2MjU4MTQ4,**** **** 8148,7780947046,,BANDIPORA,Gurez,Markoot,623,40,2707,53.0
73148139348,1_623_6812_2724_005151,,Farzani Begum,,,61,Female,Owner,Marginal  Farmer(Farmer having land <1 Hectare),APPROVED,,,false,,OPERATOR,a73ac9bb0ebf99d9c0d1e5f09c63ae5c37bfe1187e57e844b9d88851ada90994,OTk3NTMyNDY4NTQ5,**** **** 8549,7889338541,,BANDIPORA,Tulail,Baduaab,623,6812,2724,50.0
97529955941,1_623_6811_2778_005057,,Robina Bashir,,,39,Female,Owner,Marginal  Farmer(Farmer having land <1 Hectare),PENDING,,,false,,OPERATOR,a14ae9f945a721b3cb909322ae29a9b994166ec59d2505ab3ac62a7fc1dcea42,NzMzNTMyODc1OTky,**** **** 5992,7006602010,,BANDIPORA,Hajin,Gundi Saderkote,623,6811,2778,45.0
10785897326,1_623_40_2705_005063,,Mohd Iqbal Lone Alice Chacket,,,46,Male,Owner,Marginal  Farmer(Farmer having land <1 Hectare),PENDING,,,false,,OPERATOR,a404cec6be95d35e099131379526bc5d5753f29460fa6ba0fdd04c799537a0da,MjY4MzQ2NDMyOTEy,**** **** 2912,6005445665,,BANDIPORA,Gurez,Badwan,623,40,2705,36.0
67405465362,1_623_6811_2778_005054,,Ghulam Nabi Rather,,,78,Male,Owner,Marginal  Farmer(Farmer having land <1 Hectare),PENDING,,,false,,OPERATOR,1be73148b003c595cc2be800578265316a46e35bc088cd96cdd286fcf0ce1774,NTQ5NjE4NDc3MDM4,**** **** 7038,9906769142,,BANDIPORA,Hajin,Gundi Saderkote,623,6811,2778,46.0
17592645046,1_623_6811_2778_005055,,Farooq Ahmad Rather,,,41,Male,Owner,Marginal  Farmer(Farmer having land <1 Hectare),PENDING,,,false,,OPERATOR,475d8d178b5856ee4bffb16ef6e2ed47fd38140577c3bf2cb3a5324566cde01c,OTU1NzIyMjAwNzM3,**** **** 0737,9697397074,,BANDIPORA,Hajin,Gundi Saderkote,623,6811,2778,56.0
37804799026,1_623_6811_2778_005058,,MISRA,,,61,Female,Owner,Marginal  Farmer(Farmer having land <1 Hectare),PENDING,,,false,,OPERATOR,015b4bd2eb036ebfd25c1b957759bb0ea1493eb5834f6a0361eb04cdf96101e8,MzU4OTIwODk3MDYz,**** **** 7063,7006621823,,BANDIPORA,Hajin,Gundi Saderkote,623,6811,2778,35.0
38204820427,1_623_6811_2778_005056,,Umer Ul Islam,,,22,Male,Owner,Marginal  Farmer(Farmer having land <1 Hectare),PENDING,,,false,,OPERATOR,15ec066a64d9855c6b22c31a1ef307477701e23b5923ff1f04624cec59d2eb7f,ODI2NjY0NTExOTky,**** **** 1992,6006337002,,BANDIPORA,Hajin,Gundi Saderkote,623,6811,2778,35.0
53582090225,1_623_41_2768_005066,,Mohd Amin Shah,,,53,Male,Owner,Marginal  Farmer(Farmer having land <1 Hectare),PENDING,,,false,,OPERATOR,7db4778de2153e9537533eadbd348e4733e7e4d1ae9ffe8ce6dd074fa120a7c6,OTM5MTU3NzM4MTQ2,**** **** 8146,9622790730,,BANDIPORA,Bandipora,Garoora,623,41,2768,46.0
36404245161,1_623_41_2768_005067,,Mohd Saleem Shah,,,65,Male,Owner,Marginal  Farmer(Farmer having land <1 Hectare),PENDING,,,false,,OPERATOR,e642074e9ff6390453d190cc9ecd936977a8efb3f382706ca6d824e5970e51e8,ODkyMTM1OTg3OTcy,**** **** 7972,7006790942,,BANDIPORA,Bandipora,Garoora,623,41,2768,43.0
38678626811,1_623_40_2707_005131,,REHMA LONE,,,63,Male,Owner,Marginal  Farmer(Farmer having land <1 Hectare),PENDING,,,false,,OPERATOR,ba70d9b348e18b4bd42abf38b9702776f4a02274c88d71408f06ac4136b06e87,OTQ0MTkwMzI5NDgy,**** **** 9482,6005522516,,BANDIPORA,Gurez,Markoot,623,40,2707,35.0
74116787408,1_623_6811_2789_005031,,Mohd Amin Rather,,,52,Male,Owner,Marginal  Farmer(Farmer having land <1 Hectare),PENDING,,,false,,OPERATOR,fc2ee694e578176a7f88f79248cf745b50bab3166c69fed4937a372884f26418,OTE5Njk2MTgyODYx,**** **** 2861,7006980348,,BANDIPORA,Hajin,Kani Pora,623,6811,2789,63.0
26182051949,1_623_40_2705_005065,,Taja Begum,,,65,Female,Owner,Marginal  Farmer(Farmer having land <1 Hectare),PENDING,,,false,,OPERATOR,b72049957080d7d28dd31ec58f61fe1d3c43af8dbf1f08ee7b24a94d6edb231b,NDI4MzY0NzY5NzEz,**** **** 9713,7006434145,,BANDIPORA,Gurez,Badwan,623,40,2705,44.0
21768052414,1_623_6811_2789_005032,,Mohd Altaf Rather,,,40,Male,Owner,Marginal  Farmer(Farmer having land <1 Hectare),PENDING,,,false,,OPERATOR,c037d2686cf5e30b64e0c3eceac3201048cdba850961e800cc643bdfb0d66b09,MzYwOTYzMTkzMTk3,**** **** 3197,8899011032,,BANDIPORA,Hajin,Kani Pora,623,6811,2789,43.0
45094727877,1_623_6811_2789_005033,,Amina Begum,,,46,Female,Owner,Marginal  Farmer(Farmer having land <1 Hectare),PENDING,,,false,,OPERATOR,c84be0c294cddc92b802ab43039216b5558ee8a9057ef6a5cf17b7c09522d3ad,NzkwODkwMTA3MTE1,**** **** 7115,9149606045,,BANDIPORA,Hajin,Kani Pora,623,6811,2789,46.0
37733473232,1_623_42_2794_005157,,Ghulam Hassan Khan,,,60,Male,Owner,Marginal  Farmer(Farmer having land <1 Hectare),PENDING,,,false,,OPERATOR,01d788dbba8769d8d13d71dd54a3e96157ba967d5ab39f4e3e80381a2b270e73,NTQ4ODgyMzEyNDQ5,**** **** 2449,8082787563,,BANDIPORA,Sonawari,Asham,623,42,2794,46.0
39777229024,1_623_6811_2789_005034,,Gh Mohammad Rather,,,66,Male,Owner,Marginal  Farmer(Farmer having land <1 Hectare),PENDING,,,false,,OPERATOR,1162dcdebbabce430f3f68279f296728f36262f6a7782021ddebbb2b771dc0c2,ODU3ODQ2NTY1NTQ1,**** **** 5545,9469189851,,BANDIPORA,Hajin,Kani Pora,623,6811,2789,33.0
88866609071,1_623_41_936279_005000,,Maajid Hussain Khan,,,38,Male,Owner,Marginal  Farmer(Farmer having land <1 Hectare),PENDING,,,false,7006086665,OPERATOR,b3e5667625676e3746c37cc9fdbe64ab174feb022c5820f212eefc3a00f56c39,OTc1NTgwNzg5MTc0,**** **** 9174,7006086665,,BANDIPORA,Bandipora,Ayatmulla,623,41,936279,65.0
37870413932,1_623_40_2705_005066,,Tahir Hussain Lone,,,41,Male,Owner,Marginal  Farmer(Farmer having land <1 Hectare),PENDING,,,false,,OPERATOR,de70a481be2d702fb94c18855cacf9bb16ed417e774197694d3c1b1fe3a8673a,MzAwMjcxMjQxMDQx,**** **** 1041,7006434145,,BANDIPORA,Gurez,Badwan,623,40,2705,56.0
17139939068,1_623_6811_2789_005040,,Shakir Bashir,,,13,Male,Owner,Marginal  Farmer(Farmer having land <1 Hectare),APPROVED,,,false,,OPERATOR,94e94cdf13c477d0c33975a16f47ad68e33d53ecc8bb81a4e004d2f6d7430d9e,ODE0MTgxNTc1MTAy,**** **** 5102,9149606045,,BANDIPORA,Hajin,Kani Pora,623,6811,2789,90.0
72348728450,1_623_6811_2789_005035,,GULSHANA BEGUM,,,51,Female,Owner,Marginal  Farmer(Farmer having land <1 Hectare),PENDING,,,false,,OPERATOR,cd29dd0d18af804146ba1dcd185bd1be16abdc3a33da031ff967392ad789727a,MjU1MTEzMzg2NjA5,**** **** 6609,6006912391,,BANDIPORA,Hajin,Kani Pora,623,6811,2789,70.0
96961795798,1_623_42_2794_005158,,Ab Khaliq Sofi,,,70,Male,Owner,Marginal  Farmer(Farmer having land <1 Hectare),PENDING,,,false,8493954743,SELF,0c69242a8b3d48694dd8e00020dffa55abd602c90d4107b9d90ad7f8431fdf72,Nzg0NjI5MDEyMjUy,**** **** 2252,8493954743,,BANDIPORA,Sonawari,Asham,623,42,2794,44.0
20726317108,1_623_6811_2789_005036,,Mohammad Shafi Rather,,,41,Male,Owner,Marginal  Farmer(Farmer having land <1 Hectare),PENDING,,,false,,OPERATOR,1c9a38cf72f66208dadd1892e8a287183e20ca375513ecaf6e91ab0384ac03b4,Mzg4MTk3NzA1MzQ2,**** **** 5346,9149919110,,BANDIPORA,Hajin,Kani Pora,623,6811,2789,60.0
13299744041,1_623_6811_2789_005037,,GH AHMAD RATHER,,,58,Male,Owner,Marginal  Farmer(Farmer having land <1 Hectare),PENDING,,,false,,OPERATOR,d089566973db3b6e09403eceec26493d1ef7986b7fcff4aa5432b416e7627411,NDIxMzE3NzQ1MDQ1,**** **** 5045,7051323061,,BANDIPORA,Hajin,Kani Pora,623,6811,2789,53.0
51856727037,1_623_40_2707_005133,,FAZI BEGUM,,,71,Female,Owner,Marginal  Farmer(Farmer having land <1 Hectare),PENDING,,,false,,OPERATOR,47908a2d0ebf81e1f0ab9aa74aa7567701054835d47180b92a2ad82f717add5f,NjYwOTcwNzgxMzA2,**** **** 1306,7006871301,,BANDIPORA,Gurez,Markoot,623,40,2707,0.0
42227913627,1_623_6811_2789_005039,,Ajaz Ahmad Rather,,,38,Male,Owner,Marginal  Farmer(Farmer having land <1 Hectare),PENDING,,,false,,OPERATOR,5bd55d1f1b3919c6bbbeb438c7e47aadeada604c2b2830c63a86a5839c08350e,OTUzODEzNTQ5ODQz,**** **** 9843,7006697130,,BANDIPORA,Hajin,Kani Pora,623,6811,2789,44.0
16247299325,1_623_6811_2789_005041,,Mehak Bashir,,,14,Female,Owner,Marginal  Farmer(Farmer having land <1 Hectare),APPROVED,,,false,,OPERATOR,65d6f1d43d26f085b0b6e4b968aa24b9f99a26ddde02597e3be976125168bd21,ODQ3Mjc5MDk2OTM2,**** **** 6936,9906832099,,BANDIPORA,Hajin,Kani Pora,623,6811,2789,90.0
55422986097,1_623_42_2802_005007,,Ghulam Mohammad Chakan,,,48,Male,Owner,Marginal  Farmer(Farmer having land <1 Hectare),PENDING,,,false,,OPERATOR,97ea0f7be279e042666b3afa52ef4aa172d338b608da704781a4fbe74e9037b9,NDMyMTU4OTA2MjU5,**** **** 6259,9697485028,,BANDIPORA,Sonawari,NOWGAM,623,42,2802,0.0
89827915807,1_623_6811_2789_005042,,JALAL DIN RATHER,,,59,Male,Owner,Marginal  Farmer(Farmer having land <1 Hectare),PENDING,,,false,,OPERATOR,62e0012b2e0a1fd45a2b82de2b08ea30a400d913ef4b291581352ab7af6a9d00,NzQyMTgxNTQxMjUx,**** **** 1251,9596229908,,BANDIPORA,Hajin,Kani Pora,623,6811,2789,46.0
47347692508,1_623_6811_2789_005044,,Zahoor Ahmad Malik,,,49,Male,Owner,Marginal  Farmer(Farmer having land <1 Hectare),PENDING,,,false,,OPERATOR,40f86aefb0fc16dd3956110ed1ce169031cc04645f38bf35b166ac655ecc6d71,MzcyODg4OTI5NDc2,**** **** 9476,7006784297,,BANDIPORA,Hajin,Kani Pora,623,6811,2789,0.0
32595472230,1_623_6811_2789_005043,,Gh Hassan Dar,,,38,Male,Owner,Marginal  Farmer(Farmer having land <1 Hectare),PENDING,,,false,,OPERATOR,470a9b57a6620daaade6c72d9a00095fc0c3f5b241da5762dce7a5454e0586f7,NjUzODM4ODA4Njg1,**** **** 8685,6005561606,,BANDIPORA,Hajin,Kani Pora,623,6811,2789,25.0
83851686549,1_623_6811_2789_005045,,Manzoor Ahmad Malik,,,52,Male,Owner,Marginal  Farmer(Farmer having land <1 Hectare),PENDING,,,false,,OPERATOR,dca5f1e14ca515415b9b1ea6d2b6992641cdef295c015e2e90ed691255925249,Mjg5OTk5ODEyMDM4,**** **** 2038,8899669143,,BANDIPORA,Hajin,Kani Pora,623,6811,2789,56.0
40909887148,1_623_40_2707_005135,,HANEEFA BEGUM,,,54,Female,Owner,Marginal  Farmer(Farmer having land <1 Hectare),PENDING,,,false,,OPERATOR,7ae7f639edbbfd9e0a051be57d16e21128e41b5e536320145712bc11340ad8ef,NjQ3MTEzOTc4NTMy,**** **** 8532,6005135075,,BANDIPORA,Gurez,Markoot,623,40,2707,49.0
52291498463,1_623_6812_2724_005153,,Jafer Hussain Lone,,,30,Male,Owner,Marginal  Farmer(Farmer having land <1 Hectare),PENDING,,,false,,OPERATOR,d6e383f241cb2f9dc7d3b0415085d68dde9581004e3cc016ae1023d010d2929f,NDQ5NDk5NTE3Mzk4,**** **** 7398,6006875364,,BANDIPORA,Tulail,Baduaab,623,6812,2724,0.0
87540239550,1_623_6811_2789_005046,,IRSHAD AHMAD RATHER,,,53,Male,Owner,Marginal  Farmer(Farmer having land <1 Hectare),PENDING,,,false,,OPERATOR,5f5272e87e3cd345130ae2e5f9982a7fca549976952a839d28bc51cadaad0d2d,OTEzNDM4Mzg4NDI0,**** **** 8424,6006771502,,BANDIPORA,Hajin,Kani Pora,623,6811,2789,56.0
31114688783,1_623_40_2705_005068,,Gulnaza Begum,,,41,Female,Owner,Marginal  Farmer(Farmer having land <1 Hectare),PENDING,,,false,,OPERATOR,b1ecbadbd202cc1e238926ba2cd265e34bd2bec948c1856e57e3f26f47fb7d24,ODcxNDY5NzAyOTAw,**** **** 2900,7889504115,,BANDIPORA,Gurez,Badwan,623,40,2705,50.0
71239248550,1_623_6812_2724_005152,,Jamal Ud Din Lone,,,55,Male,Owner,Marginal  Farmer(Farmer having land <1 Hectare),PENDING,,,false,,OPERATOR,7e5ad235a940bfea7f4b104b095cc27587d2f206ece666cbb62407d05957ddfa,ODA2NDIxNjAwNzc0,**** **** 0774,7006604532,,BANDIPORA,Tulail,Baduaab,623,6812,2724,66.0
87966894031,1_623_6811_2784_005037,,Bashir Ahmad Dar,,,46,Male,Owner,Marginal  Farmer(Farmer having land <1 Hectare),PENDING,,,false,,OPERATOR,85785e11bcc9945b7d87dab693323e9be62073b74f2cf0a3c6a0535636d7ae7b,MzkyMjAyNTczNDcw,**** **** 3470,7006724319,,BANDIPORA,Hajin,Gundi Boon,623,6811,2784,56.0
68541855224,1_623_6811_2789_005048,,Mohd Akbar Rather,,,61,Male,Owner,Marginal  Farmer(Farmer having land <1 Hectare),PENDING,,,false,,OPERATOR,107133f7149ee09d51445e7d44d859ca87796663c4a6b9b5c7a66517cc81ae42,ODk3NjExODQ4NzYz,**** **** 8763,9622505066,,BANDIPORA,Hajin,Kani Pora,623,6811,2789,52.0
53409378498,1_623_6812_2724_005154,,Rahma Tullah Nayak,,,53,Male,Owner,Marginal  Farmer(Farmer having land <1 Hectare),PENDING,,,false,,OPERATOR,b92f56de97386af434871007ebbe0492259f2f6e39978bce367a9b101d17d9b8,MzQwMDQwNjAxOTk4,**** **** 1998,9906853827,,BANDIPORA,Tulail,Baduaab,623,6812,2724,32.0
63129289700,1_623_6811_2789_005049,,AB RASHID RATHER,,,37,Male,Owner,Marginal  Farmer(Farmer having land <1 Hectare),PENDING,,,false,,OPERATOR,24aca3c91baefe8660710a5534c2f733c8e4f9ef73222b675a632358b1662bdc,NjgzMzM3MDkzOTEx,**** **** 3911,7780966523,,BANDIPORA,Hajin,Kani Pora,623,6811,2789,54.0
16970493989,1_623_6811_2789_005047,,Mohd Altaf Dar,,,36,Male,Owner,Marginal  Farmer(Farmer having land <1 Hectare),PENDING,,,false,,OPERATOR,021e2ba0f1334ab7f95d8c8c5892e9e85db24dbb86cf5aad90942f0edd564043,NDc2MDExMzkzNzUx,**** **** 3751,6005513622,,BANDIPORA,Hajin,Kani Pora,623,6811,2789,55.0
39594897596,1_623_6811_2789_005050,,JAVID AHMAD DAR,,,51,Male,Owner,Marginal  Farmer(Farmer having land <1 Hectare),PENDING,,,false,,OPERATOR,05f9d2c00090d058212b62161894c197a64daa57e6f10a9e978f2988bdb8b60e,NDUzNzg2Njk3NTA5,**** **** 7509,9149667982,,BANDIPORA,Hajin,Kani Pora,623,6811,2789,64.0
64515938077,1_623_6812_2724_005155,,Mohd Habib Chopan,,,81,Male,Owner,Marginal  Farmer(Farmer having land <1 Hectare),PENDING,,,false,,OPERATOR,ae6a9467f1b993318152b1ef810adea21a12b17585250a50c63897f8740fc8dc,NTc1ODA2NjM5MjY1,**** **** 9265,7889839447,,BANDIPORA,Tulail,Baduaab,623,6812,2724,38.0
47617482675,1_623_6811_2789_005051,,Abdul Samad,,,53,Male,Owner,Marginal  Farmer(Farmer having land <1 Hectare),APPROVED,,,false,,OPERATOR,a2039b25aa2d9335ed24fcbab2d79127533f9023552472f85c4bef09886714cf,NTkwNTU5NzAzMDU4,**** **** 3058,7006152799,,BANDIPORA,Hajin,Kani Pora,623,6811,2789,78.0
45706484347,1_623_6811_2789_005052,,AB RASHID RATHER,,,55,Male,Owner,Marginal  Farmer(Farmer having land <1 Hectare),PENDING,,,false,,OPERATOR,a944124c055b8a893a4db35324b3d04c2b6fd196c849856f9bda93c3e2d9aa95,NzE4MTg0Njg1ODU2,**** **** 5856,9149412150,,BANDIPORA,Hajin,Kani Pora,623,6811,2789,53.0
58440042330,1_623_6811_2789_005054,,ALI MOHD DAR,,,59,Male,Owner,Marginal  Farmer(Farmer having land <1 Hectare),PENDING,,,false,,OPERATOR,3d549e2757412bf43fff4ab3e7a156036eb33e472c4523ef26b823945140ff0a,NjUxMDAxODYzNDA5,**** **** 3409,9622614358,,BANDIPORA,Hajin,Kani Pora,623,6811,2789,66.0
27526011057,1_623_6811_2789_005056,,Ghulam Hassan Dar,,,66,Male,Owner,Marginal  Farmer(Farmer having land <1 Hectare),PENDING,,,false,,OPERATOR,8705a37142850d2cac9b90a7d106918cdb2f76b8192b70b291af656954836454,NjUyNTExNjQzMjIy,**** **** 3222,9541647055,,BANDIPORA,Hajin,Kani Pora,623,6811,2789,55.0
76266190114,1_623_6811_2789_005053,,Mohammad Yousuf Dar,,,45,Male,Owner,Marginal  Farmer(Farmer having land <1 Hectare),PENDING,,,false,,OPERATOR,e1a8849355d09d9f024699beff3f37ac710984f423f11636d71a2d3c562a38ec,NzgwODQwNTE0NzAw,**** **** 4700,9596147118,,BANDIPORA,Hajin,Kani Pora,623,6811,2789,66.0
16277812558,1_623_6811_2789_005055,,ALI MOHD GANIE,,,65,Male,Owner,Marginal  Farmer(Farmer having land <1 Hectare),PENDING,,,false,,OPERATOR,e431540f99093511f1cd473025e4b0aae2b3103b9d392ce835b7c169b73494a3,MjIxMjg5NzQyMjI3,**** **** 2227,9469965526,,BANDIPORA,Hajin,Kani Pora,623,6811,2789,43.0
30961387996,1_623_40_2705_005064,,RASTUM LONE,,,65,Male,Owner,Marginal  Farmer(Farmer having land <1 Hectare),PENDING,,,false,,OPERATOR,ceba24dc6ec0139b49fa12113294136fa051a0f554ea650f69edf25e2f9bef4f,NDc3MjE0MjA3NjQ5,**** **** 7649,7006771308,,BANDIPORA,Gurez,Badwan,623,40,2705,34.0
69233833564,1_623_6811_2789_005057,,GH NABI DAR,,,41,Male,Owner,Marginal  Farmer(Farmer having land <1 Hectare),PENDING,,,false,,OPERATOR,e6e8d37af00aea8b7bdfed4f35eb79089c1d4aa0d4bf01602d7ef32535221d41,MzM4NzYxNTk3NTY3,**** **** 7567,8899669267,,BANDIPORA,Hajin,Kani Pora,623,6811,2789,43.0
93282340765,1_623_6811_2789_005058,,AB MAJID RATHER,,,52,Male,Owner,Marginal  Farmer(Farmer having land <1 Hectare),PENDING,,,false,,OPERATOR,27901f5dddf162d7a183468f6ed9ac00e1f23d2ff41d07042f844855e9cb4800,Mzk5MjkwNTY5ODI0,**** **** 9824,9797844927,,BANDIPORA,Hajin,Kani Pora,623,6811,2789,53.0
58573286525,1_623_6811_2789_005059,,Ab Rasheed Dar,,,57,Male,Owner,Marginal  Farmer(Farmer having land <1 Hectare),PENDING,,,false,,OPERATOR,febdfd6a3211aaab8833e26c52069137e3bae18343e48e9764dec157da3eb1e2,Mjg5NDc5MzUwNDI1,**** **** 0425,9858719705,,BANDIPORA,Hajin,Kani Pora,623,6811,2789,0.0
92977273037,1_623_42_2815_005032,,Saba Hamid,,,26,Female,Owner,Marginal  Farmer(Farmer having land <1 Hectare),APPROVED,,,false,,OPERATOR,d34972bce09ba1651e3eee9b52fe62d1a02af5164a34b45e71ca243dec85e04d,Nzg3MDQ0MDI0MzM1,**** **** 4335,7889362860,,BANDIPORA,Sonawari,Wahid pora,623,42,2815,90.0
41094376357,1_623_40_2705_005067,,BASHIR AHMAD LONE,,,51,Male,Owner,Marginal  Farmer(Farmer having land <1 Hectare),PENDING,,,false,,OPERATOR,16ae0d836b5df0da8b1f80fd8872b82b1220f384c090bba23830d9d0be3bffd6,NDg1OTMzNTE1MTMx,**** **** 5131,7006588602,,BANDIPORA,Gurez,Badwan,623,40,2705,56.0
70449927645,1_623_41_2768_005068,,Reska Begum,,,78,Female,Owner,Marginal  Farmer(Farmer having land <1 Hectare),PENDING,,,false,,OPERATOR,7972abfc15bc990a87f067824a3b4f9f3cc29278389256fa10e10f85402044cc,NTA5ODc5MTc4NjA5,**** **** 8609,9797769607,,BANDIPORA,Bandipora,Garoora,623,41,2768,40.0
94535574203,1_623_41_2768_005069,,Bashir Ahmad Ganie,,,43,Male,Owner,Marginal  Farmer(Farmer having land <1 Hectare),PENDING,,,false,,OPERATOR,f972b5b331cc2cdd75ada258da7222b1ee763d5f3a56c68305c92b01f2678988,MzAwNTg5NDA2MTc0,**** **** 6174,9682164418,,BANDIPORA,Bandipora,Garoora,623,41,2768,66.0
17074891517,1_623_40_936275_005074,,Saleema Begum,,,65,Female,Owner,Marginal  Farmer(Farmer having land <1 Hectare),PENDING,,,false,,OPERATOR,aa1375fa4784d2ab39d0f0fe2b9ebc28fb3151838730937e3118ab0c28b0ae6c,OTM1MzM2OTQ5Mzc3,**** **** 9377,9469639224,,BANDIPORA,Gurez,Gulshanpora,623,40,936275,50.0
76308097607,1_623_42_2794_005076,,Firdous Ahmad Ahanger,,,38,Male,Owner,Marginal  Farmer(Farmer having land <1 Hectare),APPROVED,,,false,,OPERATOR,5abf3aa98675fd535756c309f568e0f19b14945a8fbe40bb2c6aaed87f1e1931,Mjg5OTU4ODA5ODIy,**** **** 9822,7051889742,,BANDIPORA,Sonawari,Asham,623,42,2794,65.0
21333393509,1_623_42_2794_005077,,Ghulam Mohammad Khan,,,81,Male,Owner,Marginal  Farmer(Farmer having land <1 Hectare),APPROVED,,,false,,OPERATOR,ff5eb1a0afaa47d4d87339d6b7898610ca67ba6c41eba4126258765cbbebfe2d,NjAxNTkxNzI2MDkx,**** **** 6091,9596275743,,BANDIPORA,Sonawari,Asham,623,42,2794,46.0
15870508501,1_623_42_2794_005085,,Sarwa Begum,,,78,Female,Owner,Marginal  Farmer(Farmer having land <1 Hectare),APPROVED,,,false,,OPERATOR,e6b3e77711ad53cc814d8d3b45e850bf77d375dde146645a2c2eecaa99c35b39,NDgxNTc4NzAwMzY3,**** **** 0367,9149654471,,BANDIPORA,Sonawari,Asham,623,42,2794,45.0
96566543067,1_623_42_2794_005086,,Mohammad Shaban Khan,,,65,Male,Owner,Marginal  Farmer(Farmer having land <1 Hectare),APPROVED,,,false,,OPERATOR,ef2336b0389addcac101857f6a4a16fd6656b2eac8922fa7131aae8fee41f78a,OTE5OTc5MjA1Nzg5,**** **** 5789,9622748365,,BANDIPORA,Sonawari,Asham,623,42,2794,46.0
83654209792,1_623_42_2794_005089,,Hajra Begum,,,64,Female,Owner,Marginal  Farmer(Farmer having land <1 Hectare),APPROVED,,,false,,OPERATOR,ee9ab763333a2a0a763df61bb8137d9dc03c47379754ad70e8f319ffc2ee55b0,NTg5MTc0MTA5MTE1,**** **** 9115,9906833193,,BANDIPORA,Sonawari,Asham,623,42,2794,55.0
53224323287,1_623_42_2794_005090,,Imtiyaz Hassan Wani,,,34,Male,Owner,Marginal  Farmer(Farmer having land <1 Hectare),APPROVED,,,false,6006962485,OPERATOR,ccc09de9e473c3fd9e26730ea5017b23187feed5d0344f0afcd7856d1de4f62a,OTM3MTIwOTgyNzg4,**** **** 2788,6006962485,,BANDIPORA,Sonawari,Asham,623,42,2794,64.0
59697983504,1_623_42_2794_005091,,Ghulam Hassan Rather,,,52,Male,Owner,Marginal  Farmer(Farmer having land <1 Hectare),APPROVED,,,false,,OPERATOR,4d8f131dac3b30adf782c3fa528b986260e24e871734af1fe6c3f8995b2de806,MjE2NDkxMzc4NjE2,**** **** 8616,9906704299,,BANDIPORA,Sonawari,Asham,623,42,2794,56.0
90308801811,1_623_42_2794_005093,,AB MAJID DAR,,,67,Male,Owner,Marginal  Farmer(Farmer having land <1 Hectare),APPROVED,,,false,,OPERATOR,fa4acdf3a8523647b10897dfb52ec929b4e3f43de2f1617f7f37f9341b93ad2f,OTQ5MDk3NzYzMjkw,**** **** 3290,9541261928,,BANDIPORA,Sonawari,Asham,623,42,2794,43.0
72729588381,1_623_41_2768_005070,,Nusrat Jabeen,,,36,Female,Owner,Marginal  Farmer(Farmer having land <1 Hectare),PENDING,,,false,,OPERATOR,1c18e4e129c08d03e132c7ed787033728d77744d746c13dff0f1acf0ab23626e,NzQ5OTAzOTQwNjE4,**** **** 0618,9103363778,,BANDIPORA,Bandipora,Garoora,623,41,2768,0.0
67377181543,1_623_40_936275_005075,,Khursheed Ahmad Harrey,,,69,Male,Owner,Marginal  Farmer(Farmer having land <1 Hectare),PENDING,,,false,,OPERATOR,c71324ae202acafca417f5cc8e1f8db8083e2de6ae48d127591c331d41960b2f,MjE4NDI1NzY5Mjk5,**** **** 9299,9906863397,,BANDIPORA,Gurez,Gulshanpora,623,40,936275,64.0
99053255429,1_623_41_2768_005071,,Ghulam Mohammed Ganaie,,,70,Male,Owner,Marginal  Farmer(Farmer having land <1 Hectare),PENDING,,,false,,OPERATOR,7cba3907aeff9ac2a5c35dfa4541d03f883e431b2d1c71371d51b027dba3f5cc,ODQ1MTE0NTExNDg5,**** **** 1489,9906896858,,BANDIPORA,Bandipora,Garoora,623,41,2768,53.0
53738111881,1_623_42_2794_005094,,Doost Mohd Dar,,,54,Male,Owner,Marginal  Farmer(Farmer having land <1 Hectare),APPROVED,,,false,,OPERATOR,e749298c75ca865270853eae622d98f831b11d0528a595b8a6a04258d208b010,NzM1OTIyNjMxMjc3,**** **** 1277,8493068384,,BANDIPORA,Sonawari,Asham,623,42,2794,62.0
97853579131,1_623_42_2794_005096,,GH RASOOL RATHER,,,66,Male,Owner,Marginal  Farmer(Farmer having land <1 Hectare),APPROVED,,,false,,OPERATOR,c093804d3743f465354a11e55d6e5f1381487b708bdac9bea039a3d68f125fc8,NDc4NjA0MzA5ODc5,**** **** 9879,7889468491,,BANDIPORA,Sonawari,Asham,623,42,2794,43.0
21278212414,1_623_42_2794_005095,,MUSHTAQ AH GANIE,,,47,Male,Owner,Marginal  Farmer(Farmer having land <1 Hectare),APPROVED,,,false,,OPERATOR,7bb181355786554ecc8d6eb95aa355aa174d8a9ad0858df31c06d914601a4000,NjgyNjkxNDk5Nzg2,**** **** 9786,9797154215,,BANDIPORA,Sonawari,Asham,623,42,2794,25.0
91765965277,1_623_42_2794_005102,,BASHIR AHMAD KHAN,,,45,Male,Owner,Marginal  Farmer(Farmer having land <1 Hectare),APPROVED,,,false,,OPERATOR,0c1cd53ceee565db1a5a6f14a72259b1bdd075449b0bacabba81344eb43b4828,NjE4MjA1NTAwMzcy,**** **** 0372,6005119080,,BANDIPORA,Sonawari,Asham,623,42,2794,56.0
39505280460,1_623_6811_2700_005045,,Fehmeeda Begum,,,32,Female,Owner,Marginal  Farmer(Farmer having land <1 Hectare),APPROVED,,,false,,OPERATOR,48e16f4c1b5d206704e13965f4d9883d855ed5beaf4d63850c721b1c0c1d82cd,ODE4NDkwMzI2NjAz,**** **** 6603,9697299293,,BANDIPORA,Hajin,Gulshanpora,623,6811,2700,89.0
95378204896,1_623_42_2800_005019,,Haneefa Begum,,,63,Female,Owner,Marginal  Farmer(Farmer having land <1 Hectare),APPROVED,,,false,,OPERATOR,e4b8b97bfbf1741142a0f949f8134cfcaac421340b8f8e7efd179915cf9310b5,Mjk3NzI1MzE2NTUx,**** **** 6551,9596531399,,BANDIPORA,Sonawari,Rakh Shilvat,623,42,2800,90.0
56969978919,1_623_40_2708_005107,,Zahoor Ahmad Wani,,,45,Male,Owner,Marginal  Farmer(Farmer having land <1 Hectare),APPROVED,,,false,,OPERATOR,23777e112f13e4102d32b938029f9c6b893c3d515fb448ce60125e12046bc55c,ODk4Njg5ODUxMjY5,**** **** 1269,7780894984,,BANDIPORA,Gurez,Shah Pora - Achoora (Churwan),623,40,2708,80.0
43161533537,1_623_40_2705_005071,,Amina Bano,,,39,Female,Owner,Marginal  Farmer(Farmer having land <1 Hectare),PENDING,,,false,,OPERATOR,f94f4ba9b1188498070521b97e688d0ddaf2bc740e9f346302baa8635ca06617,MjczMDM2NDQxNTg3,**** **** 1587,6005765490,,BANDIPORA,Gurez,Badwan,623,40,2705,24.0
97915976357,1_623_40_2705_005072,,Mohmad Sedeeq Loon,,,78,Male,Owner,Marginal  Farmer(Farmer having land <1 Hectare),PENDING,,,false,,OPERATOR,c3b6083da70bf720a8bbc4dfd683275ad867e8bce3764784f7e9593766b52009,Mjc2MTczMzExMzM4,**** **** 1338,9906594076,,BANDIPORA,Gurez,Badwan,623,40,2705,41.0
77543554636,1_623_40_2705_005073,,Khateeja Begum,,,74,Female,Owner,Marginal  Farmer(Farmer having land <1 Hectare),PENDING,,,false,,OPERATOR,1aa109d3a9c8bcc1bef669fae0c2f0a18fd3a54ab2a746b5e302bb15a24621b1,MzQ4MTQwNTQyMzk5,**** **** 2399,9469790724,,BANDIPORA,Gurez,Badwan,623,40,2705,80.0
37489445428,1_623_40_2705_005092,,MOHD MUSHTAQ LONE,,,56,Male,Owner,Marginal  Farmer(Farmer having land <1 Hectare),PENDING,,,false,,OPERATOR,4f4d040686c06c2d52c2da7360190a33fbf2fa93aff678173d84b2fd6dc05bb1,NjA4MzQyNzU5Mzcx,**** **** 9371,7889367885,,BANDIPORA,Gurez,Badwan,623,40,2705,56.0
64774977321,1_623_40_2705_005076,,Mushtaq Ahmad Chacket,,,44,Male,Owner,Marginal  Farmer(Farmer having land <1 Hectare),PENDING,,,false,,OPERATOR,3a78acbab6a30840fae4fc577c8b571066e3144e524ffe512815765b1433588b,NzU3OTQ3NjQ0NDM0,**** **** 4434,7889420329,,BANDIPORA,Gurez,Badwan,623,40,2705,56.0
69913714501,1_623_40_2705_005091,,MOHD HUSAIN LONE,,,60,Male,Owner,Marginal  Farmer(Farmer having land <1 Hectare),PENDING,,,false,,OPERATOR,05ae1c4d521ce53ec50e1a977b867955883378483d6aa1d13bcc8e286abdce7f,NTY2MzQwODQyNTc5,**** **** 2579,7889815123,,BANDIPORA,Gurez,Badwan,623,40,2705,46.0
78312873917,1_623_40_2705_005093,,Mohd Akbar Lone,,,56,Male,Owner,Marginal  Farmer(Farmer having land <1 Hectare),PENDING,,,false,,OPERATOR,23e8bd53e46ad3cc71e664b0e3945f19b5770baf058ad76f2bcbd25e19ee4014,OTkwOTkzODQwNjQ4,**** **** 0648,7006859274,,BANDIPORA,Gurez,Badwan,623,40,2705,56.0
55468719183,1_623_40_2705_005074,,Gh Mustafa Chacket,,,53,Male,Owner,Marginal  Farmer(Farmer having land <1 Hectare),PENDING,,,false,,OPERATOR,1befb4b53f09e29684990067e1581091401f2d2da2f1547508ec52b88b8890f2,OTQzMTg1MjkzNTc4,**** **** 3578,7780813561,,BANDIPORA,Gurez,Badwan,623,40,2705,53.0
37511411676,1_623_40_2705_005077,,Amina Gaffar,,,38,Female,Owner,Marginal  Farmer(Farmer having land <1 Hectare),PENDING,,,false,,OPERATOR,326d90ce9820636b31656cd3718f9ca12c518c543f6b206d9a1b095f5989e655,MzIzOTg0NDUwMjEz,**** **** 0213,7006366934,,BANDIPORA,Gurez,Badwan,623,40,2705,44.0
69551393419,1_623_41_936283_005026,,Gh Mohammad Rather,,,71,Male,Owner,Marginal  Farmer(Farmer having land <1 Hectare),PENDING,,,false,8491918794,SELF,0992ce7f4a4e684732c0f0153ad8ab5bb4138cb26654648291db7fb978944bc6,MzM5MzQyMjQ1NTU0,**** **** 5554,8491918794,,BANDIPORA,Bandipora,Watapora,623,41,936283,0.0
18128749325,1_623_40_2705_005075,,Shabeer Ahmad Chaket,,,49,Male,Owner,Marginal  Farmer(Farmer having land <1 Hectare),PENDING,,,false,,OPERATOR,53f2c85898d1ab69515feeb2c72894babc6aad08b98cd976b711a4de6591eb12,NzA2NjIyNzcxNTg4,**** **** 1588,6005451726,,BANDIPORA,Gurez,Badwan,623,40,2705,45.0
70073881817,1_623_40_2705_005078,,Abbas Hussain Chacket,,,42,Male,Owner,Marginal  Farmer(Farmer having land <1 Hectare),PENDING,,,false,,OPERATOR,f73f93b45ae426d4a2c144da3a5c73464e5864926291675427038f171fa067cc,NTY5NTY2NDE4MzE1,**** **** 8315,9419749718,,BANDIPORA,Gurez,Badwan,623,40,2705,55.0
38909536334,1_623_40_2705_005079,,Rifat Gaffar,,,33,Female,Owner,Marginal  Farmer(Farmer having land <1 Hectare),PENDING,,,false,,OPERATOR,75d72734d26ab0d08330e6ddf460d2e2bc586d73536a8e7f05e05aa2b1814e02,NzU1NTIyMjE2MjQy,**** **** 6242,7780909742,,BANDIPORA,Gurez,Badwan,623,40,2705,45.0
56369325412,1_623_40_2705_005080,,Zaffar Gaffar Chacket,,,35,Male,Owner,Marginal  Farmer(Farmer having land <1 Hectare),PENDING,,,false,,OPERATOR,d3e809088be4f3f5fd87952318c066bcd68651882d1c79bae9f99738a0098924,NzQ2OTYzMTA5NDI1,**** **** 9425,6005617382,,BANDIPORA,Gurez,Badwan,623,40,2705,55.0
68620323303,1_623_40_2705_005082,,Shabir Ahmad Mapnoo,,,46,Male,Owner,Marginal  Farmer(Farmer having land <1 Hectare),PENDING,,,false,,OPERATOR,c8538f651b3986b37f729ab6f319bd6466828f0c04d58655e371c0772207c6ae,NjA4MzQ0MTM5MjMy,**** **** 9232,7006363105,,BANDIPORA,Gurez,Badwan,623,40,2705,46.0
40954621136,1_623_40_2705_005081,,Rezwan Gaffar Chacket,,,30,Male,Owner,Marginal  Farmer(Farmer having land <1 Hectare),PENDING,,,false,,OPERATOR,06ab375208a385eb7b3701114fc533edecb8c2dec4690adfa1fc668e2d45c575,OTE3Nzk4MDU3MTQx,**** **** 7141,6005959558,,BANDIPORA,Gurez,Badwan,623,40,2705,55.0
14862421584,1_623_40_2705_005096,,Khursheeda Begum,,,41,Female,Owner,Marginal  Farmer(Farmer having land <1 Hectare),PENDING,,,false,,OPERATOR,9f17576fe90e8ec7a1af966e725e4a79a31ef7668d6f042158dd13e0a2abae0a,NDk2NDc4NjY3OTg4,**** **** 7988,7780903498,,BANDIPORA,Gurez,Badwan,623,40,2705,50.0
20461290930,1_623_40_2705_005094,,Kawsar Wani,,,47,Male,Owner,Marginal  Farmer(Farmer having land <1 Hectare),PENDING,,,false,,OPERATOR,4aba0686235673e094993b9092fa86841ada3aef216d8d4447b2487db1602dc2,Njg0NDAwMDA1OTcw,**** **** 5970,7006087398,,BANDIPORA,Gurez,Badwan,623,40,2705,28.0
95871948142,1_623_40_2705_005095,,KHATIJA BEGUM,,,57,Female,Owner,Marginal  Farmer(Farmer having land <1 Hectare),PENDING,,,false,,OPERATOR,69eaf2ce25b83bd3388b981bc89ae3e5b44148e790076a51064db3aecc32e90c,ODU1MDI4NjU2NDIx,**** **** 6421,9797055537,,BANDIPORA,Gurez,Badwan,623,40,2705,69.0
86097726570,1_623_40_2705_005083,,Nissar Ahmad Lone,,,48,Male,Owner,Marginal  Farmer(Farmer having land <1 Hectare),PENDING,,,false,,OPERATOR,20ca61fe036adbd9bf60dd376c00a8b85721b5b586f0c0021a69069eecce53e7,NTYxNzg2MTYxMTE3,**** **** 1117,9682367283,,BANDIPORA,Gurez,Badwan,623,40,2705,65.0
66271083358,1_623_40_2705_005084,,MANZOOR AHMAD LONE,,,29,Male,Owner,Marginal  Farmer(Farmer having land <1 Hectare),PENDING,,,false,,OPERATOR,2a4f1c704de85e60a5f2960736feb6a67fc3db479e6587b7d188e24e919f76ca,ODMwODA4OTQzODMx,**** **** 3831,7006326279,,BANDIPORA,Gurez,Badwan,623,40,2705,65.0
87594296816,1_623_40_2705_005085,,MOHD MAQBOOL LONE,,,46,Male,Owner,Marginal  Farmer(Farmer having land <1 Hectare),PENDING,,,false,,OPERATOR,dc456e30cb3ae185c6ef02b8c6b58ee5b0e18165240371c407c37b6d01c1a36e,MzMxNTYyNDA5Mjk1,**** **** 9295,7006106060,,BANDIPORA,Gurez,Badwan,623,40,2705,56.0
52313095452,1_623_40_2705_005086,,Showkat Ali Lone,,,44,Male,Owner,Marginal  Farmer(Farmer having land <1 Hectare),PENDING,,,false,,OPERATOR,5d68286db3228f0657c84ae185beda1ff378a9df95698b0af2614cab3f6c4e36,NzI4NTExNTE4NDQz,**** **** 8443,9682358199,,BANDIPORA,Gurez,Badwan,623,40,2705,65.0
79104287057,1_623_6811_2784_005038,,Raja Begum,,,66,Female,Owner,Marginal  Farmer(Farmer having land <1 Hectare),PENDING,,,false,,OPERATOR,5c61b15930f195a6472e05b9808c19d6d315cfb05e306fba8bf3ec1151c62451,ODc0Njk4ODc0ODUx,**** **** 4851,6005700231,,BANDIPORA,Hajin,Gundi Boon,623,6811,2784,45.0
52727982695,1_623_6811_2784_005039,,Ferooz Ahmad Sheikh,,,41,Male,Owner,Marginal  Farmer(Farmer having land <1 Hectare),PENDING,,,false,,OPERATOR,eedc54ebab080dfe617c290f6856555e9f96b249387d64b1a5854ef26c7de781,ODQ3NjY5NzU4NDc1,**** **** 8475,6005700231,,BANDIPORA,Hajin,Gundi Boon,623,6811,2784,56.0
69068889734,1_623_6812_2724_005156,,Mohd Anwar Lone,,,61,Male,Owner,Marginal  Farmer(Farmer having land <1 Hectare),APPROVED,,,false,,OPERATOR,42d49526a081f04b0b56d541821ca0c4e2684357af7a8b6d4a0fee0fb780fd19,MzY3NDkzMDI5NTkw,**** **** 9590,9469863829,,BANDIPORA,Tulail,Baduaab,623,6812,2724,32.0
66281578852,1_623_40_2704_005000,,Riyaz Ahmad Najar,,,50,Male,Owner,Marginal  Farmer(Farmer having land <1 Hectare),PENDING,,,false,,OPERATOR,6cc7efc4a7de737e299f999b83e5cfcd3fd9826eeadeb024692853991f429298,Mjg3Nzc0OTk4MzQz,**** **** 8343,7006179007,,BANDIPORA,Gurez,Dawar,623,40,2704,0.0
19683452082,1_623_6810_2777_005075,,Parvaiz Ahmad Rather,,,41,Male,Owner,Marginal  Farmer(Farmer having land <1 Hectare),PENDING,,,false,,OPERATOR,851c3b8024d3f030025f92decc82607a359db7fe750645daa175e08892ab26a1,NzI3Mzg1Nzg2Nzg1,**** **** 6785,7051489839,,BANDIPORA,Ajas,Ajas,623,6810,2777,63.0
64121486095,1_623_6812_2724_005093,,Jalal Ud Din Lone,,,38,Male,Owner,Marginal  Farmer(Farmer having land <1 Hectare),PENDING,,,false,6005581770,OPERATOR,fce7faf10c09965df62bc7eb3683b11a2b1086cf87116be530d3c574e42f4d79,NjU2MTQyMDMxNTMx,**** **** 1531,6005581770,,BANDIPORA,Tulail,Baduaab,623,6812,2724,0.0
78371388107,1_623_6811_2784_005040,,Ghulam Mohi Ud Din Chopan,,,40,Male,Owner,Marginal  Farmer(Farmer having land <1 Hectare),PENDING,,,false,,OPERATOR,09e06451da3fbc808d1123fbade6f97317870fda669711ef8773950333542010,OTI5OTM0OTk0ODA0,**** **** 4804,6005781562,,BANDIPORA,Hajin,Gundi Boon,623,6811,2784,71.0
